id,DAY,TEMPERATURE_MAX,TEMPERATURE_MIN,TEMPERATURE_AVG,WINDSPEED,VAPOR_PRESSURE,PRECIPITATION,ET0,RADIATION
1,20050101,8.7,4.6,6.6,3.6,10.38,3.7,.15,2160
2,20050102,7.8,7.1,7.4,3.9,8.13,.4,.89,3010
3,20050103,6.3,-.3,3,2.2,6.68,0,.37,3440
4,20050104,4.3,-1.5,1.4,2.9,6.13,0,.36,4217
5,20050105,7.4,0,3.7,4.8,8.23,2.6,.27,2448
6,20050106,9.5,6.1,7.8,3.7,9.88,.2,.54,2352
7,20050107,9.9,4.3,7.1,2.8,8.78,0,.6,3274
8,20050108,10,.3,5.2,4.8,8.33,1,.58,4226
9,20050109,10.8,6.9,8.9,3.2,9.88,.2,.72,2558
10,20050110,11.3,2.1,6.7,3.6,7.83,.1,.76,6682
11,20050111,10.7,4.6,7.7,3.6,8.33,0,.91,3919
12,20050112,7.5,6.3,6.9,2.9,9.23,3.1,.49,2363
13,20050113,6,1.8,3.9,1.8,07.03,0,.28,5666
14,20050114,2.8,-3.1,-.1,1.8,5.73,0,.33,3109
15,20050115,0,-4.8,-2.4,.9,5.23,0,.17,3251
16,20050116,3.2,-3,.1,2.4,5.73,0,.37,3739
17,20050117,3.1,-1.5,.8,3.3,6.68,2.6,.23,2681
18,20050118,6.6,2.3,4.4,6,7.33,6.1,.77,2929
19,20050119,6.7,1.2,4,3.6,6.98,1.6,.61,4588
20,20050120,9.6,2.3,5.9,6,9.43,3.3,.4,2592
21,20050121,9.2,8.1,8.7,4.9,8.63,4.1,1.24,2814
22,20050122,5.1,1.8,3.5,1.8,6.78,10.2,.47,3340
23,20050123,3.4,-1.5,1,4.1,5.73,1.8,.53,5037
24,20050124,2.1,-1.9,.1,5,4.73,.4,.81,5426
25,20050125,-.5,-4.9,-2.7,5.5,3.93,.3,.67,6410
26,20050126,-1.2,-5.2,-3.2,7.9,3.58,.3,.9,4588
27,20050127,-1.2,-6.1,-3.6,4.4,3.43,.9,.66,7891
28,20050128,-1.3,-6,-3.6,2,4.48,.1,.31,2886
29,20050129,-.9,-6,-3.4,3.9,3.73,.2,.58,7075
30,20050130,-1.3,-8,-4.6,2.3,3.73,.1,.44,3005
31,20050131,2.2,-1.7,.3,2,6.13,.6,.33,3013
32,20050201,5.7,1.1,3.4,4.5,6.78,.4,.71,3864
33,20050202,5.6,0,2.8,2.3,07.03,1.1,.48,3101
34,20050203,6.2,1.8,4,2.9,6.98,.2,.69,3184
35,20050204,6.9,-.8,3.1,2.9,5.98,0,.78,8490
36,20050205,3.2,-3.5,-.2,2.3,5.33,0,.58,4984
37,20050206,6.1,-2,2.1,1.8,5.93,0,.65,6333
38,20050207,6.7,-1.8,2.4,1.4,6.23,0,.56,6081
39,20050208,10.5,-.7,4.9,1.6,06.08,0,.88,8963
40,20050209,11.9,-2.6,4.7,1.9,06.08,0,01.03,9994
41,20050210,9,-1,4,3.5,7.28,.5,.81,4378
42,20050211,8.1,5.4,6.8,5.6,9.58,16.2,.58,3543
43,20050212,11,7.8,9.4,6.6,10.63,6.1,.97,3596
44,20050213,6.6,3.5,5,5.6,6.53,5.9,1.32,4566
45,20050214,3.6,-.2,1.7,5.3,5.98,3.3,.77,4511
46,20050215,1.4,-.7,.4,5.8,5.23,.3,.82,4896
47,20050216,.5,-1.6,-.6,6,4.33,.1,01.04,5582
48,20050217,.7,-3.6,-1.4,4.3,3.98,0,.94,5029
49,20050218,1.4,-3.8,-1.2,2.9,04.03,2.6,.85,5013
50,20050219,3.7,-2.1,.8,4.4,5.68,4,.73,4239
51,20050220,1.3,-1.4,-.1,3.3,5.28,1.2,.65,4725
52,20050221,2.6,-1.8,.4,2.6,5.13,.3,.75,5940
53,20050222,.7,-4.1,-1.7,2.2,4.83,.7,.56,4857
54,20050223,.4,-4.5,-2,1.7,4.33,.5,.61,5534
55,20050224,.2,-5.2,-2.5,1.4,4.28,.3,.57,5467
56,20050225,1.7,-7.2,-2.7,2.7,3.98,0,.8,9391
57,20050226,2.3,-5.6,-1.7,3.4,3.93,.4,01.05,11830
58,20050227,-1.3,-3.7,-2.5,5.8,3.63,.6,01.03,6264
59,20050228,-2.8,-9.5,-6.1,5.6,2.33,0,1.17,13989
60,20050301,.3,-11.7,-5.7,2.1,2.43,0,.99,14042
61,20050302,4.3,-9.6,-2.6,3,2.83,0,1.4,13448
62,20050303,1.1,-3.8,-1.4,1.3,4.88,3.2,.58,4864
63,20050304,1.1,-3.5,-1.2,1.6,4.73,1.5,.77,6680
64,20050305,1.9,-2.9,-.5,3,5.38,1.9,.64,5090
65,20050306,.7,-.9,-.1,4.4,4.38,.5,1.13,7311
66,20050307,1.3,-5.9,-2.3,2.5,4.93,1.9,.56,5269
67,20050308,4.7,-.8,2,3.4,6.38,.7,.75,5047
68,20050309,5.2,1.8,3.5,3,6.63,.4,.91,5113
69,20050310,6.3,1.8,4,2.5,6.28,0,1.12,5874
70,20050311,7.9,-.4,3.7,3.8,5.48,0,1.63,10979
71,20050312,5.5,3.4,4.4,4.8,06.08,1.9,1.4,5311
72,20050313,7.7,-5.2,1.3,1.6,4.98,0,1.31,14512
73,20050314,11.2,-2.8,4.2,2.1,5.48,0,1.62,11196
74,20050315,17.5,-1.8,7.9,2.4,7.43,0,2.31,16579
75,20050316,21.6,2.7,12.2,3.4,8.33,0,3.33,16775
76,20050317,19.3,5.9,12.6,2.9,10.03,0,2.51,13664
77,20050318,20.7,4.6,12.6,1.6,10.73,0,2.28,15717
78,20050319,21.1,4.1,12.6,2.7,9.43,0,2.91,16063
79,20050320,19.3,7.2,13.2,3.3,10.93,0,2.67,16145
80,20050321,21,5.2,13.1,2.5,9.98,0,2.6,13609
81,20050322,13.2,9.5,11.3,3.8,10.63,2.4,1.61,5981
82,20050323,18.9,7.2,13.1,2.4,11.28,.1,2.38,14811
83,20050324,14.8,9.1,12,2.9,11.48,2.5,1.52,6496
84,20050325,18,5.4,11.7,2.1,10.33,0,2.12,13241
85,20050326,16.9,6.7,11.8,2.9,11.13,4.6,1.8,8173
86,20050327,14.5,9.3,11.9,3.1,11.53,2.6,1.63,8095
87,20050328,15.1,8.3,11.7,2.1,11.53,2,1.55,8387
88,20050329,14.2,7.1,10.6,3.1,11.23,2.2,1.48,8530
89,20050330,14.1,8.6,11.4,2.6,10.53,2.8,1.74,8715
90,20050331,13.4,7.3,10.3,2.3,10.23,1,1.61,9191
91,20050401,17.6,4.8,11.2,2.9,8.48,0,03.03,19138
92,20050402,19.5,4.4,12,2.8,8.18,0,3.34,19726
93,20050403,17.8,6.9,12.4,2.8,7.68,0,3.13,15890
94,20050404,17.1,6.8,11.9,2.7,08.08,2.4,2.82,14226
95,20050405,13.9,7.1,10.5,2.1,10.13,.8,1.62,8591
96,20050406,15.6,5.5,10.6,3.6,11.58,4.2,1.56,8854
97,20050407,10.4,9.5,9.9,4.7,10.73,9.1,1.39,7156
98,20050408,10.7,4.9,7.8,4.1,7.78,5,2.16,13550
99,20050409,7.1,1.8,4.5,5.7,5.68,0,1.99,10606
100,20050410,11.4,2,6.7,3.8,07.08,.1,1.97,10389
101,20050411,14.7,3.9,9.3,6.2,7.38,0,3.49,20944
102,20050412,15.7,3.5,9.6,3.2,8.28,0,2.6,14794
103,20050413,15.2,6.4,10.8,2.4,9.23,0,2.25,12192
104,20050414,18.2,5.4,11.8,2.9,9.43,4.8,2.8,14634
105,20050415,11.2,5.9,8.6,2.5,09.03,2.3,1.58,8875
106,20050416,7.3,5.5,6.4,4.5,8.98,11.6,01.06,7601
107,20050417,11.3,5.8,8.6,5.3,8.93,.5,1.78,9250
108,20050418,12.1,5.5,8.8,3.1,10.23,4.8,1.36,7905
109,20050419,14.1,3.9,9,3.3,8.58,1.1,2.54,17048
110,20050420,13,3.3,8.1,2.6,8.53,.3,1.87,10930
111,20050421,14.9,5.7,10.3,2.4,8.13,0,2.78,17220
112,20050422,18.1,1.4,9.7,2,6.93,.5,3.3,21937
113,20050423,15.9,8.4,12.2,2.3,11.38,2.8,1.91,9510
114,20050424,15.7,9.7,12.7,2.5,12.13,7.2,1.83,9197
115,20050425,14.7,9.2,12,3.5,10.98,.8,02.08,9761
116,20050426,17.4,7.4,12.4,3.3,11.33,3.8,2.59,14446
117,20050427,16.4,9.2,12.8,2.5,10.83,0,2.59,14306
118,20050428,20.3,7.7,14,1.8,11.58,0,2.48,11906
119,20050429,24.8,10,17.4,1.7,13.33,0,04.01,22610
120,20050430,27.4,10.6,19,1.6,14.08,0,4.4,23657
121,20050501,27.1,12.5,19.8,3.3,12.03,0,5.35,23172
122,20050502,23.6,13.1,18.3,3.6,12.03,1.9,04.09,14463
123,20050503,18.6,12.4,15.5,3.6,12.93,11.3,2.82,12207
124,20050504,15.7,9.3,12.5,3.2,11.58,3,2.19,10919
125,20050505,12,8.5,10.2,3,10.08,1.1,1.88,9610
126,20050506,15.8,6.5,11.2,2.9,10.28,.5,2.43,13677
127,20050507,14,5.3,9.6,3.7,10.18,1.1,1.85,10099
128,20050508,14.9,2.2,8.6,2.2,7.83,.2,2.82,19059
129,20050509,14.9,3.8,9.4,1.9,7.53,0,03.01,20303
130,20050510,15.1,3.7,9.4,3.8,6.83,0,3.79,23817
131,20050511,16.1,2.7,9.4,3.7,7.18,0,3.94,26509
132,20050512,20.8,2.9,11.9,2.8,9.28,2.4,3.85,22846
133,20050513,19.9,11.7,15.8,1.4,14.63,17,2.39,12418
134,20050514,18,12.4,15.2,3,13.33,2.7,2.7,12920
135,20050515,18.4,9.3,13.9,1.9,12.28,1,2.5,12899
136,20050516,16,9.2,12.6,1.7,12.13,2.5,1.98,10505
137,20050517,15.4,6.6,11,3.2,10.38,.1,2.73,15868
138,20050518,14.7,3.4,9,3.1,7.58,0,3.24,20494
139,20050519,19.5,3.8,11.7,1.9,9.58,0,3.78,24917
140,20050520,25,7.4,16.2,2.7,13.08,4.9,4.24,21793
141,20050521,17.9,12.9,15.4,2.3,14.73,10,2.16,10435
142,20050522,15.4,11.1,13.2,2.8,13.28,4.3,1.89,9868
143,20050523,17.7,9.1,13.4,2.6,10.68,.1,3.3,18143
144,20050524,21,5.9,13.5,2.1,10.63,0,4.21,26235
145,20050525,25.7,8.6,17.2,1.8,12.83,0,4.56,24878
146,20050526,28.8,11.2,20,2,15.38,0,5.23,26922
147,20050527,28.8,13.4,21.1,2.8,15.36,0,5.89,28665
148,20050528,28,14,21,2.5,16.19,0,5.57,28576
149,20050529,28.7,14.6,21.6,2.1,18.13,1,05.04,24845
150,20050530,18.8,14.3,16.5,3.2,13.33,1,3.34,15514
151,20050531,20.2,6.7,13.5,2.4,10.08,0,4.13,25318
152,20050601,21.4,8.4,14.9,2.4,10.38,0,4.24,23662
153,20050602,25.2,9.5,17.4,1.7,12.08,0,05.01,28654
154,20050603,26.9,10.6,18.8,2.9,15.58,.8,4.47,20719
155,20050604,19.3,12.2,15.7,2.9,12.03,.1,3.53,16862
156,20050605,19,9.9,14.5,2.4,11.13,.7,3.25,16003
157,20050606,16.5,11.8,14.1,2.2,14.06,5.1,1.91,9977
158,20050607,16.5,8.9,12.7,4,9.63,0,04.03,23893
159,20050608,18.8,5,11.9,3.9,8.53,0,4.45,25384
160,20050609,19.4,7.1,13.3,3.9,8.78,0,4.89,27753
161,20050610,21.3,6.7,14,2.9,8.88,0,4.95,28380
162,20050611,21,8.2,14.6,2.4,10.63,0,3.79,19196
163,20050612,22,6.8,14.4,2.1,10.23,0,4.73,28740
164,20050613,23.6,8.8,16.2,1.7,12.38,1.4,04.06,22627
165,20050614,22.7,13.7,18.2,1.8,14.88,1.6,3.2,15186
166,20050615,22.5,11.2,16.8,2.3,14.03,.1,3.37,16273
167,20050616,23.5,13.9,18.7,1.6,14.98,0,3.44,16417
168,20050617,27.7,13.5,20.6,2.4,16.68,0,5.25,26643
169,20050618,29.6,16.1,22.9,3.3,18.53,0,6.23,29464
170,20050619,31,16.5,23.8,2.6,15.38,0,6.63,29870
171,20050620,32.9,15.8,24.4,1.9,15.58,0,6.35,29198
172,20050621,31.2,16.3,23.8,2.4,18.83,0,5.63,24623
173,20050622,32.2,17,24.6,2.4,17.88,0,6.27,27378
174,20050623,33.6,19,26.3,2.4,18.88,4.4,5.65,22274
175,20050624,32.7,15.7,24.2,2.2,20.18,2.2,5.23,21928
176,20050625,29.5,17.1,23.3,2.4,20.88,2,4.52,19634
177,20050626,30.8,18.2,24.5,2.3,20.93,1.1,5.55,24538
178,20050627,33.9,19.4,26.6,2,20.78,.1,5.61,23043
179,20050628,33.1,17.3,25.2,1.8,20.33,3.1,4.9,20086
180,20050629,26.3,17.6,21.9,2.3,18.58,3.5,3.95,16312
181,20050630,23.1,15.1,19.1,3.5,15.98,2.9,3.61,14758
182,20050701,21.9,13.7,17.8,3.4,13.73,.1,3.72,15345
183,20050702,24.8,15.2,20,1.6,16.93,0,3.21,14456
184,20050703,29.8,14.7,22.3,2.3,17.68,.1,5.49,26238
185,20050704,21.8,16.6,19.2,3.7,14.98,6.2,3.72,14025
186,20050705,21.2,9.9,15.6,2.3,10.98,2.4,04.03,20897
187,20050706,19.9,13.1,16.5,4.2,13.78,1.6,3.14,12247
188,20050707,18.8,12.1,15.4,3.5,12.33,1,2.97,11492
189,20050708,18.9,10.9,14.9,2.3,12.98,2.4,2.43,10670
190,20050709,20.8,12.1,16.5,2,14.13,3,3,14788
191,20050710,24.9,12.8,18.9,4.1,15.08,.2,5.11,24111
192,20050711,27.6,14.5,21.1,4.2,15.28,0,5.98,26147
193,20050712,28.4,14.3,21.4,3.6,15.13,0,5.88,25035
194,20050713,29.8,14.6,22.2,3,15.53,0,06.03,26335
195,20050714,31.8,16.2,24,1.8,14.98,0,06.03,28226
196,20050715,34,16.6,25.3,2.5,15.98,0,6.6,26383
197,20050716,32.8,17.8,25.3,1.9,16.83,0,5.91,25678
198,20050717,32.1,16.8,24.4,2.3,14.88,.3,6.25,26896
199,20050718,24.7,16.7,20.7,3.4,16.98,1.1,3.79,14391
200,20050719,23,14.5,18.8,3.1,13.33,.2,3.79,14154
201,20050720,23,10.4,16.7,2.9,13.73,0,3.33,14380
202,20050721,25.8,15.5,20.7,2.9,12.93,0,5.3,23590
203,20050722,23.5,11.9,17.7,2.2,12.68,0,3.7,16478
204,20050723,24.9,11.6,18.3,2.1,15.18,3.8,3.1,12815
205,20050724,23.4,15.3,19.3,2.7,18.63,3.4,2.54,10269
206,20050725,23.1,16.2,19.6,3.5,16.83,.1,3,10095
207,20050726,28.6,16.1,22.4,2.3,16.08,0,4.78,20434
208,20050727,34.2,16.4,25.3,2.3,18.23,9.7,5.48,21368
209,20050728,32.9,17.9,25.4,2.1,19.43,16,4.54,16215
210,20050729,27,18.5,22.7,2.4,19.88,11.9,3.65,14636
211,20050730,23.5,13.3,18.4,3,14.13,.1,4.19,19876
212,20050731,21.6,12.3,16.9,2.6,13.13,0,3.62,17419
213,20050801,23.2,12.2,17.7,2,13.93,.4,3.2,14239
214,20050802,23.2,14.6,18.9,2.8,15.33,8,3.34,13964
215,20050803,25,13,19,2.8,13.73,0,4.58,22016
216,20050804,24.4,11.9,18.1,2.7,12.28,0,4.76,24016
217,20050805,25.3,11.3,18.3,2.5,13.53,.2,3.73,15690
218,20050806,22.9,14.8,18.8,2.4,13.83,.1,3.65,15749
219,20050807,22.2,13.6,17.9,2.5,10.88,.1,3.81,15745
220,20050808,20.6,8.5,14.5,2.7,10.03,0,3.91,20940
221,20050809,24,8.8,16.4,2.4,10.93,0,4.73,26168
222,20050810,26,10.8,18.4,2.9,11.73,0,5.21,25501
223,20050811,24.8,12,18.4,3.2,12.83,0,4.84,24203
224,20050812,25.3,11.1,18.2,2.4,13.13,0,3.88,17320
225,20050813,24,12.8,18.4,1.8,11.98,0,3.71,17613
226,20050814,22.4,13,17.7,3.3,12.78,1.5,3.45,12300
227,20050815,19.7,11.3,15.5,3.6,12.48,0,2.85,11170
228,20050816,23.7,11.2,17.4,3.6,13.23,0,4.33,21528
229,20050817,28.3,11.7,20,2.3,13.43,0,4.9,24810
230,20050818,29.7,13.5,21.6,2.6,15.13,4,4.91,21711
231,20050819,23.2,16.5,19.9,3.2,16.23,.5,03.02,10289
232,20050820,22.6,12.1,17.4,3,12.78,.1,3.73,17229
233,20050821,21.1,12.7,16.9,5.1,14.23,.1,3,9480
234,20050822,21.7,15.4,18.6,4.3,14.73,.4,3.25,11443
235,20050823,23.1,14.3,18.7,2.5,15.58,.6,03.02,13532
236,20050824,23.4,13.1,18.2,2.3,13.63,0,3.27,14842
237,20050825,19.7,14.5,17.1,3.9,14.33,6.6,2.63,9102
238,20050826,21.2,10.4,15.8,1.9,11.73,0,03.02,15886
239,20050827,22,9.9,16,1.7,11.73,0,2.63,11938
240,20050828,24.6,10.3,17.4,2.4,12.78,0,4.12,22817
241,20050829,28,11.7,19.9,2.1,14.13,0,4.45,22874
242,20050830,30.9,14.2,22.6,1.6,16.08,0,4.5,22509
243,20050831,32.9,15.3,24.1,2.7,15.83,0,5.42,22204
244,20050901,25.1,16.4,20.8,2.1,16.93,1.5,2.83,11017
245,20050902,26.6,14.8,20.7,2.9,16.83,.1,4.11,19065
246,20050903,29.2,15.9,22.5,2.7,18.08,0,4.5,20412
247,20050904,32.2,16.9,24.6,2,17.48,0,4.54,20811
248,20050905,22.9,16.3,19.6,2.5,18.03,4.7,2.47,10173
249,20050906,22.7,16,19.3,2.2,18.33,3.7,2.1,8754
250,20050907,26.3,13.5,19.9,1.6,17.53,.3,3.23,18696
251,20050908,28.8,15.5,22.1,2.4,17.13,.4,3.71,15646
252,20050909,26.5,16.7,21.6,2.7,18.03,1,3.59,16793
253,20050910,21.6,15,18.3,2,16.88,1.6,02.08,9474
254,20050911,19.7,13,16.3,1.9,15.23,27.6,1.69,7137
255,20050912,18.5,13.3,15.9,1.9,16.58,1,1.44,6959
256,20050913,21.1,15.3,18.2,2.3,16.98,0,2.1,9357
257,20050914,23,14,18.5,1.6,15.88,0,2.15,9704
258,20050915,25.1,12.8,19,2.3,15.93,.3,2.82,13425
259,20050916,18.1,14.6,16.3,4.4,14.38,7.3,2.13,6246
260,20050917,15.1,6.2,10.7,5.4,9.13,0,2.7,15607
261,20050918,16.5,6,11.2,5.4,8.53,0,3.12,15630
262,20050919,18,6.3,12.2,3,09.03,0,2.78,16368
263,20050920,19.5,5.3,12.4,2.3,8.73,0,2.77,18014
264,20050921,20.4,5.5,13,2.2,9.43,0,2.83,18137
265,20050922,22.6,5.9,14.2,1.4,10.38,0,2.63,17779
266,20050923,22.9,7.1,15,1.9,11.73,0,2.59,14650
267,20050924,24.9,9.6,17.2,1.4,11.93,0,2.56,14110
268,20050925,22.5,9.3,15.9,2.7,14.23,1.6,2.25,10624
269,20050926,21.3,11.9,16.6,2,14.53,0,2.23,13073
270,20050927,22.8,12.1,17.4,2.3,13.28,.2,2.48,11080
271,20050928,19,12.4,15.7,1.6,12.63,.1,1.79,8181
272,20050929,17.3,11.9,14.6,3.2,11.28,2.4,2.26,9801
273,20050930,16.8,5.9,11.4,1.8,10.33,6.7,1.51,7326
274,20051001,14.5,11.4,13,2.9,13.13,11,1.24,5893
275,20051002,13.2,8.1,10.6,3.2,10.88,1.7,1.35,7297
276,20051003,13.2,8.5,10.9,4.6,10.98,.5,1.36,5704
277,20051004,11.5,9.3,10.4,3.1,12.23,2.4,.86,5057
278,20051005,14.6,9.5,12.1,1.4,13.58,.1,.98,6204
279,20051006,15.5,12.4,13.9,1.1,15.08,.2,.94,4928
280,20051007,16.8,12.5,14.7,.8,14.68,.1,01.07,5958
281,20051008,21.2,8,14.6,1.6,12.98,.2,1.79,12305
282,20051009,22.4,7.2,14.8,1.3,13.03,.1,1.75,11935
283,20051010,23.4,7.2,15.3,1.7,12.93,.1,02.02,12230
284,20051011,22.1,7.8,15,2.8,11.93,0,2.36,13490
285,20051012,22.3,9.5,15.9,2.7,11.73,0,2.34,11008
286,20051013,21.5,8.7,15.1,1.6,11.83,0,1.75,10223
287,20051014,21.7,8.4,15.1,1.9,11.58,0,1.88,12945
288,20051015,22.2,6.7,14.5,1.9,11.58,.1,1.91,13251
289,20051016,21.4,8.1,14.8,1.7,12.78,0,1.53,8704
290,20051017,18.1,9.8,13.9,2.7,11.68,0,1.77,11934
291,20051018,17,6.4,11.7,1.9,11.68,4,01.07,4311
292,20051019,19,12,15.5,2.5,13.88,.2,1.53,7104
293,20051020,15.5,10.2,12.9,1.6,14.13,.9,.78,4193
294,20051021,18.5,12,15.2,4,14.98,1,1.38,5606
295,20051022,19.6,13.6,16.6,4.5,14.93,2.4,1.83,5281
296,20051023,17.9,11.5,14.7,2.2,12.38,0,1.42,7180
297,20051024,16.3,7,11.7,2.6,12.38,0,01.04,6656
298,20051025,19.3,10.3,14.8,4.8,13.58,.3,1.77,6008
299,20051026,22.7,13.6,18.1,2.9,13.93,0,02.09,9254
300,20051027,23.4,9.6,16.5,4.1,12.88,0,2.54,11200
301,20051028,22.8,10.8,16.8,3.5,13.03,0,2.28,8766
302,20051029,21.6,12.8,17.2,3.1,12.93,0,02.06,8240
303,20051030,22.9,10.1,16.5,2.9,13.18,0,1.94,10102
304,20051031,21.6,10.6,16.1,3.3,14.03,8.3,1.74,4369
305,20051101,17.1,10.5,13.8,3.4,11.68,.5,1.54,5096
306,20051102,18,6.7,12.4,2.9,12.53,.9,1.16,4948
307,20051103,18.2,9.6,13.9,2.7,13.43,13,1.14,5855
308,20051104,12.7,12,12.3,2.2,13.13,12.1,.71,3263
309,20051105,12.9,4.9,8.9,2.5,9.48,.1,.86,8928
310,20051106,14.2,2.7,8.5,1.9,8.68,0,.89,9262
311,20051107,13.1,3.5,8.3,1.9,9.73,.6,.74,4438
312,20051108,16,3.7,9.9,1.9,9.18,0,01.06,7235
313,20051109,10.6,5.4,8,2.1,10.03,2.6,.59,3140
314,20051110,10,4.5,7.3,2.4,8.78,0,.69,5498
315,20051111,8.9,.3,4.6,2.4,7.83,0,.52,6809
316,20051112,8,2.6,5.3,1.4,9.43,8.2,.3,2908
317,20051113,13,7,10,2.6,11.13,0,.7,5041
318,20051114,7.1,6,6.6,2.8,8.73,0,.58,2828
319,20051115,5.1,3.8,4.5,1.7,7.78,.1,.42,2789
320,20051116,7.9,4.2,6.1,1.8,8.28,.9,.56,2751
321,20051117,5.7,-1.6,2.1,1.4,6.38,0,.36,4389
322,20051118,6,-3.6,1.2,2.2,5.83,0,.42,7230
323,20051119,4.6,-1.2,1.7,3.2,5.73,0,.55,6064
324,20051120,2.1,-2.7,-.3,2.2,5.18,0,.34,5231
325,20051121,3.8,-5.7,-1,2,5.83,0,.28,4867
326,20051122,4.1,-.9,1.6,5,5.48,0,.69,7663
327,20051123,3.8,-2.3,.8,5.2,5.18,0,.77,5330
328,20051124,1.7,-2.1,-.2,3.4,5.38,5.3,.47,2982
329,20051125,4,-1.4,1.3,4.2,5.58,.5,.56,5530
330,20051126,3,-3.6,-.3,3.5,5.33,.9,.4,4952
331,20051127,3,-1.9,.5,4.2,6.23,2.2,.3,2584
332,20051128,2.4,.2,1.3,3.9,6.58,3.1,.31,2377
333,20051129,2.3,.7,1.5,2.2,6.73,2.5,.26,2353
334,20051130,2.6,-1.1,.8,2,5.53,0,.43,2682
335,20051201,2.4,-5.1,-1.4,2,4.98,.1,.3,4185
336,20051202,7.1,-3.2,2,3.4,7.33,6.3,.32,2315
337,20051203,8.9,3,5.9,5.9,8.48,7,.68,2699
338,20051204,8.4,6.6,7.5,6.9,9.18,9.7,.83,2247
339,20051205,8.3,4.4,6.4,3.4,7.88,.8,.7,3555
340,20051206,4.1,.6,2.3,2.6,7.13,1.3,.27,2385
341,20051207,6,2.4,4.2,2.7,7.23,5.1,.5,2797
342,20051208,7.7,2.1,4.9,3.3,7.88,3.2,.47,2785
343,20051209,4.9,2.4,3.6,4.2,6.68,0,.66,3045
344,20051210,3.4,-1.3,1,3.9,5.23,0,.53,5519
345,20051211,3.1,-3.9,-.4,3.8,4.48,0,.52,6403
346,20051212,4,-3.6,.2,3.3,5.18,0,.38,5967
347,20051213,4.1,1.8,3,4.1,6.13,0,.65,3161
348,20051214,5,.6,2.8,3.1,6.43,0,.57,1918
349,20051215,6,1.7,3.9,2.4,7.43,.1,.42,2165
350,20051216,7,4.1,5.5,4.2,8.48,5.2,.47,2103
351,20051217,3.1,1.5,2.3,4.2,5.23,.4,.72,5056
352,20051218,1.6,-2.6,-.5,2.4,4.88,0,.46,2511
353,20051219,0,-5.2,-2.6,2.3,5.13,.8,.19,2092
354,20051220,0,-.4,-.2,1.4,5.78,0,.24,2091
355,20051221,.2,-2.3,-1.1,1.4,5.43,0,.24,2090
356,20051222,2,-1.9,0,.8,5.53,0,.19,3312
357,20051223,4.9,.6,2.7,1.4,6.73,0,.36,2426
358,20051224,2.4,.4,1.4,1.5,6.88,0,.2,2096
359,20051225,4.4,1.1,2.8,1.9,07.08,0,.31,2100
360,20051226,4.3,.4,2.4,2.5,5.83,2.6,.49,3923
361,20051227,-1.2,-2.7,-2,1.9,4.43,.8,.31,3431
362,20051228,-2.5,-7.6,-5,1.3,4.23,1.3,.14,2679
363,20051229,-2,-6.1,-4.1,1.5,3.58,0,.24,4523
364,20051230,-2.5,-10.9,-6.7,3.1,4.23,11.3,.05,2137
365,20051231,6.3,-2.5,1.9,4.9,8.18,2.6,.05,2203
366,20060101,4.9,2.3,3.6,4.8,7.73,6.3,.33,2273
367,20060102,5,2.7,3.8,3.4,7.28,0,.49,2201
368,20060103,4.3,1.4,2.8,2.7,6.28,0,.57,2728
369,20060104,.8,-2.7,-1,2.2,5.38,0,.28,3264
370,20060105,.8,-1.4,-.3,1.8,5.53,.7,.32,2218
371,20060106,1.9,-2.1,-.1,2,5.93,1.9,.24,2434
372,20060107,2.8,-.6,1.1,1.6,06.08,.5,.34,2254
373,20060108,4.6,.6,2.6,1.9,5.93,.1,.47,3850
374,20060109,4.6,-2.5,1.1,1.8,5.23,0,.39,5594
375,20060110,.9,-6.8,-3,1.3,4.58,0,.22,4430
376,20060111,.2,-5,-2.4,2.2,5.28,1.9,.17,3593
377,20060112,2.6,-1,.8,1.4,6.63,0,.23,2363
378,20060113,5.3,-.7,2.3,2.1,5.63,0,.5,4955
379,20060114,6.5,-5.4,.6,2.2,4.68,0,.56,7086
380,20060115,2,-6.4,-2.2,2.2,4.43,0,.53,4632
381,20060116,5.5,-2.9,1.3,2.9,5.78,3.7,.58,4367
382,20060117,5.3,2.5,3.9,6,8.18,13.2,.29,2498
383,20060118,7.5,4.3,5.9,2.7,8.98,1.1,.41,2528
384,20060119,9,2.1,5.5,1.7,8.68,.1,.41,3543
385,20060120,6.5,3.1,4.8,3.1,8.28,.7,.43,3030
386,20060121,6.7,.7,3.7,2.1,7.33,.1,.42,4263
387,20060122,5.1,.4,2.8,3.2,6.38,0,.62,4024
388,20060123,1.8,-1.8,0,4.3,4.43,0,.72,7952
389,20060124,1.7,-7.4,-2.8,2.4,3.73,0,.5,7481
390,20060125,3.5,-7.1,-1.8,1.8,4.38,.5,.44,6528
391,20060126,.5,-4.1,-1.8,3.6,4.83,.8,.45,2874
392,20060127,-3.4,-3.8,-3.6,3.6,3.93,.1,.5,2846
393,20060128,-.3,-6,-3.1,4.3,3.93,.3,.64,2886
394,20060129,1.9,-2.7,-.4,3.3,4.38,0,.78,3408
395,20060130,3.9,-3.2,.4,3.4,4.18,0,.84,8748
396,20060131,4.6,-3.7,.5,1.8,4.33,0,.57,8810
397,20060201,1.5,-6,-2.2,1.3,4.98,0,.31,5371
398,20060202,-.4,-1.9,-1.1,1.8,5.38,0,.33,3101
399,20060203,-2.6,-3.4,-3,2.9,4.33,0,.44,3328
400,20060204,-1.2,-5.8,-3.5,3.1,04.03,0,.5,3231
401,20060205,2.6,-4.7,-1,3.3,4.93,.1,.57,6693
402,20060206,6.7,-1.2,2.8,2.3,6.73,.5,.58,3989
403,20060207,4.1,1.1,2.6,2.3,6.63,.2,.53,3339
404,20060208,5.9,1.6,3.8,3.9,6.78,1.9,.79,3613
405,20060209,5,-.6,2.2,2.6,06.08,.8,.67,4124
406,20060210,3.9,-4,0,2.2,4.88,0,.66,6336
407,20060211,4.6,-3.1,.8,2.5,05.08,0,.76,6743
408,20060212,2.3,-4.5,-1.1,1.6,4.63,4.2,.55,4978
409,20060213,1.7,-1.4,.2,2.6,6.18,2.2,.37,3650
410,20060214,7,.2,3.6,3.2,7.63,.2,.58,4421
411,20060215,6.7,3.6,5.2,7.5,8.93,20.1,.39,3760
412,20060216,11.8,6.2,9,6.5,09.08,2.9,1.54,5003
413,20060217,8.7,3.4,6.1,6,7.63,6.6,1.23,5513
414,20060218,9.3,4.2,6.8,6.7,7.78,2.5,1.43,6789
415,20060219,6.5,1.2,3.9,2.6,7.28,10.5,.69,3987
416,20060220,6.8,-.1,3.4,1.5,7.43,3.4,.57,4088
417,20060221,6.1,.6,3.4,1.6,7.28,.6,.65,6121
418,20060222,5.1,1.2,3.1,3.8,6.88,0,.75,4598
419,20060223,2.6,1.3,1.9,3.3,5.88,0,.79,4224
420,20060224,4.1,-.3,1.9,3.5,5.73,.1,.87,4285
421,20060225,3.3,-.3,1.5,2.2,5.98,0,.67,4346
422,20060226,2.1,-1.5,.3,5,4.78,0,01.01,5250
423,20060227,4.2,-4.9,-.4,4.1,3.88,.2,1.38,12853
424,20060228,2.3,-3.3,-.5,3.7,5.38,4.4,.64,5074
425,20060301,3.4,-3.4,0,3.7,4.53,.8,1.12,10785
426,20060302,5,-2.5,1.3,3.8,5.28,7.3,01.06,7688
427,20060303,10.5,-.4,5,6.3,7.73,14.3,1.19,6074
428,20060304,.1,-.3,-.1,2.8,5.83,16.9,.52,4787
429,20060305,3.8,-3.2,.3,2.8,05.08,.6,1,11637
430,20060306,4.3,-4.2,0,2.4,5.43,.6,.81,7875
431,20060307,3.6,-2.8,.4,2.9,5.78,6.2,.71,6276
432,20060308,8.8,.5,4.7,5.4,9.18,6.8,.42,5047
433,20060309,9.8,6.9,8.4,5.5,9.53,3.5,1.19,5260
434,20060310,9,3.7,6.4,5,6.93,5.7,1.69,8731
435,20060311,5.1,-.3,2.4,4.6,6.33,2.1,.91,5245
436,20060312,.3,-4.4,-2,4.6,3.23,0,1.43,14176
437,20060313,3.7,-6.2,-1.2,3.5,3.53,0,1.5,16183
438,20060314,7.8,-4.3,1.8,3.2,3.93,0,1.88,16584
439,20060315,8.6,-3.1,2.8,3,4.68,0,1.75,14845
440,20060316,6,-2.8,1.6,3.8,4.78,0,1.52,12289
441,20060317,9,-3.8,2.6,3.7,4.83,0,1.93,15986
442,20060318,11.3,-2.7,4.3,3.5,5.18,0,2.17,15757
443,20060319,13.4,1.4,7.4,2.6,6.23,0,1.97,8505
444,20060320,15.5,4.2,9.9,2,8.43,1,1.76,8284
445,20060321,12.5,5.9,9.2,1.8,9.48,2.8,1.29,6987
446,20060322,6.8,3.5,5.2,2.2,8.78,8.3,.75,5981
447,20060323,8.8,3,5.9,2.5,8.43,5,1,6535
448,20060324,14.6,4.6,9.6,4.9,10.78,9.6,1.5,8288
449,20060325,13.1,8.7,10.9,5.5,12.08,4.5,1.23,6892
450,20060326,21.9,10.4,16.2,4.6,12.68,.2,3.24,12975
451,20060327,18.1,12.2,15.1,4.8,11.53,4.1,2.82,8981
452,20060328,11.2,8.2,9.7,4,9.38,6.2,1.75,8670
453,20060329,13.7,4.7,9.2,4.3,9.28,5,1.93,10655
454,20060330,15.1,7.2,11.2,6.7,11.88,7.7,1.55,6853
455,20060331,16.7,10.4,13.6,4.8,10.43,0,2.84,11292
456,20060401,15.7,6.3,11,3.2,10.33,1.7,02.01,10639
457,20060402,15.3,4.2,9.7,4.3,9.48,1.4,2.14,10614
458,20060403,14.2,5.3,9.8,3.4,7.83,.5,2.48,12891
459,20060404,14.1,.3,7.2,2.6,6.53,10.6,2.51,17334
460,20060405,6.7,2.8,4.7,5,6.13,2.7,1.82,11721
461,20060406,10.4,-1.6,4.4,3.2,05.08,0,2.41,19035
462,20060407,13.8,-1.1,6.4,1.4,5.13,0,2.57,21499
463,20060408,16.1,-.9,7.6,2.8,5.98,.1,03.01,19210
464,20060409,9.9,6.2,8.1,1.9,7.78,7.7,1.48,7226
465,20060410,7.1,3.8,5.5,4.5,7.18,4.6,1.44,8773
466,20060411,9.7,-.3,4.7,3,5.88,.4,2.14,16938
467,20060412,11.6,3.9,7.8,2.9,7.63,.7,1.8,8858
468,20060413,10.7,3,6.9,3.3,8.73,.1,1.31,7418
469,20060414,16.5,8.6,12.6,2.5,9.63,0,2.53,12757
470,20060415,15.2,7,11.1,4.8,10.33,2.7,02.07,7906
471,20060416,15.6,9.6,12.6,4.3,10.98,1.8,2.25,8948
472,20060417,14.5,6.5,10.5,1.8,10.23,1.7,1.77,10059
473,20060418,14.6,5.6,10.1,2.5,7.93,0,2.68,16412
474,20060419,16.6,3.5,10,1.9,7.58,0,2.76,17375
475,20060420,18.3,6,12.1,1.7,8.43,0,3.34,22159
476,20060421,22.9,4.4,13.7,1.9,09.08,0,3.91,23820
477,20060422,22.2,7.4,14.8,2.1,10.28,0,3.71,20802
478,20060423,20.2,6.9,13.5,1.7,10.13,0,03.04,17218
479,20060424,21.4,8.4,14.9,2.4,11.83,7.5,2.98,14228
480,20060425,20.1,9.9,15,2.1,12.88,.2,3.1,18465
481,20060426,17.8,9.8,13.8,2.2,12.58,1.3,02.08,9571
482,20060427,16.7,10.1,13.4,3.2,11.78,0,2.34,10010
483,20060428,15.6,7.7,11.7,4.1,8.58,0,03.07,13674
484,20060429,11.7,2.2,6.9,3.5,5.98,0,2.98,20130
485,20060430,13.1,-.3,6.4,2.5,6.33,.4,2.59,17659
486,20060501,13.7,3.2,8.4,2.7,8.73,0,1.85,9407
487,20060502,22.6,5.1,13.9,3,10.53,0,4.28,24670
488,20060503,23.8,10.1,17,2.4,11.48,0,4.14,20708
489,20060504,26.1,10.7,18.4,1.4,11.88,0,4.2,22913
490,20060505,22.6,10.8,16.7,2.3,13.98,9,3.19,15812
491,20060506,21.4,11.8,16.6,1.4,14.68,1.8,2.36,11673
492,20060507,20,12.3,16.1,1.6,14.38,2.7,2.69,14639
493,20060508,16.5,11.1,13.8,2.8,12.03,20.7,2.33,10733
494,20060509,12.5,7.7,10.1,2.6,10.18,1.1,1.77,9284
495,20060510,12.7,7,9.9,1.4,10.43,.9,1.56,8874
496,20060511,21.8,6,13.9,1.9,11.68,0,3.6,21862
497,20060512,21.8,7.6,14.7,2.9,12.43,1.1,3.63,20031
498,20060513,17.8,9.9,13.9,2.5,13.33,1.8,2.25,12668
499,20060514,20,9.8,14.9,1.7,12.26,0,3.13,18269
500,20060515,23.7,9.9,16.8,3,14.39,0,3.22,14783
501,20060516,20.8,13.3,17.1,2,16.23,6.7,2.38,11493
502,20060517,23,10.5,16.8,1.5,16.98,3.9,2.75,15038
503,20060518,17.9,15.5,16.7,3.2,15.68,4.5,2.54,12168
504,20060519,16.9,10.8,13.8,5.2,10.93,.4,3.21,13279
505,20060520,17.5,10.3,13.9,6.2,11.23,3.8,3.37,14166
506,20060521,21.3,10,15.7,4.2,12.48,2.4,3.85,18198
507,20060522,17.8,11.3,14.6,4.8,11.48,1.6,3.44,15165
508,20060523,16.8,5.8,11.3,3.3,8.58,0,3.66,21591
509,20060524,17.2,3.6,10.4,2.9,8.38,.1,3.41,20243
510,20060525,16.4,7.4,11.9,4.6,11.63,1.3,2.18,10032
511,20060526,19.9,11.5,15.7,3.5,15.13,.3,2.31,10396
512,20060527,21.4,15.4,18.4,3.2,16.43,0,03.08,13631
513,20060528,19.6,13.8,16.7,2.5,15.48,.5,2.43,11119
514,20060529,15.8,11.8,13.8,2.8,11.38,4.8,2.74,13485
515,20060530,13.3,5,9.1,3.5,08.08,.7,2.75,16192
516,20060531,13.1,3.6,8.4,2.8,8.68,1.3,2.3,13877
517,20060601,12.6,4.8,8.7,2.8,8.93,2.2,2.13,12694
518,20060602,15.3,4.8,10.1,3.2,9.53,0,2.78,17808
519,20060603,19.4,5.1,12.2,3,9.63,0,4.3,27482
520,20060604,19.3,9,14.1,2.8,11.23,0,3.6,19741
521,20060605,20.2,9.6,14.9,2.1,12.23,.8,3.22,17480
522,20060606,19.6,8.4,14,2.8,10.68,0,4.46,27620
523,20060607,21.1,6.9,14,3.1,9.33,0,4.76,26549
524,20060608,23.3,7.8,15.6,3.1,9.88,0,5.35,29681
525,20060609,26,9.1,17.5,2.3,10.33,0,5.51,29634
526,20060610,28.6,9.9,19.2,1.9,12.28,0,5.54,29652
527,20060611,29.2,13,21.1,2.4,13.88,0,5.9,28863
528,20060612,29.5,12,20.7,2,15.03,0,5.82,29616
529,20060613,30.4,13.6,22,1.9,15.13,0,06.01,29495
530,20060614,30.7,14.3,22.5,1.9,17.03,.3,5.53,26283
531,20060615,27.2,14.9,21.1,1.9,16.98,0,4.39,20522
532,20060616,25,14.6,19.8,2.5,16.83,0,3.91,18166
533,20060617,28.1,13.4,20.7,2,15.43,.3,5.17,25282
534,20060618,30,14.4,22.2,2,17.15,.7,5.45,26081
535,20060619,27.8,16.7,22.3,2.9,18.58,3,4.73,20397
536,20060620,25.1,16.3,20.7,2.3,18.43,1,3.29,13813
537,20060621,24.9,15.2,20,3.2,15.48,.1,4.74,21540
538,20060622,21.6,14.8,18.2,2.4,13.53,0,3.65,16290
539,20060623,24.8,10,17.4,1.9,11.68,0,5.18,29056
540,20060624,29.7,12.4,21.1,1.8,15.98,0,4.96,23812
541,20060625,27.7,18.2,23,3,18.58,3,4.71,18636
542,20060626,25.8,15.6,20.7,2.6,15.43,1.7,4.42,18629
543,20060627,27,15,21,2,16.93,.8,4.47,21037
544,20060628,28,15.8,21.9,1.6,17.98,.1,4.14,19013
545,20060629,28.7,14.8,21.8,2.3,15.48,0,5.7,27716
546,20060630,29.8,14.7,22.3,2.1,15.23,0,5.87,29042
547,20060701,30.2,16.4,23.3,3.1,15.23,0,6.53,29225
548,20060702,30.6,15.5,23.1,2.3,15.28,0,6.27,29607
549,20060703,32.5,16.4,24.5,1.8,16.98,0,5.95,27572
550,20060704,34,17.8,25.9,1.8,18.73,8.1,5.94,25413
551,20060705,28,17.6,22.8,2.6,18.23,3.7,4.55,18624
552,20060706,21.3,16,18.7,1.8,18.18,3.5,2.26,10039
553,20060707,23.4,13.8,18.6,1.8,17.93,1.6,2.82,13630
554,20060708,27.4,14.8,21.1,1.4,17.18,0,4.46,22563
555,20060709,26.8,15.3,21.1,2.4,17.03,0,3.66,14119
556,20060710,30.5,14.9,22.7,1.5,17.73,0,5.53,27913
557,20060711,32.5,17.6,25.1,2.7,18.98,0,6.34,26943
558,20060712,31.3,17.6,24.4,2.9,18.63,0,5.97,25168
559,20060713,31.1,18.3,24.7,2.6,17.88,0,5.53,22598
560,20060714,31.1,18.4,24.7,3.8,18.78,0,6.38,25762
561,20060715,31.2,17.9,24.6,3.9,16.68,0,6.85,28181
562,20060716,31.6,16.6,24.1,2.8,13.58,0,6.71,28801
563,20060717,32.2,16.7,24.5,2.6,12.98,0,6.8,28887
564,20060718,34.7,16.6,25.7,1.8,13.58,0,6.41,28440
565,20060719,35.1,19,27,2.9,15.98,0,07.08,26203
566,20060720,33.6,19.4,26.5,2.6,18.08,0,6.66,27341
567,20060721,35.3,19.4,27.4,1.6,17.18,0,5.86,24649
568,20060722,31.9,20.5,26.2,2.9,17.53,1.2,5.83,20702
569,20060723,31.1,17.7,24.4,1.6,17.58,0,5.17,23415
570,20060724,33.4,18.7,26,2.7,16.23,0,6.59,26002
571,20060725,35.5,20.5,28,2,16.98,.1,6.32,25279
572,20060726,35.7,20.2,28,1.8,17.18,2.3,5.82,22857
573,20060727,32,20.3,26.1,2.9,18.58,6.7,5.66,20251
574,20060728,28.4,17.4,22.9,2.4,19.48,2.2,3.89,15611
575,20060729,29.6,16.9,23.2,1.5,19.03,.2,4.47,21363
576,20060730,28.8,17.4,23.1,2.1,18.03,0,4.24,17332
577,20060731,23.9,17.9,20.9,2.1,16.93,.7,3.21,12903
578,20060801,23.2,15.1,19.1,4.2,15.08,.6,3.88,14814
579,20060802,22.3,13.8,18,3.4,13.93,3.6,3.46,13455
580,20060803,19.8,13.3,16.5,3.1,15.33,15.1,2.68,12956
581,20060804,21.9,13.8,17.9,4.3,14.83,1.9,3.25,12636
582,20060805,22,14.7,18.4,3.3,15.18,2.1,3.14,12970
583,20060806,23.4,12.8,18.1,2.9,14.93,0,3.29,14395
584,20060807,26.7,12.5,19.6,2.7,14.73,.1,4.46,20637
585,20060808,23.9,16.5,20.2,3.9,15.53,.8,3.75,12936
586,20060809,23.7,12.6,18.1,2.4,12.93,.4,3.69,16645
587,20060810,22,14.2,18.1,2.5,12.83,.1,3.38,13894
588,20060811,19.5,13.7,16.6,2.8,12.73,2.5,2.74,9818
589,20060812,18.1,10.2,14.1,2.5,13.03,14.1,2.17,10525
590,20060813,17.5,11.9,14.7,4.4,13.78,8,2.2,9393
591,20060814,20.2,11.4,15.8,3.8,13.78,2.4,2.93,13689
592,20060815,23.7,10.3,17,2.2,13.68,1.2,3.82,21307
593,20060816,23,14,18.5,2.6,15.83,1.7,03.04,13555
594,20060817,25,14.3,19.7,2.8,17.33,21.8,3.15,13423
595,20060818,24,12.3,18.2,3.9,14.58,0,4.19,20277
596,20060819,22,12.1,17.1,2.5,15.18,1.8,2.79,13651
597,20060820,21.9,13.2,17.6,3.3,14.98,.1,03.09,14316
598,20060821,21.6,12.9,17.2,3.5,14.53,.8,3.14,14373
599,20060822,22.7,14.5,18.6,2.1,14.48,.1,3.31,16128
600,20060823,24.8,10.9,17.9,1.6,13.68,0,3.72,21263
601,20060824,22,12.7,17.4,3.6,12.98,.4,3.63,15596
602,20060825,22.3,9.1,15.7,2.1,11.23,0,3.54,19574
603,20060826,21.5,9.1,15.3,3.3,14.23,5.6,2.57,12079
604,20060827,20.1,12.8,16.4,2.7,14.08,.1,2.55,11578
605,20060828,16.4,12.1,14.3,3,14.23,4.7,1.66,7822
606,20060829,14.1,10.7,12.4,2.2,12.13,4.5,1.6,8177
607,20060830,19.8,7.7,13.8,1.8,11.73,.1,2.5,14380
608,20060831,22.7,7.3,15,1.7,12.28,0,3.42,22324
609,20060901,25.9,9.7,17.8,2.1,13.48,0,3.89,21310
610,20060902,23.7,14.7,19.2,3.1,15.93,0,03.02,11924
611,20060903,25.7,17.7,21.7,4.4,19.68,.1,03.05,9146
612,20060904,24.6,20.1,22.4,2.1,20.83,0,2.25,7782
613,20060905,27.3,15.1,21.2,2.5,19.08,0,3.92,20626
614,20060906,29.3,15.6,22.5,1.6,19.08,.1,3.7,19331
615,20060907,28,15.7,21.9,3,18.08,.1,3.83,16381
616,20060908,21.9,11,16.4,4.7,11.63,0,4.1,19885
617,20060909,26.3,9.1,17.7,2.1,13.18,0,3.62,20040
618,20060910,28.7,13.1,20.9,2,15.73,0,3.57,16670
619,20060911,30,14.7,22.4,1.9,16.48,0,3.84,18299
620,20060912,28.8,14,21.4,2.3,14.58,0,04.08,19351
621,20060913,28.5,14,21.3,2.6,15.68,3.9,3.89,16417
622,20060914,25.2,17.1,21.1,2.5,17.38,13.4,2.99,12482
623,20060915,19,15.7,17.3,2.6,18.08,11.6,1.48,6589
624,20060916,23.7,14.3,19,1.9,16.73,.1,2.74,15230
625,20060917,19.7,13.6,16.6,2.9,16.38,.5,1.63,6617
626,20060918,20.7,13.9,17.3,1.8,15.88,.6,1.88,8879
627,20060919,20,12.1,16,2.4,14.73,.3,1.89,9125
628,20060920,23.8,10.9,17.3,1.6,14.93,.2,2.63,16309
629,20060921,27.1,11.2,19.2,4,14.08,0,4.11,17443
630,20060922,24,14,19,2.5,14.73,1.2,2.49,8277
631,20060923,25.4,15.1,20.2,2.2,17.58,3.9,2.38,9872
632,20060924,19.8,16,17.9,2.2,17.33,13,1.51,5715
633,20060925,18.1,12.5,15.3,2.1,14.48,.3,1.55,7451
634,20060926,17.9,11.4,14.7,2.2,13.68,.1,1.66,8761
635,20060927,20.7,8.2,14.4,1.9,13.33,.1,2.11,14603
636,20060928,20.1,10.4,15.3,1.3,13.93,0,1.62,9039
637,20060929,22.6,9.1,15.8,1.9,14.28,1.3,02.02,10758
638,20060930,19.3,13.2,16.2,2.1,16.73,7.9,1.28,5914
639,20061001,21.9,13.6,17.8,3,16.88,1,1.79,7126
640,20061002,18.1,13.7,15.9,3,16.18,20.1,1.4,6078
641,20061003,15.3,13.6,14.4,3.4,14.78,28.7,1.27,5220
642,20061004,16.6,9.1,12.9,1.8,12.08,.9,1.37,7384
643,20061005,16.4,5.8,11.1,2.8,11.93,.1,1.42,10271
644,20061006,17.8,12.1,15,4.7,14.33,7.5,1.63,5736
645,20061007,17,10.4,13.7,3,11.73,.2,1.89,10392
646,20061008,17.9,4.4,11.2,1.6,10.93,0,1.61,13996
647,20061009,21.7,6.4,14.1,1.4,13.18,.1,1.65,11443
648,20061010,22.2,9.1,15.7,1.2,14.18,0,1.63,11403
649,20061011,19.5,10.3,14.9,2.1,13.98,4.5,1.45,6992
650,20061012,19.2,11.4,15.3,1.8,14.48,0,1.28,5735
651,20061013,16.7,11.7,14.2,2.3,14.83,0,01.04,5709
652,20061014,17.9,11.2,14.6,1.7,14.23,0,1.11,5848
653,20061015,18.2,8.9,13.5,1.8,12.98,.1,1.31,7648
654,20061016,20,6.7,13.4,1.7,12.28,0,1.56,12892
655,20061017,20,7,13.5,2.5,11.48,.4,1.79,9494
656,20061018,18.5,8.9,13.7,2.4,11.88,1.9,1.54,6764
657,20061019,16.8,12.1,14.4,3.6,13.88,7.9,1.34,4632
658,20061020,15.9,11.1,13.5,3.9,14.78,3.5,.86,4442
659,20061021,18.9,12,15.5,3.6,14.48,1.5,1.56,6865
660,20061022,20,10.3,15.1,4.3,14.43,1.6,1.68,8751
661,20061023,19.1,14.3,16.7,4.6,16.08,9.5,1.5,4224
662,20061024,17,12.4,14.7,5.8,11.43,0,2.42,5880
663,20061025,21,8.2,14.6,2.9,12.83,0,1.67,6527
664,20061026,24.5,12.4,18.5,3.2,14.73,0,2.27,9053
665,20061027,22.7,14.6,18.7,1.8,16.18,.2,1.49,8473
666,20061028,19,9.6,14.3,1.4,14.63,.1,.89,4958
667,20061029,15.9,12.9,14.4,1.4,15.43,1.3,.72,3565
668,20061030,14.2,9.3,11.8,1.9,11.93,.2,.91,7500
669,20061031,15,5.9,10.5,2.1,11.73,.7,.75,5136
670,20061101,11.1,8.2,9.6,3.5,8.43,0,1.37,8134
671,20061102,8.3,.5,4.4,2.8,06.03,0,.98,9580
672,20061103,5.7,-1.8,2,2.2,6.33,0,.59,5294
673,20061104,9.8,-1.8,4,2.3,6.63,.1,.81,8487
674,20061105,3.2,-1.9,.7,1.2,6.63,0,.32,3468
675,20061106,7.4,-.7,3.4,1.3,07.03,0,.49,5691
676,20061107,9.2,-.2,4.5,1.4,7.43,0,.57,5000
677,20061108,15,1.5,8.2,1.8,9.68,0,.8,4559
678,20061109,14.3,7.1,10.7,2,11.18,.2,.74,3664
679,20061110,10.4,1.6,6,2.3,7.63,0,.7,7885
680,20061111,9.7,.4,5,3.8,9.83,5.1,.18,2949
681,20061112,11.2,8.7,9.9,2.8,10.08,.7,.88,3216
682,20061113,10.3,3.8,7,3.8,10.58,1.9,.3,2934
683,20061114,13.1,9.8,11.5,3.3,12.03,.2,.79,2996
684,20061115,17.7,5.5,11.6,4.1,11.43,0,1.2,7528
685,20061116,19.3,13.2,16.3,6.7,11.73,16.1,2.8,4467
686,20061117,11.9,10.4,11.2,3.3,11.68,1.1,.78,3519
687,20061118,11.9,6.1,9,1.9,10.18,1.9,.62,3031
688,20061119,10.4,5.5,8,2.9,9.43,2.5,.7,2865
689,20061120,8.3,.2,4.3,4.3,8.48,4.1,.36,2896
690,20061121,10.8,7.4,9.1,4.8,9.68,5.3,.94,3357
691,20061122,8,2.4,5.2,4.3,7.98,.4,.59,4700
692,20061123,14,5.8,9.9,5.5,11.33,6.5,.83,2891
693,20061124,14.9,7,11,5.4,11.78,1.4,.99,2486
694,20061125,18,14.5,16.2,7.8,12.03,11.7,2.91,2457
695,20061126,13.5,9,11.2,2,11.48,.1,.56,3409
696,20061127,16,6.4,11.2,1.8,11.03,0,.76,3722
697,20061128,16.1,5.3,10.7,2.4,11.08,.7,.67,5900
698,20061129,9.5,7.8,8.6,2.2,9.68,0,.58,3162
699,20061130,6.9,3.4,5.2,2.6,8.58,0,.38,2359
700,20061201,11,3.6,7.3,2.6,8.83,.1,.59,4141
701,20061202,12.3,3.5,7.9,2.2,9.28,0,.7,2634
702,20061203,14,6.4,10.2,5.4,10.88,6.4,.97,3481
703,20061204,12.9,7.2,10.1,6.3,11.63,3.6,.7,2391
704,20061205,14.9,11.6,13.2,5.5,12.43,9.3,1.28,2886
705,20061206,9.7,8.2,9,3.4,9.28,.7,.88,2380
706,20061207,7.7,1.1,4.4,4.6,8.48,4.5,.32,2511
707,20061208,12.8,7.1,9.9,7.3,9.33,2.1,1.61,2460
708,20061209,8.3,3,5.7,2.2,7.63,.2,.53,3143
709,20061210,5.7,0,2.8,1.7,6.63,0,.24,3202
710,20061211,5.6,-1.7,1.9,3.3,6.48,2.5,.47,2792
711,20061212,5.6,3,4.3,2.1,7.73,.2,.38,2134
712,20061213,7.9,-1.2,3.3,2,6.93,0,.2,4827
713,20061214,2,-2.5,-.2,.9,6.13,0,.22,2225
714,20061215,5.8,-1.2,2.3,2.1,6.48,0,.39,4065
715,20061216,8.9,1.8,5.4,2,8.28,1.7,.47,2269
716,20061217,5.3,2.7,4,2.1,7.63,.2,.32,3155
717,20061218,4.5,1.4,3,2.5,07.03,.2,.37,2150
718,20061219,4,-1.3,1.3,4.8,05.03,0,.69,6256
719,20061220,3.4,-2.7,.4,4,4.73,0,.54,6198
720,20061221,5.2,-2.6,1.3,4.1,5.78,0,.44,5631
721,20061222,3.9,-2.6,.7,3.2,5.48,0,.28,6089
722,20061223,-1,-5.9,-3.5,1.5,4.98,0,.09,2849
723,20061224,-.3,-2.7,-1.5,1.4,5.48,0,.18,2096
724,20061225,0,-1.2,-.6,2.3,5.68,0,.25,2100
725,20061226,.2,-1.1,-.5,1.7,5.43,0,.3,2105
726,20061227,-2.3,-3.1,-2.7,1.8,4.83,0,.22,2112
727,20061228,-.1,-4.4,-2.2,1,4.73,0,.19,3400
728,20061229,2.6,-3.7,-.5,2.2,5.18,0,.49,3139
729,20061230,10.1,-.8,4.7,4.5,7.88,.9,.72,2137
730,20061231,11.2,5.6,8.4,5.5,10.58,8.8,.48,3360
731,20070101,11,9.8,10.4,6.2,9.48,8.8,1.47,3029
732,20070102,7.5,4.2,5.8,6,7.48,3.9,.99,3013
733,20070103,7.5,3.1,5.3,3.5,7.68,.3,.55,3953
734,20070104,8.8,2.9,5.9,4.8,8.53,3.1,.6,2427
735,20070105,8.8,5,6.9,3.7,9.38,1,.5,2246
736,20070106,11,7.2,9.1,5.2,10.73,3.5,.64,2553
737,20070107,10.2,7.1,8.6,3.6,9.83,1.1,.64,3432
738,20070108,11,5.2,8.1,5.8,10.73,6,.44,2361
739,20070109,12.9,8.8,10.9,4.5,11.93,.4,.72,2410
740,20070110,12.2,6.6,9.4,3.8,10.48,1.7,.73,3087
741,20070111,10.2,2.7,6.5,6,9.23,2.5,.56,3440
742,20070112,11.2,6.6,8.9,3.9,9.98,.6,.69,4081
743,20070113,10.5,8,9.3,3,11.13,.6,.49,2387
744,20070114,11.9,8,10,2.3,09.03,0,.78,5326
745,20070115,4.2,-1.5,1.3,1.6,6.73,0,.21,3851
746,20070116,7.5,1.3,4.4,2.5,8.68,.4,.28,2469
747,20070117,11.9,5.9,8.9,6.2,10.28,2.7,.88,2961
748,20070118,13,9.4,11.2,9.3,12.13,4.5,.99,2528
749,20070119,13.2,11.5,12.3,5.5,12.88,1.4,.91,2622
750,20070120,13.1,10.5,11.8,5.5,11.33,2.5,1.27,2751
751,20070121,9.7,5.7,7.7,3.9,7.68,.1,01.09,5768
752,20070122,5.2,.2,2.7,3.3,6.68,6.5,.52,2660
753,20070123,-.9,-1.3,-1.1,7.3,4.98,6.8,.59,2695
754,20070124,-.5,-4,-2.2,3.5,04.03,.1,.59,4331
755,20070125,-1.3,-8.3,-4.8,4.5,3.53,0,.5,7256
756,20070126,-.4,-9,-4.7,2.2,3.43,0,.39,8073
757,20070127,.5,-7.2,-3.4,1.8,4.98,0,.24,2880
758,20070128,1.2,-2.8,-.8,2.2,5.88,0,.27,2886
759,20070129,3.6,-.6,1.5,1.9,6.53,0,.38,2961
760,20070130,8,1.1,4.6,2.3,07.03,0,.6,7645
761,20070131,2.3,-1,.6,1.6,6.48,.1,.31,3013
762,20070201,6,1,3.5,2,7.83,.1,.39,3057
763,20070202,8.7,4.4,6.5,2.3,9.38,.1,.48,4719
764,20070203,9.6,5.8,7.7,5.3,7.63,0,1.36,8751
765,20070204,11.8,-.3,5.8,3.3,06.08,0,1.31,9873
766,20070205,7.5,-2,2.8,2.6,07.03,.9,.56,4462
767,20070206,5.5,2.5,4,1.9,7.28,1.4,.56,3364
768,20070207,7.5,1.2,4.4,2.8,7.78,5.6,.56,3487
769,20070208,10.4,3,6.7,5.3,7.93,4.1,1.21,4896
770,20070209,11.1,1.4,6.3,3.4,7.88,1.2,01.01,8933
771,20070210,8.6,4.8,6.7,4.8,8.73,8.5,.84,3949
772,20070211,12.2,5.7,9,6.9,9.23,11,1.48,6841
773,20070212,10.8,6.5,8.7,6.9,8.93,1.8,1.45,4651
774,20070213,10.9,6.2,8.6,4.1,7.48,.4,1.63,6130
775,20070214,8,1.8,4.9,5.3,8.38,7.9,.62,3705
776,20070215,12,3.7,7.8,2.8,7.33,0,1.37,11551
777,20070216,14.8,-1,6.9,2.2,6.93,0,1.46,10582
778,20070217,16.4,3.3,9.8,2.7,6.68,0,02.01,8823
779,20070218,15.4,4.5,10,2.2,8.48,0,1.43,8210
780,20070219,13.6,3.7,8.7,1.8,8.83,0,1.14,10612
781,20070220,13.1,1.2,7.1,1.9,7.88,0,1.2,9186
782,20070221,11.1,.1,5.6,2.4,8.13,.7,.9,5515
783,20070222,13.3,2.7,8,2.4,8.73,0,1.21,9071
784,20070223,14.3,2.7,8.5,3.7,8.98,4.2,1.48,7795
785,20070224,12.6,6.9,9.8,6.3,9.73,7,1.58,6439
786,20070225,10.6,7.3,8.9,6.3,8.88,4.6,1.63,6427
787,20070226,9.5,6.1,7.8,3.9,8.53,3.3,1.22,5743
788,20070227,9.7,1.8,5.8,5.2,9.18,2.9,.65,4968
789,20070228,13.6,8.4,11,7.7,10.03,3.5,02.02,7033
790,20070301,10.3,8.9,9.6,6.9,9.83,15.2,1.47,5097
791,20070302,11.2,4.9,8,4.8,9.68,8.6,1.1,7619
792,20070303,13.7,7.6,10.7,5.6,9.58,.4,1.99,9200
793,20070304,16.6,2.1,9.4,2.7,8.88,1.1,1.82,11609
794,20070305,13.4,6,9.7,4.1,8.43,0,1.95,10115
795,20070306,12.1,2.4,7.3,4.8,08.08,3.4,1.54,4964
796,20070307,12.5,6.3,9.4,3.5,9.18,1.4,1.58,9085
797,20070308,12.6,5.3,9,3.1,7.68,0,1.89,11013
798,20070309,10.5,1.2,5.9,2.9,7.73,3,1.14,5652
799,20070310,11.6,.6,6.1,3.3,6.68,0,1.82,15444
800,20070311,13.2,-.1,6.6,3,6.73,0,02.01,16038
801,20070312,16,.3,8.2,1.8,6.83,0,02.01,16136
802,20070313,17.4,.5,9,1.9,7.48,0,2.15,15781
803,20070314,15.3,3.4,9.4,3.5,8.43,0,2.27,15415
804,20070315,16,2.8,9.4,2,8.68,0,1.97,15500
805,20070316,15.2,3,9.1,2.5,7.63,0,2.21,15689
806,20070317,11,2.7,6.9,2.6,8.38,0,1.2,6376
807,20070318,9.7,7,8.4,5.3,9.23,8.9,1.32,5712
808,20070319,5.7,1,3.4,4,6.33,3.1,1.18,7358
809,20070320,5.5,-.9,2.3,5,5.83,.8,1.22,8607
810,20070321,7.2,.6,3.9,4.6,6.18,1.5,1.43,8264
811,20070322,4.6,.9,2.8,3.4,6.38,1.6,.95,5981
812,20070323,4.5,.7,2.6,3.6,6.38,1.6,.94,6048
813,20070324,3.9,1.7,2.8,2.5,7.28,3.4,.72,6115
814,20070325,9.3,.4,4.9,2.9,07.03,0,1.49,12151
815,20070326,14.4,-1,6.7,1.8,7.38,0,2.12,18590
816,20070327,17.3,.6,9,1.8,7.58,0,2.32,16015
817,20070328,17,2.3,9.6,2.2,7.83,0,2.58,17488
818,20070329,13,2,7.5,2.4,8.98,7,1.45,9201
819,20070330,7.7,4.7,6.2,2.6,7.83,3.3,1.23,7078
820,20070331,9.5,-.6,4.5,2.1,7.28,0,1.35,10876
821,20070401,15.8,1.4,8.6,2.3,8.68,0,02.07,13978
822,20070402,19.6,4.7,12.2,2.3,9.68,.2,2.51,12945
823,20070403,16.6,7.8,12.2,4.4,8.43,0,3.21,14307
824,20070404,9.6,3.1,6.4,6.3,6.83,0,2,9212
825,20070405,15.1,2.8,8.9,4.3,6.58,0,3.16,17666
826,20070406,18.7,3.1,10.9,2.8,7.88,0,3.37,21366
827,20070407,18,4.1,11,3,09.08,0,03.09,19733
828,20070408,17,3.4,10.2,3.5,8.13,0,3.22,21217
829,20070409,20.2,2.5,11.4,1.4,9.13,0,2.91,20688
830,20070410,19.4,4.9,12.1,2.9,8.63,0,3.59,22129
831,20070411,21.4,6.2,13.8,2.8,9.93,0,3.76,22377
832,20070412,23.2,7.4,15.3,2.1,11.33,0,3.19,16438
833,20070413,23.4,11.4,17.4,2,12.93,0,3.21,15990
834,20070414,23.4,9.7,16.6,2,14.33,0,3.44,20756
835,20070415,26.8,9.8,18.3,2.4,14.28,0,4.17,22023
836,20070416,26.4,12.1,19.2,2.6,12.28,0,4.68,22876
837,20070417,24.1,9.9,17,3,12.08,0,4.25,20849
838,20070418,16.1,7.1,11.6,4.1,8.43,0,3.7,23108
839,20070419,19.2,3.6,11.4,2.8,7.53,0,3.87,24087
840,20070420,20.9,5,13,2.9,8.53,0,4.12,24017
841,20070421,22.5,6.3,14.4,2.2,9.33,0,4.1,24317
842,20070422,24.9,6.6,15.8,1.5,10.63,0,3.99,24305
843,20070423,26.1,9.4,17.8,2,11.28,0,4.39,22907
844,20070424,26.6,8.1,17.4,1.6,10.88,0,4.26,23518
845,20070425,27.9,9.6,18.7,1.6,11.43,0,4.47,24311
846,20070426,26.7,11.5,19.1,2.1,14.98,.2,3.77,17714
847,20070427,22.9,12.6,17.7,2.6,14.93,.3,3.5,18125
848,20070428,24.9,9.8,17.4,1.7,13.18,.1,4,22708
849,20070429,24.8,10.5,17.7,2,12.58,0,04.02,21146
850,20070430,22.5,10.6,16.6,2.2,13.48,.2,3.25,16506
851,20070501,22.7,9.6,16.2,1.9,11.48,.8,3.49,18445
852,20070502,16.6,8.2,12.4,2.2,10.18,0,2.57,14258
853,20070503,19.5,8.2,13.8,1.4,10.88,.4,2.83,16787
854,20070504,21.4,6.8,14.1,3.2,10.93,.1,3.91,21165
855,20070505,16.1,9.9,13,4.8,11.88,2.2,2.46,10648
856,20070506,20.1,8.5,14.3,3.6,10.98,0,3.85,21009
857,20070507,16.9,9,13,4.3,12.78,.7,02.04,9516
858,20070508,18.8,12.5,15.7,5.4,15.08,5,2.33,10082
859,20070509,17.4,13.1,15.3,4.5,13.43,.2,2.52,9936
860,20070510,25.5,9.8,17.6,4.1,11.68,0,5.13,21479
861,20070511,18.2,12.1,15.2,5.7,11.83,.4,3.58,15129
862,20070512,21.2,11.9,16.6,4.3,11.68,.2,4.32,18984
863,20070513,26.2,10,18.1,3.5,13.43,3.4,4.12,15174
864,20070514,14.3,11.8,13.1,3.7,12.03,7,2.19,9698
865,20070515,16,7.7,11.9,3.2,9.98,2.9,2.86,15464
866,20070516,15.7,8.8,12.3,3.5,12.03,13.1,1.96,9518
867,20070517,17.2,10.3,13.7,3.1,14.78,3.5,1.72,9227
868,20070518,20.8,12.6,16.7,1.4,14.63,0,2.76,14420
869,20070519,23.1,11,17,1.8,16.03,.8,3.3,18429
870,20070520,21.6,14.5,18.1,1.9,17.18,3.8,2.57,11197
871,20070521,25.8,13.3,19.6,1.8,15.83,0,04.03,20174
872,20070522,26.3,12.4,19.4,2.3,15.98,0,4.88,26002
873,20070523,24.1,14.2,19.2,3.1,16.98,.3,3.96,19343
874,20070524,28.1,13.8,20.9,1.8,17.58,.4,4.7,23966
875,20070525,30.1,13.6,21.9,2.3,16.58,.3,5.38,25347
876,20070526,25.5,13.6,19.5,2.1,16.58,7.8,3.68,17860
877,20070527,16.3,10.4,13.3,3.9,12.28,1.4,2.5,12756
878,20070528,14.8,8.1,11.4,4,10.43,4.2,2.52,13189
879,20070529,15.3,6.7,11,3.5,8.58,0,03.01,14817
880,20070530,18.6,4.2,11.4,2.2,10.88,2.6,3.1,19808
881,20070531,18.6,9.1,13.9,2.1,12.88,5.8,2.6,14145
882,20070601,19,9,14,2.8,11.88,.1,3.33,18512
883,20070602,21.8,11.8,16.8,3,14.53,.3,3.24,14796
884,20070603,24.2,11.3,17.8,2.5,15.28,0,4.19,22791
885,20070604,25.7,13.1,19.4,2.5,16.58,0,4.16,20333
886,20070605,26.7,13.8,20.2,3.3,16.58,0,5.16,25323
887,20070606,25.9,14.3,20.1,3.2,16.73,.2,4.92,24267
888,20070607,26.2,15,20.6,2,19.28,2.5,3.2,14296
889,20070608,24.2,16.7,20.4,1.9,20.03,3,2.84,12974
890,20070609,27.5,16.2,21.9,1.4,19.03,.1,4.1,19904
891,20070610,28.3,15.8,22,2.1,18.83,1,4.62,21724
892,20070611,21.5,15.7,18.6,1.8,19.38,2.5,2.3,11199
893,20070612,23.7,16.4,20,1.6,18.88,.6,3.21,15704
894,20070613,26.8,13.2,20,1.6,16.88,.5,4.34,22375
895,20070614,22.6,15.8,19.2,2.4,18.23,11.2,2.62,11092
896,20070615,21.6,14.4,18,3.5,15.53,0,3.4,14924
897,20070616,22.5,11.4,16.9,3.9,13.38,.2,4.14,19175
898,20070617,25,10.4,17.7,2.7,16.03,6.2,3.62,17633
899,20070618,27.2,14.5,20.8,2.5,17.48,.8,4.12,17770
900,20070619,31.6,13.5,22.6,1.7,18.33,1,5.13,23826
901,20070620,23.5,16.1,19.8,2.5,16.13,2.3,3.79,16905
902,20070621,22.3,14.5,18.4,1.9,14.83,2.2,3.31,15213
903,20070622,20.2,12.1,16.1,4.5,14.08,3.6,3.36,15760
904,20070623,20.8,13.1,16.9,4.4,13.83,.2,3.62,14815
905,20070624,25.4,11.9,18.7,2.4,15.18,5.3,4.23,20590
906,20070625,19.4,14.7,17,5.7,14.13,4.2,3.66,15471
907,20070626,17,11.1,14,4.4,12.93,2.8,2.47,10968
908,20070627,17.1,10.3,13.7,3.3,11.63,.3,2.71,12304
909,20070628,18.2,10.4,14.3,3.1,11.88,0,2.59,10281
910,20070629,19.7,9.4,14.5,3.7,12.58,0,2.96,12958
911,20070630,23.5,11.9,17.7,2.1,14.73,0,3.53,16985
912,20070701,22.8,13,17.9,2.4,16.63,6.4,2.68,11392
913,20070702,21.2,13.2,17.2,3.9,14.18,.6,3.34,13249
914,20070703,17,11.6,14.3,4.7,14.48,9.1,2.12,11091
915,20070704,18.9,11.5,15.2,3.8,12.98,4.3,3.45,18109
916,20070705,18.2,11,14.6,4.4,12.83,.4,2.6,10191
917,20070706,23.1,13.4,18.3,5,14.08,.3,4.69,20659
918,20070707,25.1,11.4,18.2,1.7,14.13,0,3.64,17380
919,20070708,23.3,13.4,18.4,2.1,16.33,6.3,2.76,12271
920,20070709,18.1,11.6,14.8,2.6,13.63,5,2.68,14055
921,20070710,14.9,9.9,12.4,2.9,12.88,2.9,1.82,9959
922,20070711,20.3,11.4,15.8,2.9,13.08,.1,3.49,17743
923,20070712,22,10.8,16.4,2.4,13.78,0,3.48,17776
924,20070713,28.1,12.5,20.3,2.4,15.73,0,5.57,28599
925,20070714,30.8,15.5,23.1,2.7,16.28,0,5.99,26089
926,20070715,32.3,15,23.7,3.8,13.08,0,7.21,26328
927,20070716,30.9,17.6,24.2,3.6,13.13,1.4,06.08,18052
928,20070717,26.5,15,20.7,1.8,15.63,.9,4.69,23570
929,20070718,26.1,15.9,21,1.7,16.33,3.1,3.99,18564
930,20070719,25,15.6,20.3,2.3,19.08,14.6,3.44,16801
931,20070720,22.9,16.9,19.9,2.6,16.98,7,3.58,16230
932,20070721,22.3,11.1,16.7,1.9,14.18,.1,3.4,18100
933,20070722,22.6,10.4,16.5,2.2,13.28,.2,3.92,21562
934,20070723,21.6,14,17.8,3.3,15.23,5.8,03.02,12280
935,20070724,22.5,13.4,18,3.5,15.28,.7,3.14,12700
936,20070725,24.3,12.7,18.5,2.1,15.18,.1,4.28,23246
937,20070726,26.9,12.2,19.6,3.5,15.53,0,5.17,24960
938,20070727,25.6,16,20.8,3.8,15.38,0,05.02,21369
939,20070728,25.1,15.8,20.5,3.8,16.73,.1,3.92,14893
940,20070729,23.8,15.7,19.7,3.7,17.18,14,3.12,10914
941,20070730,20.9,11.3,16.1,2.4,12.08,0,04.07,23070
942,20070731,21.1,9.1,15.1,2.8,10.83,0,4.47,26718
943,20070801,28.1,9.2,18.7,2.2,13.83,1.6,4.98,25864
944,20070802,23.3,16.1,19.7,3.9,15.28,.1,04.05,16379
945,20070803,23.3,12.6,17.9,1.7,13.83,0,3.71,20138
946,20070804,27.3,12.1,19.7,2.2,14.73,0,4.93,26795
947,20070805,31,13.5,22.3,2,17.28,0,5.4,26647
948,20070806,23.9,16.6,20.3,2.3,19.33,9.3,2.74,11894
949,20070807,21.5,14.1,17.8,2.3,15.38,.3,2.77,12663
950,20070808,19.5,11.7,15.6,1.8,14.73,2,2.22,11261
951,20070809,14,11.7,12.8,3.1,13.53,18.1,1.59,8520
952,20070810,15.8,11.8,13.8,2,15.73,2,1.39,8470
953,20070811,22.7,15,18.8,2.2,18.03,0,2.82,13900
954,20070812,23.5,13.5,18.5,1.7,18.28,7.1,2.98,16128
955,20070813,23.4,13.3,18.4,1.5,16.88,.5,2.64,13190
956,20070814,24.5,12.3,18.4,2.8,16.78,.2,3.34,16348
957,20070815,29.1,16.5,22.8,4,19.33,9.8,4.28,14772
958,20070816,21.6,13.8,17.7,3.9,14.48,1.4,3.61,17129
959,20070817,20.6,12.1,16.3,2.2,12.58,.1,3.23,16620
960,20070818,22.8,9.4,16.1,1.7,12.18,.4,3.51,20217
961,20070819,20.8,11,15.9,3.1,14.88,5.2,2.53,12294
962,20070820,17.8,11.8,14.8,2.4,13.43,2.1,2.14,10291
963,20070821,17.5,10.3,13.9,2.2,13.83,3.7,1.84,9857
964,20070822,16.5,11.2,13.8,3.8,15.38,21.4,1.38,7942
965,20070823,20,13.6,16.8,3,16.18,4.5,2.28,10716
966,20070824,23.8,12.9,18.3,1.4,16.78,0,2.93,16336
967,20070825,27.6,13.6,20.6,1.5,17.53,0,4,22021
968,20070826,27.1,15.6,21.3,2,18.73,0,3.13,13580
969,20070827,26.3,17.3,21.8,2.7,17.63,0,04.03,17808
970,20070828,20.5,12.7,16.6,2.9,15.48,7.1,2.51,12644
971,20070829,17.9,12.5,15.2,3.5,14.38,.9,1.91,8239
972,20070830,20.9,9.5,15.2,3.9,11.33,0,3.91,21851
973,20070831,20.3,11.2,15.8,2.8,13.88,0,2.43,11095
974,20070901,19.2,12.3,15.8,1.1,14.93,0,1.71,8400
975,20070902,22.9,10.7,16.8,1.3,14.58,0,2.69,15871
976,20070903,17.9,12.1,15,2.6,13.58,.6,1.88,7619
977,20070904,17.4,8,12.7,3.6,10.28,0,2.85,15612
978,20070905,17.4,6,11.7,2.6,9.33,0,2.97,20041
979,20070906,18.3,10.6,14.5,1.9,13.38,0,1.76,8804
980,20070907,18.2,12.2,15.2,4.2,13.98,0,2.13,9779
981,20070908,22,10.1,16.1,3.4,13.23,0,3.48,20517
982,20070909,20.2,10.1,15.2,2.8,12.98,0,2.46,12097
983,20070910,21,8.1,14.6,2.2,12.13,0,2.8,16739
984,20070911,17.9,9.1,13.5,3,11.53,0,2.3,11481
985,20070912,20.4,8.4,14.4,3.5,11.63,0,3.12,17959
986,20070913,23.4,8.1,15.8,1.8,12.98,0,03.05,19883
987,20070914,24.4,10,17.2,1.7,13.23,0,2.97,17241
988,20070915,23.1,11.3,17.2,1.8,13.28,0,2.91,17338
989,20070916,25.7,9.9,17.8,2,13.78,.6,3.31,19236
990,20070917,20.2,11.2,15.7,2.4,15.43,11.3,1.64,7054
991,20070918,16.6,10.7,13.6,2.9,10.93,.4,2.34,12610
992,20070919,16.8,5,10.9,1.8,9.23,0,2.23,16112
993,20070920,19.3,4.5,11.9,2,9.58,0,2.52,17216
994,20070921,22.7,5.6,14.1,1.6,11.88,.1,2.52,16492
995,20070922,20.8,8.1,14.4,1.7,14.43,2.4,1.75,10130
996,20070923,21.2,13.3,17.2,1.9,15.73,.1,1.97,10348
997,20070924,20.2,12.1,16.2,3,14.33,.8,02.07,8426
998,20070925,16.6,7.6,12.1,2.1,10.73,1.6,1.89,12371
999,20070926,13.5,7.4,10.4,2,11.03,7.2,1.14,6096
1000,20070927,10.5,7.5,9,3.3,11.13,21.4,.71,3415
1001,20070928,11.7,9.1,10.4,3.2,12.33,6.6,.84,5450
1002,20070929,16.6,5.7,11.2,2.6,11.13,.1,1.78,13472
1003,20070930,20.5,7.1,13.8,1.2,13.43,0,1.59,11047
1004,20071001,22.6,11,16.8,1.6,16.58,4.1,1.71,9878
1005,20071002,20.4,14.6,17.5,1.2,17.88,3.8,1.28,6176
1006,20071003,22.1,12.2,17.1,1.4,17.03,.1,1.54,8695
1007,20071004,20,12.9,16.5,1.2,16.98,.1,1.28,7449
1008,20071005,19.2,12.1,15.7,2.3,16.53,0,1.31,7555
1009,20071006,20.8,12.6,16.7,2.5,14.98,0,1.96,10884
1010,20071007,19.5,7.7,13.6,1.1,12.13,.1,1.6,12586
1011,20071008,19,5.8,12.4,1.1,11.98,.1,1.38,9766
1012,20071009,15.7,8.4,12,2.4,12.13,11.2,1.33,8011
1013,20071010,13.8,10,11.9,2.8,12.73,.7,1,5548
1014,20071011,16.6,7.7,12.1,2.6,11.38,.1,1.63,12398
1015,20071012,14.5,6.7,10.6,1.7,11.23,0,1.11,7391
1016,20071013,16.6,9,12.8,1.8,11.61,.1,1.46,11067
1017,20071014,19.6,4.5,12,1.1,11.15,.2,1.46,13414
1018,20071015,20,5.9,13,1.8,12.18,.1,1.56,11782
1019,20071016,19.9,7.1,13.5,2,11.68,0,1.67,11482
1020,20071017,17.7,8.3,13,2.9,12.73,1,1.38,6161
1021,20071018,13.3,5.5,9.4,3.1,09.03,.1,1.43,10554
1022,20071019,10.7,3.1,6.9,3.5,7.43,0,1.34,9978
1023,20071020,10.2,1,5.6,3.6,6.43,0,1.44,11555
1024,20071021,10.4,-.4,5,2.8,6.23,0,1.28,10916
1025,20071022,9.5,3.7,6.6,3.4,6.83,0,1.26,9478
1026,20071023,9.3,.3,4.8,3.7,6.73,0,1.16,10969
1027,20071024,7.2,2.1,4.7,3.4,7.23,0,.84,4329
1028,20071025,10,2.2,6.1,3,8.13,0,.94,5897
1029,20071026,9.2,4.6,6.9,2.3,8.83,0,.74,4693
1030,20071027,9.7,6.3,8,.6,8.48,0,.65,3991
1031,20071028,10.3,1.2,5.8,1.3,08.03,.1,.7,6149
1032,20071029,11.9,3,7.5,2.3,9.68,3.7,.72,4624
1033,20071030,12,6.4,9.2,3.5,9.18,.1,1.21,6135
1034,20071031,11.2,3.7,7.4,3.9,8.33,0,1.16,8739
1035,20071101,14.5,3,8.8,3.6,08.03,0,1.57,10477
1036,20071102,11.9,4.8,8.4,3.4,9.93,0,.86,6796
1037,20071103,13.1,7.5,10.3,2.4,12.08,.1,.64,3349
1038,20071104,13.1,9.7,11.4,4,9.98,0,1.45,5544
1039,20071105,11.5,2.8,7.1,2.7,7.38,.2,01.03,9396
1040,20071106,10.8,3.2,7,2.1,7.63,0,.88,6154
1041,20071107,9.9,.2,5.1,2.7,7.78,.3,.72,4777
1042,20071108,12.2,6.9,9.6,3.1,9.98,2.8,.94,3683
1043,20071109,6.9,5.6,6.2,3.6,6.78,.5,1.13,4919
1044,20071110,7.9,-1,3.5,3.9,8.33,2.3,.3,2991
1045,20071111,9.8,7.6,8.7,4.3,9.98,3.2,.8,3190
1046,20071112,8.5,2.1,5.3,1.9,7.18,0,.58,6612
1047,20071113,6.9,-2.1,2.4,3.3,6.78,5.1,.53,3880
1048,20071114,6.4,3.4,4.9,3.9,6.78,.5,.87,3892
1049,20071115,2.9,-1.7,.6,4.5,05.03,0,.74,5312
1050,20071116,2.7,-3.8,-.5,3.6,4.63,0,.6,7472
1051,20071117,3.7,-4.6,-.4,2.7,5.13,0,.46,6445
1052,20071118,2.3,-1.2,.5,2.6,5.48,1.2,.48,3511
1053,20071119,6.1,-2.5,1.8,2.3,7.18,3.9,.3,3052
1054,20071120,13.5,4.7,9.1,3.5,8.88,3.4,1.19,2674
1055,20071121,11.8,8.2,10,2.6,10.83,5.7,.72,3327
1056,20071122,12.5,7.1,9.8,1.5,11.38,.9,.44,3996
1057,20071123,8.4,6.5,7.4,2.9,9.73,3,.48,2515
1058,20071124,6.3,2,4.1,3.9,6.73,0,.68,4640
1059,20071125,4.4,-1.5,1.5,2.1,6.98,.4,.25,2457
1060,20071126,7.7,1,4.3,1.4,07.03,.1,.4,4090
1061,20071127,6.2,-2.4,1.9,2.4,6.28,0,.26,7148
1062,20071128,3.2,-.7,1.2,2,5.93,0,.42,3966
1063,20071129,3.1,-1.3,.9,3.2,6.68,.6,.22,2353
1064,20071130,9.4,2.9,6.2,3,8.68,.3,.5,3296
1065,20071201,7.7,3.8,5.8,5,9.13,4.7,.37,2307
1066,20071202,10.4,4.7,7.5,8.5,9.83,14.2,.69,2286
1067,20071203,9.8,7,8.4,5.5,8.78,4.4,01.06,4025
1068,20071204,8.8,5.4,7.1,3.4,9.38,.1,.52,2276
1069,20071205,12.3,6.4,9.4,4.7,10.28,1.5,.69,5407
1070,20071206,10.6,6.4,8.5,5.6,11.08,6.3,.36,2442
1071,20071207,11.7,9.4,10.6,6.5,10.43,7.1,1.24,2659
1072,20071208,6,3.8,4.9,5.8,8.38,7.5,.42,2210
1073,20071209,9.2,4.7,7,6.9,09.03,7.8,.69,3626
1074,20071210,7.3,5.7,6.5,5.5,8.63,5.1,.71,2155
1075,20071211,6.5,4.5,5.5,4.3,7.23,.6,.82,3152
1076,20071212,4.6,-.4,2.1,3.4,6.53,0,.42,2805
1077,20071213,6,.6,3.3,4,6.58,0,.54,4412
1078,20071214,2,-.6,.7,4.5,5.33,0,.42,6065
1079,20071215,1,-3.7,-1.3,4.2,4.13,0,.52,6268
1080,20071216,.3,-5.7,-2.7,4,4.18,0,.36,5868
1081,20071217,-.3,-4.4,-2.4,3.9,4.18,0,.47,3769
1082,20071218,-1.6,-6.4,-4,2.6,3.83,0,.24,4973
1083,20071219,.3,-5.8,-2.8,.7,3.84,0,.14,4651
1084,20071220,-1.3,-8.1,-4.7,.6,3.93,0,.11,4008
1085,20071221,1,-5.7,-2.3,1.2,4.18,0,.34,3900
1086,20071222,.3,-4.8,-2.2,1,4.33,0,.31,3010
1087,20071223,4.4,-5.2,-.4,1.1,4.88,0,.07,5984
1088,20071224,2.2,-7.3,-2.6,1.1,4.43,0,.12,5293
1089,20071225,-.4,-5.5,-2.9,2.2,4.48,.7,.41,2371
1090,20071226,1.5,-2.9,-.7,1.5,6.13,.3,.19,2105
1091,20071227,3,.3,1.6,1.6,6.93,0,.25,2112
1092,20071228,2.6,1.2,1.9,2.4,6.68,0,.32,2119
1093,20071229,4.2,-1.4,1.4,4.3,07.03,1.8,.16,2661
1094,20071230,5.3,1.7,3.5,2.2,7.68,.1,.3,2137
1095,20071231,4.5,2,3.3,1.4,7.28,0,.31,2148
1096,20080101,2.3,0,1.1,2.7,06.03,0,.36,3520
1097,20080102,2,-4.7,-1.3,1.6,4.98,.3,.16,5016
1098,20080103,4.4,-3.3,.6,2.4,6.28,4.4,.31,2409
1099,20080104,7.8,2,4.9,3.2,7.28,1.2,.68,3251
1100,20080105,8.1,2.6,5.4,5.4,9.43,8.5,.34,2275
1101,20080106,9.4,6.6,8,3.4,9.98,9.2,.47,3177
1102,20080107,10.9,6.6,8.7,4.8,9.18,.1,.9,4840
1103,20080108,6.7,-.8,3,2.1,6.93,.1,.37,3351
1104,20080109,7.9,1,4.4,3.5,8.43,1.5,.35,2323
1105,20080110,9,3.7,6.3,4.2,09.03,0,.52,2850
1106,20080111,13.1,5.1,9.1,7,9.38,6.8,1.37,3175
1107,20080112,7.6,3.8,5.7,3.8,6.83,0,.87,4928
1108,20080113,5.7,-2.8,1.4,2.6,5.63,0,.53,6068
1109,20080114,8.7,-.6,4,3.8,7.58,0,.63,3458
1110,20080115,8.3,4.2,6.3,7.3,8.28,6.1,.91,2810
1111,20080116,9.3,6.5,7.9,5.2,8.68,1,01.04,3209
1112,20080117,8.8,4.2,6.5,5.5,09.08,2.8,.57,3216
1113,20080118,11.4,6.7,9.1,4.6,10.68,.4,.67,2967
1114,20080119,13.3,9.5,11.4,4.7,10.78,0,1.22,3304
1115,20080120,11.9,9.2,10.6,2.6,9.13,0,1.12,2751
1116,20080121,10.4,5.6,8,3.8,09.08,3.4,.87,3227
1117,20080122,8.2,7.2,7.7,4.8,7.63,.2,1.28,4044
1118,20080123,8.4,-2.2,3.1,2.4,5.68,0,.69,7571
1119,20080124,8.3,-2.4,3,1.4,6.58,.3,.44,6043
1120,20080125,5,2.6,3.8,2,6.93,0,.53,5606
1121,20080126,5.3,-4.9,.2,1,05.08,0,.32,7748
1122,20080127,4.2,-5.2,-.5,1.4,5.18,0,.51,5243
1123,20080128,6.8,-4.1,1.4,1.7,5.53,0,.5,7478
1124,20080129,.8,-2.6,-.9,1.4,5.88,0,.26,2928
1125,20080130,1.8,-.3,.7,1.8,6.23,1.6,.35,2970
1126,20080131,4.6,-1.1,1.8,4.2,6.33,3.8,.55,4558
1127,20080201,7.9,2.3,5.1,7,7.58,13.4,.97,3057
1128,20080202,6.9,.6,3.7,2.1,5.93,0,.71,8371
1129,20080203,8,-4.1,1.9,4,5.68,3,.96,8400
1130,20080204,7.1,3.6,5.3,5.4,7.63,2.2,.9,3701
1131,20080205,9.2,.1,4.7,6.2,7.88,5.6,.82,3314
1132,20080206,13.2,7.5,10.3,4.5,8.78,.1,1.67,5946
1133,20080207,10.4,-.4,5,2.7,6.93,0,.87,10178
1134,20080208,12.7,.5,6.6,2.8,5.18,0,1.5,10483
1135,20080209,13,-.3,6.4,2,05.08,0,1.27,10564
1136,20080210,11.6,.1,5.9,2.6,5.53,0,1.32,10762
1137,20080211,11.4,-.5,5.5,2.7,5.43,0,1.37,10729
1138,20080212,10.2,-1.2,4.5,2.5,5.48,0,1.2,10695
1139,20080213,9.9,-2.6,3.6,1.5,5.98,0,.84,10698
1140,20080214,9.1,-2.9,3.1,2.1,5.73,0,.95,10743
1141,20080215,1.5,-2.3,-.4,4.2,5.38,0,.56,3760
1142,20080216,6.3,-3.9,1.2,3.8,3.88,0,1.42,11721
1143,20080217,9.1,-4.7,2.2,1.8,4.28,0,1.1,11318
1144,20080218,11,-3.1,4,2.2,5.18,0,1.31,11569
1145,20080219,12.1,-3,4.6,2.2,5.93,.5,1.29,10187
1146,20080220,7.5,2.8,5.1,2.4,8.78,3.7,.53,4046
1147,20080221,10.6,6.2,8.4,2.4,9.48,.1,.91,4750
1148,20080222,13.1,3.6,8.4,1.4,9.48,0,.86,4459
1149,20080223,14.9,4.5,9.7,1.4,9.28,0,1.21,10487
1150,20080224,17.5,.2,8.9,3.1,8.53,0,1.85,12576
1151,20080225,14.4,5.7,10,2.5,9.13,.2,1.43,7716
1152,20080226,12.2,2,7.1,4.7,9.83,3.1,.89,6066
1153,20080227,11.5,4.6,8,2.5,08.03,0,1.31,6954
1154,20080228,11.5,1.9,6.7,2.7,9.38,.3,.81,4944
1155,20080229,13.8,9.6,11.7,5.2,11.53,2.5,1.44,4734
1156,20080301,14.4,9.5,12,6.6,9.83,.5,2.37,7984
1157,20080302,12.2,7,9.6,5.1,10.13,.7,1.32,5427
1158,20080303,11.2,8.2,9.7,3.8,8.98,5.3,1.62,7277
1159,20080304,6.1,1,3.5,5,6.43,2.7,1.1,6413
1160,20080305,5,-.7,2.1,6.1,4.58,0,1.76,12095
1161,20080306,6.9,-3.3,1.8,3.3,5.23,0,1.34,10217
1162,20080307,7.7,-1.8,3,2.3,6.73,.3,.88,6465
1163,20080308,10.3,3,6.6,2,7.68,.2,1.18,7325
1164,20080309,10.8,2.5,6.7,3.8,7.31,.8,1.52,7385
1165,20080310,8.1,2,5,7.8,7.68,8.6,1.13,5545
1166,20080311,10,4.9,7.5,7.1,9.78,5.7,.93,6367
1167,20080312,13.5,8.7,11.1,7.2,9.38,3.4,2.43,9363
1168,20080313,11.6,2.6,7.1,4.5,7.93,0,1.55,6617
1169,20080314,16.7,8.2,12.5,3.6,9.73,0,2.33,10125
1170,20080315,19,2.9,11,4,9.68,2.9,2.48,11366
1171,20080316,11.1,7.2,9.1,5.7,10.03,9.4,1.35,6941
1172,20080317,8.3,6.6,7.4,3.2,8.28,.3,1.26,5712
1173,20080318,6.7,-.3,3.2,4.2,5.28,0,1.69,11579
1174,20080319,7.1,-2,2.6,3.3,5.53,.1,1.43,10732
1175,20080320,6.7,-1.5,2.6,4.2,5.73,6.4,1.38,9114
1176,20080321,8,3.2,5.6,5.8,7.28,12.4,1.5,8665
1177,20080322,5.6,-.1,2.7,2.8,6.23,3.8,01.09,8318
1178,20080323,4.5,-.9,1.8,3.1,4.88,2.2,1.5,12798
1179,20080324,4.6,-2.8,.9,3.7,5.78,4,.95,7332
1180,20080325,6.2,-1.2,2.5,2.9,5.88,0,1.21,8400
1181,20080326,9.9,2.6,6.2,3.3,7.73,5.8,1.41,7541
1182,20080327,10.1,2.3,6.2,4.2,6.78,2,1.9,10237
1183,20080328,11.2,-2.2,4.5,4.4,7.38,0,1.49,10052
1184,20080329,14,3.5,8.8,4.1,7.33,0,2.67,16169
1185,20080330,16.5,4.4,10.5,5.6,7.88,6.7,03.01,10342
1186,20080331,12.2,4.7,8.5,2.9,8.68,.4,1.79,11435
1187,20080401,15,.8,7.9,2.6,8.73,0,2.13,16467
1188,20080402,13.1,6.6,9.8,3.2,9.53,3.3,1.73,8449
1189,20080403,12.8,6.4,9.6,3.6,8.53,0,2.18,12177
1190,20080404,12.9,2,7.4,2.8,7.18,0,2.46,18380
1191,20080405,13.1,1.2,7.1,2.9,7.78,.6,1.85,10497
1192,20080406,7.9,.8,4.4,3,6.43,2.6,1.49,8983
1193,20080407,7.5,-2.2,2.7,3.6,4.73,0,1.94,12891
1194,20080408,8.8,-1.4,3.7,2.3,5.98,5.7,1.4,8057
1195,20080409,8.5,4.7,6.6,1.9,9.28,9.4,01.06,7230
1196,20080410,8.8,4.6,6.7,2.1,9.33,10.4,01.04,7293
1197,20080411,11,6.4,8.7,3,8.53,.4,1.78,9511
1198,20080412,13.6,2.6,8.1,3.3,8.28,.3,2.16,13634
1199,20080413,12.9,5,9,4.4,9.23,10.7,1.87,9000
1200,20080414,10.6,5.4,8,4,08.08,4.9,1.95,10077
1201,20080415,10.6,2.8,6.7,1.9,7.13,.7,1.99,14319
1202,20080416,11.8,-1.1,5.4,2.4,5.68,0,2.7,22376
1203,20080417,11.6,0,5.8,3.7,7.28,3,1.99,13929
1204,20080418,15.1,5.7,10.4,2.9,10.13,12.8,2.27,14263
1205,20080419,16.3,7.8,12.1,4,9.68,.1,2.99,16023
1206,20080420,15.5,6.2,10.9,2.1,10.03,9,1.86,8642
1207,20080421,13.9,9.1,11.5,2.1,10.58,.2,1.77,8079
1208,20080422,14.9,7.8,11.4,1.9,10.98,.1,1.78,9385
1209,20080423,16,7.7,11.8,2,11.88,.3,1.7,8823
1210,20080424,18.5,6.9,12.7,2.5,10.23,.1,2.78,14544
1211,20080425,17.6,8.1,12.9,2.3,9.73,0,3.18,18655
1212,20080426,20.5,6,13.2,2.5,9.13,0,3.98,24264
1213,20080427,23.5,7.7,15.6,2.9,11.48,3.9,4.14,21885
1214,20080428,11.8,10.3,11,3.7,11.43,12.1,1.71,9483
1215,20080429,14.5,4.4,9.5,4,9.68,1.4,2.25,13574
1216,20080430,12.7,5.5,9.1,4.5,9.33,2.7,2.14,12410
1217,20080501,14.7,4.3,9.5,3.6,09.08,1.1,2.63,16781
1218,20080502,18.6,4.1,11.4,1.4,9.93,0,2.88,18707
1219,20080503,24.1,8.9,16.5,2,10.98,0,4.23,22975
1220,20080504,23.8,9.9,16.9,2.3,11.78,0,4.15,21565
1221,20080505,22,9.7,15.9,3.4,9.63,0,4.94,25596
1222,20080506,22.6,8.1,15.4,2.1,10.73,0,4.41,26389
1223,20080507,24.2,9,16.6,1.4,11.08,0,4.35,25692
1224,20080508,25.4,8.5,17,1.6,11.78,0,4.45,25446
1225,20080509,23.4,10.3,16.8,1.7,11.68,0,3.5,17239
1226,20080510,25.3,11.2,18.3,2.5,11.43,0,05.01,25460
1227,20080511,23.9,12.1,18,2.4,10.53,0,5.15,27102
1228,20080512,23.7,9.3,16.5,1.5,12.08,.4,4.13,23901
1229,20080513,24.5,8.9,16.7,2,12.63,1.1,4.14,22384
1230,20080514,24.8,9.9,17.4,1.5,13.68,3.8,3.79,20331
1231,20080515,18.1,10.5,14.3,2,14.08,.6,2.2,11890
1232,20080516,21.7,8.7,15.2,2,13.78,2.4,3.25,18464
1233,20080517,20.1,11.8,15.9,2.4,13.08,.9,3.22,16331
1234,20080518,18.2,9.5,13.9,1.9,12.28,5.2,2.68,14853
1235,20080519,17.8,8.5,13.1,3.4,11.73,0,2.64,13115
1236,20080520,19.3,7.2,13.2,3.9,10.33,0,3.79,19772
1237,20080521,18,6.7,12.4,2.6,9.88,0,3.24,18498
1238,20080522,19.6,11.1,15.4,1.2,10.78,0,2.74,13620
1239,20080523,21.7,6.5,14.1,1.1,10.98,1.2,3.61,22709
1240,20080524,21.6,11.6,16.6,2.1,14.28,7,2.6,10831
1241,20080525,20.1,10.2,15.2,1.5,15.23,6.6,2.22,11862
1242,20080526,21,13.1,17.1,1.7,16.78,20.6,2.21,10558
1243,20080527,21.5,14.1,17.8,2.5,18.43,6.2,2.54,13062
1244,20080528,22.5,14,18.2,3.3,15.78,3.6,3.88,19497
1245,20080529,21.2,14.5,17.8,1.6,17.43,5.7,2.49,12376
1246,20080530,23.6,14.7,19.2,1.3,17.63,2,2.74,13000
1247,20080531,19.6,14.8,17.2,.9,15.93,.8,2.58,13634
1248,20080601,20.8,12.2,16.5,1.8,15.73,.2,2.31,11042
1249,20080602,19.8,14.2,17,1.9,16.73,2.3,2.23,10797
1250,20080603,19.7,11.1,15.4,2.8,14.13,1.7,2.9,14785
1251,20080604,16.3,9.3,12.8,2.2,12.88,0,2.35,13598
1252,20080605,17.4,12.3,14.9,3.4,13.13,4.7,2.38,10118
1253,20080606,13.4,10.8,12.1,3.4,12.28,5.3,1.84,9733
1254,20080607,13.8,9.7,11.8,1.7,13.03,3.4,1.64,9749
1255,20080608,19.4,11.9,15.6,3,14.98,.6,2.48,11847
1256,20080609,25.6,10.7,18.1,2.7,15.28,.1,4.54,23481
1257,20080610,26.5,13,19.8,1.5,16.53,2.1,4.37,22684
1258,20080611,22.4,13.8,18.1,2.8,14.88,1.6,3.72,18065
1259,20080612,20.1,9.3,14.7,2.7,11.63,3.2,3.63,18953
1260,20080613,17.5,6.6,12.1,2.2,9.58,0,03.03,16665
1261,20080614,18,5.6,11.8,1.8,10.13,3.3,03.03,18162
1262,20080615,15,9.8,12.4,1.7,12.13,2.6,1.94,10165
1263,20080616,18.1,10.1,14.1,1.3,12.88,1.3,2.27,11849
1264,20080617,20.8,12,16.4,1.7,13.83,.5,2.74,13127
1265,20080618,23.1,8.8,16,1.9,12.88,0,4.56,27046
1266,20080619,23.8,11.3,17.5,3.7,13.78,0,4.53,21742
1267,20080620,25.2,13.4,19.3,2.3,15.58,.1,04.06,18991
1268,20080621,28.4,13.9,21.2,1.6,17.38,0,5.28,27586
1269,20080622,26.9,16.1,21.5,2.1,20.73,5.4,3.2,13744
1270,20080623,25.4,16.5,20.9,2.3,19.18,1.2,3.82,17636
1271,20080624,29.2,16.1,22.7,1.6,21.13,0,3.7,16143
1272,20080625,26.1,17.5,21.8,2.9,18.73,.4,4.53,20380
1273,20080626,26,13.3,19.6,1.7,15.98,0,4.46,22910
1274,20080627,24.1,13.7,18.9,2.4,14.38,0,4.89,25589
1275,20080628,27.2,12.8,20,1.8,15.68,0,5.12,26916
1276,20080629,27.4,15.6,21.5,1.8,17.78,0,4.43,21067
1277,20080630,26.7,16.9,21.8,2,16.53,0,4.86,23191
1278,20080701,30.7,14.5,22.6,1.5,16.18,.2,5.87,29606
1279,20080702,29.2,18.1,23.6,3,19.03,31.4,4.72,17469
1280,20080703,19.9,15.4,17.7,1.9,16.18,7.3,2.62,12349
1281,20080704,23.2,10.3,16.8,1.1,12.58,0,4.21,24712
1282,20080705,25.4,14.2,19.8,1.9,15.43,.5,3.94,18078
1283,20080706,19,13.8,16.4,2.9,14.23,5.7,2.87,12892
1284,20080707,20.6,11.4,16,5.5,12.68,.9,4.2,19630
1285,20080708,20.8,12.9,16.8,5.1,13.23,.3,3.9,15996
1286,20080709,24.5,11.1,17.8,2.5,13.73,0,4.77,25443
1287,20080710,28.4,12.8,20.6,2.3,15.73,.3,5.3,25945
1288,20080711,20.4,15.5,18,2.9,16.93,8.6,2.61,11582
1289,20080712,21.9,13.3,17.6,2.5,13.38,.5,3.72,17279
1290,20080713,19.1,12.8,15.9,2.3,12.83,2.8,3,14122
1291,20080714,22.4,9.4,15.9,2.6,11.03,0,4.54,24322
1292,20080715,26.5,10,18.3,1.7,12.33,0,5.23,29001
1293,20080716,26.6,12.9,19.7,2,15.38,.3,4.39,21395
1294,20080717,23.3,15.1,19.2,1.9,13.43,0,3.41,14112
1295,20080718,24.2,11.6,17.9,2.5,12.83,0,04.06,18590
1296,20080719,25.6,14.3,20,3.1,15.53,0,04.08,16227
1297,20080720,23.2,14.2,18.7,3.1,12.38,0,4.39,18301
1298,20080721,20.7,9.6,15.2,2.5,9.53,0,04.05,20099
1299,20080722,23.1,9.7,16.4,2.3,10.03,0,4.77,25857
1300,20080723,25.7,10.5,18.1,2.9,11.48,0,5.39,28237
1301,20080724,28.3,12.1,20.2,2.6,12.23,0,5.69,27978
1302,20080725,27.9,14.2,21.1,2,15.48,2.1,4.16,17740
1303,20080726,26.3,17.4,21.9,2.4,18.38,1.6,3.95,16836
1304,20080727,29.2,16,22.6,1.6,18.98,.3,4.41,21233
1305,20080728,30.8,15.6,23.2,1.9,18.73,1.2,5.26,25557
1306,20080729,25.8,17,21.4,2,17.93,0,3.7,17062
1307,20080730,30.1,16.8,23.5,1.2,19.48,.5,3.72,17016
1308,20080731,30.4,17.3,23.9,1.5,20.18,4,4.27,19490
1309,20080801,21.3,17.6,19.4,2.6,17.68,.4,2.67,11179
1310,20080802,22.6,13.7,18.1,3.2,16.83,.2,2.86,13079
1311,20080803,25.5,17.1,21.3,3.5,18.53,1.3,3.58,13546
1312,20080804,22.4,17.5,20,3.5,18.58,2.7,2.68,10001
1313,20080805,26.5,15.1,20.8,1.2,16.53,0,3.62,18123
1314,20080806,30.9,15,23,1.6,17.18,0,4.98,24420
1315,20080807,25.5,15.9,20.7,3.3,17.73,5.8,3.51,13443
1316,20080808,21.8,15.2,18.5,3.6,15.68,1.7,03.09,11527
1317,20080809,24.5,11.7,18.1,1.7,14.03,0,3.93,21672
1318,20080810,25.7,11.9,18.8,2.3,14.93,0,3.92,19060
1319,20080811,19.2,15.4,17.3,1.6,17.18,7.2,1.84,8750
1320,20080812,20.4,16,18.2,3.8,17.93,5.6,2.32,10398
1321,20080813,21.5,12.8,17.2,5.1,13.33,.2,4,17357
1322,20080814,21.3,10,15.6,1.9,12.38,0,2.99,15511
1323,20080815,21,10.6,15.8,2.4,12.68,1.3,3.19,16824
1324,20080816,23.2,9.2,16.2,1.9,11.83,0,3.62,20051
1325,20080817,22.2,13,17.6,2.9,14.73,.6,2.94,12474
1326,20080818,27.6,12,19.8,3.3,16.18,1.3,4.59,21801
1327,20080819,20.4,15.6,18,3,16.63,2.3,2.31,9416
1328,20080820,20.4,13.3,16.9,2.8,14.08,.2,2.5,9608
1329,20080821,23.9,11.1,17.5,1.9,14.73,0,3.35,18344
1330,20080822,18.5,13.2,15.9,2.7,15.58,11.9,1.96,9788
1331,20080823,19.3,12.6,16,2.2,13.33,.1,2.66,13386
1332,20080824,21.2,8,14.6,1.8,13.13,.7,2.61,14721
1333,20080825,22.8,12.6,17.7,2,14.93,.2,2.68,12613
1334,20080826,23.8,13,18.4,1.8,14.93,0,3.26,17203
1335,20080827,25.4,13.6,19.5,2.3,15.93,0,3.68,18666
1336,20080828,24,12.1,18,2.1,14.88,0,3.44,19106
1337,20080829,23.5,11.8,17.6,2.2,15.13,.1,3.38,19235
1338,20080830,29.9,12.4,21.2,1.8,16.73,0,4.21,22028
1339,20080831,26.5,14.7,20.6,2.3,18.13,2.2,3.16,14506
1340,20080901,21.2,15.2,18.2,2.2,15.18,0,2.47,10566
1341,20080902,23.7,9.7,16.7,2.8,15.28,1.7,2.84,13968
1342,20080903,16.2,13.7,15,1.9,15.28,16.1,1.51,7378
1343,20080904,17.6,11.9,14.7,2,14.83,1,1.66,8874
1344,20080905,23,13.6,18.3,3.4,16.93,3.5,2.23,7421
1345,20080906,17.9,15.7,16.8,3.8,15.33,.2,2.14,8439
1346,20080907,18.7,11.5,15.1,3.9,13.68,.4,2.32,10790
1347,20080908,21.4,10.9,16.2,1.6,13.13,0,2.81,17084
1348,20080909,26.5,9.6,18.1,2,14.48,.1,03.06,14397
1349,20080910,25.3,14.3,19.8,1.4,18.28,.2,2.21,10300
1350,20080911,27.5,14,20.8,2.3,17.88,10.6,3.2,14696
1351,20080912,17.8,12.5,15.1,2.3,13.68,.5,1.98,10385
1352,20080913,15.6,10.1,12.8,2.9,12.83,4.4,1.53,7647
1353,20080914,17.1,9.2,13.1,3.5,11.03,.1,2.81,19213
1354,20080915,15.4,5.1,10.3,3.1,8.98,0,2.38,16010
1355,20080916,15.5,4.7,10.1,3.1,9.18,0,2.25,15020
1356,20080917,16.8,4.6,10.7,2.4,9.18,0,2.38,16838
1357,20080918,16.9,5.5,11.2,1.4,10.83,.2,1.59,9968
1358,20080919,18.2,8,13.1,2.4,11.43,0,2.18,13625
1359,20080920,17.7,7.4,12.5,3.6,9.68,0,2.87,17817
1360,20080921,15.6,4.6,10.1,3.6,8.63,0,2.41,14757
1361,20080922,16.9,5.7,11.3,3.1,9.83,0,2.38,16113
1362,20080923,15.9,5.4,10.7,2.7,9.63,0,02.09,14161
1363,20080924,17.8,5.8,11.8,2.7,10.13,0,2.27,14921
1364,20080925,17.4,8.4,12.9,3.7,10.63,0,2.31,11443
1365,20080926,17,7,12,3.6,9.53,.1,2.41,12858
1366,20080927,17.9,5,11.5,2.8,8.98,0,2.46,16546
1367,20080928,18.6,3.6,11.1,1.1,9.23,0,1.96,16399
1368,20080929,19.2,3.1,11.2,1.8,9.53,0,2,13508
1369,20080930,14.5,5.5,10,3.7,10.18,.2,1.46,5949
1370,20081001,16.3,11.2,13.7,5.5,12.13,2.2,02.06,7062
1371,20081002,16.2,9,12.6,4.4,10.23,1.4,2.33,10926
1372,20081003,12,5.4,8.7,3.6,8.73,2.7,1.52,7291
1373,20081004,12.2,4.4,8.3,3,08.03,0,1.66,10989
1374,20081005,14.2,2.7,8.4,5,09.08,.3,1.66,8038
1375,20081006,16.8,11.4,14.1,3.8,13.23,1.1,1.6,5147
1376,20081007,21.5,10.2,15.9,2.2,14.03,2,1.73,7098
1377,20081008,14.3,12.3,13.3,2.4,13.73,6.8,01.01,4736
1378,20081009,15.3,10.1,12.7,2.4,12.53,0,1.15,6098
1379,20081010,16.4,9.6,13,1.1,13.18,0,1,5792
1380,20081011,21.8,9.7,15.8,1.5,13.28,0,1.76,10802
1381,20081012,21.8,8.4,15.1,1.5,12.98,.1,1.59,8808
1382,20081013,23.2,11,17.1,1.9,14.93,0,1.9,11698
1383,20081014,18.5,10.5,14.5,1.1,15.08,0,01.03,6545
1384,20081015,18,13.2,15.6,2.8,14.63,5.9,1.39,5657
1385,20081016,15.4,12,13.7,2.6,13.13,5.6,1.23,5554
1386,20081017,13.7,3.8,8.8,1.9,8.98,.1,1.21,11630
1387,20081018,13.3,2.2,7.8,1.6,08.03,0,1.14,11343
1388,20081019,15.2,1.3,8.3,1.4,8.48,0,1.2,12139
1389,20081020,20.7,3.1,11.9,3.1,12.28,0,1.62,9676
1390,20081021,15.4,12.9,14.1,3,13.48,22.1,1.15,3991
1391,20081022,9.4,6.2,7.8,2.3,9.33,1.6,.73,4056
1392,20081023,11.9,1.1,6.5,1.9,08.03,.1,.92,9266
1393,20081024,12,.2,6.1,1.2,8.33,.1,.74,7393
1394,20081025,16,3.1,9.5,1.6,8.63,.1,1.17,11487
1395,20081026,14.5,1.6,8,2.4,8.98,1.6,01.09,6874
1396,20081027,10.7,8,9.4,3,10.43,10.8,.83,4279
1397,20081028,7.6,5.2,6.4,2.1,8.38,.2,.7,3681
1398,20081029,5.8,1.8,3.8,1.8,7.28,.1,.63,3513
1399,20081030,5.9,.6,3.2,2.6,7.28,6.2,.53,4258
1400,20081031,12.3,2.9,7.6,2.5,9.48,15.7,.75,5599
1401,20081101,10.9,6.4,8.7,2.1,10.33,9.6,.65,3399
1402,20081102,12.9,6.8,9.8,1.9,10.88,.5,.72,4053
1403,20081103,17.5,7.1,12.3,2.1,10.73,.1,1.14,9021
1404,20081104,11.9,5.5,8.7,2.5,10.48,4.3,.58,4914
1405,20081105,14.2,8.4,11.3,1.3,11.28,0,.75,4499
1406,20081106,13.8,5.8,9.8,1.6,10.68,0,.71,5048
1407,20081107,12.2,7.6,9.9,2.3,10.53,1.2,.77,4464
1408,20081108,13.4,4.2,8.8,2.2,9.53,.5,.78,6565
1409,20081109,12.2,6.4,9.3,5.6,11.53,3.3,.57,2991
1410,20081110,15.2,10,12.6,6.4,11.58,.7,1.63,3880
1411,20081111,12.3,10.3,11.3,4.6,9.88,3.1,1.48,4458
1412,20081112,11.1,3,7.1,1.7,8.73,.2,.6,4260
1413,20081113,9.5,3.4,6.4,2.5,7.93,.1,.75,5177
1414,20081114,7.8,-.1,3.9,2.1,7.18,0,.52,5866
1415,20081115,9.5,2.9,6.2,1.5,9.28,.1,.42,3780
1416,20081116,10.6,7.6,9.1,1.1,10.93,1.3,.45,2715
1417,20081117,9.4,7.8,8.6,1.6,8.88,1,.58,5458
1418,20081118,8.6,3,5.8,1.6,9.63,1.2,.29,2644
1419,20081119,10.5,5.9,8.2,1.8,9.33,0,.57,3526
1420,20081120,9.2,5.4,7.3,4,9.48,.1,.62,2609
1421,20081121,10.4,6.8,8.6,5,9.23,6.1,01.06,2546
1422,20081122,4.9,1.7,3.3,3.9,5.58,.8,.95,4126
1423,20081123,3,-2,.5,4.4,5.73,7.7,.49,3465
1424,20081124,4.9,1.1,3,2.2,6.83,1.4,.44,2827
1425,20081125,2.5,-1.9,.3,2.5,5.78,.3,.38,5052
1426,20081126,4.6,.7,2.6,1.3,6.13,0,.34,4698
1427,20081127,.8,-3.8,-1.5,1.8,5.33,0,.27,2583
1428,20081128,.6,-3,-1.2,1.4,5.33,0,.24,2821
1429,20081129,3.3,-2.4,.4,1.3,5.83,7.6,.17,3695
1430,20081130,8.4,-.3,4.1,4.5,6.98,.3,.77,3785
1431,20081201,3.9,.2,2,2.1,6.93,.7,.3,2286
1432,20081202,4.7,0,2.3,3.8,6.33,.9,.51,3427
1433,20081203,5.6,.5,3.1,5.4,07.03,3,.53,2417
1434,20081204,6.5,1.6,4.1,5.4,8.28,11.3,.28,2229
1435,20081205,8.1,4.8,6.5,5.2,8.28,6.4,.81,2382
1436,20081206,6.7,4.4,5.5,3.5,7.98,1.7,.56,2797
1437,20081207,6.1,2.9,4.5,2.3,6.93,0,.51,3283
1438,20081208,1.8,-1.3,.2,2.3,5.83,0,.27,3026
1439,20081209,2.2,-1.3,.4,2,06.08,5.3,.27,2155
1440,20081210,1.5,-.6,.4,3.1,06.08,0,.31,2144
1441,20081211,3.8,-.3,1.8,2.3,5.63,.1,.42,3668
1442,20081212,-1.7,-4,-2.8,2.2,4.83,0,.15,3609
1443,20081213,-.3,-4.5,-2.4,3,5.13,4.2,.17,2824
1444,20081214,4.1,-1.1,1.5,2.5,6.38,1.6,.32,3197
1445,20081215,1.4,-1.2,.1,2.1,06.03,0,.24,2103
1446,20081216,.5,-.1,.2,2.2,06.03,0,.25,2098
1447,20081217,1.2,-.8,.2,1.8,06.03,1.5,.24,2095
1448,20081218,3.8,-.4,1.7,1.6,07.08,1,.17,2397
1449,20081219,8.9,2.6,5.8,2.7,8.13,.3,.52,2661
1450,20081220,7.2,1.2,4.2,3.4,8.53,.6,.23,2090
1451,20081221,9.6,6.6,8.1,1.8,9.33,0,.51,2313
1452,20081222,8.3,5.9,7.1,1.4,8.63,0,.48,2093
1453,20081223,8.8,4.2,6.5,3.3,8.53,0,.48,4054
1454,20081224,2.4,-.2,1.1,2.2,6.63,0,.23,2323
1455,20081225,5.7,1.1,3.4,4.6,6.68,0,.65,3211
1456,20081226,3,-1.3,.8,5.8,4.13,0,01.06,6245
1457,20081227,1,-4.1,-1.6,4,04.08,0,.5,6155
1458,20081228,1.1,-5.4,-2.1,3,3.83,0,.42,6145
1459,20081229,2.8,-6.7,-1.9,1.9,04.08,.8,.3,5893
1460,20081230,2.2,-2.4,-.1,2.1,5.58,3.3,.33,2424
1461,20081231,3.1,-.6,1.2,1.9,6.18,.5,.28,3152
1462,20090101,.2,-.8,-.3,2.3,5.73,0,.27,2160
1463,20090102,0,-.8,-.4,3,5.33,0,.4,2256
1464,20090103,-.7,-4.2,-2.4,3.5,3.98,0,.39,6420
1465,20090104,-1.9,-7.9,-4.9,1.4,3.68,0,.11,5609
1466,20090105,-3.6,-8.9,-6.2,1.5,3.93,.3,.16,2218
1467,20090106,-2.8,-5.3,-4,3.9,3.83,0,.39,3115
1468,20090107,-2.4,-7.6,-5,4.3,3.13,0,.55,5464
1469,20090108,-1,-7.1,-4,3.3,3.53,0,.38,6590
1470,20090109,-.3,-9.4,-4.9,1.6,3.38,0,.24,5733
1471,20090110,.3,-8.9,-4.3,1.3,3.63,0,.14,6687
1472,20090111,4.4,-8.6,-2.1,1.7,3.83,0,.36,6944
1473,20090112,.6,-7.7,-3.6,2.1,04.08,0,.5,3478
1474,20090113,1.5,-3.4,-1,1.6,4.43,.5,.64,2742
1475,20090114,1.4,-3.1,-.9,1.1,06.03,.4,.23,2413
1476,20090115,5.1,-1.4,1.9,2,5.98,0,.38,4971
1477,20090116,4.3,-2,1.2,2.1,5.78,0,.53,4133
1478,20090117,5.2,-.3,2.5,2.9,6.33,.3,.63,3140
1479,20090118,7.1,-.4,3.4,5.2,7.28,10.7,.61,2960
1480,20090119,10.2,2.5,6.3,6,8.43,5.6,.9,3025
1481,20090120,8.9,.3,4.6,3,6.23,0,.79,6509
1482,20090121,5.9,-.4,2.8,1.4,6.18,0,.46,3906
1483,20090122,3.2,-2.7,.3,5,6.58,7.1,.17,2692
1484,20090123,12,2.8,7.4,7.6,08.08,9.5,1.54,3897
1485,20090124,3.1,.4,1.8,3.2,6.58,3,.41,2731
1486,20090125,4.3,-2.8,.8,2.2,5.78,.3,.53,4926
1487,20090126,6,-.2,2.9,1.3,6.78,.2,.41,3632
1488,20090127,3.5,1.5,2.5,2,6.83,.1,.42,2846
1489,20090128,3.5,.1,1.8,2.4,5.58,0,.6,5136
1490,20090129,3.1,-3.7,-.3,2.7,4.93,0,.55,7172
1491,20090130,5.1,-3.7,.7,2.8,05.03,0,.65,8575
1492,20090131,4.6,-2.6,1,3.7,4.68,0,.88,8534
1493,20090201,1.1,-4.6,-1.7,2.9,4.43,4.7,.56,4907
1494,20090202,5.3,-1.3,2,2.9,6.73,3.9,.51,3243
1495,20090203,1,-.5,.2,1.4,5.88,5.4,.38,3147
1496,20090204,4.8,-1.5,1.6,1.4,6.13,1,.53,4092
1497,20090205,12.3,.5,6.4,2.7,7.53,1.2,01.05,6288
1498,20090206,9.3,1.7,5.5,2.3,7.93,1.3,.75,4940
1499,20090207,5.3,2.9,4.1,2.8,07.03,2.9,.69,3339
1500,20090208,3.7,-.7,1.5,3.2,5.28,0,.83,4440
1501,20090209,5.2,-1.8,1.7,5.5,07.03,6.5,.38,3439
1502,20090210,6.8,4.2,5.5,8.4,7.28,3,1.26,3878
1503,20090211,5.1,-.6,2.3,2.5,5.83,1.9,.75,5487
1504,20090212,3.5,.1,1.8,3.3,5.58,.2,.81,5481
1505,20090213,1.9,-1.8,0,1.7,5.48,.9,.49,3889
1506,20090214,2.6,-1,.8,2.9,05.03,0,.81,5150
1507,20090215,3.5,-5.4,-.9,2.1,4.13,0,.78,10707
1508,20090216,1.2,-3.7,-1.2,1.7,5.53,1,.39,3816
1509,20090217,6.8,.5,3.6,3.5,08.03,2.4,.45,3872
1510,20090218,4.4,2.8,3.6,3.1,5.93,0,1,7880
1511,20090219,4.3,-5.7,-.7,2.2,3.78,0,.95,11913
1512,20090220,6.4,-3.6,1.4,.9,5.28,0,.69,5699
1513,20090221,6.5,.2,3.4,1.7,6.48,0,.75,4406
1514,20090222,5.7,2.8,4.3,2.2,7.68,.9,.63,4293
1515,20090223,6.7,4.1,5.4,2,8.13,.4,.73,4487
1516,20090224,6.7,3.6,5.2,3.4,6.83,0,1.13,5653
1517,20090225,8.8,-1.4,3.7,1.8,5.58,0,1.17,12803
1518,20090226,8.7,-2.8,3,1.5,6.28,0,.88,7856
1519,20090227,12.3,1,6.7,1.8,7.23,0,1.3,11464
1520,20090228,14.7,0,7.4,1.6,7.28,0,1.48,13852
1521,20090301,12.1,3.3,7.7,2.4,8.18,.2,1.21,4596
1522,20090302,8.6,5,6.8,1.9,8.33,.5,.91,4659
1523,20090303,10.1,.6,5.3,2.2,6.43,.1,1.32,8824
1524,20090304,7.3,-.3,3.5,4.5,6.83,6.3,.99,4787
1525,20090305,4.9,-.5,2.2,3.4,06.03,.1,.93,4946
1526,20090306,7.5,1,4.3,4.8,5.53,0,1.71,8337
1527,20090307,8.6,-3.4,2.6,2.1,6.13,0,01.05,8620
1528,20090308,11.3,3.9,7.6,5.1,8.53,4.4,1.41,5482
1529,20090309,9.4,1.9,5.7,3.9,6.58,1.5,1.52,6281
1530,20090310,7.1,2.4,4.8,4.9,08.03,6.6,.8,5228
1531,20090311,9.8,4.6,7.2,3,6.88,.1,1.71,10893
1532,20090312,11.8,-1.8,5,2.3,7.23,0,1.26,8030
1533,20090313,14.1,6.1,10.1,1.3,8.58,0,1.51,9708
1534,20090314,15.7,1.9,8.8,3.1,8.98,.1,1.75,9120
1535,20090315,14.6,5.6,10.1,3,7.63,0,2.38,15039
1536,20090316,14,3,8.5,3.6,7.88,0,2.28,16931
1537,20090317,16.1,2.3,9.2,3.5,7.78,0,2.57,17027
1538,20090318,16.8,3.5,10.1,4.1,6.58,0,3.2,17226
1539,20090319,15.5,1.9,8.7,4.3,4.48,0,3.43,15737
1540,20090320,8.9,.7,4.8,4.8,3.93,0,2.74,18152
1541,20090321,9.5,-2.8,3.4,4,3.53,0,2.61,18302
1542,20090322,12.4,-.9,5.8,3.1,5.48,0,2.31,14805
1543,20090323,14.9,-.8,7.1,4.1,7.33,1.7,2.35,14165
1544,20090324,8.2,2.5,5.3,4.8,6.38,.8,1.73,8953
1545,20090325,9.3,-.1,4.6,5.3,6.88,4,1.48,7497
1546,20090326,11.4,4.7,8.1,5.3,08.08,1.9,1.82,6746
1547,20090327,11.2,5.9,8.5,5,8.48,3.6,1.8,7811
1548,20090328,10.5,6.2,8.4,4,08.03,.7,1.77,7552
1549,20090329,9.2,.7,5,3.8,6.48,0,1.83,13532
1550,20090330,11.8,.2,6,3.9,06.08,0,2.34,14967
1551,20090331,14.9,3.1,9,4,6.68,0,3.11,20080
1552,20090401,14.3,3.4,8.9,3.8,7.38,0,2.7,17196
1553,20090402,15.7,4.6,10.2,1.8,9.13,.1,2.14,14451
1554,20090403,18,6.5,12.2,2.8,10.28,0,2.31,10883
1555,20090404,16.6,5.8,11.2,1.6,10.03,.1,1.98,11837
1556,20090405,18.1,6.9,12.5,1.7,9.43,0,2.54,15826
1557,20090406,21.8,5.1,13.5,2.5,9.38,0,3.47,19611
1558,20090407,14,8.3,11.2,2.3,10.83,2.5,1.58,7452
1559,20090408,15.7,5.7,10.7,3.4,9.63,0,2.32,14019
1560,20090409,21.4,4.9,13.1,2.3,9.73,0,3.47,21344
1561,20090410,21.5,7.4,14.5,3.4,10.38,1.3,3.65,17667
1562,20090411,20.4,9.7,15,2.6,11.28,13.4,2.85,13351
1563,20090412,18.8,9.7,14.2,2.6,12.68,0,2.46,13304
1564,20090413,17.6,9.7,13.7,2.3,12.68,0,02.03,10424
1565,20090414,20.8,9.7,15.2,1.2,12.48,1.1,2.7,16396
1566,20090415,21.8,8.5,15.1,3.4,10.38,3.1,3.75,16732
1567,20090416,12.6,8,10.3,2.3,10.23,2.4,1.7,9489
1568,20090417,15.7,3.9,9.8,2.2,9.18,3.6,2.45,16115
1569,20090418,16.2,5.3,10.8,2,9.88,2.8,2.3,14242
1570,20090419,18.4,6.4,12.4,2.3,10.58,0,2.91,18407
1571,20090420,20.3,9.1,14.7,3.9,10.73,.8,3.89,19916
1572,20090421,20.8,8.7,14.8,4.1,10.88,0,04.02,20651
1573,20090422,19.5,8,13.8,3.4,9.43,0,04.04,22870
1574,20090423,17.5,5.7,11.6,2.6,7.98,0,3.7,24226
1575,20090424,18,4.2,11.1,2.4,7.13,.5,3.67,24460
1576,20090425,14.9,5.8,10.3,2,10.43,5.3,1.95,10778
1577,20090426,11.9,9.3,10.6,1.7,12.28,33,1.34,8369
1578,20090427,15.1,6.9,11,3.3,9.98,1.6,2.5,14628
1579,20090428,13.8,5.7,9.7,3.1,9.73,2.6,2.14,13180
1580,20090429,11.8,4.7,8.3,2.9,9.28,3,1.81,11908
1581,20090430,16.6,1,8.8,1.6,8.83,0,2.71,19697
1582,20090501,18.9,5.7,12.3,2.5,10.58,0,2.93,17104
1583,20090502,20.2,8.3,14.3,2.7,11.08,.1,3.9,23704
1584,20090503,17.4,8.6,13,2.5,11.13,0,2.8,15502
1585,20090504,15.3,7.5,11.4,2.5,8.28,0,3.22,18719
1586,20090505,13.2,5.3,9.3,1.8,9.68,0,1.62,8643
1587,20090506,19.7,10.6,15.2,1.9,11.58,0,3.27,18077
1588,20090507,24.4,5,14.7,1.7,12.58,3,3.91,23731
1589,20090508,17.7,12.2,14.9,2.6,13.33,.1,2.37,11122
1590,20090509,20.3,8.3,14.3,1.9,12.93,4.7,2.89,15946
1591,20090510,19.1,11.2,15.2,1.7,14.88,1.8,2.17,11619
1592,20090511,23.3,10.7,17,1.8,15.33,.6,3.47,19512
1593,20090512,24.5,13.1,18.8,1.7,15.53,.8,3.87,20489
1594,20090513,23.7,12.2,18,1.4,16.18,5,3.21,17339
1595,20090514,17.5,11.9,14.7,1.9,15.18,8.3,1.81,9502
1596,20090515,15.3,11.6,13.5,3.1,12.03,2.1,2.4,11910
1597,20090516,19.1,6.6,12.9,2.4,11.53,5.1,2.94,16848
1598,20090517,20.3,8.6,14.4,2.1,12.68,2.4,2.96,15770
1599,20090518,19.9,7.1,13.5,2,11.68,0,3.63,23003
1600,20090519,22.8,9,15.9,1.7,12.93,.3,04.02,23797
1601,20090520,25,9.9,17.4,1.3,15.33,0,4.23,25042
1602,20090521,21.1,14.4,17.7,1.6,16.88,7.9,2.67,13094
1603,20090522,21.7,12.6,17.1,1.6,13.63,0,3.9,22407
1604,20090523,24.9,9.2,17,1.5,15.38,0,3.65,20338
1605,20090524,30.1,15.4,22.8,1.5,20.83,0,5.27,27294
1606,20090525,30.1,15.1,22.6,1.8,18.63,.5,5.36,26541
1607,20090526,19.2,15.4,17.3,3.5,13.68,1.4,3.16,11731
1608,20090527,17.8,5.6,11.7,1.9,9.48,0,3.43,21696
1609,20090528,18.6,11.6,15.1,1.8,13.38,0,2.5,12388
1610,20090529,21.8,11.6,16.7,3.5,11.13,0,4.92,24977
1611,20090530,22.7,8.7,15.7,3.9,9.53,0,5.6,29285
1612,20090531,22.2,9.7,15.9,3.4,11.43,0,4.88,26381
1613,20090601,23.2,10,16.6,3.4,12.88,2.8,4.5,22795
1614,20090602,25,12.4,18.7,3.7,13.28,0,5.71,28451
1615,20090603,23.4,12.3,17.8,3.2,11.78,0,5.46,27747
1616,20090604,20.4,9.3,14.8,2.4,9.83,0,4.53,25291
1617,20090605,20.2,6.9,13.5,2.6,10.18,8.4,3.88,21433
1618,20090606,17.9,10.6,14.2,3.5,13.53,10.1,2.52,11933
1619,20090607,18.7,10.9,14.8,4.1,12.08,.9,3.55,17913
1620,20090608,18.8,9.2,14,1.9,13.18,3.4,2.28,11358
1621,20090609,20.9,10,15.4,4,13.08,2.5,04.04,22120
1622,20090610,21,8.1,14.5,3.4,13.78,2.5,3.26,18110
1623,20090611,20.2,13.5,16.9,3.4,12.45,.7,4.18,20455
1624,20090612,23,9,16,1.2,12.71,0,3.93,23222
1625,20090613,26.1,11.6,18.9,1.3,15.18,0,4.92,28017
1626,20090614,23.9,14,18.9,2,18.73,3,3.13,15737
1627,20090615,21.3,16.6,18.9,2.4,18.93,15.8,2.29,10026
1628,20090616,21.5,13.1,17.3,2,13.78,0,4.12,22665
1629,20090617,25.8,10.5,18.2,1.8,14.28,0,4.98,27848
1630,20090618,27.9,15.2,21.5,2.2,17.73,0,5.23,25904
1631,20090619,18.9,13.7,16.3,2,13.73,.4,2.73,12726
1632,20090620,18.5,9,13.7,2.7,10.93,1,3.5,18722
1633,20090621,20.8,9.3,15.1,2.9,11.53,.1,3.99,21069
1634,20090622,19.1,10.2,14.7,3.5,10.63,0,4.38,24155
1635,20090623,22.3,8.9,15.6,3.8,11.23,0,4.79,24414
1636,20090624,25.2,11.6,18.4,3.5,13.83,0,5.6,29384
1637,20090625,25.7,13.6,19.7,1.3,16.53,0,04.09,21322
1638,20090626,24.2,15,19.6,1.8,18.18,10.1,2.97,13457
1639,20090627,24.9,15.1,20,2,16.48,0,3.81,17873
1640,20090628,27.7,13.4,20.6,1.6,17.23,0,05.06,27062
1641,20090629,29.6,16.2,22.9,1.6,18.53,.2,5.28,25835
1642,20090630,30.7,17.5,24.1,2.1,18.73,.1,5.61,25617
1643,20090701,30.3,17.3,23.8,2.1,19.63,0,5.23,23921
1644,20090702,31.8,17.1,24.5,1.9,19.33,.3,5.53,24847
1645,20090703,28.9,17.6,23.3,2.2,17.68,.1,4.91,21011
1646,20090704,28,16.5,22.3,1.6,17.03,1.4,4.14,18971
1647,20090705,26.5,17.1,21.8,1.6,17.93,1.5,3.38,14063
1648,20090706,24.7,13.3,19,2.5,14.43,0,4.6,22552
1649,20090707,21.3,13.7,17.5,3.5,13.08,1.1,3.9,17104
1650,20090708,22.8,11.7,17.3,3.3,13.38,1.1,3.95,17826
1651,20090709,20.5,11.1,15.8,2.3,12.53,.1,3.24,15398
1652,20090710,21.7,11.1,16.4,2.6,11.08,0,3.95,18107
1653,20090711,23.2,11.7,17.4,1.4,12.53,.1,03.03,13344
1654,20090712,23.2,15.4,19.3,2.8,17.23,.2,2.82,10648
1655,20090713,26.3,16.1,21.2,1.4,19.78,6.2,03.08,13691
1656,20090714,23.2,16.5,19.8,1.9,19.18,14.9,2.51,10925
1657,20090715,25.7,14.8,20.3,1.8,16.38,0,04.02,19330
1658,20090716,31.6,14.2,22.9,2,17.23,1.2,5.81,27540
1659,20090717,18.1,15.2,16.6,3.3,15.28,.4,2.72,13089
1660,20090718,19.9,11.7,15.8,4.2,12.78,.4,3.33,14055
1661,20090719,21.5,13.1,17.3,3.9,13.38,.1,3.57,14023
1662,20090720,25.9,13.2,19.6,2.4,14.88,0,4.77,23842
1663,20090721,31.3,14.7,23,3.9,16.98,2.7,6.12,23731
1664,20090722,28.3,17.1,22.7,3.3,17.88,10,4.4,15354
1665,20090723,25.1,17.3,21.2,3.6,18.13,9.2,3.98,15909
1666,20090724,23.1,14.1,18.6,3.1,15.13,1.9,3.32,13031
1667,20090725,22.4,12,17.2,2.3,13.43,.1,3.81,19629
1668,20090726,26.7,10.6,18.7,1.6,13.13,0,4.97,27717
1669,20090727,27.6,11.9,19.8,2.5,15.33,2.4,4.13,17167
1670,20090728,25.3,13.3,19.3,1.4,14.78,0,4.33,23661
1671,20090729,29.8,12.6,21.2,2.4,15.83,0,5.23,24252
1672,20090730,22.8,15.1,19,2.8,12.48,0,4.45,20073
1673,20090731,25.1,12.7,18.9,1.9,12.38,0,4.25,21440
1674,20090801,29.1,12.1,20.6,2,14.48,1.1,4.63,21383
1675,20090802,20.4,16,18.2,2.9,15.73,.3,2.71,10729
1676,20090803,22.7,11.1,16.9,1.6,12.73,0,3.36,17165
1677,20090804,25.7,11.9,18.8,2.1,13.33,0,4.88,26859
1678,20090805,29.1,13.5,21.3,2.2,14.28,0,5.24,26068
1679,20090806,30.8,15.3,23.1,1.5,16.68,0,05.09,25921
1680,20090807,25.4,17,21.2,2.1,18.98,0,03.06,13107
1681,20090808,25.8,16.9,21.3,2.5,18.73,.6,3.34,14270
1682,20090809,25.8,15.4,20.6,2.2,18.88,11.8,3.5,17424
1683,20090810,24.5,16.5,20.5,1.9,17.68,2.7,3.26,15062
1684,20090811,23.7,15.1,19.4,1.8,16.73,0,2.68,11280
1685,20090812,27.2,14.8,21,1.5,16.78,0,4.41,23601
1686,20090813,27.5,15,21.2,2.1,17.08,0,4.44,21862
1687,20090814,26.5,14.9,20.7,1.6,16.83,0,3.71,18872
1688,20090815,31,13.6,22.3,1.8,16.83,0,05.01,25144
1689,20090816,33.3,16.3,24.8,1.5,18.03,0,4.83,22096
1690,20090817,29.5,16.6,23,2.1,18.38,0,4.49,20553
1691,20090818,30.7,15.1,22.9,1.6,16.83,0,4.67,23391
1692,20090819,35.1,17,26.1,1.6,18.53,0,5.15,22732
1693,20090820,34.9,18.8,26.9,3.1,17.63,3.1,6.21,21384
1694,20090821,24.2,17,20.6,2,16.63,.5,2.91,12320
1695,20090822,25.9,14.3,20.1,2.1,13.58,0,4.24,22103
1696,20090823,27.9,13,20.5,2,12.88,0,4.45,23776
1697,20090824,30.3,12.2,21.3,2.4,16.53,1.1,04.03,16634
1698,20090825,23,16.9,19.9,2.6,18.33,1.9,2.36,9651
1699,20090826,26.4,14.1,20.3,1.7,16.88,0,3.71,19602
1700,20090827,28,14,21,2.5,17.03,0,4.28,20768
1701,20090828,24,16.9,20.5,3,13.63,0,04.06,16559
1702,20090829,21.5,9.9,15.7,2.5,9.93,0,3.48,16791
1703,20090830,24.1,7.9,16,1.5,9.83,0,3.71,22629
1704,20090831,29.2,10.4,19.8,2,11.93,0,4.44,21572
1705,20090901,25.3,18,21.7,2.6,17.38,7.5,03.09,10363
1706,20090902,19.9,11.4,15.7,2.3,15.08,1.2,02.06,10567
1707,20090903,20.6,14.8,17.7,4.5,14.43,1.4,3,10839
1708,20090904,18.8,12.9,15.9,3.6,12.63,7.6,2.73,10943
1709,20090905,18.9,6.1,12.5,2,10.38,.1,2.57,15571
1710,20090906,21.5,7.4,14.5,1.5,11.68,.1,2.97,19975
1711,20090907,26.1,9.2,17.6,1.8,13.38,0,3.49,19673
1712,20090908,28.4,11.3,19.9,1.4,13.83,0,3.56,20402
1713,20090909,27.8,11.8,19.8,2.5,12.88,0,04.08,19698
1714,20090910,23.9,13.2,18.6,3.8,15.78,0,3.22,13738
1715,20090911,21.8,14.3,18,4.3,14.08,0,3.37,14914
1716,20090912,21.7,11.4,16.5,4.1,11.68,0,3.49,15078
1717,20090913,21.5,9.7,15.6,3.7,10.93,0,3.64,18327
1718,20090914,17.6,9.8,13.7,3.3,11.43,.9,2.32,10549
1719,20090915,16.4,8.8,12.6,2,12.03,.1,1.53,8514
1720,20090916,18.5,10.9,14.7,2.6,14.88,5.7,1.46,6686
1721,20090917,17.8,14,15.9,1.4,17.18,2.9,1.33,7383
1722,20090918,23.3,14,18.7,1.3,17.33,0,2.13,11692
1723,20090919,23.3,14.7,19,1.7,16.23,.1,2.35,11699
1724,20090920,20.3,13.5,16.9,1.9,15.83,.3,1.68,7843
1725,20090921,23.4,12.6,18,2.7,16.28,.1,2.71,15536
1726,20090922,23.8,11.9,17.9,2,15.08,0,2.73,16826
1727,20090923,24.6,10.9,17.8,1.8,13.73,0,2.87,17320
1728,20090924,21.9,10.5,16.2,2.5,13.73,0,2.54,12409
1729,20090925,22,11.8,16.9,3.1,13.38,0,2.75,14035
1730,20090926,22.5,9.1,15.8,2.4,11.98,0,2.78,16319
1731,20090927,23.7,8.9,16.3,1.6,12.63,0,2.53,16434
1732,20090928,23.7,9.3,16.5,1.5,11.93,0,2.53,16496
1733,20090929,21.8,8.7,15.2,1.7,12.23,.1,2.38,16098
1734,20090930,22.1,9,15.5,1.6,12.58,0,2.23,14713
1735,20091001,20.8,7.6,14.2,1.8,11.93,0,1.93,10863
1736,20091002,18,7.7,12.9,1.6,10.53,0,1.7,9655
1737,20091003,19.5,4.4,12,2.1,9.83,0,2.22,15327
1738,20091004,16.3,7.4,11.8,2.2,9.98,0,1.54,5252
1739,20091005,21.2,7.4,14.3,2.1,12.23,0,1.82,7629
1740,20091006,23.5,12.6,18.1,3.1,16.53,0,1.86,6258
1741,20091007,26.9,12.7,19.8,3.5,15.78,.7,03.02,10264
1742,20091008,20.3,15.5,17.9,2.1,17.63,3.6,1.33,6059
1743,20091009,19.1,14.4,16.8,1.4,16.83,2.8,1.14,5438
1744,20091010,18.1,12.9,15.5,2.5,14.43,1.4,1.48,7026
1745,20091011,17.6,7.8,12.7,2.6,12.58,1.5,1.31,5804
1746,20091012,14.2,9.1,11.6,3.1,11.03,.2,1.48,8497
1747,20091013,13.8,4.7,9.3,2.6,9.23,0,1.37,8639
1748,20091014,10.7,5.4,8,3.8,07.03,0,1.77,12727
1749,20091015,8.5,-1.5,3.5,3.6,5.13,0,1.54,12984
1750,20091016,10.1,-1.1,4.5,2.6,7.38,.2,.97,7595
1751,20091017,11.6,4.7,8.1,2.8,8.13,1.1,1.32,8544
1752,20091018,10.6,0,5.3,2.1,6.73,.1,01.03,9553
1753,20091019,12.1,-1.7,5.2,1.5,06.08,0,1.1,11764
1754,20091020,18.3,.7,9.5,3.7,8.43,.1,02.04,7455
1755,20091021,14.3,9.2,11.8,2.3,11.18,14.2,1.12,4345
1756,20091022,16.4,7.5,11.9,1,11.58,2,.98,8748
1757,20091023,15.5,9.5,12.5,1.7,11.13,0,1.16,7017
1758,20091024,14.7,5,9.9,2.3,12.73,1.8,.56,4165
1759,20091025,17.4,11.1,14.2,1.9,12.53,.1,1.26,8346
1760,20091026,15.8,4.5,10.2,1.6,10.48,.1,.97,6897
1761,20091027,16.5,3.7,10.1,1.3,9.58,.1,01.02,9390
1762,20091028,15.7,2,8.8,.8,9.53,0,.8,6862
1763,20091029,15.3,2.8,9.1,1.3,10.23,.1,.79,8512
1764,20091030,10.1,6.2,8.1,1.8,9.83,.2,.64,4623
1765,20091031,11.9,3,7.5,1.3,10.38,.6,.53,4898
1766,20091101,14.9,8.6,11.8,2.9,13.58,19,.66,3487
1767,20091102,11.2,9.4,10.3,3.6,10.28,2.9,01.06,5005
1768,20091103,10.7,4.7,7.7,4.2,10.53,11.5,.49,3312
1769,20091104,12.5,8.1,10.3,5,9.28,0,1.54,6450
1770,20091105,11.2,4.6,7.9,4,09.08,1.6,.97,5367
1771,20091106,11.8,4.2,8,2.5,8.63,.5,.87,7241
1772,20091107,8.7,4.4,6.6,3.1,8.73,4,.67,3759
1773,20091108,8.7,.7,4.7,3,7.83,0,.59,4462
1774,20091109,6.1,3.4,4.7,3.8,8.18,1.9,.53,3034
1775,20091110,8,5,6.5,2,8.23,.1,.66,3438
1776,20091111,9.5,.4,5,2.4,7.38,0,.65,7458
1777,20091112,11.6,2.1,6.8,3,10.18,.5,.44,3315
1778,20091113,15.8,7,11.4,3.4,11.88,0,.97,4350
1779,20091114,15,11.4,13.2,5.3,11.03,3.2,1.79,3793
1780,20091115,11.7,6.3,9,2.2,10.33,3.2,.71,2789
1781,20091116,15.2,9,12.1,3,13.33,3.8,.7,2751
1782,20091117,13.9,10.4,12.2,2.3,11.78,1.4,.92,3142
1783,20091118,12.9,3.3,8.1,2.1,9.38,.1,.55,7521
1784,20091119,11.5,.9,6.2,2.2,8.83,0,.65,4984
1785,20091120,18,5.2,11.6,2,9.98,0,1,5974
1786,20091121,17.2,7.7,12.4,2.6,10.38,1.8,1.24,5191
1787,20091122,14.1,8.7,11.4,5.7,10.38,3.2,1.45,5012
1788,20091123,11.5,7.2,9.4,6.7,10.98,7.8,.73,2515
1789,20091124,13.1,10.1,11.6,4.8,12.08,0,.91,2517
1790,20091125,12.6,3.1,7.9,3.3,9.28,4.3,.79,3994
1791,20091126,11.8,5.6,8.7,5.3,9.33,.2,.98,4957
1792,20091127,10.3,6.1,8.2,5,8.68,.1,1.1,3301
1793,20091128,9.8,5.4,7.6,6.5,8.48,1.4,1.19,2437
1794,20091129,11.1,7.3,9.2,4.9,8.83,13.9,1.33,2353
1795,20091130,6.8,2.9,4.8,2.3,08.03,.2,.44,2446
1796,20091201,6.4,3.2,4.8,2.3,7.68,.1,.48,2538
1797,20091202,6.7,-.9,2.9,3.8,7.43,.7,.4,2286
1798,20091203,9.7,5.6,7.7,4.3,8.88,2.3,.83,2694
1799,20091204,6.2,1.2,3.7,2.3,6.83,.6,.47,3300
1800,20091205,8.8,.9,4.9,4,8.43,1.1,.45,2454
1801,20091206,12.7,6.4,9.6,4.5,10.13,2.8,1,2353
1802,20091207,10.1,6,8.1,3.2,10.88,4.4,.32,2196
1803,20091208,8.5,4.3,6.4,3.8,8.38,1.4,.55,4322
1804,20091209,9.4,5,7.2,2.8,10.23,3.3,.28,2224
1805,20091210,11.9,7.9,9.9,2.7,10.23,.2,.62,4035
1806,20091211,6.9,.1,3.5,2.5,7.88,.2,.29,2171
1807,20091212,3.1,2,2.5,4.9,6.28,.1,.64,2517
1808,20091213,2.3,-1.5,.4,4.8,05.08,.2,.6,4688
1809,20091214,.3,-1.8,-.8,4.5,4.33,0,.69,3704
1810,20091215,-2.5,-2.7,-2.6,3.3,3.73,0,.63,2109
1811,20091216,-.5,-2.7,-1.6,1.9,04.03,0,.48,2320
1812,20091217,-1.7,-5.3,-3.5,2.8,04.03,1.9,.35,2932
1813,20091218,-1.3,-3.8,-2.5,2.8,4.48,1.7,.36,2095
1814,20091219,-5.4,-8.9,-7.2,2.6,2.73,.2,.33,4034
1815,20091220,-1.3,-15.6,-8.4,4.6,4.18,8.9,0,2091
1816,20091221,4,-1.8,1.1,3.7,6.38,14.7,.36,2090
1817,20091222,8.6,1.9,5.3,3.7,8.68,18,.38,2091
1818,20091223,4.7,2.2,3.5,2.3,7.53,2.2,.31,2148
1819,20091224,6.4,2.2,4.3,2.5,8.78,8.5,.17,2096
1820,20091225,7.1,3.4,5.2,5.5,7.13,0,.89,3610
1821,20091226,4.7,-3.8,.5,2,5.33,0,.26,5270
1822,20091227,5.2,-3.7,.8,4.1,6.23,1.6,.38,3018
1823,20091228,4.5,.6,2.5,2,7.13,5.6,.3,2201
1824,20091229,11.4,3.1,7.3,3.8,10.63,7.3,.28,2239
1825,20091230,9.4,8,8.7,3,10.73,9.8,.43,2192
1826,20091231,10.5,5.5,8,2.7,9.13,.3,.57,3588
1827,20100101,2.3,.7,1.5,3.3,6.18,.3,.45,2160
1828,20100102,2.7,-4.3,-.8,2,4.83,0,.22,5711
1829,20100103,-.1,-3.4,-1.7,1.4,4.68,0,.27,3195
1830,20100104,-3.4,-5.1,-4.2,3,04.08,0,.29,2202
1831,20100105,-3.6,-7.1,-5.4,2.4,3.53,0,.25,4159
1832,20100106,-2,-6,-4,1.9,4.13,.7,.28,2816
1833,20100107,-.2,-4.4,-2.3,1.6,4.93,.5,.26,2254
1834,20100108,-2.2,-4.5,-3.4,5.6,4.23,.4,.46,2273
1835,20100109,-3.6,-5.5,-4.5,4.9,3.98,1.1,.35,2294
1836,20100110,-1.3,-3.9,-2.6,1.1,4.68,.1,.27,2316
1837,20100111,-.2,-5.5,-2.9,.8,4.48,0,.23,3388
1838,20100112,-.8,-3.7,-2.3,1.3,4.43,4,.29,3125
1839,20100113,3.7,-5.6,-.9,2.8,6.63,.7,.07,2417
1840,20100114,3.4,-.9,1.2,2.3,6.58,1.1,.27,2832
1841,20100115,2.6,1.2,1.9,1.3,6.78,0,.3,2502
1842,20100116,4.1,.3,2.2,3.6,7.38,5.4,.23,2469
1843,20100117,9.5,4.1,6.8,3.7,8.23,.3,.76,4628
1844,20100118,4.9,.4,2.7,1.4,07.03,0,.31,3692
1845,20100119,.9,-1.4,-.2,2.1,5.98,0,.25,2622
1846,20100120,3.1,-1.6,.8,2.5,6.58,4.6,.27,2592
1847,20100121,6.1,-.9,2.6,1.6,6.98,0,.4,3100
1848,20100122,7.1,-1.1,3,1.8,6.43,0,.41,6580
1849,20100123,2.9,-1,.9,1.4,6.18,.5,.35,2695
1850,20100124,3.4,-.1,1.7,1.1,6.83,9.7,.32,2731
1851,20100125,4.5,1,2.8,2.1,6.68,.2,.42,4077
1852,20100126,.1,-1.6,-.8,4.5,4.98,.2,.56,2807
1853,20100127,-.9,-6,-3.5,3.6,3.78,.5,.53,6257
1854,20100128,.6,-3.6,-1.5,2.9,5.58,1.5,.26,2886
1855,20100129,2.5,-.4,1,4.8,6.58,9.9,.29,2928
1856,20100130,1.8,-2.2,-.2,3.1,4.83,.5,.6,5983
1857,20100131,3.1,-7.1,-2,2.3,4.28,0,.55,6231
1858,20100201,0,-8.2,-4.1,3.1,4.63,.7,.27,3163
1859,20100202,3,-2.4,.3,5.5,6.28,3.3,.33,3101
1860,20100203,7.8,2.2,5,4.7,7.58,.2,.84,3471
1861,20100204,10.2,-.7,4.7,3.5,07.03,6.3,.94,6978
1862,20100205,9.2,4.2,6.7,4,8.58,3,.84,4224
1863,20100206,8.3,2.4,5.4,2.8,8.28,1.6,.6,3915
1864,20100207,4.1,2.2,3.2,2.8,6.98,.1,.54,3413
1865,20100208,3.4,.4,1.9,2.1,5.88,.2,.6,4645
1866,20100209,.9,-.8,.1,2.2,5.28,.6,.54,3439
1867,20100210,-1.3,-4.5,-2.9,3.4,3.83,.4,.67,6227
1868,20100211,-3.6,-7.9,-5.8,5.1,3.63,1.1,.43,3935
1869,20100212,-1.3,-4.5,-2.9,4.3,4.18,.3,.6,3834
1870,20100213,-1.3,-5.2,-3.3,3.3,3.98,0,.57,3886
1871,20100214,-1.1,-4,-2.6,1.9,3.93,0,.57,3903
1872,20100215,1.8,-3.8,-1,1.3,3.73,0,.68,6296
1873,20100216,4.2,-8.7,-2.2,1,4.23,1.6,.58,8361
1874,20100217,5.8,0,2.9,1.4,7.38,3.8,.51,3872
1875,20100218,10.6,2.6,6.6,2.3,08.01,.2,.97,7590
1876,20100219,6.2,2.4,4.3,2.8,6.33,.1,.99,4906
1877,20100220,4.6,-2.4,1.1,2.9,5.68,.9,.72,4429
1878,20100221,10.2,-.9,4.6,4,6.93,1.4,1.21,7999
1879,20100222,15,4.7,9.9,5.8,09.08,1.5,2,8871
1880,20100223,13.4,7.2,10.3,4.9,10.03,2.4,1.5,5703
1881,20100224,11,5,8,4.8,9.28,1.8,1.14,6189
1882,20100225,10.1,5.9,8,5,9.38,10,01.07,5728
1883,20100226,10.4,6.3,8.4,6.5,7.33,4.3,2.1,7083
1884,20100227,11.3,.5,5.9,5.1,7.43,4.2,1.5,8439
1885,20100228,12.1,7.3,9.7,8.3,8.13,.6,2.45,7913
1886,20100301,11.6,-.4,5.6,2,07.03,2.9,1.28,11476
1887,20100302,10.5,4.4,7.4,2.6,8.53,2.2,1.1,6830
1888,20100303,8.5,1.4,4.9,4.6,5.68,0,1.67,7890
1889,20100304,8.5,.5,4.5,5,4.28,0,2.31,13156
1890,20100305,5,-2.8,1.1,3.7,3.58,0,1.71,14859
1891,20100306,4.7,-4.5,.1,3.4,4.48,0,1.12,5918
1892,20100307,2.4,-5.3,-1.4,5.6,3.23,0,1.55,10564
1893,20100308,5.3,-5.3,0,5.9,2.58,0,2.3,14869
1894,20100309,1.3,-4.8,-1.7,7.4,2.6,.1,1.87,11356
1895,20100310,2,-3.4,-.7,5.3,3.23,1.1,1.59,6718
1896,20100311,2.5,-2.5,0,2.8,4.68,.4,.95,6629
1897,20100312,6,-5.9,0,1.6,4.48,0,1.24,15032
1898,20100313,8.1,-3.5,2.3,2.6,5.18,0,1.39,11185
1899,20100314,6.6,2.5,4.6,2.3,5.68,0,1.27,5444
1900,20100315,11.8,.3,6.1,2.1,6.38,0,1.64,10668
1901,20100316,11.9,-1.5,5.2,1.3,5.49,0,1.58,13726
1902,20100317,17,-1.5,7.7,2.3,5.53,0,2.48,14008
1903,20100318,17.4,3.8,10.6,4,5.78,0,3.3,12263
1904,20100319,19.8,8.8,14.3,4.7,9.38,3.1,3.51,14055
1905,20100320,15.4,10.2,12.8,5.1,11.98,4.1,1.8,6325
1906,20100321,13.4,10.4,11.9,4.1,9.68,.1,2.22,9346
1907,20100322,16.2,.7,8.5,1.6,7.53,0,2.19,17697
1908,20100323,18.7,1.4,10.1,1.5,7.83,0,2.4,17949
1909,20100324,18.3,4.3,11.3,4,8.83,0,2.74,11466
1910,20100325,20.4,9.1,14.8,5.5,10.18,14.8,3.62,12423
1911,20100326,11.7,6.2,8.9,4.1,9.23,4.4,1.58,7847
1912,20100327,12.4,4.4,8.4,4.4,9.23,4,1.56,8367
1913,20100328,11,6.5,8.8,4.4,10.78,4.6,1,6383
1914,20100329,19.2,8.3,13.8,4.2,10.33,4,3.18,15257
1915,20100330,12.1,7.5,9.8,5.2,8.58,5.6,2.13,7699
1916,20100331,11.6,3.9,7.8,5.4,7.28,1.8,2.34,12594
1917,20100401,10.8,.3,5.6,3.1,6.13,.4,2.17,16397
1918,20100402,12.3,.5,6.4,3.9,7.68,4,1.81,10680
1919,20100403,8.2,5.1,6.7,4.1,8.78,8.3,1.18,7067
1920,20100404,12.5,4.4,8.5,4.4,7.58,1.3,2.35,12354
1921,20100405,13,-.1,6.5,1.8,6.83,0,2.24,18619
1922,20100406,19.8,1.5,10.7,2.1,7.18,0,3.29,21658
1923,20100407,15.2,6.9,11.1,3.1,9.48,3.7,02.09,8573
1924,20100408,10.4,7.7,9,2.7,10.53,.2,1.22,7103
1925,20100409,16.3,8,12.2,2.6,10.15,0,2.51,14922
1926,20100410,16,5.1,10.5,4.1,8.13,0,3.23,19336
1927,20100411,12.5,2.7,7.6,5.2,6.38,0,2.96,17236
1928,20100412,9.6,1.4,5.5,4.5,6.88,.4,02.02,13670
1929,20100413,12.3,2.1,7.2,3,7.93,.9,2.12,14728
1930,20100414,13.5,2.2,7.9,2.1,8.48,.2,02.02,14345
1931,20100415,13.9,5.4,9.6,3.3,08.03,.2,2.84,18308
1932,20100416,15.6,4.2,9.9,4,08.03,0,03.09,18835
1933,20100417,18.3,3.6,10.9,3,08.03,0,3.6,22808
1934,20100418,20.5,3.7,12.1,1.7,8.38,0,3.42,22676
1935,20100419,20.8,4.2,12.5,1.4,8.43,.3,3.34,22046
1936,20100420,20.2,8,14.1,2.4,09.08,0,3.6,19548
1937,20100421,17.5,4.6,11,2.1,8.13,0,3.28,21456
1938,20100422,17.9,4,11,3.3,6.93,0,3.84,21938
1939,20100423,20.1,5.4,12.7,2.6,6.88,0,4.13,23348
1940,20100424,23.1,5.9,14.5,1.6,07.08,0,4.11,24521
1941,20100425,24,5.9,15,2.5,9.78,0,3.97,18899
1942,20100426,19.7,7.6,13.6,2.1,9.88,0,3.42,19616
1943,20100427,20.6,6.6,13.6,2.5,9.23,0,04.05,24264
1944,20100428,25,7.7,16.3,1.6,9.68,0,4.36,25061
1945,20100429,26.1,8.2,17.1,3.5,11.48,.6,4.78,20637
1946,20100430,15.8,12.1,14,2.4,12.58,1.8,2.1,9920
1947,20100501,15.8,9.6,12.7,1.3,11.48,.2,1.85,9273
1948,20100502,16.1,9.9,13,1.9,10.28,.8,2.46,12599
1949,20100503,10.9,5.2,8,3.4,8.63,.4,1.99,11514
1950,20100504,10.6,5.2,7.9,6.5,8.13,4.8,02.02,8594
1951,20100505,9,4.3,6.7,5.1,7.63,10.4,1.72,8643
1952,20100506,8.7,4.9,6.8,2.2,8.83,.6,1.33,8690
1953,20100507,13.1,5.2,9.2,1.1,8.88,0,1.84,11070
1954,20100508,16.8,5.1,10.9,1.1,10.18,2.9,2.39,15356
1955,20100509,16.2,5.8,11,1,11.63,6.5,1.65,9738
1956,20100510,17.2,9.6,13.4,.9,12.73,5,2.12,12075
1957,20100511,12.2,7.8,10,1.7,11.23,7.3,1.62,9901
1958,20100512,9.8,6,7.9,2.4,8.78,0,1.7,9748
1959,20100513,12.1,5.2,8.7,2.3,8.33,0,2,10054
1960,20100514,11.6,5.6,8.6,2,8.73,0,1.89,11086
1961,20100515,13,6.5,9.8,2.8,8.18,0,2.31,11445
1962,20100516,16.4,7.4,11.9,2.1,7.98,0,2.8,12937
1963,20100517,17.1,5.5,11.3,2.1,09.08,.4,2.73,14238
1964,20100518,17.5,5.4,11.5,1.7,8.48,0,3.37,21488
1965,20100519,17.1,6.1,11.6,2.6,7.73,0,3.68,21525
1966,20100520,18.8,7.9,13.4,2,8.78,0,3.45,18914
1967,20100521,21.6,7,14.3,3,10.63,0,4.57,27672
1968,20100522,23.7,9,16.3,3.2,11.68,0,05.09,28191
1969,20100523,25.2,10.5,17.9,2.7,12.08,0,5.33,28508
1970,20100524,27.6,11.2,19.4,1.7,12.73,0,5.38,28824
1971,20100525,28.6,12.1,20.3,3.1,13.93,4.1,5.44,23353
1972,20100526,21,14.3,17.7,3,15.48,6.1,2.76,11394
1973,20100527,19.9,12.2,16.1,2.8,13.63,.1,3,14090
1974,20100528,19.2,10.2,14.7,2.2,11.88,.2,03.08,15798
1975,20100529,19.2,7.5,13.3,3.2,11.93,3.9,03.04,16296
1976,20100530,18.2,12.3,15.2,4.5,13.48,2.8,2.68,10441
1977,20100531,16.3,10.8,13.5,2.4,11.23,.1,2.64,12805
1978,20100601,17.1,10.5,13.8,1.2,12.43,5.5,02.04,10285
1979,20100602,20.2,10.7,15.5,2.3,12.48,0,3.2,16271
1980,20100603,22.3,9.5,15.9,3.9,12.26,0,4.8,27076
1981,20100604,26.5,11.3,18.9,2.4,14.68,0,5.41,29382
1982,20100605,29.3,13.7,21.5,1.1,15.58,0,5.24,28138
1983,20100606,25.2,14.9,20.1,2.1,17.13,7.7,3.58,16093
1984,20100607,22.4,11.5,17,1.6,14.33,0,3.94,22487
1985,20100608,18,12.5,15.2,1.7,16.43,11.7,1.88,10220
1986,20100609,20.4,14.4,17.4,1.2,17.58,4.3,2.24,11177
1987,20100610,23.7,15.5,19.6,2.1,17.98,12,2.68,10917
1988,20100611,25.5,12.7,19.1,2,15.88,1.8,4.38,22662
1989,20100612,21.6,13.5,17.6,1.8,16.01,1.8,2.97,15248
1990,20100613,21.4,13,17.2,1.2,14.85,.4,2.99,15746
1991,20100614,21.1,12.3,16.7,1.4,14.55,3.7,2.71,13547
1992,20100615,20.5,13.1,16.8,3.8,14.83,.1,03.08,14140
1993,20100616,17.1,13.1,15.1,2.5,14.05,12.1,2.34,11843
1994,20100617,16.8,12.8,14.8,1.5,14.85,1.9,2.24,12259
1995,20100618,20.2,12.5,16.4,1.7,14.83,.2,2.45,11584
1996,20100619,16.4,11.6,14,3.1,11.03,.4,2.91,13135
1997,20100620,14,7,10.5,3.9,9.93,.3,2.62,14963
1998,20100621,16.9,7.9,12.4,3.3,10.33,0,3.19,17717
1999,20100622,20.4,8.2,14.3,2.5,10.63,0,4.37,25904
2000,20100623,23.6,9.5,16.6,2.5,11.53,0,5.22,29660
2001,20100624,26.2,11.2,18.7,1.9,13.18,0,5.29,28849
2002,20100625,27.6,13.4,20.5,1.8,14.73,0,5.1,25613
2003,20100626,29.1,14.1,21.6,1.8,15.28,0,5.7,29030
2004,20100627,30,15.8,22.9,1.7,16.53,0,5.68,27876
2005,20100628,30.3,16.5,23.4,1.9,16.08,0,5.61,26056
2006,20100629,28.9,17.7,23.3,1.8,17.63,4.4,4.76,21209
2007,20100630,29.6,15.8,22.7,2,13.88,0,06.06,29310
2008,20100701,31.7,16,23.8,1.7,15.43,0,06.02,28351
2009,20100702,33.6,17.1,25.4,1.4,18.38,0,06.09,28669
2010,20100703,28.8,18.5,23.7,2,20.23,0,4.58,20273
2011,20100704,28.1,18.4,23.2,2.3,16.43,0,5.12,22052
2012,20100705,27.9,13.9,20.9,2.2,13.78,0,05.02,22099
2013,20100706,25.7,14.2,19.9,2.3,11.73,0,5.69,28905
2014,20100707,29.1,12.8,21,2,12.08,0,5.88,29478
2015,20100708,33.3,14.7,24,1.9,13.83,.2,6.42,29247
2016,20100709,34,17.8,25.9,1.8,18.43,.6,05.04,19270
2017,20100710,30.7,19.6,25.1,1.9,21.08,2.3,4.77,20110
2018,20100711,32.5,17.7,25.1,1.1,20.41,0,5.42,26287
2019,20100712,25.3,18.5,21.9,1.6,20.28,3.6,3.31,15463
2020,20100713,27.6,16.5,22,1.6,18.23,0,4.1,18950
2021,20100714,31.2,16.9,24.1,3.6,17.68,3.2,5.6,19515
2022,20100715,25.3,15.3,20.3,3.1,13.93,0,5.3,24524
2023,20100716,29.7,13,21.4,2.9,14.93,1.3,5.8,25750
2024,20100717,22.7,15.1,18.9,2.7,13.18,0,04.09,17469
2025,20100718,26.1,11.6,18.8,3,10.63,0,5.82,28771
2026,20100719,30.2,13.8,22,2.5,11.93,0,6.2,28654
2027,20100720,32.2,15.1,23.7,1.4,14.18,0,5.77,28138
2028,20100721,23.3,17.2,20.2,2.2,17.43,11.3,03.02,11968
2029,20100722,19.5,16,17.8,1.7,16.73,3.6,2.15,9547
2030,20100723,20.6,13.4,17,1.6,14.38,1.3,3.19,17155
2031,20100724,22.2,11.3,16.8,2,12.93,0,3.49,17639
2032,20100725,21.7,11.6,16.7,.9,13.93,.1,2.5,12670
2033,20100726,22.8,12.1,17.5,1.4,15.88,.4,2.53,11961
2034,20100727,23.5,14.8,19.2,1.5,16.68,1.2,2.88,13293
2035,20100728,26,14.2,20.1,2,16.78,.7,3.28,14104
2036,20100729,21.3,14.5,17.9,2.5,13.78,.2,3.17,13465
2037,20100730,24.7,11.7,18.2,1.3,12.33,0,04.01,21559
2038,20100731,27.8,12.6,20.2,1.8,12.93,.1,4.93,24380
2039,20100801,27.8,15.6,21.7,1.9,16.53,3.2,3.82,15978
2040,20100802,24.1,15.7,19.9,1.8,16.23,.4,3.36,16367
2041,20100803,23.2,13.6,18.4,1.6,14.18,.1,3.21,15731
2042,20100804,22.6,11.8,17.2,2.4,14.43,2.8,2.71,10572
2043,20100805,21.2,12.9,17.1,3,12.88,.5,3.43,15418
2044,20100806,23,10.9,16.9,1.2,10.68,0,3.61,19930
2045,20100807,26.5,10,18.3,1.7,12.93,0,4.38,23145
2046,20100808,24.7,15.3,20,1.6,14.63,0,3.73,18187
2047,20100809,27.1,11.7,19.4,1.3,13.03,0,04.07,21888
2048,20100810,26.8,12.5,19.7,1.8,14.48,0,3.82,17535
2049,20100811,22.5,16.7,19.6,2.1,16.63,4.6,2.54,9951
2050,20100812,22.4,14.4,18.4,2,14.48,0,3.5,17770
2051,20100813,22.8,12.5,17.6,1.8,12.33,0,3.17,14639
2052,20100814,23,12.7,17.9,2.1,13.23,2.4,3.34,15961
2053,20100815,16.5,13.6,15,3.3,14.58,29.7,02.03,9346
2054,20100816,15.5,12.1,13.8,3.4,14.88,8.1,1.48,8155
2055,20100817,20.5,11.7,16.1,2.3,14.68,.4,2.33,10736
2056,20100818,21,14,17.5,2.6,15.38,.2,2.57,11284
2057,20100819,25.2,11,18.1,1.5,14.98,0,3.67,20928
2058,20100820,29.2,15,22.1,1.8,17.93,0,4.35,21564
2059,20100821,31.3,16.1,23.7,1.4,19.23,0,4.69,23692
2060,20100822,27.2,17.3,22.2,2,19.98,2.4,3.25,14413
2061,20100823,23.3,17.9,20.6,2.9,19.93,9.7,2.25,8006
2062,20100824,21.1,15.3,18.2,2.5,14.48,0,2.93,12689
2063,20100825,23.6,9.7,16.7,1.8,13.83,0,03.04,16183
2064,20100826,29.9,14.9,22.4,1.9,18.78,1.6,3.85,17708
2065,20100827,24.6,17.8,21.2,4,18.93,10.6,3.18,11272
2066,20100828,19.8,13.2,16.5,2.5,12.48,0,03.03,14983
2067,20100829,19.7,9.3,14.5,2.8,11.13,.1,2.95,14415
2068,20100830,17.5,8.5,13,3.4,10.78,.1,2.74,14559
2069,20100831,19.1,8.2,13.6,2.7,10.98,0,03.03,18285
2070,20100901,22.2,7.8,15,3.2,10.38,0,3.9,22137
2071,20100902,23,9.6,16.3,2,12.18,0,3.46,20357
2072,20100903,24.4,10.8,17.6,2.1,12.98,0,3.78,21819
2073,20100904,24,10.7,17.4,1.8,13.23,0,3.28,18532
2074,20100905,24,11.4,17.7,2.1,12.68,0,3.61,20335
2075,20100906,22.5,12.9,17.7,1.5,15.13,8.4,2.11,9393
2076,20100907,17.6,15.1,16.3,2.1,17.33,12.1,1.4,6834
2077,20100908,15.9,13.2,14.6,4.4,14.13,4.6,1.85,7975
2078,20100909,19.5,10.4,15,1.8,13.88,1,2.18,12968
2079,20100910,21.7,8.6,15.1,1.3,12.88,0,2.61,16954
2080,20100911,24.8,9.8,17.3,1.7,13.33,0,3.25,19545
2081,20100912,22.7,11.4,17.1,2.4,14.68,3.3,2.77,14192
2082,20100913,19.6,9,14.3,2.3,12.03,0,2.51,15533
2083,20100914,21.4,9.5,15.5,2.4,12.43,0,2.74,14749
2084,20100915,15.1,10.1,12.6,2.9,13.33,1.8,1.36,7419
2085,20100916,16.4,8.1,12.2,1.9,11.58,0,1.7,9910
2086,20100917,18.6,6.5,12.6,1.5,10.98,0,1.95,12062
2087,20100918,16.9,5.4,11.2,2.1,8.73,0,2.52,17867
2088,20100919,19,4,11.5,1.9,8.63,0,2.66,18587
2089,20100920,22,4.9,13.5,1.1,10.18,0,2.52,18442
2090,20100921,24.3,6.7,15.5,1.2,11.93,.1,2.53,17018
2091,20100922,25.8,9.3,17.6,1.3,13.18,0,2.75,16519
2092,20100923,25.8,10.8,18.3,2.4,14.48,19.1,2.89,13233
2093,20100924,16.7,13.4,15.1,2.4,14.08,17.6,1.5,6343
2094,20100925,13.7,10.1,11.9,3.1,11.03,.7,1.54,6428
2095,20100926,13.6,6,9.8,2.8,9.18,4.5,1.64,8010
2096,20100927,11.1,6.9,9,2,9.93,.4,01.06,5516
2097,20100928,15.6,4.5,10.1,.8,11.03,.1,1.13,7735
2098,20100929,15.4,10.9,13.1,.7,13.53,.1,1,5384
2099,20100930,14.4,10.7,12.6,1.6,13.33,.7,01.02,5368
2100,20101001,17.9,6,11.9,2.1,11.68,.6,1.63,10264
2101,20101002,22.9,11.8,17.4,2.6,13.33,0,2.45,9862
2102,20101003,24.3,13.4,18.8,4.2,13.53,0,3.46,13230
2103,20101004,19,14.1,16.5,2.1,14.58,13.4,1.59,6217
2104,20101005,15.8,11.9,13.9,2.8,14.48,0,01.09,5331
2105,20101006,22.5,10.5,16.5,1.8,14.18,0,2.12,13510
2106,20101007,23.9,10.5,17.2,.7,14.73,0,1.75,13562
2107,20101008,24.2,10.6,17.4,1.1,15.08,0,1.91,13619
2108,20101009,24.4,11.1,17.8,1.1,15.38,0,1.89,13762
2109,20101010,19.3,12,15.7,2.8,13.33,0,2,11820
2110,20101011,16.9,7.1,12,3,09.08,.1,2.12,13442
2111,20101012,17.2,5.7,11.5,3,8.93,0,2.12,13671
2112,20101013,14.7,3.7,9.2,2.9,8.43,0,1.76,13306
2113,20101014,13,2.4,7.7,2,8.78,.1,1.14,9161
2114,20101015,10.3,3.4,6.8,2.2,8.53,2.1,.93,4983
2115,20101016,11.6,7,9.3,2,9.68,3,1,4912
2116,20101017,7.7,5.3,6.5,3.9,8.28,0,.99,4505
2117,20101018,7.8,5.4,6.6,2.8,7.53,0,1.12,4526
2118,20101019,10,.3,5.2,3.4,9.38,5.3,.46,4338
2119,20101020,10.7,6.4,8.6,2.5,7.93,.5,1.29,7149
2120,20101021,9.8,-1.3,4.3,1.2,5.98,0,.94,12096
2121,20101022,9.4,-2.4,3.5,.8,6.53,0,.67,6393
2122,20101023,14,.1,7,3.3,8.38,5.1,1.26,7233
2123,20101024,10.9,5.8,8.4,1.7,9.35,1,.84,5952
2124,20101025,9.1,2.2,5.6,4.8,6.83,0,1.34,7732
2125,20101026,11.3,.3,5.8,3,6.28,0,1.33,11487
2126,20101027,13.9,1.9,7.9,1.6,6.98,.4,1.14,6768
2127,20101028,12.5,2.2,7.4,1.1,8.63,0,.74,5430
2128,20101029,18.5,2.2,10.3,2.7,8.58,0,1.69,8462
2129,20101030,13.7,9.3,11.5,2.9,10.68,9.8,1.16,4696
2130,20101031,14.7,8.4,11.6,1.7,11.78,3,.78,5011
2131,20101101,14.4,9.3,11.8,2.6,11.43,0,1.12,3411
2132,20101102,14.6,6.7,10.6,2.6,10.78,.2,1,6056
2133,20101103,14.7,9.6,12.2,3.3,13.03,1,.83,3536
2134,20101104,16.1,12.3,14.2,3,14.88,.3,.83,3374
2135,20101105,15.7,12.5,14.1,2.5,12.98,0,01.09,4089
2136,20101106,13.7,11,12.3,3.2,12.33,10.4,.96,3169
2137,20101107,9.3,7.8,8.6,2.6,9.58,3.7,.78,3303
2138,20101108,6.4,2,4.2,5,7.93,7.3,.52,3434
2139,20101109,10.4,5.1,7.8,4,9.33,2.5,.81,3487
2140,20101110,8.8,6.3,7.5,2.4,8.83,1.4,.73,3267
2141,20101111,9.1,-.2,4.4,5.7,8.78,9.6,.35,3573
2142,20101112,14.5,8.1,11.3,6,13.03,3.1,.68,2941
2143,20101113,16.7,12.5,14.6,5,12.48,0,1.73,3273
2144,20101114,17.4,8.6,13,3.7,11.48,9.7,1.4,5178
2145,20101115,8.8,6.4,7.6,1.7,9.48,4.6,.51,2920
2146,20101116,7.6,3.4,5.5,2.4,7.98,0,.6,4269
2147,20101117,6.9,3.4,5.2,1.5,7.48,.3,.53,4154
2148,20101118,9.4,2.8,6.1,1.8,8.73,1.4,.48,2936
2149,20101119,10.1,4.4,7.3,1.7,8.73,.3,.57,3540
2150,20101120,8.7,2.3,5.5,1.8,8.23,1.5,.42,3114
2151,20101121,7,4.9,6,2.6,08.08,.6,.62,2896
2152,20101122,3.6,3,3.3,1.7,7.23,.4,.39,2546
2153,20101123,3.8,2.3,3,2.1,6.78,0,.47,2515
2154,20101124,6.2,2.7,4.4,2.6,07.03,3.1,.6,3190
2155,20101125,3.2,1.1,2.2,3.3,6.63,7.2,.41,2457
2156,20101126,1.4,-2,-.3,2.5,5.28,.3,.42,2700
2157,20101127,0,-4.5,-2.2,1.1,05.03,.8,.19,3530
2158,20101128,.9,-3.7,-1.4,1.6,5.58,2.3,.13,3702
2159,20101129,.6,-1.4,-.4,2.3,5.33,.2,.4,2503
2160,20101130,-2.4,-5.8,-4.1,2.6,4.38,0,.24,2627
2161,20101201,-1.6,-4.1,-2.9,2.5,4.63,0,.29,2307
2162,20101202,-.6,-3.7,-2.2,2.3,4.33,2,.36,3780
2163,20101203,-2,-5.1,-3.5,1.4,4.68,.4,.21,2266
2164,20101204,-.6,-4.5,-2.6,3,04.08,0,.36,5293
2165,20101205,2.7,-4.3,-.8,2.7,5.43,14.1,.37,2229
2166,20101206,2.1,.7,1.4,2,7.18,15.6,.13,2212
2167,20101207,5.9,1.7,3.8,1.7,8.83,10.8,.13,2196
2168,20101208,7.4,3.5,5.5,2.9,8.33,12.5,.56,2210
2169,20101209,1.6,-2.1,-.3,1.9,5.48,.1,.3,2750
2170,20101210,2,-3.2,-.6,1.7,5.98,0,.2,2155
2171,20101211,4.2,.3,2.3,1.7,6.93,.1,.28,2144
2172,20101212,5.1,1.9,3.5,2,6.88,.1,.38,2997
2173,20101213,.7,-.5,.1,3,4.63,.1,.5,4919
2174,20101214,-.9,-7.2,-4,3.2,04.03,.2,.37,2393
2175,20101215,-1.3,-5.9,-3.6,2.8,4.18,1.2,.31,2799
2176,20101216,-1.6,-6.2,-3.9,4.1,05.03,5.9,.05,2103
2177,20101217,.1,-2.3,-1.1,3.8,4.78,.7,.47,3021
2178,20101218,-1.1,-8.3,-4.7,5,4.43,4.3,.19,2177
2179,20101219,6.4,-1.6,2.4,6.1,6.18,5.6,.77,3530
2180,20101220,6.2,1.1,3.6,3.8,7.88,6.4,.31,2091
2181,20101221,6.2,3.7,4.9,1.9,8.38,12.9,.31,2090
2182,20101222,5.8,4.2,5,1.6,8.73,27,.25,2091
2183,20101223,5.8,4,4.9,2.3,7.88,11,.5,2176
2184,20101224,-.9,-1.1,-1,3.2,5.19,2.1,.41,1410
2185,20101225,-3.2,-4,-3.6,4.8,3.8,.2,.51,1152
2186,20101226,-2,-11.1,-6.5,1.8,3.38,0,.11,5000
2187,20101227,-1.9,-5,-3.4,2,3.83,.3,.39,2140
2188,20101228,.9,-7.8,-3.4,1.8,5.28,1.7,.13,2119
2189,20101229,4.7,.7,2.7,1.1,7.38,.2,.23,2374
2190,20101230,4.9,1.5,3.2,2.4,7.38,.1,.33,2137
2191,20101231,1.7,1.3,1.5,2.7,6.58,0,.28,2148
2192,20110101,-.7,-1.2,-1,1.4,5.73,.1,.2,2160
2193,20110102,2.4,-1.3,.5,3.1,5.63,0,.46,2315
2194,20110103,.6,-3.9,-1.7,2.1,4.78,0,.3,4473
2195,20110104,-2.8,-4.4,-3.6,1.5,4.48,0,.24,1829
2196,20110105,2.1,-5.2,-1.5,3.1,5.63,1.7,.2,2839
2197,20110106,10.4,1.9,6.2,6.7,9.98,7.2,.24,2236
2198,20110107,12.4,8.4,10.4,4,11.68,7.5,.63,2312
2199,20110108,13.5,8.8,11.2,4.3,10.58,4.9,1.15,2968
2200,20110109,8.8,8.6,8.7,3.3,8.88,6.6,.9,2294
2201,20110110,3.6,-1.6,1,2.1,6.23,0,.25,4157
2202,20110111,7.6,-.2,3.7,3.9,7.88,4,.4,2659
2203,20110112,7,3.8,5.4,4.2,8.93,1.8,.33,2363
2204,20110113,11.6,6.7,9.2,4.1,11.48,.4,.43,2387
2205,20110114,12.2,8,10.1,2.9,10.13,.4,.88,2474
2206,20110115,12.8,6.1,9.4,2.4,8.83,.1,.71,6366
2207,20110116,8.2,-.2,4,1.9,7.18,0,.53,4889
2208,20110117,8.1,-.3,3.9,1.9,7.48,.1,.5,3138
2209,20110118,8.8,2.4,5.6,2.3,8.28,.5,.54,2654
2210,20110119,5.2,.7,2.9,3.1,5.98,0,.67,5131
2211,20110120,3.4,-1.5,1,3.6,5.63,0,.59,3453
2212,20110121,1.5,-2.5,-.5,4.9,4.43,0,.75,6748
2213,20110122,.5,-4.2,-1.8,4.1,4.23,0,.69,3991
2214,20110123,1.7,-6.1,-2.2,2.9,4.48,0,.47,6029
2215,20110124,3,-1.7,.7,1.3,6.38,.2,.3,2731
2216,20110125,6.4,.9,3.6,2.5,6.48,.4,.63,4990
2217,20110126,3.5,1,2.3,2.9,6.88,1.2,.39,2841
2218,20110127,4.1,.3,2.2,3.5,6.18,0,.61,3152
2219,20110128,2.7,-.8,.9,3,5.13,0,.72,3264
2220,20110129,2.2,-3.8,-.8,3.5,4.58,0,.62,7560
2221,20110130,-2.2,-4.8,-3.5,2.2,4.13,0,.41,2970
2222,20110131,-2.5,-7.1,-4.8,1.2,4.18,0,.28,3013
2223,20110201,-1.7,-3.2,-2.5,1.2,4.23,.1,.42,3057
2224,20110202,.9,-4.3,-1.7,1.9,05.03,0,.39,3101
2225,20110203,3.3,-.9,1.2,2.4,6.98,1.5,.27,3147
2226,20110204,8.2,1.8,5,3.6,8.43,.1,.52,3744
2227,20110205,11.4,6.9,9.1,3.7,8.23,0,1.37,5274
2228,20110206,6.9,.8,3.8,1.7,7.13,0,.71,4646
2229,20110207,11,-.6,5.2,2.2,6.28,0,1.16,7989
2230,20110208,7.3,-2.3,2.5,1.4,7.38,0,.45,6206
2231,20110209,5.5,2,3.8,1.9,7.58,0,.48,4232
2232,20110210,9.8,0,4.9,2,7.18,0,.86,4681
2233,20110211,13.1,.9,7,2,7.13,0,1.21,8342
2234,20110212,9.9,-1.1,4.4,1.8,7.38,.3,.79,5779
2235,20110213,10.3,.8,5.6,1.9,7.58,.1,.89,5946
2236,20110214,7.2,2.2,4.7,2,7.93,1.7,.63,3705
2237,20110215,9.1,1.6,5.4,2.8,7.83,.3,.83,4569
2238,20110216,12.5,.1,6.3,1.8,7.33,0,01.05,10122
2239,20110217,6.2,-.5,2.9,2.1,6.93,0,.6,6117
2240,20110218,5.5,1.9,3.7,1.3,6.58,0,.67,4382
2241,20110219,6.5,.6,3.6,1.8,6.88,2.3,.69,3987
2242,20110220,6.6,3.9,5.2,1.9,7.93,1.5,.68,4046
2243,20110221,9.4,3,6.2,1.8,7.93,.9,.86,5900
2244,20110222,3.7,1.9,2.8,2.8,6.43,0,.71,4250
2245,20110223,4.1,-4.2,0,1.9,5.43,1.5,.65,5932
2246,20110224,7.7,1.5,4.6,2.2,8.88,1.2,.48,4285
2247,20110225,10.9,6.1,8.5,1.8,9.68,.2,.86,4569
2248,20110226,8.9,4.2,6.6,3.2,09.08,6.5,.75,4452
2249,20110227,7.9,4,6,3.3,7.38,1,1.13,5684
2250,20110228,6.5,-.6,3,3.8,6.43,0,1,7048
2251,20110301,9.9,2.7,6.3,4.6,6.83,0,1.7,9408
2252,20110302,9.9,-.1,4.9,4.8,4.78,0,2.23,13539
2253,20110303,6.8,-1.9,2.5,3.6,4.33,0,1.67,13018
2254,20110304,10.3,-2.3,4,2.4,5.33,0,1.53,12920
2255,20110305,12,-1.5,5.3,2.7,5.88,0,1.77,14194
2256,20110306,9.1,-1.4,3.8,3.8,5.18,0,1.81,14100
2257,20110307,10.5,-2.4,4,3.1,4.43,0,1.99,15007
2258,20110308,15,-1.8,6.6,4.7,5.83,0,2.59,14957
2259,20110309,14.4,2.2,8.3,3,6.73,0,2.16,13533
2260,20110310,11.5,3.2,7.3,2.6,7.28,.1,1.48,7250
2261,20110311,13.2,4.3,8.8,2.1,6.88,0,1.77,9577
2262,20110312,13.9,.6,7.2,3.3,7.98,6.2,1.67,8414
2263,20110313,10.1,6.4,8.3,2.7,10.28,6.2,.89,5378
2264,20110314,16.7,5.3,11,1.8,10.23,.3,1.75,12095
2265,20110315,19.1,7.7,13.4,3,9.38,0,2.6,13294
2266,20110316,13.6,6.7,10.1,2.4,9.48,1,1.48,7020
2267,20110317,8,7.1,7.5,3,09.03,0,01.07,5645
2268,20110318,11.3,5,8.2,2.4,8.93,5.3,1.24,6606
2269,20110319,8.3,7.1,7.7,3.6,8.93,.2,1.19,5991
2270,20110320,11.7,.1,5.9,3.8,5.63,0,2.44,17145
2271,20110321,13.3,-1.6,5.9,2.7,5.15,0,2.33,16181
2272,20110322,15.2,-2.1,6.5,1.8,5.58,0,2.27,17527
2273,20110323,17.6,-.5,8.6,2,6.55,0,2.51,17814
2274,20110324,20.1,1.3,10.7,1.6,7.62,0,2.6,18226
2275,20110325,20.5,1.7,11.1,2.1,6.65,0,03.04,18534
2276,20110326,18,3.9,10.9,1.9,8.95,3.2,2.21,13730
2277,20110327,16.9,7,12,1.8,11.12,2.5,1.8,11355
2278,20110328,15.9,7.8,11.8,1.9,10.78,1.7,1.77,10431
2279,20110329,17,1.6,9.3,1.5,9.78,1.6,1.87,13480
2280,20110330,14.2,7.7,10.9,3.2,10.78,2.4,1.66,9361
2281,20110331,14.8,8.4,11.6,3.5,12.45,2.6,1.45,8913
2282,20110401,19.1,11,15,2,12.68,0,2.46,14417
2283,20110402,24.9,6.8,15.8,3,12.03,0,3.64,17772
2284,20110403,15.6,10.6,13.1,2.2,12.48,6.7,1.73,8169
2285,20110404,15.1,6.6,10.9,2,9.88,.3,02.09,13500
2286,20110405,17.2,2.9,10.1,1.6,9.13,0,2.36,16692
2287,20110406,23.1,4.7,13.9,.9,10.88,0,2.91,20464
2288,20110407,24.5,6.6,15.6,1.3,11.82,0,3.25,20742
2289,20110408,20.1,6.3,13.2,1.6,10.68,0,03.04,20882
2290,20110409,22.8,5.1,14,2,10.75,0,3.42,21670
2291,20110410,23.6,6.1,14.9,2.4,11.02,0,3.33,19640
2292,20110411,21.7,7,14.4,2.8,12.68,0,2.88,15529
2293,20110412,12.5,8.3,10.4,3.7,8.42,0,2.52,13486
2294,20110413,13,-1.7,5.7,1,6.25,0,02.06,17218
2295,20110414,14,3.8,8.9,1.9,6.88,0,2.28,13652
2296,20110415,14.6,1.9,8.2,2.2,6.35,0,2.77,19295
2297,20110416,16.3,-.4,8,1.6,6.65,0,2.91,22674
2298,20110417,18.4,1.2,9.8,1.6,7.32,0,3.11,22216
2299,20110418,21.2,2.5,11.8,1.6,8.22,0,3.29,21338
2300,20110419,22.6,4.2,13.4,1.6,8.52,0,3.66,23233
2301,20110420,23.5,5.7,14.6,1.7,8.65,0,3.78,21680
2302,20110421,23.1,6.5,14.8,2.2,8.48,0,04.03,21648
2303,20110422,23.9,7.5,15.7,1.3,9.52,0,3.64,21527
2304,20110423,23.8,8,15.9,1.6,11.22,3.2,3.51,19944
2305,20110424,22.1,10.6,16.3,1.6,12.83,.1,3.14,17439
2306,20110425,23.5,9.1,16.3,2.5,11.38,0,3.97,20531
2307,20110426,20.1,5.8,12.9,3.1,9.25,0,04.06,23954
2308,20110427,17.7,4.8,11.3,1.6,10.85,2.6,2.7,18367
2309,20110428,13.8,7.5,10.7,1.6,10.95,1.8,1.8,11543
2310,20110429,17.5,8.1,12.8,1,11.52,.4,2.38,14972
2311,20110430,21,5.5,13.3,1.1,10.75,0,3.34,22534
2312,20110501,22.3,5.8,14.1,1.6,10.93,0,3.64,23209
2313,20110502,22.2,9,15.6,2.2,11.7,3.7,3.46,18062
2314,20110503,17.4,7.1,12.3,2.6,9.88,0,3.26,20521
2315,20110504,18,1.9,10,1.5,7.15,0,3.54,25199
2316,20110505,21.9,.6,11.2,1.2,6.88,0,3.8,26806
2317,20110506,25,4.5,14.7,2.8,8.92,0,4.78,23620
2318,20110507,25.5,12,18.8,4,9.58,0,5.61,21038
2319,20110508,26.1,12.6,19.4,2,10.38,0,4.49,20483
2320,20110509,25.8,9.9,17.9,1.3,13.38,0,4.12,23122
2321,20110510,26.9,11.4,19.1,1.5,14.85,0,04.09,21413
2322,20110511,23.9,13.2,18.5,1.3,15.78,11.9,3.38,17916
2323,20110512,20.2,12.2,16.2,1.9,12.58,.6,3.25,17278
2324,20110513,21.1,3.4,12.3,.8,9.42,0,3.83,26867
2325,20110514,15.9,5.1,10.5,1.9,10.12,2.8,2.52,16405
2326,20110515,16.1,3.2,9.7,2.5,8.82,.8,2.94,19252
2327,20110516,19.4,4.3,11.9,1.7,9.65,0,3.59,23640
2328,20110517,22.6,5.9,14.3,1.3,10.98,0,04.09,25975
2329,20110518,25.7,6.7,16.2,.9,11.35,0,4.22,25566
2330,20110519,23.8,10.6,17.2,1.7,13.65,.4,3.7,19755
2331,20110520,26.3,9.4,17.9,1.9,13.92,.8,4.56,24591
2332,20110521,25.7,8.4,17.1,1.2,13.78,.9,4.4,25976
2333,20110522,24,11.9,18,2.5,13.62,.1,4.29,21946
2334,20110523,25.8,8.5,17.2,1.2,11.72,0,4.61,26998
2335,20110524,20.1,8.7,14.4,2.3,11.02,0,3.78,21013
2336,20110525,25.8,3.8,14.8,1.5,9.28,0,4.91,29341
2337,20110526,20.4,9.2,14.8,3.2,10.58,.1,04.04,20173
2338,20110527,15.9,7.9,11.9,2.4,9.65,.6,2.78,15267
2339,20110528,20,3.3,11.7,1.7,9.28,0,3.85,25422
2340,20110529,25.9,6.1,16,1.4,9.78,0,4.92,28849
2341,20110530,29.2,8.6,18.9,2.6,12.25,8.7,5.68,26399
2342,20110531,14.8,13.4,14.1,3,12.32,2.6,1.89,6197
2343,20110601,17.7,6.5,12.1,3.7,9.45,0,3.58,20549
2344,20110602,22.9,9.9,16.4,3.3,11.45,0,4.59,23472
2345,20110603,24.8,12,18.4,2.3,13.28,0,4.31,21304
2346,20110604,27.7,12.9,20.3,1.7,16.35,2.2,4.38,22224
2347,20110605,25,12.9,18.9,1.6,16.12,1.1,3.97,20657
2348,20110606,22,11.8,16.9,1.9,15.92,5.5,2.88,15033
2349,20110607,23.5,12,17.7,2.2,16.25,9.1,3.53,18374
2350,20110608,16.5,11.1,13.8,2.4,10.98,.2,2.6,12068
2351,20110609,19.3,6.8,13,1.7,10.08,0,3.62,21603
2352,20110610,18.2,9.3,13.7,1.6,11.82,2.4,2.76,15568
2353,20110611,18.7,8.2,13.5,2.2,10.22,.1,3.75,21988
2354,20110612,22,4,13,1.4,9.68,1.3,04.05,25144
2355,20110613,23,12.1,17.5,1.8,14.45,.7,3.24,15343
2356,20110614,23.2,12.7,17.9,1.9,15.15,.1,3.16,14611
2357,20110615,25.9,12.6,19.2,2,14.08,.1,4.67,23472
2358,20110616,20.3,13.1,16.7,2.5,14.68,0,2.86,13618
2359,20110617,21.9,9.2,15.6,3.1,13.22,.3,3.64,18239
2360,20110618,18.7,11.5,15.1,4.9,11.48,1.6,3.71,15656
2361,20110619,19,10.3,14.6,3.6,10.52,.1,3.58,15324
2362,20110620,22.7,13,17.8,2.8,14.12,.4,3.42,13719
2363,20110621,27.9,13.8,20.8,2.6,15.88,.1,4.94,22213
2364,20110622,21.7,15.9,18.8,3.1,15.13,10.3,3.47,13988
2365,20110623,19.2,10.1,14.7,2.6,11.68,.2,3.3,17023
2366,20110624,20.6,7.1,13.8,2.1,9.7,0,04.05,22949
2367,20110625,26,7.6,16.8,1.5,11.58,0,4.69,25978
2368,20110626,30.8,10.9,20.9,1.7,14.73,0,5.85,30096
2369,20110627,35.4,15,25.2,1.6,16.85,0,6.34,28617
2370,20110628,35.9,18.2,27,2.1,17.68,1.5,6.55,25977
2371,20110629,21.8,15.9,18.8,3.1,15.22,0,3.15,11959
2372,20110630,22.1,10.7,16.4,2.3,9.65,0,4.81,25427
2373,20110701,21.7,7.6,14.6,1.7,9.25,.1,4.24,24124
2374,20110702,22.2,6.6,14.4,1.9,8.68,0,4.81,28580
2375,20110703,24.5,5.3,14.9,1.7,8.75,0,05.07,29984
2376,20110704,28.1,7.8,18,1.7,9.82,0,5.5,29661
2377,20110705,30.2,10.3,20.2,1.6,10.28,0,5.78,29025
2378,20110706,24.6,16.2,20.4,3.1,12.45,0,4.81,18164
2379,20110707,20.4,11.2,15.8,2.2,12.68,5.4,03.06,14229
2380,20110708,23.8,11.5,17.7,2.9,11.85,0,4.46,19793
2381,20110709,23,13.8,18.4,2.5,13.72,.5,3.63,15446
2382,20110710,23,12.3,17.7,1,15.82,7,2.6,12808
2383,20110711,27.4,12.1,19.7,1.4,14.58,0,4.8,25913
2384,20110712,28.5,14,21.3,2.1,16.65,5,4.42,19590
2385,20110713,16,15.7,15.8,2.6,15.78,2.7,1.5,5466
2386,20110714,20.3,9.1,14.7,2.2,11.08,0,3.5,18641
2387,20110715,25.1,8.8,16.9,1.5,10.45,0,4.53,24853
2388,20110716,24.1,11,17.6,3.5,13.38,8.2,4,16184
2389,20110717,19.7,13.5,16.6,5.1,13.75,.7,3.47,15190
2390,20110718,19.5,11.9,15.7,4,12.28,2.9,3.41,14905
2391,20110719,18.9,11.8,15.3,3.5,13.62,7.1,2.68,12609
2392,20110720,18,11.9,14.9,3.1,13.92,11.3,2.38,11551
2393,20110721,19.3,12.4,15.8,3,15.52,7.8,2.54,13107
2394,20110722,21.3,13.2,17.2,2.3,15.32,4.2,2.92,14863
2395,20110723,19.2,9.9,14.6,1.9,13.02,3.8,2.9,16453
2396,20110724,19.6,8.2,13.9,2.6,11.58,.7,03.07,16199
2397,20110725,20.3,12.5,16.4,1.8,15.22,2.6,2.59,13720
2398,20110726,22.7,13.8,18.2,1.9,15.08,1.3,2.92,13176
2399,20110727,21.4,12.4,16.9,1.5,14.58,1,2.99,16117
2400,20110728,20.6,13.8,17.2,1.8,15.45,.2,2.65,13420
2401,20110729,21.5,11.7,16.6,1.4,16.05,.1,2.77,15949
2402,20110730,20.8,11.5,16.1,1.7,13.55,0,3.21,18069
2403,20110731,22.1,7.2,14.7,.9,11.75,0,3.65,23513
2404,20110801,25.5,7.6,16.6,1,12.45,0,4.27,26542
2405,20110802,29.4,10.9,20.2,1.6,15.58,.8,4.2,21695
2406,20110803,23.8,17.4,20.6,2.3,19.38,1.1,2.81,12461
2407,20110804,25.6,15.7,20.7,2.3,17.72,1.1,3.88,19003
2408,20110805,26.2,18,22.1,2,19.62,4,3.37,14837
2409,20110806,21.6,16.7,19.1,1.9,19.55,18.4,2.17,10025
2410,20110807,20.7,13.1,16.9,2.8,14.28,0,3.15,15750
2411,20110808,19.2,12,15.6,4.9,13.15,.4,3.27,15425
2412,20110809,19.5,11,15.3,3,12.53,.1,3.22,16663
2413,20110810,22,6.3,14.2,1,10.92,0,3.62,24038
2414,20110811,25.1,8.1,16.6,2,12.78,0,04.07,22354
2415,20110812,20.4,13.3,16.9,2.2,16.28,1,2.3,11770
2416,20110813,25.3,14.1,19.7,1.8,17.62,0,3.52,18809
2417,20110814,22.5,15.2,18.8,2.2,19.05,11.7,2.27,11168
2418,20110815,22.3,15.2,18.7,1.7,16.95,.4,2.77,14134
2419,20110816,26.2,10.4,18.3,1,15.82,0,3.79,22607
2420,20110817,28,13.2,20.6,1.4,18.12,8.2,3.81,20246
2421,20110818,29.6,16.7,23.2,2.4,20.32,1.2,4.1,18200
2422,20110819,26.6,17.8,22.2,1.7,19.55,0,3.97,20767
2423,20110820,31.1,14.8,22.9,1.4,20.78,.3,4.21,21594
2424,20110821,32.3,19.4,25.9,1.7,22.25,.6,04.08,17527
2425,20110822,32.6,18.6,25.6,1.8,20.98,0,4.69,21221
2426,20110823,29.8,17.8,23.8,2.3,17.98,.4,4.4,18897
2427,20110824,22.7,17.2,19.9,1.5,18.82,4.4,2.21,10275
2428,20110825,23.7,15.4,19.6,1.5,19.55,12.3,2.34,12374
2429,20110826,19.8,16.6,18.2,3.7,16.28,15.7,2.23,6696
2430,20110827,19,10.9,14.9,3.3,12.62,.9,2.77,14389
2431,20110828,20.6,8.6,14.6,1.7,12.22,0,2.96,18833
2432,20110829,19.5,7.8,13.7,1.1,11.72,0,2.43,15183
2433,20110830,20.8,6.4,13.6,.9,11.52,0,2.8,19815
2434,20110831,23.7,7.8,15.8,1.4,13.35,.4,3.12,19507
2435,20110901,24.6,13.2,18.9,1.4,17.72,.5,2.47,12827
2436,20110902,28.7,14.8,21.8,1.3,18.98,1,3.5,18797
2437,20110903,29,14.5,21.8,2.2,19.32,.6,3.1,13313
2438,20110904,21.8,17.8,19.8,2.4,18.22,.9,02.03,7424
2439,20110905,20.1,10.6,15.3,3.1,12.18,0,2.67,11633
2440,20110906,20.6,8.6,14.6,3.8,12.55,.7,2.77,13658
2441,20110907,20,12.9,16.5,3.7,14.18,1.1,2.75,13445
2442,20110908,20.7,10.9,15.8,3.2,15.38,1.4,2.13,10661
2443,20110909,23.6,17.2,20.4,1.8,19.75,.1,1.97,8745
2444,20110910,30.1,14.5,22.3,2.9,18.63,.1,4.25,19066
2445,20110911,21.6,17.2,19.4,2.6,17.35,6.9,02.09,6973
2446,20110912,22.3,11.6,17,3.6,16.55,.2,2.36,11784
2447,20110913,21,16.4,18.7,2.9,17.6,.2,02.03,8310
2448,20110914,19.5,9.5,14.5,1.6,11.73,0,2.53,16315
2449,20110915,21.2,5,13.1,1.3,10.85,0,2.52,18163
2450,20110916,21.8,7.7,14.8,1.3,15.05,.1,1.65,9044
2451,20110917,19,14.8,16.9,3.1,14.85,4.3,2.11,9040
2452,20110918,15.7,9.8,12.7,4.3,11.32,2.2,2.19,11820
2453,20110919,17,10,13.5,3.1,12.12,1.7,1.95,10206
2454,20110920,19.5,5.7,12.6,.8,11.88,0,1.75,12710
2455,20110921,21.4,5.5,13.5,.7,11.85,0,02.08,16099
2456,20110922,20.2,7.6,13.9,.9,12.15,0,1.84,12386
2457,20110923,20.2,7.2,13.7,.9,11.75,.1,1.96,14759
2458,20110924,23.7,6,14.9,.9,13.25,0,2.17,15414
2459,20110925,25.8,9.8,17.8,.9,14.82,0,2.33,15290
2460,20110926,26.2,10.1,18.1,.9,14.95,0,2.24,14050
2461,20110927,25.5,10.3,17.9,1,15.08,0,2.19,13944
2462,20110928,27,10.6,18.8,1.1,14.58,.1,2.39,14610
2463,20110929,26.6,9.9,18.2,1.1,14.48,0,2.34,15422
2464,20110930,27.8,9.7,18.7,.9,13.68,.1,2.36,15394
2465,20111001,25.9,8.2,17,.9,13.05,.1,2.22,15469
2466,20111002,26,7.6,16.8,.6,13.18,0,02.02,15446
2467,20111003,25.9,7.4,16.6,1.2,12.45,0,2.3,15038
2468,20111004,22.1,7.2,14.7,1.8,13.25,0,2,12678
2469,20111005,21,12.1,16.6,1.5,13.42,0,1.63,7685
2470,20111006,19.2,10.1,14.7,3.3,13.02,5.6,1.76,6626
2471,20111007,13.1,6.5,9.8,3.5,10.28,2.9,1.32,8969
2472,20111008,11.4,7.9,9.7,3.6,11.08,4.5,.89,4175
2473,20111009,14.3,8.9,11.6,3,13.95,4.9,.65,4759
2474,20111010,15.5,13,14.3,3.7,15.18,0,.97,4098
2475,20111011,15.1,12.5,13.8,2.2,13.88,.1,1,3969
2476,20111012,14.3,11.7,13,2,13.72,.2,.9,4368
2477,20111013,17.8,12,14.9,1.8,13.82,0,1.25,6748
2478,20111014,15.1,5.9,10.5,1.9,9.82,0,1.37,11569
2479,20111015,17,1.8,9.4,1.3,09.02,0,1.3,12722
2480,20111016,18.8,2.1,10.5,1,9.88,0,1.25,11266
2481,20111017,18.3,3.5,10.9,.9,10.85,.1,1.14,10220
2482,20111018,19.6,6,12.8,3,11.48,19.9,1.79,8940
2483,20111019,10.8,5.4,8.1,2.2,9.18,3.3,.88,5131
2484,20111020,10,.9,5.5,1.2,7.58,0,.78,7509
2485,20111021,9.2,-1.3,3.9,1.2,6.85,0,.72,7878
2486,20111022,13.5,-.4,6.5,1.7,7.92,0,1,10588
2487,20111023,17,1.5,9.3,1.9,8.85,0,1.33,11384
2488,20111024,17.7,3.7,10.7,4.9,10.32,9.1,1.74,10324
2489,20111025,15.2,10.3,12.7,2.9,11.75,3.6,1.18,4460
2490,20111026,16.1,3.5,9.8,2.3,8.75,.1,1.35,10140
2491,20111027,18.6,5,11.8,3.3,10.28,.2,1.66,8195
2492,20111028,17.4,11.1,14.2,1.6,12.58,0,1.1,5013
2493,20111029,16.9,9.2,13.1,1,13.35,.1,.77,4329
2494,20111030,16,10.3,13.2,.8,12.72,0,.78,5032
2495,20111031,17.7,5.9,11.8,1,11.15,.1,.84,7121
2496,20111101,14.7,5.7,10.2,1.8,11.68,.8,.68,4890
2497,20111102,18.8,6,12.4,3.9,12.78,0,1.17,5721
2498,20111103,16.3,14.6,15.4,3.9,13.18,12.7,1.66,3312
2499,20111104,14.6,10.6,12.6,2.6,13.52,12.2,.71,3259
2500,20111105,17.4,10.3,13.8,1.5,13.05,3.7,.87,3543
2501,20111106,16.3,7.9,12.1,2.3,12.18,0,.88,5945
2502,20111107,10,7.5,8.7,1.6,11.38,.8,.43,2511
2503,20111108,13,8.8,10.9,1.2,11.75,1.6,.6,3687
2504,20111109,11.3,5.2,8.2,1.8,10.51,0,.51,5773
2505,20111110,13.3,6.1,9.7,1.6,10.78,0,.54,5620
2506,20111111,11,6.2,8.6,1.8,10.25,.1,.56,3696
2507,20111112,15.5,4.6,10,1.6,10.35,0,.68,6976
2508,20111113,13.7,3.6,8.6,1.7,9.45,.1,.5,6844
2509,20111114,13.1,3.6,8.4,1.8,8.58,0,.57,6573
2510,20111115,10.6,1.1,5.8,2,7.42,.1,.5,6722
2511,20111116,10,.2,5.1,1.6,7.32,0,.48,6101
2512,20111117,13.3,2.1,7.7,1.4,9.32,.1,.52,4615
2513,20111118,13.8,3.1,8.4,1.2,8.58,0,.57,5131
2514,20111119,11.1,2.4,6.8,1.4,8.62,.3,.49,4217
2515,20111120,15.3,4.4,9.8,.8,9.23,0,.42,6627
2516,20111121,16.4,5.7,11.1,1.1,9.78,.1,.53,6696
2517,20111122,13.5,1.9,7.7,.9,8.78,.1,.45,4781
2518,20111123,9.6,.7,5.2,1.1,8.32,0,.3,4223
2519,20111124,5.8,1,3.4,1.1,7.52,0,.34,3195
2520,20111125,7.1,-.2,3.4,1.5,7.65,.4,.28,3716
2521,20111126,6.2,4,5.1,1.3,8.7,0,.31,2268
2522,20111127,9.3,4,6.7,2.4,9.23,0,.46,2902
2523,20111128,9.8,6.7,8.3,1.3,9.4,0,.41,3417
2524,20111129,12.8,2.1,7.5,2.2,8.55,2.3,.56,5218
2525,20111130,11.8,5.6,8.7,1.6,9.92,.1,.39,4625
2526,20111201,13.6,3.6,8.6,3.6,9.35,.3,.92,3372
2527,20111202,10,8.4,9.2,3.1,09.08,1.2,.96,1899
2528,20111203,8.1,3,5.5,4.4,9.32,11.8,.22,1907
2529,20111204,11.8,7.8,9.8,5.9,11.82,12,.47,2035
2530,20111205,7.7,5.5,6.6,4.6,08.02,1.1,.77,3959
2531,20111206,7.1,3.7,5.4,4.6,8.12,2.9,.56,2262
2532,20111207,9.4,5.1,7.2,5.7,9.55,6.7,.57,1946
2533,20111208,9.5,3,6.2,4.1,09.08,1.1,.43,3165
2534,20111209,10.4,8.3,9.3,4.1,9.92,14.3,.85,1988
2535,20111210,8.6,5.6,7.1,1.5,8.75,1.2,.57,2304
2536,20111211,9.3,-.4,4.5,2.5,8.68,7.9,.34,2614
2537,20111212,8.3,7.5,7.9,4.8,08.02,.5,1.11,2883
2538,20111213,10.6,1.7,6.2,6.2,8.18,3.7,.91,2337
2539,20111214,9.8,4.6,7.2,6.5,08.02,5.6,1.16,3264
2540,20111215,7.6,3.3,5.4,6.5,7.92,20.7,.75,2168
2541,20111216,11.5,4.2,7.9,9.3,8.45,14.1,1.55,2044
2542,20111217,4.3,1.8,3.1,4,6.65,2.8,.59,2039
2543,20111218,3.9,.6,2.3,3.7,06.08,2.8,.52,3318
2544,20111219,1.9,-.5,.7,3.3,5.92,3,.35,2495
2545,20111220,6.8,-.7,3.1,3.6,7.78,3.2,.29,2306
2546,20111221,6.2,3.1,4.6,2.6,8.88,5.7,.22,1437
2547,20111222,10.1,6.1,8.1,3.5,11.05,.5,.25,2075
2548,20111223,8.2,7,7.6,3.1,9.58,3,.52,1565
2549,20111224,5.7,3.7,4.7,4.3,6.78,0,.78,2937
2550,20111225,6,-1.7,2.1,1.7,6.62,0,.27,2609
2551,20111226,7.1,.9,4,.9,6.78,0,.23,3626
2552,20111227,3.2,-1,1.1,2.2,7.11,0,.13,1806
2553,20111228,4.9,-1.1,1.9,2.9,7.35,.8,.11,3317
2554,20111229,5.7,2.1,3.9,4.1,7.51,7.3,.37,3431
2555,20111230,6.3,3.7,5,4.6,7.95,13.2,.53,2234
2556,20111231,10.8,3.2,7,4,11.45,5.1,0,2091
2557,20120101,12.9,10.1,11.5,4.5,12.28,5.7,.7,1957
2558,20120102,9.9,8.9,9.4,4.8,9.25,3.3,01.08,2430
2559,20120103,9.7,1.2,5.5,6.4,8.48,13.8,.49,2927
2560,20120104,7.9,5.9,6.9,5,08.05,2.6,.93,2878
2561,20120105,9.7,5,7.4,7.8,8.68,9.5,1.17,2218
2562,20120106,6,3,4.5,3.7,6.55,.4,.76,3667
2563,20120107,8.1,-.3,3.9,3.5,8.42,2.1,.26,2054
2564,20120108,6.5,5.6,6,2.7,8.28,.4,.59,1624
2565,20120109,7,2.9,5,1.7,8.42,.1,.31,2328
2566,20120110,8.4,5,6.7,1.1,9.18,0,.37,2152
2567,20120111,6.5,.9,3.7,.8,7.48,0,.25,3060
2568,20120112,2.3,-1.5,.4,1.8,6.55,.3,.23,1864
2569,20120113,5.5,1.9,3.7,1.6,07.08,.1,.39,2707
2570,20120114,3.9,-3.3,.3,2,5.12,0,.31,6139
2571,20120115,3.6,-4.5,-.4,2,4.65,0,.36,6261
2572,20120116,3.8,-4.3,-.2,2.1,4.28,0,.48,6208
2573,20120117,5.4,-6.4,-.5,1,4.42,0,.38,4803
2574,20120118,2.3,-6.1,-1.9,2.1,5.65,.6,.18,3170
2575,20120119,9.5,1.4,5.4,5.3,9.42,6.2,.25,2523
2576,20120120,7.5,5.8,6.7,4.3,8.73,8,.68,2783
2577,20120121,10.2,5.3,7.8,6,10.08,3.7,.56,2320
2578,20120122,7.8,6.1,7,4.6,9.25,.8,.64,1435
2579,20120123,7.8,5.9,6.8,2.9,8.42,.5,.7,2477
2580,20120124,6.2,4.1,5.1,2.2,08.05,4,.48,2263
2581,20120125,7.9,3.4,5.6,1.6,9.75,.5,.29,2286
2582,20120126,8.1,5.5,6.8,2.2,09.05,.7,.53,2417
2583,20120127,6.7,1.8,4.2,1.4,7.45,0,.44,3808
2584,20120128,4.5,-1.3,1.6,1.8,6.78,.5,.31,3759
2585,20120129,1.1,-.4,.4,3.3,5.58,.1,.49,2039
2586,20120130,-.8,-1.4,-1.1,1.6,4.82,.2,.46,1180
2587,20120131,-.6,-2.2,-1.4,2.5,4.78,0,.48,2455
2588,20120201,-2.7,-5.2,-4,3.9,3.48,0,.63,4824
2589,20120202,-4.7,-8.3,-6.5,5.2,2.42,0,.81,5226
2590,20120203,-4.4,-11.2,-7.8,4.2,1.98,0,.8,7569
2591,20120204,-3.6,-11.8,-7.7,2.9,1.98,0,.7,8217
2592,20120205,-3.4,-14.7,-9,1.6,1.92,0,.49,7650
2593,20120206,-1.9,-12.3,-7.1,2.1,02.05,0,.64,8411
2594,20120207,-5,-13.9,-9.5,4.4,1.85,0,.72,8741
2595,20120208,-5,-9.1,-7.1,3,2.48,0,.59,4052
2596,20120209,0,-14,-7,2,2.72,0,.57,8622
2597,20120210,-2.2,-9.9,-6,4.2,2.68,0,.78,8389
2598,20120211,-3.6,-11.6,-7.6,4.1,2.22,0,.76,9063
2599,20120212,-.6,-13.9,-7.3,2.4,02.05,0,.79,9970
2600,20120213,.5,-7.1,-3.3,1.6,3.93,1.9,.53,3730
2601,20120214,2.1,-2,.1,1.6,6.13,1.3,.39,3705
2602,20120215,6,.9,3.5,4.2,7.23,3,.66,3882
2603,20120216,6.4,2.8,4.6,2.4,7.48,.4,.67,4120
2604,20120217,6.9,1.5,4.2,1.4,6.92,0,.68,4785
2605,20120218,7.5,1.3,4.4,2.2,7.13,1.7,.77,3929
2606,20120219,6,.5,3.3,2.8,06.02,.2,.92,6761
2607,20120220,4.5,-6,-.8,1.6,4.45,0,.78,10693
2608,20120221,5.7,-7.6,-.9,1.1,4.15,0,.78,11463
2609,20120222,9.4,-6.4,1.5,1.2,4.62,0,.98,11632
2610,20120223,5.8,-.9,2.4,2.3,7.12,.9,.52,4642
2611,20120224,9,4.2,6.6,1.3,9.68,.2,.57,4269
2612,20120225,8.9,6,7.5,1.4,10.08,.1,.61,4072
2613,20120226,8.7,3.3,6,2.1,07.05,0,1.1,7083
2614,20120227,9.6,-3.1,3.2,1,06.02,0,.96,10430
2615,20120228,11.3,-2,4.6,1.3,6.68,0,01.08,10426
2616,20120229,14.7,-1.1,6.8,1.3,08.02,0,1.21,11086
2617,20120301,12.9,1.7,7.3,1.1,8.88,0,01.06,9758
2618,20120302,13.6,3.8,8.7,1.1,9.38,0,01.07,7873
2619,20120303,9.6,1.7,5.7,1.9,8.62,.1,.85,6151
2620,20120304,11.2,5.8,8.5,3.3,9.22,5.3,1.16,5325
2621,20120305,7.1,1.2,4.2,4.8,6.25,.3,1.35,8017
2622,20120306,5.2,.9,3,1.9,6.72,.2,.72,4619
2623,20120307,6.4,-3,1.7,3,6.58,4.7,.78,7574
2624,20120308,7.7,1.5,4.6,2.9,6.38,0,1.31,8500
2625,20120309,10.8,-3.2,3.8,1.3,5.52,0,1.43,14453
2626,20120310,11.6,-1.9,4.9,1.8,07.02,0,1.26,9344
2627,20120311,11.6,5.8,8.7,2.8,09.05,.1,1.29,6277
2628,20120312,16.5,1.3,8.9,2.6,8.15,0,2.14,15152
2629,20120313,17.9,2.4,10.2,2.4,8.28,.1,2.29,16132
2630,20120314,17.6,.5,9.1,1.7,7.95,0,1.99,15361
2631,20120315,22.5,.4,11.4,1.7,7.48,0,2.65,16909
2632,20120316,23.4,1.7,12.6,2.1,7.78,0,03.03,16908
2633,20120317,14.6,5.9,10.2,2.8,8.55,6.3,1.89,8612
2634,20120318,10,5.8,7.9,2.6,8.85,4.9,1.17,5961
2635,20120319,9.4,3.7,6.5,2,7.75,1.3,1.18,7304
2636,20120320,12,-.3,5.9,1.9,6.48,0,1.82,14781
2637,20120321,17.9,.4,9.1,2,7.48,0,2.35,16071
2638,20120322,19.5,4.2,11.9,1.3,7.95,0,2.22,13852
2639,20120323,20.8,2.2,11.5,1.2,8.12,0,2.45,17510
2640,20120324,20.1,2.3,11.2,1.3,8.35,0,2.49,17815
2641,20120325,20,3.6,11.8,2.8,8.18,0,03.08,17864
2642,20120326,20,5,12.5,2.6,7.15,0,3.31,18786
2643,20120327,19.7,2.3,11,2.5,6.95,0,3.13,19056
2644,20120328,20.8,3.9,12.4,2.1,8.18,0,03.05,19105
2645,20120329,20.2,2.6,11.4,2.2,7.32,0,3.14,19188
2646,20120330,17.5,2.9,10.2,2.2,8.55,0,2.66,18504
2647,20120331,12.5,4.3,8.4,2.2,8.88,0,1.67,10374
2648,20120401,13.2,.7,6.9,3.3,5.38,0,2.85,19435
2649,20120402,18.6,-1.4,8.6,1.5,5.82,0,2.87,21015
2650,20120403,17,3.2,10.1,3.3,8.38,1.7,2.57,12224
2651,20120404,13.1,5,9,1.7,8.35,.1,1.72,10171
2652,20120405,15,6.2,10.6,1.6,9.42,.1,1.84,10763
2653,20120406,16.2,2.7,9.5,2,8.68,0,2.48,17736
2654,20120407,12,4.1,8,2.6,7.58,0,02.01,11079
2655,20120408,10.3,.9,5.6,2.4,5.92,.1,2.12,15956
2656,20120409,12.6,4.3,8.4,3.5,8.65,.2,1.75,8773
2657,20120410,12.1,4.8,8.5,3.9,9.38,8.2,1.57,8839
2658,20120411,11.8,3.2,7.5,3.1,8.32,3,1.94,13973
2659,20120412,13.1,3.9,8.5,1.8,08.02,1.3,2,13079
2660,20120413,13.9,-.4,6.7,1.3,6.92,0,2.23,17739
2661,20120414,14.3,.8,7.5,2.2,7.12,2.2,2.35,15475
2662,20120415,9.9,5.5,7.7,5,7.55,1.5,1.86,7844
2663,20120416,10,2.4,6.2,3.7,5.68,.1,2.33,12598
2664,20120417,12.1,-4.3,3.9,3.1,5.98,3.1,2.28,17232
2665,20120418,13.2,4.5,8.8,5,8.12,4.1,2.47,13295
2666,20120419,11.9,5.6,8.7,3.7,8.85,5.6,02.02,11920
2667,20120420,12.3,4.6,8.4,3.6,8.38,1.9,2.19,13986
2668,20120421,11.9,6.1,9,4.6,8.83,7.6,02.08,11230
2669,20120422,12.6,4.4,8.5,4.3,8.15,2.5,2.48,15797
2670,20120423,10.7,3.2,6.9,5,8.48,9.4,1.73,11909
2671,20120424,10.8,5.2,8,5.3,8.68,4.1,1.97,12593
2672,20120425,14,3.8,8.9,5.8,9.12,13.7,2.22,10663
2673,20120426,11.1,8.2,9.6,3,10.78,4.5,1.26,6734
2674,20120427,13,6.8,9.9,1.5,11.82,4.9,1.44,9790
2675,20120428,22.8,10.9,16.8,3.1,12.42,3.7,3.3,12188
2676,20120429,18.6,12.1,15.4,4.8,10.65,2.3,3.69,14947
2677,20120430,18.4,5.2,11.8,2.1,10.72,3.2,2.47,13998
2678,20120501,18,5.7,11.8,1.8,10.22,9.4,3.12,21255
2679,20120502,11.8,8.4,10.1,2.2,11.12,12.7,1.37,7875
2680,20120503,20.3,3.7,12,1.4,9.98,0,3.54,24404
2681,20120504,21.3,6.7,14,2.2,11.65,3.9,3.11,16524
2682,20120505,16.8,9.3,13.1,2.4,11.85,7.2,2.34,12659
2683,20120506,15.2,7.2,11.2,2.7,11.25,2.2,02.06,12134
2684,20120507,17.2,6.7,11.9,1.6,9.88,0,2.84,18151
2685,20120508,16.2,6.4,11.3,2.9,12.85,5,1.7,10524
2686,20120509,22.6,12.2,17.4,2.7,15.62,2,3.28,17058
2687,20120510,28.6,11.6,20.1,2.5,16.58,0,4.92,24716
2688,20120511,28,13.8,20.9,2.4,16.92,1.5,4.34,19665
2689,20120512,16.5,10.1,13.3,2.7,10.32,0,3.16,17914
2690,20120513,15.8,3.1,9.4,2.5,7.88,0,3.56,25928
2691,20120514,19.2,1.2,10.2,1.1,7.95,0,3.68,26888
2692,20120515,13.8,5.7,9.8,3.7,8.25,1.5,2.93,17081
2693,20120516,13.3,3.4,8.4,2.3,6.98,0,2.86,19355
2694,20120517,17.6,-.4,8.6,2,7.38,0,3.24,22088
2695,20120518,15.5,9.5,12.5,2.1,12.52,2.2,1.96,10563
2696,20120519,22.4,10.5,16.4,1.9,13.02,2.3,3.63,20132
2697,20120520,21.3,11.9,16.6,2.1,14.48,9.6,2.8,13899
2698,20120521,15.3,11.1,13.2,2.9,13.98,22.4,1.67,9695
2699,20120522,14,10.7,12.3,2.8,14.02,5.6,1.23,7064
2700,20120523,18.6,12.8,15.7,1.6,15.95,0,1.83,9292
2701,20120524,26.4,12.3,19.3,1.6,18.15,0,3.8,20336
2702,20120525,25.3,13.4,19.3,2.3,14.85,0,05.08,27807
2703,20120526,26.4,9.7,18.1,2,13.18,0,4.97,27828
2704,20120527,24.1,11.2,17.7,1.9,14.95,0,3.96,21661
2705,20120528,24.9,10.8,17.9,1.7,14.95,.1,3.85,20183
2706,20120529,25.4,9.7,17.5,1.2,14.02,0,4.46,25895
2707,20120530,25,10,17.5,1.5,14.68,0,4.31,24576
2708,20120531,23.1,11.7,17.4,2.2,15.45,0,3.79,20609
2709,20120601,22,10,16,1.3,14.15,0,3.15,17361
2710,20120602,27.7,9,18.4,1.4,15.68,5.5,4.86,27702
2711,20120603,18.6,15.9,17.3,3.3,16.38,2.9,2.13,8524
2712,20120604,17.4,11.2,14.3,3.7,12.68,1,2.78,14244
2713,20120605,19,5.2,12.1,1.2,11.15,.3,3.14,20203
2714,20120606,21.7,12.5,17.1,2.8,14.28,1.6,3.52,17141
2715,20120607,24.3,13.1,18.7,2.7,16.55,5,3.79,17974
2716,20120608,20.4,12.5,16.5,3.5,13.15,.2,3.79,18902
2717,20120609,17.4,8.2,12.8,2.3,10.92,.1,3.16,18866
2718,20120610,17.4,8.1,12.8,2.3,12.85,4.4,2.45,14979
2719,20120611,18.6,12.1,15.3,2.9,13.28,7,2.89,14319
2720,20120612,15.5,10.9,13.2,3.1,12.98,3.5,2.2,11726
2721,20120613,17.6,10.7,14.1,2.5,12.35,3,2.61,13024
2722,20120614,22.5,7.2,14.8,1.4,12.58,0,3.96,24119
2723,20120615,23.7,13.3,18.5,2.4,15.18,.1,04.09,20397
2724,20120616,22.5,13.3,17.9,2.3,14.95,1.1,3.5,16381
2725,20120617,23.2,12.5,17.8,1.6,14.12,1,4.22,23556
2726,20120618,21.8,14.1,18,2.8,16.15,0,3.48,18135
2727,20120619,20.9,13.8,17.3,1.7,17.45,9.9,2.33,11405
2728,20120620,22.3,14.6,18.5,1.6,17.18,0,2.9,14351
2729,20120621,26.4,13.9,20.2,2.5,17.22,5.6,04.03,17695
2730,20120622,20.7,10,15.4,3.4,11.98,0,4.24,23431
2731,20120623,21.8,9.4,15.6,1.7,12.15,0,4.29,25582
2732,20120624,21.8,8,14.9,2.9,13.38,.7,3.48,17943
2733,20120625,21.6,13.8,17.7,2.1,15.85,1.5,3.12,15722
2734,20120626,22,13.1,17.5,1.4,18.48,1.4,2.52,12795
2735,20120627,27.6,15.7,21.7,.9,19.35,0,4.44,23470
2736,20120628,32,16.5,24.2,2,20.25,.5,5.12,21992
2737,20120629,24.2,16.3,20.2,1.6,18.28,0,3.5,17252
2738,20120630,24.8,13.9,19.4,1.8,17.68,5,3.43,16950
2739,20120701,19.8,13.7,16.7,2.1,13.88,0,3.15,16301
2740,20120702,21.6,11.6,16.6,1.1,13.12,0,3.11,16642
2741,20120703,25.5,10.2,17.8,1.1,13.78,0,4.42,25310
2742,20120704,27.5,13.5,20.5,1.6,16.42,2.3,4.22,20426
2743,20120705,22.6,15.2,18.9,2.1,17.85,6.7,2.83,13613
2744,20120706,22.5,13.1,17.8,3,14.4,0,04.04,20050
2745,20120707,25.5,12.7,19.1,2.5,14.53,8.2,4.69,22967
2746,20120708,21.9,14.5,18.2,4.7,15.03,.1,3.97,17396
2747,20120709,22.6,11.9,17.2,1.9,15.08,.6,3.21,16080
2748,20120710,23.1,12.7,17.9,2.4,15.05,0,3.77,19269
2749,20120711,19.3,11.1,15.2,3.5,12.68,.1,3.12,14499
2750,20120712,19.7,11.7,15.7,2.8,13.42,1.5,3,14803
2751,20120713,18,13.3,15.6,3.6,15.52,12,02.08,9896
2752,20120714,20.1,13.1,16.6,4.6,14.02,1.8,3.47,16279
2753,20120715,18.9,11.8,15.4,3.1,12.65,3.1,3.13,15193
2754,20120716,21.3,8.1,14.7,2,12.02,0,3.92,23561
2755,20120717,23.1,11.4,17.3,2.7,14.62,0,3.87,20588
2756,20120718,28,12.4,20.2,2.3,15.48,0,5.1,25484
2757,20120719,22.9,13.8,18.4,2.9,14.18,0,3.93,18274
2758,20120720,17.3,12.9,15.1,1.2,15.02,1.9,2.23,12624
2759,20120721,21,11,16,2,12.28,0,3.66,20226
2760,20120722,22.1,8.1,15.1,2.4,11.25,0,4.22,24530
2761,20120723,24.8,8.6,16.7,2.9,11.18,0,4.96,25912
2762,20120724,28.7,10.5,19.6,.9,13.75,0,4.67,26907
2763,20120725,30.8,12.5,21.6,.9,15.82,0,4.93,26763
2764,20120726,32.7,14.9,23.8,1.1,17.15,0,5.18,26207
2765,20120727,32.2,17,24.6,2,19.28,5.6,5,21623
2766,20120728,25,16.9,21,2.3,18.95,.7,3.35,15147
2767,20120729,21.5,12.6,17,2,13.28,0,3.56,18681
2768,20120730,20.7,11.7,16.2,1.6,14.45,.5,2.85,15689
2769,20120731,26,13.8,19.9,1.5,14.82,0,4.22,22070
2770,20120801,31.2,12.1,21.6,2.3,16.42,.8,5.19,24015
2771,20120802,24,15.8,19.9,2.1,15.62,0,3.52,15949
2772,20120803,24.5,12.6,18.6,1.8,13.98,0,3.97,20909
2773,20120804,26.2,12.7,19.5,1.5,14.75,.1,3.9,19956
2774,20120805,24.5,15.7,20.1,1.9,16.65,7,3.39,15949
2775,20120806,21.8,13.2,17.5,3.1,15.15,.6,03.02,14030
2776,20120807,22.5,12.4,17.4,1.9,13.35,0,3.29,16759
2777,20120808,25.2,9.2,17.2,1.1,13.52,0,3.93,23917
2778,20120809,26.6,11.3,19,1.3,14.95,0,04.07,23023
2779,20120810,25.9,12.2,19.1,1.9,14.02,0,4.23,22456
2780,20120811,27.6,10,18.8,1.8,12.95,0,4.47,23892
2781,20120812,24.4,12.6,18.5,2.3,15.85,0,3.24,15625
2782,20120813,26.5,12.6,19.6,1.4,15.75,0,3.76,20052
2783,20120814,27.8,12.6,20.2,1.1,17.05,.2,3.45,18020
2784,20120815,30.3,16.8,23.5,2.7,16.58,4.6,4.68,17629
2785,20120816,25.2,12,18.6,1.3,14.02,0,3.61,19978
2786,20120817,31,11.5,21.2,1.4,13.98,0,4.51,23580
2787,20120818,35.9,15.3,25.6,1.6,16.52,0,5.32,23599
2788,20120819,37.1,18.3,27.7,1.9,18.68,0,5.66,22960
2789,20120820,31.5,19.4,25.5,1.6,21.02,.3,04.01,17229
2790,20120821,33.3,17.3,25.3,1.6,19.95,0,4.59,20795
2791,20120822,26,15.3,20.6,1.6,15.72,0,3.57,17829
2792,20120823,27.2,12.7,19.9,2.2,15.72,.3,3.65,16558
2793,20120824,23.9,16.8,20.4,2.2,16.98,2.6,2.74,10814
2794,20120825,23,16.5,19.7,4.1,14.88,.1,3.47,11599
2795,20120826,21.7,13.2,17.4,3.2,12.58,.1,3.41,14827
2796,20120827,26.5,10.4,18.5,1.7,12.12,0,3.82,20322
2797,20120828,25.5,12.2,18.9,1.8,14.92,.4,3.15,15461
2798,20120829,28.3,14.1,21.2,1.3,16.65,2,3.47,17843
2799,20120830,20.5,14.2,17.3,2.7,14.08,.3,2.5,10323
2800,20120831,16.5,11.1,13.8,3.6,11.38,0,2.33,10417
2801,20120901,18.2,6.8,12.5,2.8,10.32,0,2.57,15403
2802,20120902,22.6,7,14.8,1.5,11.58,0,2.91,17930
2803,20120903,24.7,8.7,16.7,2,13.12,0,3.25,17723
2804,20120904,25.6,12.1,18.9,3.9,13.81,0,4.23,17612
2805,20120905,24.3,11.9,18.1,3.6,14.51,0,3.7,16870
2806,20120906,23.4,9.6,16.5,1.9,11.92,0,3.14,16807
2807,20120907,25.8,5.8,15.8,1.2,10.75,0,3.23,20136
2808,20120908,28.2,7,17.6,1.1,11.45,0,3.39,20571
2809,20120909,30.5,10.3,20.4,2,12.15,0,4.28,19868
2810,20120910,29.8,11.6,20.7,1.1,14.72,.1,3.16,15867
2811,20120911,22.2,14.8,18.5,2.3,16.85,2.3,2.26,10511
2812,20120912,15.8,10.4,13.1,2.1,11.55,3.5,1.76,8682
2813,20120913,17.2,8.3,12.7,1.9,12.02,.7,1.86,11585
2814,20120914,20,6.6,13.3,2.5,11.55,.1,2.43,14510
2815,20120915,19.6,11.8,15.7,1.3,12.28,0,02.01,10853
2816,20120916,23.5,6,14.7,1,11.62,0,2.41,16104
2817,20120917,25.7,9,17.3,1.1,12.92,0,2.74,17249
2818,20120918,20.8,8.7,14.8,1.9,13.28,.1,02.09,12141
2819,20120919,17.4,7.4,12.4,1.7,9.15,0,2.2,13744
2820,20120920,18.6,1.3,9.9,.9,7.28,0,02.05,16424
2821,20120921,25.5,3.4,14.4,2,11.58,13.7,2.85,16043
2822,20120922,18.3,11.6,15,1.5,13.45,.2,1.63,8537
2823,20120923,23.9,9.6,16.7,3,15.18,3.1,2.58,12870
2824,20120924,18.7,16.6,17.7,5.8,14.18,5.9,2.66,5660
2825,20120925,15.3,12,13.6,3.9,12.98,21.1,1.51,5792
2826,20120926,12.3,10.2,11.2,3.9,12.35,3.3,.96,4386
2827,20120927,15.9,10,13,4.5,11.88,2.4,1.79,7444
2828,20120928,19.9,5,12.4,1.3,10.85,0,1.85,13044
2829,20120929,17.6,5.4,11.5,1,10.82,0,1.53,11645
2830,20120930,18,4.6,11.3,.9,9.88,0,1.61,12663
2831,20121001,18.5,2.8,10.6,1.2,9.68,0,1.75,13729
2832,20121002,17.5,7.3,12.4,2.5,11.98,.2,1.59,9781
2833,20121003,18.2,9.8,14,3.5,13.22,.3,1.7,8319
2834,20121004,18,12.3,15.2,3.5,13.42,2.8,1.82,7907
2835,20121005,21.8,9.3,15.6,2.7,13.52,0,2.14,12648
2836,20121006,21.5,9.3,15.4,2.4,14.08,4.6,1.88,10464
2837,20121007,15.3,13.5,14.4,1.5,14.38,0,01.04,4340
2838,20121008,16.3,7,11.6,1.3,14.75,21.1,.86,7250
2839,20121009,18.2,14.6,16.4,2.2,16.78,7.2,01.08,4658
2840,20121010,17.6,13.5,15.6,1.6,15.85,3.3,1.12,5847
2841,20121011,18.7,11.9,15.3,1.9,15.58,4.3,1.16,6668
2842,20121012,15,13,14,3.6,11.58,.6,1.7,4709
2843,20121013,14.7,3.3,9,3,9.68,4.6,1.3,8731
2844,20121014,11.7,8.3,10,3.3,10.65,17,1.11,5067
2845,20121015,12.2,4.2,8.2,2.8,8.32,0,1.27,8360
2846,20121016,12.2,3.1,7.6,2.5,9.48,.6,.92,6909
2847,20121017,19.2,6.6,12.9,5,12.45,0,1.83,7995
2848,20121018,19.6,15.3,17.4,6,12.18,0,3.11,4673
2849,20121019,21.1,15.3,18.2,4.5,13.28,.2,2.7,4946
2850,20121020,21.8,13,17.4,1.6,15.65,0,1.4,7194
2851,20121021,23.8,14,18.9,1.3,15.18,.1,1.47,7688
2852,20121022,23.3,11.1,17.2,.8,14.78,.1,1.22,9632
2853,20121023,13.2,9.1,11.1,1.4,13.05,0,.67,5465
2854,20121024,15.5,7.4,11.4,1.5,11.58,0,.89,6577
2855,20121025,15.4,5.3,10.4,1.5,11.78,0,.8,6572
2856,20121026,12.1,7,9.5,2.4,11.52,14.2,.65,4256
2857,20121027,5.9,3.1,4.5,4.6,6.38,.1,01.08,4547
2858,20121028,6.8,-1.8,2.5,3.2,05.02,0,01.08,7449
2859,20121029,7.8,-5.8,1,1.4,5.52,0,.65,7090
2860,20121030,12.2,-1.3,5.5,1.5,06.08,0,.9,8870
2861,20121031,13.3,-2.6,5.3,1.5,6.88,0,.9,8354
2862,20121101,11.1,2.1,6.6,4.8,8.45,4.3,.98,5629
2863,20121102,11.3,5.2,8.2,5.2,9.58,7,.98,4506
2864,20121103,14,7.8,10.9,3.7,10.95,11.5,1.15,4742
2865,20121104,11.4,7.4,9.4,2.5,10.78,2.9,.68,3700
2866,20121105,11.1,5.5,8.3,3.6,09.05,2.9,.97,4884
2867,20121106,10.1,4.4,7.2,1.6,8.12,.4,.71,4620
2868,20121107,9.5,.9,5.2,1.8,8.32,0,.45,5069
2869,20121108,9.5,.2,4.8,.6,7.98,0,.4,5435
2870,20121109,12.6,-.3,6.1,.9,8.92,4.3,.47,6026
2871,20121110,12.9,8.9,10.9,2.1,11.82,8.1,.64,3670
2872,20121111,9.6,5.2,7.4,1.4,9.25,0,.52,3534
2873,20121112,5.7,2.4,4.1,1.2,7.88,0,.38,2903
2874,20121113,7,1.6,4.3,1.4,7.28,0,.48,3529
2875,20121114,7.8,.5,4.2,1.8,7.75,0,.47,3826
2876,20121115,6.6,1.6,4.1,.7,7.92,.1,.38,3493
2877,20121116,6.9,1.9,4.4,1.1,8.52,0,.31,2948
2878,20121117,13.5,4.3,8.9,1.5,10.05,.2,.55,4647
2879,20121118,12.7,4.4,8.5,1.1,9.92,.2,.44,4844
2880,20121119,13.2,3.3,8.2,.8,9.15,0,.39,5276
2881,20121120,5.8,2.9,4.3,1.3,8.38,0,.3,2579
2882,20121121,10,1.4,5.7,2,8.98,.2,.35,3806
2883,20121122,9.2,3,6.1,1.6,8.85,0,.34,3476
2884,20121123,11.6,3.2,7.4,2.4,8.48,0,.69,3882
2885,20121124,13.5,4.1,8.8,3.2,9.85,0,.78,4245
2886,20121125,11.5,10.9,11.2,4,9.45,3.9,1.49,1391
2887,20121126,11.2,4.8,8,3.4,10.52,7.7,.46,3043
2888,20121127,9.4,5.6,7.5,2.6,8.62,.1,.69,2611
2889,20121128,6.8,3.5,5.2,3.4,7.68,0,.6,2408
2890,20121129,5.5,3.9,4.7,3.7,6.88,.6,.81,2110
2891,20121130,4,-.9,1.5,1.9,5.58,0,.42,3498
2892,20121201,-.3,-4,-2.1,1.2,5.3,.7,.15,2461
2893,20121202,3.8,-2.1,.8,2.7,5.73,.2,.42,3012
2894,20121203,8.7,-3.7,2.5,5.4,7.1,18.2,.4,4802
2895,20121204,4.8,4,4.4,5.5,7.47,3.9,.6,799
2896,20121205,3.3,1.6,2.5,3.1,6.72,2.1,.43,1356
2897,20121206,2,.1,1.1,3.4,5.3,0,.62,1531
2898,20121207,1.8,-2,-.1,5.1,5.85,4.9,.3,2343
2899,20121208,1.1,.2,.7,4.1,5.8,0,.43,881
2900,20121209,2.1,-2.6,-.3,3.9,5.98,2.3,.19,2595
2901,20121210,3.8,1.5,2.7,5.1,6.8,.5,.42,1681
2902,20121211,0,-1.6,-.8,3,5,0,.43,1311
2903,20121212,.8,-5,-2.1,3.5,4.1,0,.52,2930
2904,20121213,3.5,-6.2,-1.3,3,5.97,2.7,.08,3836
2905,20121214,9.3,2.3,5.8,5.5,8.99,8.6,.35,3219
2906,20121215,9.7,7,8.3,6.6,9.38,3.8,.91,1788
2907,20121216,9.2,7.3,8.3,6.9,8.8,5.8,1.12,1441
2908,20121217,8.4,6.2,7.3,5,8.6,6.1,.81,1585
2909,20121218,6.6,4.8,5.7,3.7,8.1,2.4,.56,1384
2910,20121219,7,1.8,4.4,2.7,7,.1,.51,2697
2911,20121220,7.7,2.3,5,3.9,8.35,6.7,.38,2665
2912,20121221,7.5,6.2,6.9,2.6,9.32,1.1,.46,1098
2913,20121222,9.3,4.2,6.7,5.2,9.81,9.3,.26,2622
2914,20121223,13.1,9.9,11.5,4.8,10.8,0,1.11,2015
2915,20121224,17.8,2.9,10.4,3,7.4,0,1.44,4933
2916,20121225,12.6,6.6,9.6,7.1,8.4,3.9,1.7,2957
2917,20121226,9.1,6.6,7.8,6,8.85,2.9,.97,1636
2918,20121227,10.6,7.6,9.1,8.1,9.1,10.3,1.32,1962
2919,20121228,7.9,5.5,6.7,3.9,8.99,1,.52,1640
2920,20121229,13.7,4.9,9.3,4.4,8.88,.4,1.19,3644
2921,20121230,9,6.3,7.7,5.9,8,.3,1.18,1868
2922,20121231,9.3,5.1,7.2,4.3,7.82,3.2,1,2400
2923,20130101,7.8,2.2,5,3.8,08.02,5.3,.49,2769
2924,20130102,4.9,1.4,3.2,2.1,7.2,0,.3,2226
2925,20130103,6.5,2,4.3,3.4,8.5,.6,.12,2610
2926,20130104,7.5,6.1,6.8,2,9.5,.3,.36,1249
2927,20130105,7,5.8,6.4,1.1,9.32,.2,.38,1039
2928,20130106,6.2,5.3,5.8,1.8,8.5,0,.44,924
2929,20130107,5.1,2.4,3.7,1.3,7.67,0,.32,1750
2930,20130108,1.5,.2,.9,1.1,6.4,0,.28,1240
2931,20130109,.5,-.5,0,1.8,6.12,2,.26,949
2932,20130110,5.2,.1,2.7,3.1,7.75,9.7,.14,2977
2933,20130111,4.7,4.7,4.7,2.4,7.38,.7,.63,291
2934,20130112,4.8,-1,1.9,2.2,6.5,.9,.3,3313
2935,20130113,4.1,1.8,3,1.9,7,.3,.35,1928
2936,20130114,-1.1,-.8,-.9,3.3,05.01,2.1,.56,139
2937,20130115,.6,-4.5,-2,3.7,5.37,1.6,.14,3136
2938,20130116,-1.7,-4.5,-3.1,2.2,4.1,0,.38,2270
2939,20130117,-3.9,-5.3,-4.6,2.3,3.5,0,.42,1483
2940,20130118,-2.4,-6.9,-4.6,2,3.85,.7,.31,3030
2941,20130119,1.3,-3.8,-1.3,2.2,5.68,13,.19,3346
2942,20130120,1.3,.5,.9,3.2,5.8,.2,.47,1056
2943,20130121,3.1,-2.1,.5,3.6,5.96,2.5,.35,3448
2944,20130122,4.1,-.1,2,2.3,6.35,.1,.42,3122
2945,20130123,5.9,-1.3,2.3,2,6.3,.1,.43,4343
2946,20130124,1.8,1,1.4,2.4,5.7,0,.54,1139
2947,20130125,-3.5,-4.7,-4.1,2.4,4.2,0,.29,1534
2948,20130126,1.3,-5.9,-2.3,2.6,4.9,0,.28,4544
2949,20130127,5,-1.9,1.5,2.7,6.6,3.6,.44,3712
2950,20130128,8.7,1.1,4.9,2.6,7.7,.5,.53,4998
2951,20130129,8.9,2.6,5.7,5.5,09.07,4,.47,3646
2952,20130130,13.8,6.8,10.3,4.3,10.27,5.4,.91,5425
2953,20130131,10.9,2.2,6.6,2.2,9.22,2.1,.54,4172
2954,20130201,10.6,6.6,8.6,3.8,10.12,29.5,.65,3272
2955,20130202,5.5,2.5,4,4.4,6.27,1.2,.88,3558
2956,20130203,3.5,-.8,1.4,3.9,5.91,3.3,.6,3892
2957,20130204,7.7,.5,4.1,4.8,8.71,2.7,.28,5098
2958,20130205,5.2,4.3,4.8,5.1,07.07,7.3,1,1196
2959,20130206,2.5,.1,1.3,6,5.97,4.6,.58,3581
2960,20130207,1.8,-2.2,-.2,2.6,5.71,1.4,.5,3752
2961,20130208,1.6,-3.5,-.9,1.8,5.51,.4,.42,4422
2962,20130209,.2,-5.4,-2.6,.8,4.81,.5,.38,4188
2963,20130210,.1,-8.1,-4,4.2,4.81,3.1,.33,5675
2964,20130211,2.9,-1.3,.8,2.6,6.41,2,.44,4375
2965,20130212,1.8,1.7,1.8,2.9,5.8,.1,.62,265
2966,20130213,-.9,-3.2,-2.1,1.8,3.66,0,.65,2941
2967,20130214,4.6,-6.6,-1,2.4,5.9,2.9,.38,7795
2968,20130215,6.8,1,3.9,1.7,7.49,.4,.56,5385
2969,20130216,4.8,-2,1.4,1.1,6.4,0,.48,6157
2970,20130217,6.4,-2.4,2,2.6,5.79,0,.8,7020
2971,20130218,6.9,-4.1,1.4,1.6,5.12,0,.81,8198
2972,20130219,9.3,-4.2,2.6,1.2,5.2,0,.86,9299
2973,20130220,6.1,-3.3,1.4,2.5,5.12,0,.91,7731
2974,20130221,.7,-4.8,-2.1,4.3,3.78,0,.93,5870
2975,20130222,-1,-6.3,-3.6,5.9,3.2,0,.98,5913
2976,20130223,-2.4,-6,-4.2,4.5,3.5,.3,.67,4862
2977,20130224,-1.7,-4.9,-3.3,2.1,4.62,1.6,.39,4618
2978,20130225,1.3,-3.2,-1,1,4.94,.2,.54,5573
2979,20130226,1.8,-7.4,-2.8,1.9,4.9,0,.5,8441
2980,20130227,3,-1.2,.9,1.5,6.4,0,.49,5627
2981,20130228,4.4,.8,2.6,1.4,6,0,.71,5252
2982,20130301,1.1,-4.2,-1.5,2.6,5.4,0,.44,6576
2983,20130302,1.4,.1,.8,3.1,5.3,0,.7,3055
2984,20130303,7.4,-1,3.2,2.8,5.2,0,1.27,8653
2985,20130304,15.9,-2.1,6.9,4.1,6.2,0,2.39,13078
2986,20130305,13.4,.2,6.8,2.9,6.48,0,1.86,11253
2987,20130306,14.2,6.4,10.3,2.2,9,2.1,1.5,8680
2988,20130307,15.2,7.5,11.4,3.2,10.4,2,1.59,8742
2989,20130308,11.5,7.9,9.7,3.8,10.3,3.1,1.12,5903
2990,20130309,14.1,4.3,9.2,1.5,9.55,3.2,1.31,9896
2991,20130310,13.6,5.7,9.7,2,9.5,8,1.35,9231
2992,20130311,12.6,5,8.8,2.8,8.7,2.3,1.46,9166
2993,20130312,6.3,5.2,5.8,4.5,6.96,.6,1.19,2874
2994,20130313,1.5,-3.2,-.8,4,4.5,.2,.92,7294
2995,20130314,3.2,-2.7,.3,3.5,4.8,.4,01.02,8340
2996,20130315,5.2,-5.4,-.1,2.4,4,0,1.29,11493
2997,20130316,8.4,-3.5,2.5,4.5,4.6,3.2,1.85,12361
2998,20130317,6.1,4,5.1,4,7.4,13.5,.95,4970
2999,20130318,8.6,-.2,4.2,3.5,7.15,3.6,1.21,10735
3000,20130319,8.2,2.2,5.2,4.8,07.08,3.9,1.39,8979
3001,20130320,9.6,3.3,6.5,4.3,7.2,1.6,1.58,9308
3002,20130321,12.7,-.3,6.2,2.2,6.4,0,1.84,13749
3003,20130322,15,3,9,4.6,7.2,0,2.6,13346
3004,20130323,11.1,4.4,7.8,2.1,9.62,2.7,1.22,9872
3005,20130324,10.6,4,7.3,3.5,8.1,.1,1.51,9999
3006,20130325,7.7,-1,3.3,2.7,5.48,0,1.53,11691
3007,20130326,3,.1,1.6,1.8,5.1,0,.99,6613
3008,20130327,5.5,.5,3,1.4,5.19,0,1.22,8805
3009,20130328,5.9,-2.5,1.7,1.7,5.2,0,1.28,11862
3010,20130329,4.7,-4.1,.3,2.4,5.7,.9,01.04,12284
3011,20130330,8.1,2.2,5.2,2.4,6.8,3.3,1.39,10076
3012,20130331,5.9,-2.8,1.6,2.2,4.7,0,1.46,12472
3013,20130401,10.2,-3.7,3.3,3.5,4.8,0,2.16,16060
3014,20130402,9.8,-2.7,3.6,2.6,4.7,0,02.03,15359
3015,20130403,10.8,-3.2,3.8,1.6,5.2,0,1.9,16447
3016,20130404,14.4,2,8.2,2.8,7.1,0,2.39,15603
3017,20130405,6.4,4.6,5.5,2.4,7.7,.3,1,5696
3018,20130406,5,.5,2.8,2.6,5.7,0,1.26,9385
3019,20130407,9,.1,4.6,2.5,5.7,0,1.82,13529
3020,20130408,8.5,1.5,5,3.3,7,5.1,1.54,12055
3021,20130409,9.6,3.6,6.6,6.2,8.3,11.7,1.49,11228
3022,20130410,12.2,6.8,9.5,6.1,9.2,8.9,1.99,10724
3023,20130411,13,9.5,11.3,6,12,20.4,1.38,8616
3024,20130412,12,7.9,10,6.5,9.1,4.6,2.11,9450
3025,20130413,15.3,6.2,10.8,4.1,9.2,0,2.54,14447
3026,20130414,24.8,8,16.4,3.1,9.4,0,4.39,19975
3027,20130415,20.2,10.7,15.5,2.3,10.8,0,03.01,15024
3028,20130416,19.6,8.1,13.9,2.6,10.4,0,03.04,16717
3029,20130417,25.8,6.5,16.2,2.7,10.6,0,4.33,21979
3030,20130418,16.9,13.1,15,3.9,10.2,0,2.92,9554
3031,20130419,12.3,6.9,9.6,4.2,7.5,.1,2.5,11576
3032,20130420,9.6,4.8,7.2,4.7,7.7,.2,1.84,10972
3033,20130421,11.2,6.2,8.7,2.1,7.6,0,1.96,11295
3034,20130422,15.1,4.9,10,2.2,7.3,0,2.72,16467
3035,20130423,18.5,1.3,9.9,2.5,7.9,0,3.29,21688
3036,20130424,21.9,4,13,1.5,9.5,0,3.45,22294
3037,20130425,24.2,6.4,15.3,1.3,10.8,.4,3.66,22387
3038,20130426,16,14.1,15.1,4.1,12,27.5,2.33,7031
3039,20130427,5.6,4.1,4.9,4,7.7,11.3,.98,6236
3040,20130428,7.4,3.6,5.5,2,8.1,2.1,1.3,10289
3041,20130429,12.6,4.5,8.6,1.5,8.7,5.3,2.11,15350
3042,20130430,10.3,6.8,8.6,3.2,10.4,27.5,1.31,9986
3043,20130501,16.5,9,12.8,3.7,11.6,9.4,2.53,14942
3044,20130502,17.7,5.3,11.5,2.2,11.8,9.3,2.68,19474
3045,20130503,11.2,9.9,10.6,3.6,11.8,20.5,1.1,6008
3046,20130504,17.7,7.2,12.5,2.5,10.5,0,2.94,18095
3047,20130505,19.2,7.1,13.2,2.4,10.7,1.8,3.23,19574
3048,20130506,17.2,7.3,12.3,1.9,10.9,.9,2.74,17758
3049,20130507,17.6,5.9,11.8,1.7,10.7,0,2.87,19456
3050,20130508,19.2,7.3,13.3,2.5,13.5,2.8,2.84,19732
3051,20130509,16.1,11.3,13.7,3.2,12.3,2.2,2.34,12417
3052,20130510,13.2,7.1,10.2,2.9,9.9,.1,2.18,14135
3053,20130511,14.6,8.6,11.6,3.5,10.2,4.5,2.49,14085
3054,20130512,13.9,6.1,10,3.5,8.6,.2,2.69,16209
3055,20130513,13.2,6.4,9.8,4.1,10.2,.1,2.14,15175
3056,20130514,17.7,8.5,13.1,3,10.9,7.8,03.07,17814
3057,20130515,11.5,9.8,10.7,1.9,10.8,16.6,1.45,7410
3058,20130516,11.8,6.4,9.1,2,9.7,3.5,1.96,13655
3059,20130517,12.3,6.6,9.5,1.7,10.2,.2,1.99,14104
3060,20130518,14.1,5.6,9.9,3.8,10.6,6,2.28,17406
3061,20130519,14.4,7.7,11.1,3.5,10.2,3.4,2.5,15460
3062,20130520,10.2,7.9,9.1,4.9,10.6,12.8,1.28,8889
3063,20130521,11.9,7.9,9.9,4.9,11.1,5.8,1.61,11926
3064,20130522,12.4,6.2,9.3,4.4,9.3,.1,2.27,15025
3065,20130523,11,4.6,7.8,3.3,8.1,3.2,2.22,15329
3066,20130524,8.6,1.3,5,2.6,7.5,8.2,1.87,16461
3067,20130525,10.3,3.2,6.8,1.9,8,3,2.1,16282
3068,20130526,12.1,2.8,7.5,3.1,8.4,0,2.39,18766
3069,20130527,18.2,4.9,11.6,1.7,9.5,0,3.41,22608
3070,20130528,14.4,9.2,11.8,2.7,10.2,4,2.49,13992
3071,20130529,12.5,6.4,9.5,2.9,9.1,3.4,2.34,15239
3072,20130530,14.9,6.4,10.7,2,10.4,1.8,2.63,18128
3073,20130531,12.5,8.2,10.4,4.6,12.1,3,1.53,12784
3074,20130601,19.7,9.7,14.7,4.7,11.6,0,3.82,19804
3075,20130602,15.5,8.7,12.1,3.5,9.6,0,03.02,16282
3076,20130603,16.6,5.2,10.9,3.4,9.2,0,3.35,21275
3077,20130604,19.6,6.6,13.1,3.2,10.6,0,3.81,22800
3078,20130605,23.2,7.7,15.5,2,12.9,.4,4.18,24991
3079,20130606,25.8,10.1,18,2.1,14.5,.3,4.61,25202
3080,20130607,26.2,12.8,19.5,2.1,14.3,0,4.65,23285
3081,20130608,25.4,12.8,19.1,2.8,14.6,13.1,4.61,22600
3082,20130609,22.5,12.1,17.3,2.1,14.7,11.8,3.73,20518
3083,20130610,19.1,12.5,15.8,2.6,14.4,.4,2.92,16267
3084,20130611,20.8,10,15.4,2.2,13.6,0,3.53,20973
3085,20130612,21.9,13.3,17.6,2.5,15.4,0,3.5,18683
3086,20130613,25.7,12.6,19.2,2.8,14.3,10.8,4.76,23197
3087,20130614,19,6.9,13,1.7,11.8,0,3.39,22295
3088,20130615,21.2,10.1,15.7,2.4,12.8,0,3.77,21349
3089,20130616,26.7,10.2,18.5,1.5,15.9,.2,4.63,26154
3090,20130617,31.6,15.1,23.4,3.5,16.7,3,6.37,26167
3091,20130618,29.8,15.9,22.9,1.8,20.7,.2,4.87,23985
3092,20130619,26.9,18.8,22.9,2,20.9,13,3.92,18197
3093,20130620,23,15.4,19.2,3.3,16.9,8.1,3.63,17614
3094,20130621,18.4,13,15.7,3.4,13.5,0,2.94,14769
3095,20130622,19.2,13,16.1,4.3,13.4,.5,3.3,15859
3096,20130623,17.3,12,14.7,4.4,12.3,3.4,2.99,14623
3097,20130624,15.8,9.9,12.9,2.8,11.7,.1,2.62,15450
3098,20130625,15.4,8.4,11.9,2.2,10.8,.1,2.69,16865
3099,20130626,17.3,6.6,12,2.3,9.9,0,3.33,20956
3100,20130627,19.3,6.3,12.8,1.9,11.1,3.1,3.57,23133
3101,20130628,15.3,10.1,12.7,1.6,13.2,3.4,2.23,14436
3102,20130629,17.8,13.1,15.5,3,14.9,3.1,2.45,13687
3103,20130630,20,8.6,14.3,1.7,12.4,0,3.49,21569
3104,20130701,23.6,7.5,15.6,1.6,13.1,0,4.23,25695
3105,20130702,26,10.9,18.5,2.7,15.1,8.3,4.72,24836
3106,20130703,18.6,14.7,16.7,3.5,16.4,3.9,2.33,12360
3107,20130704,20.6,12.4,16.5,1.8,14.8,.1,3.2,18117
3108,20130705,22.4,16,19.2,1.7,15.9,0,3.27,15921
3109,20130706,26.4,11.2,18.8,1.8,15.8,0,4.53,24759
3110,20130707,27.6,13.6,20.6,2.8,16.52,0,05.02,24442
3111,20130708,27.9,14.6,21.2,2.9,15.62,0,5.51,26258
3112,20130709,27.6,13.5,20.6,2,15.8,0,4.76,23682
3113,20130710,27.8,15.5,21.7,2.3,16.1,0,4.8,22036
3114,20130711,22.7,13.4,18.1,2.4,14.6,0,3.74,19050
3115,20130712,25.6,9.7,17.7,1.8,12.8,0,4.59,24998
3116,20130713,24.3,10,17.2,2.2,13.7,0,4.28,23619
3117,20130714,26.5,10.4,18.5,2.5,14,0,4.85,25023
3118,20130715,26.8,12.2,19.5,2.1,14,0,4.74,23736
3119,20130716,28.2,12.4,20.3,1.9,14.9,0,4.9,24638
3120,20130717,27.7,14.3,21,2.1,15.1,1.4,4.76,22580
3121,20130718,26.1,16.7,21.4,1.8,17.7,1.7,3.92,18770
3122,20130719,28.5,16.5,22.5,1.9,18.5,.3,4.48,21200
3123,20130720,29.8,17.8,23.8,2.4,17.8,0,4.98,21127
3124,20130721,32.5,16,24.3,1.6,18.2,0,5.31,24769
3125,20130722,32.9,17.6,25.3,1.6,18.1,0,5.29,23745
3126,20130723,31.9,17.5,24.7,1.7,18.5,2.7,05.09,22933
3127,20130724,28.8,17.6,23.2,1.3,17.9,.7,4.22,20086
3128,20130725,30.1,17.2,23.7,1.4,18.6,1.3,4.52,21505
3129,20130726,32.1,20,26.1,2.5,18.4,.2,5.38,20724
3130,20130727,34,19.2,26.6,4.6,17.3,7.4,7.21,22874
3131,20130728,22.9,18.3,20.6,2.9,18.5,22.9,2.96,12476
3132,20130729,24,15,19.5,3.6,15.7,.4,3.93,17568
3133,20130730,22.9,15.8,19.4,3.5,16.3,0,3.47,15475
3134,20130731,28.8,16.8,22.8,2.3,17.1,0,4.6,20170
3135,20130801,32.3,14.7,23.5,2.8,16.8,0,5.78,24411
3136,20130802,33.8,16.5,25.2,2.9,16.1,1.7,6.24,24076
3137,20130803,25.5,17.7,21.6,2.4,17.5,1,3.67,15920
3138,20130804,28.2,15.3,21.8,1.4,15.2,0,4.19,20507
3139,20130805,30.8,14.4,22.6,2.2,17.2,1.4,5,23061
3140,20130806,25,16.6,20.8,2.2,17.8,23.2,3.45,16272
3141,20130807,22,16.2,19.1,3,17.1,.6,2.89,13361
3142,20130808,21,13.2,17.1,2.6,14.8,0,2.98,15483
3143,20130809,24.2,10.8,17.5,3.3,14.7,0,3.89,20327
3144,20130810,23.1,12.7,17.9,2.8,14,0,3.62,17741
3145,20130811,23.5,9,16.3,2,13.4,0,3.62,20909
3146,20130812,27.2,12.1,19.7,2.8,14.7,.1,4.48,21214
3147,20130813,20.5,8.7,14.6,2.1,11.4,0,3.22,18576
3148,20130814,23,7.3,15.2,2.4,10.7,0,3.88,21364
3149,20130815,26.1,7.6,16.9,1.9,10.7,0,4.28,23080
3150,20130816,29,10.5,19.8,1.8,13.4,0,4.51,22925
3151,20130817,27.9,13.4,20.7,2.4,14.1,0,4.42,20100
3152,20130818,25.3,15,20.2,3,14.4,2.1,3.99,16744
3153,20130819,23.2,16.5,19.9,3.2,15,.1,3.42,13312
3154,20130820,23.7,8,15.9,2.3,11.3,0,3.78,20492
3155,20130821,26.4,6.8,16.6,1.8,10.9,0,4.12,22786
3156,20130822,27.7,10.2,19,2.7,11.9,0,4.65,21342
3157,20130823,29.2,10.3,19.8,1.6,13.5,.8,4.22,22030
3158,20130824,22.5,16.6,19.6,3.2,15.8,4.1,03.03,11995
3159,20130825,17.1,11.6,14.4,2.1,13.1,.2,02.06,11472
3160,20130826,19.1,10,14.6,1.9,14.8,14.3,2.23,14778
3161,20130827,18.7,14,16.4,2.7,16.2,9.8,1.91,10394
3162,20130828,21.9,10.5,16.2,1.9,13.9,0,2.82,16327
3163,20130829,23.9,7.7,15.8,2,12.4,0,3.36,19395
3164,20130830,24.3,8.8,16.6,2.2,12.9,0,3.41,18799
3165,20130831,22.5,9.6,16.1,2.3,14.8,0,2.82,16958
3166,20130901,19.2,12.3,15.8,2.4,12,0,2.57,12160
3167,20130902,23.6,6.1,14.9,1.5,9.8,0,3.25,19485
3168,20130903,27.3,7.3,17.3,1.3,12.1,0,3.51,20677
3169,20130904,30.9,12.1,21.5,1.3,14.5,0,3.82,19849
3170,20130905,31.3,13.4,22.4,1.8,14.2,0,4.17,19176
3171,20130906,27.3,15.4,21.4,3.2,14.7,4.1,04.04,15397
3172,20130907,15.8,13.9,14.9,1.9,15.2,14,1.22,5795
3173,20130908,17.1,12.3,14.7,2.1,14.2,1.2,1.68,9409
3174,20130909,18.4,9.6,14,4.8,12.8,1.8,2.36,12788
3175,20130910,16.9,12.5,14.7,3.6,12.4,.3,2.12,8806
3176,20130911,13.3,7,10.2,2.5,12.2,2.9,1.23,10526
3177,20130912,15.7,9.6,12.7,2,13,.3,1.54,10241
3178,20130913,17.4,11.5,14.5,2.2,14.8,.5,1.58,9958
3179,20130914,16.9,15.1,16,2.9,16.9,15.8,1.11,5219
3180,20130915,15,11.5,13.3,3.5,14.2,5.2,1.19,7391
3181,20130916,14.3,11,12.7,4.6,12.3,4.5,1.52,7083
3182,20130917,14,6.8,10.4,5.2,11.8,6,1.29,10580
3183,20130918,17.4,12,14.7,5.3,15,2.8,1.55,8993
3184,20130919,14.5,9.9,12.2,2.4,12,.6,1.42,8167
3185,20130920,18.9,10,14.5,2.8,13.4,.3,1.96,11423
3186,20130921,19.9,6.3,13.1,1.2,12.2,0,1.94,14074
3187,20130922,21.8,6.9,14.4,1.5,13.9,0,02.08,14583
3188,20130923,22.7,13,17.9,2.2,15.1,.1,2.28,11533
3189,20130924,25.6,8.2,16.9,1.8,14.7,.1,2.58,15430
3190,20130925,23.7,10.7,17.2,1.3,15.6,.1,02.09,13111
3191,20130926,25.1,13.8,19.5,1.1,17.2,.4,02.08,12041
3192,20130927,24.3,13.2,18.8,2.8,18.4,.2,2.15,11783
3193,20130928,20.8,15.4,18.1,3.5,18.1,.8,1.63,7966
3194,20130929,18.7,14.2,16.5,1.8,17.1,2.7,1.24,7135
3195,20130930,18.6,13.4,16,1.4,16.5,.3,1.25,7608
3196,20131001,18.7,11.9,15.3,1.5,15.6,.1,1.33,8657
3197,20131002,21.3,12.1,16.7,2.3,16.6,0,1.65,10018
3198,20131003,23.5,13.9,18.7,3.4,17.2,.9,2.17,10109
3199,20131004,20.1,15.2,17.7,2.6,17.4,17.1,1.43,6985
3200,20131005,15.9,13.3,14.6,2.4,15.9,15.3,.86,4884
3201,20131006,15.9,11.8,13.9,2.6,13.4,0,1.24,6172
3202,20131007,14.1,4.7,9.4,1.1,12.6,0,.9,9470
3203,20131008,14.4,12,13.2,1.2,14.2,0,.82,4474
3204,20131009,16.4,11.4,13.9,2.1,13.5,2.9,1.19,6582
3205,20131010,9.5,6,7.8,5.1,10,6.8,.69,5347
3206,20131011,10.1,5,7.6,3,9.3,2.2,.88,6463
3207,20131012,11.2,1.5,6.4,2.8,8.2,2.1,01.06,8971
3208,20131013,13.4,.5,7,2.4,8.9,.7,1.1,10273
3209,20131014,15.5,9.4,12.5,3.9,13,9,01.09,6808
3210,20131015,14.7,10.7,12.7,3.8,14,9.9,.79,5337
3211,20131016,14.8,7.5,11.2,2.3,13.7,3.5,.67,7275
3212,20131017,15.7,8.9,12.3,2.2,12.1,0,1.1,6899
3213,20131018,17.1,3.1,10.1,2.5,10.8,0,1.24,9966
3214,20131019,22.7,7.6,15.2,3.2,14.3,5.2,1.78,10216
3215,20131020,19.5,11.9,15.7,3.3,14.7,7.5,1.44,6996
3216,20131021,20.8,11,15.9,3,15.6,.2,1.36,7890
3217,20131022,23.9,13.9,18.9,4.6,16.1,15.7,2.34,7854
3218,20131023,19.6,13.6,16.6,3.8,14.7,2.8,1.63,5879
3219,20131024,18.9,8.8,13.9,2.7,13.7,.5,1.18,7656
3220,20131025,21.5,11.1,16.3,3.5,15.2,.1,1.56,7657
3221,20131026,22.2,14.7,18.5,3.8,15.8,14.6,1.91,6327
3222,20131027,17.2,11.5,14.4,6.5,13.5,5.8,1.54,5366
3223,20131028,17.8,14.4,16.1,6.8,11.9,1.4,2.69,3965
3224,20131029,14.5,9.1,11.8,3,10.2,1,1.3,5044
3225,20131030,13.1,2.5,7.8,1.7,8.6,0,.83,7153
3226,20131031,12.7,-.1,6.3,.8,7.6,0,.65,7786
3227,20131101,12.7,2.6,7.7,2.4,8.9,6.9,.83,6754
3228,20131102,14.9,10.3,12.6,5.8,13,8.7,.97,4325
3229,20131103,10.7,7.1,8.9,5.5,9.6,4.1,1,3707
3230,20131104,11.4,8.6,10,7.7,10.7,12.4,1,3157
3231,20131105,11.3,2.1,6.7,3.8,9.7,7.6,.47,6029
3232,20131106,14.3,9.4,11.9,4.9,13.3,1.2,.59,4197
3233,20131107,15.8,12.6,14.2,4.7,14,2.7,01.03,3242
3234,20131108,14.6,12.4,13.5,4.4,12.9,8,1.11,2559
3235,20131109,10.7,5.3,8,4.9,9.4,16.6,.79,4222
3236,20131110,10.8,7.5,9.2,6.2,8.8,3,1.39,3140
3237,20131111,7.1,-1.3,2.9,1.8,6.9,0,.41,5222
3238,20131112,9.3,-1.5,3.9,1.2,7.5,.6,.38,5897
3239,20131113,7.8,6.2,7,3.1,9.2,0,.53,1931
3240,20131114,5.6,4.3,5,4,8.3,7.2,.4,1661
3241,20131115,5.6,4.3,5,4.3,7.6,.5,.64,1632
3242,20131116,3.3,-1.4,1,1,6.9,0,.21,3496
3243,20131117,4.8,3.2,4,1.1,7.9,0,.34,1802
3244,20131118,5.2,1.4,3.3,1.5,7.8,.5,.25,2999
3245,20131119,4.8,2.5,3.7,3.6,7.7,9.6,.32,2188
3246,20131120,3.6,1.4,2.5,6.4,6.7,2.8,.48,2096
3247,20131121,2.8,.6,1.7,2.8,6.7,.6,.29,2063
3248,20131122,1.7,-.1,.8,3.8,6.6,3.8,.17,1791
3249,20131123,4.8,0,2.4,4,7.5,.1,.12,3193
3250,20131124,5.1,3.3,4.2,3.2,7.8,0,.38,1736
3251,20131125,4.4,1.9,3.2,3.2,6.5,0,.57,2105
3252,20131126,4,-1.4,1.3,2.9,5.6,0,.5,3283
3253,20131127,2.7,-4.1,-.7,1.4,4.9,0,.31,3699
3254,20131128,1.4,-4.8,-1.7,.5,5.3,0,.17,3467
3255,20131129,5,.3,2.7,2.4,7.5,1.3,.17,2919
3256,20131130,4.2,2.4,3.3,2.8,7.6,0,.28,1597
3257,20131201,5.8,1.1,3.5,3.7,7,0,.46,2853
3258,20131202,5.9,1.3,3.6,3.5,6.7,0,.56,2787
3259,20131203,5.8,-3.5,1.2,1.2,5.9,0,.24,4131
3260,20131204,3,-3.1,0,1.2,6.3,0,.12,3220
3261,20131205,5.8,1.7,3.8,3.4,7.7,1,.28,2526
3262,20131206,6.4,4,5.2,3.7,7.2,.4,.73,1799
3263,20131207,8,1.4,4.7,1.5,6.2,0,.52,3282
3264,20131208,6.5,-2.5,2,1.5,6.1,0,.29,3886
3265,20131209,7.1,-3.5,1.8,1.1,5.9,0,.24,4230
3266,20131210,7.4,-3.5,2,.9,5.3,0,.26,4269
3267,20131211,5,-4.8,.1,1.3,5.1,0,.27,3998
3268,20131212,3,-5.7,-1.3,.9,5.2,0,.14,3718
3269,20131213,5.9,-5.1,.4,.8,5.5,.8,.15,4222
3270,20131214,5.4,-.4,2.5,2.1,7.6,0,.1,2917
3271,20131215,9.8,-.2,4.8,1.9,6.1,0,.59,3971
3272,20131216,16.3,-.3,8,1.2,5.8,0,.59,5243
3273,20131217,12.2,1,6.6,2.6,6.5,.1,.9,4207
3274,20131218,11.4,6.4,8.9,4.1,8.5,4.4,01.08,2641
3275,20131219,9,7.4,8.2,5.9,8.7,2.1,01.08,1276
3276,20131220,6.4,1.9,4.2,2.2,7.1,0,.42,2474
3277,20131221,5.9,-1.8,2.1,2.6,7,1.1,.17,3389
3278,20131222,9.9,3.3,6.6,7.3,9,1.3,.55,3102
3279,20131223,11.8,7.1,9.5,6.3,8.8,0,1.39,2543
3280,20131224,12.3,10.1,11.2,8.1,9.5,17,1.88,1586
3281,20131225,9,6.3,7.7,3.6,9.6,3.7,.48,1815
3282,20131226,5.4,4.3,4.9,3.3,7.9,.1,.47,983
3283,20131227,11.4,2.2,6.8,6.6,8.7,2,.76,3793
3284,20131228,8.8,7.7,8.3,6.4,9.1,7.4,.98,992
3285,20131229,5.6,3.2,4.4,4.3,7.4,.3,.54,1711
3286,20131230,6.9,-1.2,2.9,2.2,6.6,0,.35,3577
3287,20131231,8,1.4,4.7,3.3,6.9,3.3,.64,3199
3288,20140101,11.1,5.2,8.2,5.9,8.8,7,1,3017
3289,20140102,10.2,8.3,9.3,6.5,9.5,2.6,1.11,1510
3290,20140103,12.7,6.1,9.4,5.6,9.5,.8,01.07,3266
3291,20140104,12.3,4.2,8.3,3.8,9.3,9.7,.69,3700
3292,20140105,7.9,2.9,5.4,4.2,8.2,.1,.45,2825
3293,20140106,15.8,5.5,10.7,4.1,10.2,.3,01.05,4308
3294,20140107,13.9,10.1,12,4.2,10.5,.6,1.26,2446
3295,20140108,14.4,8.9,11.7,2.8,10.6,0,.91,3074
3296,20140109,13.5,8.2,10.9,4.3,9.1,.3,1.4,3040
3297,20140110,9.2,3.1,6.2,2,8.4,0,.41,3334
3298,20140111,8.4,2.3,5.4,2.1,9.1,.1,.18,3371
3299,20140112,9.1,3.7,6.4,3.1,8.4,.3,.54,3180
3300,20140113,8.7,2.4,5.6,2.9,9.3,6.4,.17,3516
3301,20140114,5.7,4,4.9,3.8,7.3,.6,.67,1611
3302,20140115,6.6,.3,3.5,3.9,7.6,1.4,.29,3605
3303,20140116,9.6,4.4,7,5.4,8.4,.4,.84,3273
3304,20140117,11.5,3.4,7.5,4.3,7.3,0,1.24,4263
3305,20140118,10,.7,5.4,5,8.1,4,.61,4665
3306,20140119,7,6.9,7,2.4,9.5,18,.47,46
3307,20140120,4.4,3.6,4,3.9,8.3,2.8,.21,1056
3308,20140121,3.1,2.5,2.8,2.2,6.9,0,.43,865
3309,20140122,5.3,-3.5,.9,1.8,6.4,2.3,.25,4784
3310,20140123,6.3,1.3,3.8,3.8,8.1,6.1,.22,3537
3311,20140124,5.1,2.9,4,1.7,7,0,.49,2215
3312,20140125,5.5,-3.2,1.2,2.7,6.8,.8,.21,4969
3313,20140126,7.4,3.9,5.7,5.6,8.9,7.8,.34,3018
3314,20140127,6.4,3.1,4.8,5.3,6.7,.1,.98,2964
3315,20140128,4.4,2.1,3.3,4.5,6.9,1.3,.54,2433
3316,20140129,6.3,1.9,4.1,4.6,7.1,.9,.65,3613
3317,20140130,6.9,2.1,4.5,1.7,7.4,.1,.48,3857
3318,20140131,9,-1.7,3.7,2.5,6.4,0,.71,6097
3319,20140201,6.2,3.2,4.7,6.2,7.7,8.4,.61,3046
3320,20140202,8.3,.8,4.6,2.9,7,0,.71,5186
3321,20140203,8,-3,2.5,3.2,6.1,.1,.73,6487
3322,20140204,8.9,.6,4.8,5.1,7.1,1.7,.92,5659
3323,20140205,7.6,3.8,5.7,6.7,7.6,9.5,.96,3731
3324,20140206,11.1,4.8,8,6.8,7.3,.6,1.78,5027
3325,20140207,10.1,9,9.6,7.8,7.6,.2,2.2,1846
3326,20140208,7.9,5.5,6.7,7.8,7.4,8,1.4,3015
3327,20140209,7.1,2.8,5,6.8,6.8,2.2,1.14,4274
3328,20140210,7.5,2.1,4.8,4.4,7.9,13.3,.6,4930
3329,20140211,8.1,3.4,5.8,4.2,7.1,.7,01.05,4641
3330,20140212,9.5,1,5.3,5.4,7,1.1,1.17,6516
3331,20140213,8.7,6.1,7.4,6.5,8.1,14,1.24,3440
3332,20140214,11,2.9,7,5.5,8.7,1.2,.97,6555
3333,20140215,8.7,8.5,8.6,5.6,9.3,3.3,01.03,628
3334,20140216,10.2,4.7,7.5,4.4,8,.5,1.2,5488
3335,20140217,12,1.9,7,2.5,7.5,0,1.13,7733
3336,20140218,10.9,2.7,6.8,2.2,7.8,.2,.97,7028
3337,20140219,8.8,5,6.9,3.3,9.3,.8,.62,4701
3338,20140220,10.1,5.4,7.8,5.1,9.8,1.1,.72,5368
3339,20140221,8.2,6.3,7.3,4.2,7.6,.5,1.23,3287
3340,20140222,5.9,2.3,4.1,4.1,8.3,23.3,.36,4786
3341,20140223,13.4,4.1,8.8,3.2,8.7,0,1.34,8116
3342,20140224,14.8,2.1,8.5,4.9,7.3,0,2.11,9712
3343,20140225,11.2,7.1,9.2,5,8.1,4.8,1.69,5387
3344,20140226,9.1,4.6,6.9,2.8,8.1,0,.98,5754
3345,20140227,6.7,2,4.4,5.1,7.7,6.1,.69,5982
3346,20140228,6.9,3.4,5.2,5.6,7.9,9.7,.78,5172
3347,20140301,6,2.4,4.2,2.8,7.5,.9,.68,5332
3348,20140302,9,-3.9,2.6,2.2,6.1,4.6,01.04,10688
3349,20140303,9.5,3.7,6.6,5.9,7.4,1,1.47,7106
3350,20140304,8,3.4,5.7,2.4,7.8,0,.89,6366
3351,20140305,10.4,-1.5,4.5,2.1,6.8,0,1.16,10689
3352,20140306,12.8,-2.3,5.3,1.7,6.2,0,1.43,12272
3353,20140307,13.3,-1.4,6,1.4,6.8,0,1.37,12268
3354,20140308,18.3,.9,9.6,3.8,6.8,0,2.78,13573
3355,20140309,19.6,3.5,11.6,1.9,7.6,0,2.21,13213
3356,20140310,17.1,2.2,9.7,2.4,7.7,0,02.07,12862
3357,20140311,17.1,2.3,9.7,1.7,6.6,0,2,12987
3358,20140312,16.4,2.1,9.3,1.7,7.1,0,1.89,12924
3359,20140313,17.5,.7,9.1,1.8,7.8,0,1.96,14232
3360,20140314,17.5,1.9,9.7,2,8.4,0,1.99,13872
3361,20140315,9.1,2.7,5.9,3.4,8.8,0,.9,8820
3362,20140316,16.2,4.7,10.5,3.3,9.6,0,1.96,12143
3363,20140317,19.4,3,11.2,2.2,10.1,0,2.15,14778
3364,20140318,17.9,2,10,3.2,9.8,0,2.13,14722
3365,20140319,15.2,5.6,10.4,1.7,8.6,0,1.78,11468
3366,20140320,21.9,3.3,12.6,4.2,8.5,0,3.58,16350
3367,20140321,15.3,11.8,13.6,5.5,10.1,9.9,2.54,6896
3368,20140322,10.8,7.7,9.3,4.3,9.1,2.6,1.49,6539
3369,20140323,10.2,2.4,6.3,3.6,7.2,2.3,1.61,10789
3370,20140324,10.3,1.8,6.1,1.9,6.7,0,1.54,11415
3371,20140325,8.6,.5,4.6,1.7,6.7,0,1.32,11258
3372,20140326,10.4,.3,5.4,2.4,5.8,0,1.8,12771
3373,20140327,10.9,-3.1,3.9,1.7,5.5,0,1.75,15291
3374,20140328,15.6,-1.8,6.9,2.8,6.1,0,2.56,17289
3375,20140329,18.5,4.4,11.5,3.6,7.5,0,3.18,15681
3376,20140330,19.5,7.9,13.7,2.3,8.5,0,2.84,14328
3377,20140331,19.3,4.7,12,1.6,9.1,0,2.49,16303
3378,20140401,19.1,4.9,12,2,9.8,0,2.52,16237
3379,20140402,20.2,6.7,13.5,4.1,9.8,0,3.3,15981
3380,20140403,17.3,12.2,14.8,3.8,10,.1,2.82,9730
3381,20140404,13.1,10.5,11.8,2.7,12.2,1.7,1.27,6876
3382,20140405,16.5,8.5,12.5,2.4,10.7,0,2.17,12557
3383,20140406,17.7,5,11.4,1.9,11.2,0,2.22,16104
3384,20140407,22.5,6.7,14.6,2.7,11.8,0,3.19,18190
3385,20140408,14,7.8,10.9,4.6,8.8,0,2.45,11316
3386,20140409,16,.6,8.3,1.5,7.5,0,2.4,18286
3387,20140410,20,2.6,11.3,1.8,7.6,0,03.08,19645
3388,20140411,20.4,2.9,11.7,1.8,9.4,0,2.97,19878
3389,20140412,17,4.1,10.6,2.1,9.4,0,2.5,17146
3390,20140413,16.6,7.2,11.9,2.4,9.5,0,2.52,14691
3391,20140414,16.6,1.3,9,3.1,8.1,0,2.8,19040
3392,20140415,13.3,1.1,7.2,3.4,6.1,0,2.7,17092
3393,20140416,15.5,-.4,7.6,3.9,5.3,0,3.41,19743
3394,20140417,20,.5,10.3,2.7,6,.1,3.82,22095
3395,20140418,13,5.2,9.1,3.3,7.6,0,2.42,13903
3396,20140419,10.9,-.6,5.2,2.2,6.9,0,02.01,17121
3397,20140420,17,2,9.5,2,8.1,2.3,2.83,19776
3398,20140421,13.8,8.4,11.1,1.1,11.3,.8,1.77,11757
3399,20140422,19.2,7.3,13.3,1.8,10.9,.1,2.85,17826
3400,20140423,20.3,9.1,14.7,1.2,11.2,1.1,2.86,17406
3401,20140424,19.3,6.8,13.1,1.6,12.5,.8,2.72,18549
3402,20140425,14.8,9.7,12.3,3,12,1.2,1.94,11753
3403,20140426,15.4,5.3,10.4,2.4,10.7,2.8,2.29,16857
3404,20140427,14.6,5.9,10.3,4.5,10.2,1.4,2.31,15717
3405,20140428,14.9,7.8,11.4,2.8,10.1,.2,2.37,14246
3406,20140429,15.6,4.8,10.2,2.5,10.6,8.2,2.39,17802
3407,20140430,17.2,8.2,12.7,2.6,11.9,.4,2.54,16312
3408,20140501,16.7,10.3,13.5,2.9,12.4,10.4,2.37,13765
3409,20140502,13.7,8.9,11.3,4.4,12.2,1.1,1.67,11929
3410,20140503,10.7,6.4,8.6,3.3,8.9,0,1.81,11333
3411,20140504,16,-.4,7.8,2.4,7.6,0,03.03,22738
3412,20140505,21.2,2.4,11.8,2.5,9.5,0,3.84,24521
3413,20140506,20,9.5,14.8,4.5,11.4,.3,3.66,18303
3414,20140507,16.6,11.2,13.9,4.2,11.6,.8,2.71,13059
3415,20140508,17.4,10.7,14.1,4.6,11.8,1.4,2.92,14682
3416,20140509,18.3,12.1,15.2,3.5,13.7,.2,2.65,14180
3417,20140510,18.7,9.9,14.3,4.9,12.6,.4,03.08,17077
3418,20140511,13.8,8.9,11.4,4.9,10.5,5.1,2.29,12681
3419,20140512,13.2,7.1,10.2,3.9,9.7,3.1,2.29,14277
3420,20140513,14.1,5.5,9.8,3.2,9.8,2.5,2.44,17127
3421,20140514,15.1,5.1,10.1,2.5,10.3,1.9,2.55,18594
3422,20140515,14.2,3.8,9,3.1,8.5,0,2.75,19058
3423,20140516,17.9,1.5,9.7,4.3,8.6,0,3.65,24165
3424,20140517,20.2,5.7,13,3.5,9.4,0,04.06,22790
3425,20140518,22.1,5.3,13.7,1.7,10.5,0,3.95,24671
3426,20140519,23.2,9.2,16.2,4,10.7,0,4.78,22569
3427,20140520,23.1,11.8,17.5,3,12.3,2.1,4.23,20306
3428,20140521,23.1,11.3,17.2,4,13.6,1.7,4.2,20840
3429,20140522,18.4,10.8,14.6,3.4,12.8,6.3,2.99,16689
3430,20140523,21,8.9,15,3.9,11.8,5.4,3.95,21263
3431,20140524,17.1,7,12.1,3.7,9.9,0,3.29,19450
3432,20140525,22,5.1,13.6,2.3,11.5,1.4,04.03,25389
3433,20140526,16.8,11.6,14.2,2,14.4,10.2,2.26,13907
3434,20140527,16.3,10.4,13.4,3.1,12.5,.2,2.51,14892
3435,20140528,19.5,5.5,12.5,2.4,11.5,.1,3.49,23276
3436,20140529,19,5.7,12.4,1.8,11.9,.4,3.31,22739
3437,20140530,21.1,10,15.6,2,13.1,0,3.57,20786
3438,20140531,19.5,7.5,13.5,2.2,11.1,0,3.54,21688
3439,20140601,19.1,6.1,12.6,2.8,11.3,0,3.49,22650
3440,20140602,19.4,6.9,13.2,2,11.9,0,3.42,22252
3441,20140603,20.7,9.2,15,2.1,13.1,.4,3.54,21370
3442,20140604,18.8,11.3,15.1,3,13,4.5,3.11,17199
3443,20140605,20.5,7.5,14,2.5,10.3,0,3.98,22845
3444,20140606,28.5,7.9,18.2,2.9,13.4,0,5.7,28940
3445,20140607,30.6,14.7,22.7,1.9,15.2,0,5.48,25408
3446,20140608,31.9,14.6,23.3,1.9,18.8,0,5.58,26567
3447,20140609,33.6,15.9,24.8,3.1,18,0,6.61,26918
3448,20140610,30.8,17.9,24.4,3.3,17.8,2,5.82,22939
3449,20140611,26.5,15.7,21.1,2.6,18.5,.1,4.31,20973
3450,20140612,28.4,14.3,21.4,2,17.8,0,4.83,24061
3451,20140613,27.7,12.9,20.3,2.3,13.9,0,5.17,24688
3452,20140614,23.4,10.2,16.8,3.9,12.5,0,4.67,23308
3453,20140615,21.5,8.4,15,4.2,11.1,0,4.44,23235
3454,20140616,22.7,9.3,16,3.9,10.9,0,4.79,23520
3455,20140617,21.4,10.4,15.9,4.1,11.44,0,4.44,21785
3456,20140618,23.4,11.5,17.5,3.5,12.5,.4,4.6,22156
3457,20140619,25.4,11.9,18.7,2.9,11.9,0,05.07,23637
3458,20140620,22,8,15,2.2,11.4,0,4.17,24083
3459,20140621,26.3,8.6,17.5,1.7,9.9,0,05.08,27141
3460,20140622,30.1,11.2,20.7,2.1,11,.1,5.97,28060
3461,20140623,20.2,13,16.6,1.7,14.9,1.4,03.07,17125
3462,20140624,26.1,11.5,18.8,2,13.3,0,4.78,24588
3463,20140625,25.2,9.7,17.5,2.8,11.1,0,5.13,25338
3464,20140626,25.7,7,16.4,2.5,9.7,0,5.36,27863
3465,20140627,23.6,13.5,18.6,2.8,13.4,1.3,4.31,20331
3466,20140628,23.2,14.3,18.8,1.8,16.4,19.7,3.6,19039
3467,20140629,18.2,12,15.1,2.9,14.6,4.2,2.66,15793
3468,20140630,20.2,9.7,15,1.6,12.8,.6,3.44,20680
3469,20140701,24.7,9,16.9,2,11.2,.1,4.71,25368
3470,20140702,26.3,11.6,19,1.6,11.99,.1,4.72,24147
3471,20140703,29.7,13.5,21.6,1.5,13.6,0,5.22,25706
3472,20140704,26.4,17.6,22,2.2,18,4.6,4.15,18786
3473,20140705,23.8,15.9,19.9,4.4,17.6,1,3.84,17743
3474,20140706,26.7,16.3,21.5,3.3,18.1,14.7,4.52,20394
3475,20140707,18,13.1,15.6,1.4,15.9,9.3,2.35,13816
3476,20140708,17.5,12.2,14.9,2.4,14.5,5.2,2.44,14359
3477,20140709,15.7,11.6,13.7,4.1,14,20.9,02.01,12542
3478,20140710,14.2,11.3,12.8,4.3,15,3.7,1.24,10445
3479,20140711,14.7,13.3,14,2.6,15.7,3.2,1.21,7088
3480,20140712,20.4,12.3,16.4,2.2,16,.7,2.97,17701
3481,20140713,18.3,14.4,16.4,3.3,17.9,6.4,1.9,12098
3482,20140714,20.9,14.7,17.8,3.2,14.4,.3,3.36,15340
3483,20140715,25.7,10.1,17.9,1.4,13.8,0,4.36,24552
3484,20140716,29,12.5,20.8,1.5,15.9,0,4.86,25189
3485,20140717,31.5,14.4,23,2.1,16.9,0,5.54,25572
3486,20140718,33.4,16.8,25.1,2.7,17.5,0,6.18,25107
3487,20140719,29.3,20.7,25,2.2,16.4,2.6,4.73,17871
3488,20140720,23,16.8,19.9,3,17.2,6.9,3.35,15046
3489,20140721,21.8,16.1,19,3.6,19.2,5.4,2.68,14354
3490,20140722,18.2,15.8,17,3.7,19.2,.4,1.43,9105
3491,20140723,28.4,17.4,22.9,2.6,18.7,0,4.55,19981
3492,20140724,28.5,13.7,21.1,2.2,17.1,.8,4.71,23164
3493,20140725,25.9,13.7,19.8,2.3,17.4,4.3,04.03,20900
3494,20140726,25.5,13.9,19.7,2.4,17.6,2.1,3.9,20281
3495,20140727,26,12.8,19.4,2,17,.7,04.04,21574
3496,20140728,18.1,15.4,16.8,1.8,17.7,13.5,1.76,9442
3497,20140729,17.3,13.9,15.6,3.1,17.2,9.2,1.65,10607
3498,20140730,23.8,15.6,19.7,4,17.6,0,3.57,16668
3499,20140731,26.9,11.9,19.4,1.6,15.4,0,4.23,22609
3500,20140801,27.6,13.1,20.4,1,15.9,8.4,04.06,22112
3501,20140802,23.4,16.1,19.8,2.6,18.3,.5,3.12,15466
3502,20140803,24.9,14.3,19.6,2.2,17.3,4.6,3.61,18641
3503,20140804,23.1,13.7,18.4,2.2,16.3,1.5,3.29,17433
3504,20140805,25,10.9,18,1.2,13.8,0,3.75,21346
3505,20140806,22.1,12,17.1,1.8,15.4,.5,3.12,17891
3506,20140807,23.8,17.3,20.6,2.2,18.3,2.2,03.05,14173
3507,20140808,26.6,16.4,21.5,2.7,18.2,10.4,3.9,17776
3508,20140809,24.7,15.7,20.2,2.7,16.9,2.2,3.57,16569
3509,20140810,24.5,16.6,20.6,3.6,18.4,6.1,3.42,15399
3510,20140811,20.1,11.9,16,3.3,13.2,0,03.09,15601
3511,20140812,22,12.6,17.3,2.2,13.5,3.7,3.26,16633
3512,20140813,16.6,14.1,15.4,3.8,14.2,27.3,1.96,8283
3513,20140814,18.6,12.5,15.6,3.7,13.9,4.8,2.57,13130
3514,20140815,17.2,12.1,14.7,3.3,12.8,.9,2.39,11882
3515,20140816,20.3,8.2,14.3,1.9,12.5,.1,2.96,18445
3516,20140817,20.6,9.5,15.1,3.2,12.3,0,3.23,17524
3517,20140818,18.8,11.6,15.2,3,12.9,.5,2.68,13918
3518,20140819,19.6,8.9,14.3,2.1,11.5,0,2.91,16954
3519,20140820,17.8,7.8,12.8,1.9,11.4,.3,2.54,16254
3520,20140821,19.6,5.9,12.8,1.9,10.3,0,2.99,18969
3521,20140822,21,7.9,14.5,2.5,10.2,0,3.4,18398
3522,20140823,18.8,9.3,14.1,3,12.3,2.2,2.68,15475
3523,20140824,20,6.8,13.4,1.5,10.9,.2,2.84,18187
3524,20140825,19.8,9.5,14.7,2.5,12.8,10.5,2.71,15881
3525,20140826,21.1,14.5,17.8,3.6,16.9,3.4,2.46,12512
3526,20140827,20.9,13.4,17.2,2.1,15.1,0,2.51,13260
3527,20140828,24.3,13.4,18.9,2.2,16.6,1.6,03.04,15954
3528,20140829,23,16.4,19.7,2.5,16.2,0,2.83,12200
3529,20140830,22.5,10.8,16.7,2.1,14,0,2.92,16268
3530,20140831,19.1,14.2,16.7,3.1,13.3,0,2.51,10261
3531,20140901,19.6,8.9,14.3,1.6,11.4,0,2.54,15265
3532,20140902,21.7,6.6,14.2,2.5,11.3,0,3.1,18064
3533,20140903,21.6,8.4,15,3,12.7,0,2.97,16705
3534,20140904,22.9,13,18,1.3,14.2,0,2.61,14268
3535,20140905,25.9,11.1,18.5,1.6,15.2,0,3.12,17392
3536,20140906,25.1,11.9,18.5,1.9,14.4,0,3.11,16242
3537,20140907,25.7,11.7,18.7,1.3,13.5,0,03.01,16582
3538,20140908,27.4,12.5,20,1.7,14.9,0,3.32,16956
3539,20140909,25.7,13.1,19.4,2,15.5,.9,03.06,15399
3540,20140910,22.1,10.7,16.4,1.6,13.3,.1,2.53,14477
3541,20140911,20.8,8,14.4,2.5,10.8,0,2.81,15214
3542,20140912,20.7,6.2,13.5,2.2,10.6,0,2.68,16059
3543,20140913,23,8.2,15.6,2.8,12.7,.1,2.96,16061
3544,20140914,22.6,10.2,16.4,2.2,13.3,0,2.66,14504
3545,20140915,24.6,9,16.8,1.4,14.2,0,2.63,16155
3546,20140916,27.1,10.4,18.8,1.8,14.1,0,3.13,16552
3547,20140917,25.6,13.8,19.7,3.3,15.5,4.5,3.25,13683
3548,20140918,23.7,12.9,18.3,2.1,16.4,3.8,2.4,12924
3549,20140919,21.1,12.2,16.7,1.9,16.1,1.8,1.93,11555
3550,20140920,25.4,12.5,19,2.1,15.7,5.4,2.71,13853
3551,20140921,20,14.1,17.1,2.5,15.2,3.8,1.93,9101
3552,20140922,15.1,9.7,12.4,1.9,10.9,0,1.58,8582
3553,20140923,18.6,6.4,12.5,3,9.2,0,2.52,12994
3554,20140924,17.5,6.2,11.9,2,10.9,.1,1.83,12338
3555,20140925,17.6,9.8,13.7,2.1,10.5,0,1.97,10044
3556,20140926,20.1,4.8,12.5,1.1,9.7,0,1.96,14092
3557,20140927,23.2,5.9,14.6,1.8,11,0,2.46,14833
3558,20140928,25.1,9.9,17.5,2.4,11.8,0,2.94,13701
3559,20140929,18.3,14.4,16.4,2,15.1,1.5,1.45,6609
3560,20140930,22,12.6,17.3,.9,14.9,0,1.69,10399
3561,20141001,22,8.8,15.4,1.2,13.3,0,1.83,12256
3562,20141002,22.1,8.4,15.3,1.4,12.5,0,1.93,12334
3563,20141003,23.1,7.7,15.4,.6,12.3,0,1.7,12936
3564,20141004,22.7,7.8,15.3,1.7,13.1,6.8,1.98,12549
3565,20141005,12.6,12.6,12.6,2.5,13.5,10.7,.62,0
3566,20141006,17,9.3,13.2,2,12,13.2,1.45,8642
3567,20141007,17.8,12.2,15,4.5,13.1,.9,1.88,7196
3568,20141008,23.1,12.6,17.9,4.8,14.5,26.9,2.73,9899
3569,20141009,16.3,15.8,16.1,2.4,15.4,15.3,01.02,1742
3570,20141010,15.8,12,13.9,1.8,14.5,2.1,.96,5593
3571,20141011,18.5,9.3,13.9,2.4,11.9,.1,1.64,8851
3572,20141012,18.4,6.5,12.5,4.2,13.2,15.7,1.39,9990
3573,20141013,19.3,11.2,15.3,3,13.6,.1,1.64,8038
3574,20141014,19.7,8.6,14.2,1.4,12.7,0,1.37,9357
3575,20141015,18.2,7.4,12.8,1.7,12.9,2.7,1.2,9089
3576,20141016,18.6,11.3,15,2.9,14.7,18.8,1.27,7275
3577,20141017,19.7,11.9,15.8,2.2,14.3,.1,1.41,7424
3578,20141018,25.6,11.3,18.5,1.6,15.1,0,1.8,10078
3579,20141019,23.3,11.7,17.5,2.6,14.6,0,1.9,8893
3580,20141020,20.6,14.1,17.4,1.9,15.6,4.6,1.33,6433
3581,20141021,16.9,12.3,14.6,4.3,12.4,2.3,1.71,5250
3582,20141022,12.6,5.3,9,4.3,8.4,.2,1.48,6638
3583,20141023,12.1,7,9.6,1.3,10.6,.3,.73,5382
3584,20141024,13.3,5.7,9.5,1,10.6,0,.73,6576
3585,20141025,17.1,6.5,11.8,.9,11.4,0,.88,7735
3586,20141026,17.8,8,12.9,1.3,11.5,0,01.03,7303
3587,20141027,15.2,4,9.6,1.8,10.6,0,.85,7720
3588,20141028,14.5,2.7,8.6,1.8,10.3,0,.76,7815
3589,20141029,18,4.5,11.3,1.2,10.8,0,.93,8264
3590,20141030,20.1,7.4,13.8,2.1,11.5,0,1.36,7876
3591,20141031,18.9,8.5,13.7,1.8,12.3,0,01.09,6970
3592,20141101,21.3,7.1,14.2,1.7,12,0,1.24,8100
3593,20141102,19.3,9.7,14.5,3,13.2,7.2,1.29,6469
3594,20141103,16.2,12.7,14.5,4.4,12.6,31.4,1.49,3648
3595,20141104,9.3,9.3,9.3,2.5,10.5,12.7,.64,0
3596,20141105,9.3,5.6,7.5,2.6,8.5,0,.77,3642
3597,20141106,11.4,.4,5.9,2.3,7.2,0,.85,6536
3598,20141107,12,1.6,6.8,4.1,8.4,1.6,.91,6242
3599,20141108,14.8,7.3,11.1,3,9.1,0,1.32,5144
3600,20141109,13.3,5,9.2,1.8,9.8,1.5,.68,5353
3601,20141110,13.2,8,10.6,2.5,9.7,.6,.98,4068
3602,20141111,15.9,5.7,10.8,4.5,10.8,.7,1.13,5805
3603,20141112,14,8.9,11.5,2.5,10.1,0,01.03,3897
3604,20141113,14.8,3.2,9,2.9,8.9,0,01.01,6038
3605,20141114,13.4,4,8.7,3.3,10.2,35.8,.65,5305
3606,20141115,11.9,8.8,10.4,2.7,10.6,.2,.76,2790
3607,20141116,10.2,7.8,9,4.9,9.3,5.5,01.03,2356
3608,20141117,9.6,6.9,8.3,2.5,9.2,3.3,.68,2489
3609,20141118,9.7,4.5,7.1,1.4,9.4,1.5,.39,3592
3610,20141119,11.3,3.9,7.6,1.6,9,0,.5,4318
3611,20141120,10.8,2.5,6.7,3.4,8.4,0,.67,4538
3612,20141121,14.3,3.8,9.1,1.2,9.6,.1,.48,5095
3613,20141122,15.1,4.8,10,2.3,10.8,0,.59,4973
3614,20141123,16.6,7.8,12.2,2.6,11.9,0,.78,4499
3615,20141124,12.2,9.5,10.9,1.4,12,0,.46,2238
3616,20141125,12.6,8.6,10.6,2.9,11.8,1.2,.51,2794
3617,20141126,13.2,10.2,11.7,1.9,11.5,3.2,.67,2321
3618,20141127,14.4,7.4,10.9,2.5,11.5,1.8,.58,3760
3619,20141128,13.7,9.8,11.8,4.2,9.7,0,1.44,2647
3620,20141129,10.9,4,7.5,2.8,8,0,.77,3642
3621,20141130,4.4,3,3.7,2.7,7.3,0,.43,1350
3622,20141201,2.5,1.6,2.1,2.7,6.9,.1,.3,970
3623,20141202,2,1.6,1.8,2.7,6.7,.5,.34,472
3624,20141203,2.6,.9,1.8,2.4,6.7,.4,.29,1482
3625,20141204,5.4,1.8,3.6,1.3,7.1,.5,.33,2359
3626,20141205,5,-1.9,1.6,1.3,6.2,0,.25,3424
3627,20141206,4,2.3,3.2,3.1,7.4,0,.3,1435
3628,20141207,6.3,3.7,5,3.6,7.3,.8,.65,1875
3629,20141208,5.8,2.6,4.2,3.8,7.4,3.4,.47,2117
3630,20141209,4.8,.3,2.6,2.9,6.3,.1,.46,2584
3631,20141210,6.9,.3,3.6,4.8,7.6,3.8,.3,3212
3632,20141211,7.5,5.4,6.5,5,8.4,.7,.68,1585
3633,20141212,9.5,6.4,8,8.6,8,0,1.48,2020
3634,20141213,11.2,7.7,9.5,4.3,7.9,2.2,1.43,2166
3635,20141214,7.6,7.6,7.6,1.7,9.2,.9,.6,0
3636,20141215,8.9,5.3,7.1,2.5,8,1.3,.68,2184
3637,20141216,7.8,4,5.9,2.8,8.6,.5,.37,2250
3638,20141217,9.3,1.2,5.3,4.7,9.6,23.5,0,3504
3639,20141218,12.2,9.3,10.8,4.2,12.1,2.3,.49,1893
3640,20141219,10,8.8,9.4,6.1,10.7,5,.68,1039
3641,20141220,6.5,3.2,4.9,3.3,7.6,.4,.49,2048
3642,20141221,7.2,3.8,5.5,2.8,7.7,0,.54,2085
3643,20141222,6.1,4.9,5.5,2.7,7,0,.78,1038
3644,20141223,7.2,-2.5,2.4,1.4,6.1,0,.28,3869
3645,20141224,8.4,2.3,5.4,5.1,8.5,2,.35,2971
3646,20141225,8,5.3,6.7,2.2,8.2,.1,.56,1815
3647,20141226,3.4,1.2,2.3,2.2,6.8,7.7,.31,1595
3648,20141227,5.8,1.5,3.7,7.2,6.7,4,.75,2436
3649,20141228,-.4,-.4,-.4,4.9,4.4,0,.87,0
3650,20141229,-1.6,-8.6,-5.1,2.1,4,.3,.15,3274
3651,20141230,1.2,-2.1,-.4,1.5,5.7,0,.22,2104
3652,20141231,1.9,-.4,.8,1,5.4,0,.35,1685
3653,20150101,1.1,-4.6,-1.7,1.7,4.9,0,.23,2957
3654,20150102,4.8,-4.5,.2,3.3,6.5,2,.07,3941
3655,20150103,10.5,-.6,5,5.1,9.6,7.3,0,4383
3656,20150104,5.9,4.3,5.1,3.2,7.7,0,.55,1369
3657,20150105,4.2,-3.8,.2,1.3,5.2,0,.28,3705
3658,20150106,5.7,-4.1,.8,2.3,5.7,.5,.34,4190
3659,20150107,7.5,1.5,4.5,1.9,8.3,.1,.22,3201
3660,20150108,9.3,4.9,7.1,4.9,9,2.5,.6,2697
3661,20150109,11.6,5,8.3,6.3,10.5,1.7,.43,3450
3662,20150110,11.3,10.8,11.1,6.6,11.8,8.4,.83,601
3663,20150111,7,4.3,5.7,5.5,7.4,.1,.89,2077
3664,20150112,8.5,2.1,5.3,3.6,5.5,0,1.22,3506
3665,20150113,13.3,4.1,8.7,6.8,6.9,7.4,2.1,4352
3666,20150114,7.5,6,6.8,5.4,8.2,2.1,.87,1483
3667,20150115,11.7,5.2,8.5,6.2,7.4,11.4,1.7,3670
3668,20150116,4.9,2.8,3.9,1.6,7.7,3.8,.33,1899
3669,20150117,3.7,3.1,3.4,2.7,6.4,.4,.65,799
3670,20150118,4.2,-2.7,.8,3.1,5.2,0,.57,3949
3671,20150119,3,-3.3,-.1,1,5.5,.1,.26,3804
3672,20150120,.8,-.8,0,1.7,5.3,.1,.41,1698
3673,20150121,1.5,-4,-1.2,1.5,5.4,.1,.23,3625
3674,20150122,1.3,-.7,.3,1.9,6,0,.3,2021
3675,20150123,1.7,-1.5,.1,2.6,5.6,0,.37,2730
3676,20150124,1.3,-1.3,0,3.1,5.4,1.5,.44,2451
3677,20150125,2.7,-4,-.6,1.3,5.7,.5,.24,4300
3678,20150126,4,.8,2.4,4.2,7.3,6.5,.22,2864
3679,20150127,4.4,.3,2.4,2.7,7,0,.32,3360
3680,20150128,5.9,1.7,3.8,4.6,7.5,4.8,.44,3462
3681,20150129,3.7,3.2,3.5,6.1,6.9,9.8,.64,889
3682,20150130,2.9,.3,1.6,5.4,5.8,3.2,.66,2708
3683,20150131,3.8,-.8,1.5,3,6.1,3,.46,3827
3684,20150201,1.6,.2,.9,4.8,6.2,2.4,.35,1924
3685,20150202,2.5,.4,1.5,2.6,6.1,1,.45,2511
3686,20150203,.6,-1.2,-.3,2.2,5.2,.1,.46,2329
3687,20150204,-.1,-2.4,-1.2,4.6,4.4,0,.69,2744
3688,20150205,.1,-5.6,-2.7,5.6,3.8,0,.77,4681
3689,20150206,.9,-2.1,-.6,7.2,3.9,0,1.19,3315
3690,20150207,2.4,-4.8,-1.2,3.9,3.5,0,01.04,5496
3691,20150208,4.4,-3.9,.3,3.3,5,0,.71,6034
3692,20150209,6,-5.1,.5,1.5,5.2,0,.57,7168
3693,20150210,6.3,-.3,3,3,5.7,0,.88,5502
3694,20150211,9,-3.3,2.9,2.2,5.6,0,.89,7815
3695,20150212,12.5,-3.5,4.5,1.5,5,0,01.07,9124
3696,20150213,12.4,0,6.2,4.3,6.4,2.2,1.61,8100
3697,20150214,7.7,5.5,6.6,4.6,7.6,5.4,01.09,3179
3698,20150215,7.6,2.8,5.2,1.6,7.3,1.6,.7,5012
3699,20150216,4.5,-.5,2,1.4,7.2,0,.39,5209
3700,20150217,4.6,.7,2.7,2,7.3,0,.42,4617
3701,20150218,4.1,.3,2.2,2.5,6.1,0,.64,4626
3702,20150219,9.6,1.2,5.4,2.7,6,0,1.24,7230
3703,20150220,12.5,-.9,5.8,5.2,6.7,9.7,1.69,9405
3704,20150221,5.8,2.7,4.3,3.9,6.8,1.3,.86,4336
3705,20150222,5.2,.2,2.7,3,5.8,1.4,.88,5729
3706,20150223,9.9,-.4,4.8,5.9,7.5,4.3,01.05,8568
3707,20150224,6.9,2,4.5,4.2,6.5,.6,01.08,5845
3708,20150225,8.4,-.2,4.1,2.1,6.9,.1,.87,8024
3709,20150226,8.4,3.7,6.1,2.3,9.1,8.6,.61,5892
3710,20150227,6.8,4.2,5.5,5.5,6.8,.3,1.27,4322
3711,20150228,8.6,-2.6,3,3.1,5.1,2.7,1.37,9643
3712,20150301,11.9,4,8,6.6,9.8,3.8,01.01,8138
3713,20150302,11,7.6,9.3,5.1,7.8,2.8,1.86,5246
3714,20150303,10.1,1.7,5.9,3.8,7,3.7,1.37,8653
3715,20150304,7.5,.4,4,2.6,6.4,.8,01.04,8029
3716,20150305,7.3,-.5,3.4,2.5,5.7,0,1.15,8560
3717,20150306,10.8,-3.2,3.8,1.3,5.4,0,1.25,11798
3718,20150307,13,-2.5,5.3,.8,6,0,1.24,12611
3719,20150308,16,-1.2,7.4,1.4,6,0,1.72,13492
3720,20150309,13.1,.2,6.7,1.9,7.6,0,1.41,11775
3721,20150310,13.6,1.1,7.4,2.2,8.8,.1,1.35,11739
3722,20150311,14.6,8.1,11.4,2.3,7.9,0,1.89,8439
3723,20150312,14.6,-1,6.8,3,4.7,0,2.45,13521
3724,20150313,11,-2.2,4.4,1.2,4.9,0,1.45,12559
3725,20150314,10.2,-.5,4.9,2,5.6,0,1.52,11404
3726,20150315,9.4,-1.5,4,1.9,5.8,0,1.38,11661
3727,20150316,14.8,-1.2,6.8,1.7,6.4,0,1.85,14412
3728,20150317,16.9,-.8,8.1,1.3,6.7,0,1.93,15372
3729,20150318,18.8,5.5,12.2,2.5,8.3,0,2.51,13422
3730,20150319,6.9,4.2,5.6,2.5,8.3,0,.82,5849
3731,20150320,14.6,4.2,9.4,1.8,8.5,0,1.74,12101
3732,20150321,7,4.2,5.6,2.1,7.9,3.1,.93,6115
3733,20150322,9.2,3.4,6.3,4.4,6.4,0,1.81,9127
3734,20150323,14,-1.7,6.2,1.4,6.7,.3,1.81,15514
3735,20150324,13.4,2,7.7,2.3,8.7,8.1,1.65,13298
3736,20150325,5.1,1.8,3.5,3.6,7.2,.4,.81,7007
3737,20150326,8.2,.3,4.3,3.4,7.2,.6,1.23,11238
3738,20150327,11.1,3.5,7.3,2.6,7.3,0,1.71,11136
3739,20150328,12.1,2.1,7.1,4.1,9.4,1.3,1.37,12987
3740,20150329,10.8,8.9,9.9,6.9,10.8,19.7,1.13,5442
3741,20150330,12.4,9.8,11.1,6.1,10.9,1.9,1.56,6522
3742,20150331,13.2,9.1,11.2,7.6,9.1,1,2.5,8406
3743,20150401,10.1,4.1,7.1,4.9,6.3,.2,2.21,10381
3744,20150402,10,5,7.5,3.9,8.7,2.8,1.41,9532
3745,20150403,10.9,5.5,8.2,1.4,9.9,5.7,1.29,10027
3746,20150404,9.1,6.7,7.9,3.8,9,1.7,1.22,6586
3747,20150405,9.7,-1.3,4.2,4.1,5.2,0,2.18,14810
3748,20150406,12.1,-2.7,4.7,2.5,5,0,2.35,17424
3749,20150407,14.6,.1,7.4,3.2,4.8,0,03.04,17405
3750,20150408,17.4,.1,8.8,2,4.8,0,03.06,19235
3751,20150409,20.5,1.6,11.1,1.8,6.4,.2,3.26,20312
3752,20150410,20.5,5.9,13.2,3.3,6.8,.1,3.92,17953
3753,20150411,12.9,9.5,11.2,3.7,10.4,.2,1.77,8485
3754,20150412,19.4,4.1,11.8,2.2,9.8,0,2.88,18718
3755,20150413,20.3,4.6,12.5,1.8,9.1,0,03.04,19131
3756,20150414,23.1,5.8,14.5,2.4,8.5,0,3.86,20278
3757,20150415,25.1,7.4,16.3,1.9,9.1,0,3.92,20688
3758,20150416,20.5,10.1,15.3,1.9,9.8,1.1,03.08,15873
3759,20150417,13.9,11.5,12.7,2.6,12.8,14.4,1.43,7430
3760,20150418,14.7,7.2,11,4.5,8.9,0,2.66,13623
3761,20150419,17.1,1.5,9.3,2.6,6.8,0,3.16,20023
3762,20150420,20.6,3.6,12.1,1.6,8,0,3.31,21085
3763,20150421,22.3,3.2,12.8,2.7,7.5,0,4.14,22548
3764,20150422,24.4,5.2,14.8,3,7.4,0,4.76,22777
3765,20150423,20.5,4.6,12.6,2.7,7.9,0,3.77,20834
3766,20150424,20.6,3.3,12,2.1,10.1,.8,3.32,21909
3767,20150425,15.9,11.5,13.7,3.1,12.5,8,2.1,10881
3768,20150426,19.8,7.8,13.8,2,13.3,20.1,2.78,18419
3769,20150427,11.6,10.4,11,4.5,11.3,17.1,1.32,5525
3770,20150428,14.3,3.6,9,3.1,7.6,0,2.75,17601
3771,20150429,16.1,.9,8.5,2.3,7.2,0,03.03,21211
3772,20150430,13.1,4.1,8.6,2.9,9.1,21.6,2.2,16312
3773,20150501,14.6,8.6,11.6,4.2,14,26.7,1.4,13312
3774,20150502,14.1,10.9,12.5,4.1,13.6,13.2,1.44,9649
3775,20150503,19.1,11.4,15.3,3.9,15.7,9.2,2.35,15333
3776,20150504,22.2,12.6,17.4,3.7,15.3,.4,3.34,17280
3777,20150505,18.9,17.8,18.4,5,10.8,0,3.73,5555
3778,20150506,16.3,6.8,11.6,3.7,9.1,.3,03.09,17386
3779,20150507,16.8,5.3,11.1,2.2,9,0,03.01,19284
3780,20150508,18,5.9,12,2.2,11.8,.5,2.84,19901
3781,20150509,19.4,12.1,15.8,3.3,11.6,.1,3.34,15429
3782,20150510,22.6,7,14.8,2.6,11.2,0,04.03,22901
3783,20150511,28.1,9.3,18.7,2.1,12.8,0,4.93,25315
3784,20150512,27.3,14.3,20.8,2.6,13.6,0,4.8,21070
3785,20150513,26.9,9.6,18.3,3.9,13.8,.2,5.12,24499
3786,20150514,19.1,12.7,15.9,3.5,11.8,3.4,3.32,14776
3787,20150515,12.4,7.1,9.8,4.1,10.6,0,1.86,13463
3788,20150516,17.6,6.2,11.9,2.8,11.6,.1,2.91,20065
3789,20150517,19.4,10,14.7,1.9,10.7,0,3.31,18253
3790,20150518,21.2,4.9,13.1,2.9,10,0,04.08,24294
3791,20150519,14.9,7,11,3.2,8.9,1,2.9,16831
3792,20150520,13,6.2,9.6,3.4,8.5,1.9,2.57,15641
3793,20150521,16.2,2,9.1,3.2,8.4,0,3.26,22909
3794,20150522,17.4,2.4,9.9,2.6,9.1,0,3.36,23646
3795,20150523,20,4.7,12.4,2.6,10.4,0,3.75,23971
3796,20150524,22.7,7.5,15.1,1.7,12.1,.1,3.97,23973
3797,20150525,17.6,6.7,12.2,2.2,12.4,2.9,2.88,20292
3798,20150526,13.6,7.5,10.6,3.5,8.7,0,2.72,15104
3799,20150527,19.3,3.3,11.3,2.1,9.2,0,3.75,24845
3800,20150528,22,6,14,2.1,10.5,0,4.15,24918
3801,20150529,20.3,9.5,14.9,2.9,11.5,0,3.74,20441
3802,20150530,17.8,11.9,14.9,2.6,11.6,.1,3,15020
3803,20150531,20.9,9.8,15.4,3.5,12.8,3.4,3.75,20840
3804,20150601,17.1,9.4,13.3,3,12.5,.4,2.76,17317
3805,20150602,25,10.8,17.9,3.6,11.6,0,5.17,23750
3806,20150603,22.9,11.3,17.1,2.4,13.6,0,4,21465
3807,20150604,29.4,10.9,20.2,1.8,15.4,0,5.27,27295
3808,20150605,33.3,15.1,24.2,1.9,16.4,.6,06.02,27122
3809,20150606,25.2,14.1,19.7,3.2,14.6,0,4.63,21111
3810,20150607,23.8,12.8,18.3,2.7,10.3,0,4.75,21050
3811,20150608,22.8,8.9,15.9,3.3,11.2,0,4.59,23763
3812,20150609,21,9.5,15.3,4.4,11,0,4.35,21601
3813,20150610,26.1,9.9,18,3.1,12.8,0,5.19,25766
3814,20150611,29.5,13.9,21.7,1.8,14.5,.1,5.28,25306
3815,20150612,25.9,16.8,21.4,3.4,14.6,10.6,4.87,19232
3816,20150613,25.1,14.1,19.6,1.7,15,.2,4.18,21215
3817,20150614,21.7,14.2,18,1.6,16.8,11.5,3.17,17447
3818,20150615,18.3,14.6,16.5,3,17.4,5.2,02.06,12116
3819,20150616,20,13.5,16.8,3.5,13.9,.1,3.34,16231
3820,20150617,21.6,7.2,14.4,2.6,10.6,0,4.27,24412
3821,20150618,22.4,10.6,16.5,2.9,15.4,3.9,3.73,22060
3822,20150619,21.1,10.4,15.8,2.1,12.5,0,3.74,20989
3823,20150620,19.6,7.4,13.5,2.1,12.6,0,3.45,22449
3824,20150621,22.5,14,18.3,2.4,14.5,.2,3.76,18656
3825,20150622,22.8,10.6,16.7,3.1,12.7,3.1,4.32,22447
3826,20150623,17.5,8.7,13.1,2.5,11.3,0,3.13,18985
3827,20150624,23.1,5.8,14.5,1.2,11.2,0,4.26,26809
3828,20150625,25.8,9.5,17.7,1.2,12.2,0,4.59,25996
3829,20150626,28.4,11.7,20.1,1.4,13.6,0,05.03,26304
3830,20150627,23.9,17.7,20.8,3.4,14.4,0,4.28,15822
3831,20150628,28,10.2,19.1,1.6,12.9,0,5.13,27130
3832,20150629,28.8,14.4,21.6,1.8,14.7,0,05.09,24329
3833,20150630,32.5,14.4,23.5,1.9,15.5,0,5.96,27307
3834,20150701,35.7,16.7,26.2,3.1,16.8,0,7.35,27956
3835,20150702,32.9,18.3,25.6,3.2,16.5,0,6.55,24413
3836,20150703,36,17.6,26.8,3.2,17.9,0,7.35,27428
3837,20150704,34.1,20.2,27.2,1.8,18.6,.4,5.75,23737
3838,20150705,35.7,19.7,27.7,3.2,19.2,0,07.04,25461
3839,20150706,31.4,16,23.7,1.8,16,0,5.49,24924
3840,20150707,32.5,18.2,25.4,2.8,17.7,.3,06.06,23954
3841,20150708,21.1,15,18.1,4.2,12.4,0,04.06,15441
3842,20150709,23.4,11.8,17.6,3.2,11,0,4.71,21434
3843,20150710,29.4,9.1,19.3,3.1,9.3,0,6.52,28450
3844,20150711,28.9,14.2,21.6,3.4,12.4,0,06.03,24078
3845,20150712,27.4,12.4,19.9,2.3,13.6,0,05.03,24266
3846,20150713,27.3,16.5,21.9,2.3,14.9,0,4.72,20461
3847,20150714,26.8,13.6,20.2,2.7,15.2,0,4.78,22610
3848,20150715,31.6,12.9,22.3,1.6,14.5,0,5.54,26928
3849,20150716,36.6,14.7,25.7,2,13.2,.2,6.89,29095
3850,20150717,32.8,21.5,27.2,2.5,17.5,0,5.71,20695
3851,20150718,30.5,19.2,24.9,2.1,17.7,.7,4.99,20628
3852,20150719,26.4,17.7,22.1,3.7,17.3,0,4.51,17978
3853,20150720,27.8,17.8,22.8,2.7,18.1,0,4.51,19243
3854,20150721,34.3,16.4,25.4,2.5,18,0,6.23,25819
3855,20150722,28.9,18,23.5,3.7,17.9,1,5.15,19964
3856,20150723,28.2,15.8,22,2.5,13.4,0,05.08,21245
3857,20150724,30.5,14,22.3,3,14.3,.1,5.85,24486
3858,20150725,22.8,15.8,19.3,5.3,11.6,0,4.96,15711
3859,20150726,20.8,7.7,14.3,2.9,11.7,5,3.68,21584
3860,20150727,22.8,14,18.4,4.7,14,.1,4.15,17524
3861,20150728,21.8,14.4,18.1,3,12.2,2.2,3.81,15957
3862,20150729,20.7,12.9,16.8,2.8,12,.7,3.53,16321
3863,20150730,22.8,8.4,15.6,2.2,9.5,0,4.22,22249
3864,20150731,24.7,6.3,15.5,1.7,9,0,4.45,25094
3865,20150801,25.6,13.2,19.4,1.7,11,.1,4.24,20410
3866,20150802,30.3,9.8,20.1,2.2,10.8,0,5.6,26253
3867,20150803,35,14.1,24.6,2.5,11.4,2.9,6.68,26376
3868,20150804,24.6,17.6,21.1,3.2,15,4,04.01,14976
3869,20150805,32.6,10.1,21.4,2.3,14,0,5.84,27096
3870,20150806,34.2,20,27.1,2.7,17.4,0,5.9,21305
3871,20150807,36.9,16.7,26.8,2.8,16.2,1.5,6.84,25363
3872,20150808,21.8,16.9,19.4,1.8,19.5,23.1,2.35,12169
3873,20150809,19.3,15.1,17.2,2.2,18.1,2.9,1.96,11162
3874,20150810,25.4,14.7,20.1,2.3,16.3,.3,3.72,18002
3875,20150811,28.9,14,21.5,1.7,16.8,0,4.26,21202
3876,20150812,33.4,17.4,25.4,1.4,20.5,.4,4.7,21851
3877,20150813,28.3,18.8,23.6,2,19.2,.7,3.83,16617
3878,20150814,24.3,17,20.7,3.2,16.7,5.5,3.51,14410
3879,20150815,18,13.6,15.8,3.2,14.1,2.3,2.31,11002
3880,20150816,20.6,8.7,14.7,1.9,13.3,.1,2.92,18288
3881,20150817,22.2,12.6,17.4,2.5,12.5,.4,3.42,16262
3882,20150818,22,9.9,16,1.6,11.5,0,3.24,18190
3883,20150819,24.5,8.4,16.5,1.5,11.7,0,3.62,20909
3884,20150820,24.1,12.8,18.5,1.6,13.8,0,3.31,17310
3885,20150821,28.5,11.3,19.9,1.2,13.5,0,3.92,21314
3886,20150822,29.2,11.9,20.6,2.2,12.4,0,4.64,21217
3887,20150823,21.4,14.8,18.1,2.8,15.4,10,2.76,12816
3888,20150824,21.2,12.5,16.9,5.1,13.5,2.9,3.4,14672
3889,20150825,21.6,10.4,16,3.5,12.2,0,3.41,16582
3890,20150826,29.2,14.5,21.9,3.8,14,0,5.15,18916
3891,20150827,28.6,17.7,23.2,2,17.2,0,3.77,16088
3892,20150828,26.6,18.4,22.5,3,18.7,.3,3.49,13772
3893,20150829,32.8,15.5,24.2,2.3,18.1,0,4.7,20059
3894,20150830,34,18.7,26.4,2.8,12.6,0,5.68,18674
3895,20150831,30,19.1,24.6,3.7,14.8,23.5,5.13,15548
3896,20150901,20.8,17.6,19.2,3.1,17.2,9,2.2,8123
3897,20150902,20.1,10.7,15.4,2.3,13.7,0,2.46,14148
3898,20150903,19.3,9.4,14.4,1.9,11.8,0,2.47,14400
3899,20150904,17.4,6.2,11.8,2.2,10.2,0,2.38,15207
3900,20150905,17.5,8.9,13.2,1.8,11.8,.2,2.11,13140
3901,20150906,16.9,10.5,13.7,2.1,10.1,0,2.28,11159
3902,20150907,16.5,3.8,10.2,1.9,9.9,0,2.14,15769
3903,20150908,19.8,6.4,13.1,2,11,0,2.54,16054
3904,20150909,23.6,7,15.3,2.2,10.3,0,3.3,17749
3905,20150910,21.9,9.1,15.5,1.9,9.6,0,2.96,15370
3906,20150911,24.3,5.1,14.7,2,10.4,.1,3.25,18745
3907,20150912,18.9,15,17,2.6,14.7,4.2,1.96,8090
3908,20150913,22.2,12.8,17.5,3.9,15.4,5.6,2.68,12699
3909,20150914,18.1,13.5,15.8,5.5,12.3,3,2.74,8640
3910,20150915,16.9,11.4,14.2,5.1,12.1,3.7,2.27,9391
3911,20150916,24.1,13.8,19,5.1,16,31.3,3.23,12893
3912,20150917,17.3,12.7,15,4.2,13.1,4.4,02.04,8357
3913,20150918,17.6,10.9,14.3,2.8,12.9,5.3,1.88,10074
3914,20150919,18.2,11.9,15.1,2.8,13.1,2.4,1.97,9643
3915,20150920,16.5,9.5,13,1.3,11.9,0,1.59,10074
3916,20150921,18.2,4.9,11.6,1.7,11.3,.1,1.87,13912
3917,20150922,14.6,11.4,13,3.9,12.2,5.4,1.53,6492
3918,20150923,16,8.9,12.5,3.1,10.8,.2,1.89,9795
3919,20150924,18,6.9,12.5,2,11.1,0,1.88,12224
3920,20150925,17.9,10.5,14.2,1.6,12.8,.5,1.63,9770
3921,20150926,17.9,5.1,11.5,2,10.7,0,1.84,12847
3922,20150927,19.3,5.7,12.5,3.4,10.2,0,2.42,13095
3923,20150928,18.2,5.9,12.1,4.9,8.3,0,03.02,12275
3924,20150929,18.2,4.8,11.5,3.8,7.8,0,2.79,12673
3925,20150930,18.7,4.2,11.5,3,8.5,0,2.44,13036
3926,20151001,14.9,2.8,8.9,3,7.9,0,1.9,11713
3927,20151002,19.6,5.1,12.4,2.2,9.3,0,2.17,12703
3928,20151003,19.2,9.3,14.3,1.9,12.2,4.6,1.74,10273
3929,20151004,16.5,9.1,12.8,3.1,12.1,.7,1.53,8697
3930,20151005,19.7,11.6,15.7,2.8,15.3,9.6,1.54,8999
3931,20151006,19.5,14.3,16.9,4,15.8,13.3,1.69,7014
3932,20151007,15.3,11,13.2,3.1,11.9,.1,1.45,6244
3933,20151008,14.4,9.3,11.9,1.4,10.8,0,1.17,6748
3934,20151009,16.1,8.1,12.1,1.5,10.6,0,1.34,8457
3935,20151010,14.2,3.4,8.8,2,10.2,0,1.1,9768
3936,20151011,14.4,4.2,9.3,2.1,10.3,0,1.13,9345
3937,20151012,13.5,5.4,9.5,1.9,10.1,0,01.07,8155
3938,20151013,10.8,3.3,7.1,2.7,8.4,0,01.04,7716
3939,20151014,4.5,2.3,3.4,2.8,7,5,.62,3891
3940,20151015,4.6,1.9,3.3,2.9,7.4,1.7,.5,4297
3941,20151016,7.9,3.3,5.6,1.4,7.7,.4,.75,5673
3942,20151017,11.5,3.1,7.3,1.3,8.5,.2,.89,7723
3943,20151018,11.4,6,8.7,1.5,9.3,0,.88,6002
3944,20151019,12.1,1.1,6.6,2.4,8.3,0,.99,8647
3945,20151020,10.4,4.5,7.5,2.1,9.2,0,.77,6105
3946,20151021,13.6,6.8,10.2,2.1,9.8,.4,01.07,6490
3947,20151022,11.5,5.1,8.3,2.4,11.3,1,.49,6184
3948,20151023,13.2,10.1,11.7,1.3,11.9,.1,.77,4086
3949,20151024,18.9,4.6,11.8,1.8,10.8,.2,1.26,9204
3950,20151025,13.7,11.8,12.8,1.9,12.5,.2,.85,2989
3951,20151026,16.6,5,10.8,3.9,11.4,0,1.16,7989
3952,20151027,18.7,9.3,14,3.8,11.9,11.5,1.69,7031
3953,20151028,13.3,12.7,13,2.6,12.3,1.9,.97,1378
3954,20151029,13.8,6.3,10.1,1.8,10.4,.1,.83,6033
3955,20151030,12.1,3.7,7.9,3.9,9.7,.1,.77,6313
3956,20151031,19.5,5,12.3,3.2,10.7,0,1.58,8319
3957,20151101,18.8,5.1,12,1.1,10.6,.1,.92,7947
3958,20151102,17.9,4.3,11.1,2.5,9.4,.1,1.37,7794
3959,20151103,14.4,7.4,10.9,4.7,10.5,2.3,1.25,5365
3960,20151104,17.8,10.3,14.1,3.3,12,0,1.41,5482
3961,20151105,18.8,8,13.4,1.1,12.1,.2,.82,6574
3962,20151106,16.9,13.2,15.1,2.6,15.2,.5,.81,3582
3963,20151107,23.5,13,18.3,1.7,15.4,0,1.23,6275
3964,20151108,24.1,10.1,17.1,2.1,13.3,0,1.5,7210
3965,20151109,15.9,13,14.5,3.9,13.1,0,1.24,2961
3966,20151110,13.7,7.5,10.6,2.3,10.6,0,.79,4487
3967,20151111,17.2,5.1,11.2,1.2,10.1,0,.73,6367
3968,20151112,15.9,4.6,10.3,2,10.1,0,.81,6044
3969,20151113,13.4,7.1,10.3,2.8,10.8,.2,.73,4319
3970,20151114,11.5,5.4,8.5,2.9,8.9,0,.83,4177
3971,20151115,16.3,8.5,12.4,3.8,8.4,0,1.9,4716
3972,20151116,11.2,5.7,8.5,3.9,9.7,0,.7,3822
3973,20151117,15.4,10.3,12.9,6.6,12.6,.4,1.16,3607
3974,20151118,15,12.1,13.6,4.6,12,.4,1.35,2557
3975,20151119,14.6,11.3,13,5.6,13,9.9,.96,2719
3976,20151120,14,12.5,13.3,6.1,12.5,27.7,1.27,1644
3977,20151121,5,4.8,4.9,4.9,7.3,6.2,.79,276
3978,20151122,2.9,.5,1.7,3.9,6.2,.3,.46,2144
3979,20151123,3.8,-1.7,1.1,2,5.3,0,.48,3453
3980,20151124,2.3,-5,-1.3,3.6,5.4,5,.23,4000
3981,20151125,7.7,2.1,4.9,4.7,8.2,3.9,.39,3396
3982,20151126,5.6,2.4,4,2.8,7.2,0,.47,2413
3983,20151127,1.5,.3,.9,.7,6.2,1.2,.31,1266
3984,20151128,7.4,-1.7,2.9,4,7.1,.9,.36,4306
3985,20151129,10.6,2.4,6.5,6.3,9.2,.7,.47,4015
3986,20151130,10.4,9.3,9.9,5.5,10.3,1.3,.95,1140
3987,20151201,11.5,8.1,9.8,3.6,9.1,0,01.07,2353
3988,20151202,10.9,2.1,6.5,1.2,7.6,0,.42,4045
3989,20151203,7.7,-1.8,3,1.3,6.6,0,.28,4180
3990,20151204,10.8,.2,5.5,2.6,8.3,.6,.39,4402
3991,20151205,10.7,-.9,4.9,2,7.5,0,.41,4587
3992,20151206,12.1,2.8,7.5,2.4,8.4,.1,.6,4021
3993,20151207,15.2,6.7,11,2.5,9.5,0,.91,3792
3994,20151208,13.6,4.8,9.2,2.7,9.6,3.3,.66,3837
3995,20151209,7.6,6.1,6.9,1.7,8.8,0,.48,1282
3996,20151210,5.1,-2.4,1.4,1.8,6.3,0,.23,3457
3997,20151211,8.6,-2.5,3.1,2.7,7.6,.1,.19,4287
3998,20151212,11.6,7.1,9.4,2.8,9.3,0,.78,2535
3999,20151213,7.1,.1,3.6,1.3,7,0,.27,3268
4000,20151214,8.4,-.8,3.8,1.4,7.1,0,.26,3803
4001,20151215,10.3,2.7,6.5,1.3,9.4,8.5,.2,3398
4002,20151216,13,8.9,11,3.9,12,.1,.54,2356
4003,20151217,17.9,11.4,14.7,2.6,11.4,.5,1.18,3087
4004,20151218,14.5,8.1,11.3,2.5,10.5,.1,.77,3053
4005,20151219,14.6,5.2,9.9,1.6,9.7,0,.51,3800
4006,20151220,16.3,5.6,11,2.6,9.7,5.6,.89,4084
4007,20151221,11.4,8.2,9.8,4.6,9.6,0,01.03,2008
4008,20151222,14.3,8.3,11.3,4.8,8.2,.2,1.84,2934
4009,20151223,11,6.2,8.6,4.5,9.7,.3,.68,2575
4010,20151224,14.5,7.1,10.8,4,9.3,0,1.24,3322
4011,20151225,14.9,8.7,11.8,3.6,9.1,0,1.41,3006
4012,20151226,13.2,4.5,8.9,.7,8.4,0,.32,3663
4013,20151227,12.8,4,8.4,1.7,8.2,0,.59,3699
4014,20151228,14.1,3.7,8.9,3,8.4,0,.92,4080
4015,20151229,10.9,4.6,7.8,2.8,8.2,.6,.74,3080
4016,20151230,11.5,.3,5.9,2.8,7.1,2.3,.73,4294
4017,20151231,10,2.6,6.3,3.9,8.7,.5,.46,3417