GRID_NO;LATITUDE;LONGITUDE;ALTITUDE;DAY;TEMPERATURE_MAX;TEMPERATURE_MIN;TEMPERATURE_AVG;WINDSPEED;VAPOURPRESSURE;PRECIPITATION;ET0;RADIATION
100094;50.47228;4.59257;155;20200401;10;-2.4;3.8;2.3;4.55;0;2.14;19516
100094;50.47228;4.59257;155;20200402;9.3;-1.3;4;2.6;6.05;0;1.61;13505
100094;50.47228;4.59257;155;20200403;10.6;4.2;7.4;3.3;6.55;0;1.95;10765
100094;50.47228;4.59257;155;20200404;15.2;3.7;9.5;2.6;5.95;0;2.84;18190
100094;50.47228;4.59257;155;20200405;21.6;4.4;13;3.9;6.2;0;4.41;21206
100094;50.47228;4.59257;155;20200406;20.8;10.5;15.7;4.6;8.2;0;4.42;18748
100094;50.47228;4.59257;155;20200407;20.1;7.1;13.6;2.6;10.85;0;2.99;19275
100094;50.47228;4.59257;155;20200408;24.4;9.5;16.9;1.9;8.4;1;3.71;20074
100094;50.47228;4.59257;155;20200409;22.1;8.5;15.3;2.7;9.5;0;3.72;20833
100094;50.47228;4.59257;155;20200410;20.9;7.2;14.1;3.8;9;0;3.9;21169
100094;50.47228;4.59257;155;20200411;22.8;6.4;14.6;2.3;8.65;0;3.77;21866
100094;50.47228;4.59257;155;20200412;23.3;7;15.2;2.4;8.8;0;3.84;20972
100094;50.47228;4.59257;155;20200413;11;9.1;10.1;5.9;7.05;0;2.96;13259
100094;50.47228;4.59257;155;20200414;9.7;0.8;5.3;3.6;5.15;0;2.33;15360
100094;50.47228;4.59257;155;20200415;17.6;0.1;8.8;2.8;6.05;0;3.26;20101
100094;50.47228;4.59257;155;20200416;22.3;5.8;14.1;2.3;8.25;0;3.72;20685
100094;50.47228;4.59257;155;20200417;21.2;7.4;14.3;3;9.7;0;3.76;21192
100094;50.47228;4.59257;155;20200418;16.6;9.4;13;2.4;11.2;5;2.29;13620
100094;50.47228;4.59257;155;20200419;14.6;5.6;10.1;3.3;10.2;0;1.5;6896
100094;50.47228;4.59257;155;20200420;19;6.2;12.6;6.8;6.2;0;5.24;24195
100094;50.47228;4.59257;155;20200421;20.6;7;13.8;6.9;5.65;0;5.96;24466
100094;50.47228;4.59257;155;20200422;21.8;6.4;14.1;5.3;6.4;0;5.53;25177
100094;50.47228;4.59257;155;20200423;22.7;5.6;14.2;1.9;7.25;0;4.11;24613
100094;50.47228;4.59257;155;20200424;19.6;7.3;13.4;3.4;8.25;0;4;22570
100094;50.47228;4.59257;155;20200425;14.8;5.5;10.2;3.6;7.7;0;3.18;20793
100094;50.47228;4.59257;155;20200426;17.5;2.6;10;1.7;7.35;0;3.34;25080
100094;50.47228;4.59257;155;20200427;21.8;3.8;12.8;2.6;8.7;0;4.03;24368
100094;50.47228;4.59257;155;20200428;17.7;9.5;13.6;4;11.2;5;2.61;12214
100094;50.47228;4.59257;155;20200429;16;10.6;13.3;5.2;10.9;5;2.65;12295
100094;50.47228;4.59257;155;20200430;14.3;8.3;11.3;5.4;9.35;2;2.86;16532
100094;50.47228;4.59257;155;20200501;14.3;7.1;10.7;6.1;9.35;3;2.78;17374
100094;50.47228;4.59257;155;20200502;14.3;6.8;10.5;4.2;8.6;2;2.83;17006
100094;50.47228;4.59257;155;20200503;16.8;3.5;10.1;2;9.15;0;2.58;17092
100094;50.47228;4.59257;155;20200504;15.4;10.8;13.1;3.8;10.15;0;2.63;12039
100094;50.47228;4.59257;155;20200505;15;5.1;10.1;5.4;6.75;0;3.97;24705
100094;50.47228;4.59257;155;20200506;17.4;2.5;10;2.8;6.2;0;4.04;27145
100094;50.47228;4.59257;155;20200507;20.7;4.7;12.7;1.4;7.1;0;3.94;25939
100094;50.47228;4.59257;155;20200508;21.8;7;14.4;2.3;8.45;0;4.18;23277
100094;50.47228;4.59257;155;20200509;24;10.5;17.2;2.1;11.2;1;4.31;23147
100094;50.47228;4.59257;155;20200510;18.7;13.6;16.2;3.6;13.5;4;2.16;6366
100094;50.47228;4.59257;155;20200511;12.4;5;8.7;8.3;6;0;3.79;20104
100094;50.47228;4.59257;155;20200512;12.3;1;6.7;2.4;5.8;0;3.11;24552
100094;50.47228;4.59257;155;20200513;13.7;1.3;7.5;3.4;6.25;0;2.88;17413
100094;50.47228;4.59257;155;20200514;13.8;2;7.9;5.7;5.5;0;3.95;25416
100094;50.47228;4.59257;155;20200515;15.7;2.5;9.1;4.1;6.05;0;4.19;28451
100094;50.47228;4.59257;155;20200516;17.5;2.5;10;1.9;7.1;0;3.64;25208
100094;50.47228;4.59257;155;20200517;19.2;3.7;11.5;1.8;7.75;0;4.08;27999
100094;50.47228;4.59257;155;20200518;22.8;8;15.4;3;8.45;0;5.15;28079
100094;50.47228;4.59257;155;20200519;23.4;8.2;15.8;3;9.7;0;5.03;27547
100094;50.47228;4.59257;155;20200520;23.4;10;16.7;2.9;11.95;0;4.85;27393
100094;50.47228;4.59257;155;20200521;27.2;10.5;18.9;1.8;12.7;0;5.1;28074
100094;50.47228;4.59257;155;20200522;25.1;16.1;20.6;4.5;13.85;1;4.61;15119
100094;50.47228;4.59257;155;20200523;18.5;11.6;15;6.3;8.75;1;4.82;20263
100094;50.47228;4.59257;155;20200524;16.9;8.9;12.9;4.6;10.9;0;2.84;14662
100094;50.47228;4.59257;155;20200525;22;10.4;16.2;2.9;11.3;0;4.48;25007
100094;50.47228;4.59257;155;20200526;23.6;8.4;16;2.4;10.65;0;4.88;27968
100094;50.47228;4.59257;155;20200527;23.5;10.2;16.8;2.9;10.3;0;5.15;27620
100094;50.47228;4.59257;155;20200528;21.1;9;15.1;5;8.2;0;5.73;29644
100094;50.47228;4.59257;155;20200529;22.5;7.8;15.1;3.7;7.6;0;5.7;29860
100094;50.47228;4.59257;155;20200530;23.6;8.2;15.9;3.5;7.85;0;5.85;29967
100094;50.47228;4.59257;155;20200531;21.5;9;15.2;4.1;8.1;0;5.62;29350
100094;50.47228;4.59257;155;20200601;25.7;9.8;17.7;3.9;9.65;0;6.26;30087
100094;50.47228;4.59257;155;20200602;27.7;11.3;19.5;2.3;9.65;0;5.77;28096
100094;50.47228;4.59257;155;20200603;23.8;11.3;17.6;2.4;10.8;0;4.59;23006
100094;50.47228;4.59257;155;20200604;14.1;12.8;13.5;3.3;11.55;4;1.92;7051
100094;50.47228;4.59257;155;20200605;14.6;8.4;11.5;4.8;10.2;13;2.44;12775
100094;50.47228;4.59257;155;20200606;16.1;6.6;11.3;6.3;8.55;1;3.79;21460
100094;50.47228;4.59257;155;20200607;18.7;9.4;14;3.7;9.65;0;3.97;21010
100094;50.47228;4.59257;155;20200608;15.7;10.1;12.9;2.8;12.05;3;2.11;11489
100094;50.47228;4.59257;155;20200609;14.6;10.5;12.6;3.4;11.35;0;1.98;9123
100094;50.47228;4.59257;155;20200610;16.2;8.2;12.2;2.2;11.7;1;2.04;11386
100094;50.47228;4.59257;155;20200611;21.1;12.1;16.6;3;13.45;0;3.81;20802
100094;50.47228;4.59257;155;20200612;21.9;11.1;16.5;3.1;14.05;6;3.22;15698
100094;50.47228;4.59257;155;20200613;24.8;12.1;18.5;2.6;14.3;0;4.85;26357
100094;50.47228;4.59257;155;20200614;22.4;13.9;18.1;2.9;13.55;0;4.03;19499
100094;50.47228;4.59257;155;20200317;13.7;4;8.9;2.9;7.65;0;1.95;14641
100094;50.47228;4.59257;155;20200318;16;6.5;11.2;3.4;9.45;0;2.17;15410
100094;50.47228;4.59257;155;20200319;12.7;5;8.8;2;9.95;0;1.09;7285
100094;50.47228;4.59257;155;20200320;8.1;7.2;7.7;5.8;9;5;0.94;3136
100094;50.47228;4.59257;155;20200321;8.2;3.2;5.7;7;6.4;0;1.77;8854
100094;50.47228;4.59257;155;20200322;10.2;0;5.1;6.3;4.55;0;2.76;18118
100094;50.47228;4.59257;155;20200323;11;-0.4;5.3;4.9;3.3;0;3.08;18322
100094;50.47228;4.59257;155;20200324;11.6;-0.3;5.7;3.7;3;0;3;18086
100094;50.47228;4.59257;155;20200325;10.1;-2.8;3.6;3.9;3.45;0;2.61;18851
100094;50.47228;4.59257;155;20200326;9.8;-0.2;4.8;5;3.95;0;2.75;18104
100094;50.47228;4.59257;155;20200327;12.8;0.4;6.6;3.9;5.75;0;2.5;17961
100094;50.47228;4.59257;155;20200328;14.1;4;9.1;5.9;6.65;0;3.08;17825
100094;50.47228;4.59257;155;20200329;7.1;2.2;4.7;8.4;4.55;0;2.55;10717
100094;50.47228;4.59257;155;20200330;8.1;-2.9;2.6;4;4.7;0;1.95;16565
100094;50.47228;4.59257;155;20200331;8.6;2.1;5.4;4.3;5.55;0;2.09;14798
100094;50.47228;4.59257;155;20200101;5.6;2;3.8;2.4;6.4;0;0.22;4178
100094;50.47228;4.59257;155;20200102;5.3;0.4;2.8;4.3;7.4;0;0.14;1897
100094;50.47228;4.59257;155;20200103;9.5;5.1;7.3;6;9.3;3;0.56;1194
100094;50.47228;4.59257;155;20200104;6.7;2.5;4.6;3.9;7.6;0;0.25;3573
100094;50.47228;4.59257;155;20200105;6.7;4.9;5.8;2.6;7.5;0;0.58;1486
100094;50.47228;4.59257;155;20200106;8.3;2.5;5.4;4.1;6.6;1;0.67;4594
100094;50.47228;4.59257;155;20200107;8;3.7;5.8;5.4;8.75;0;0.31;1824
100094;50.47228;4.59257;155;20200108;11.4;6;8.7;5.3;11.7;2;0.06;1220
100094;50.47228;4.59257;155;20200109;11.6;10.4;11;6.7;11.65;9;0.73;1241
100094;50.47228;4.59257;155;20200110;8;7.5;7.8;4;8.85;2;0.67;1599
100094;50.47228;4.59257;155;20200111;6.6;4;5.3;4.8;6.9;0;0.77;2932
100094;50.47228;4.59257;155;20200112;7.9;3.6;5.8;6.4;8;1;0.63;2149
100094;50.47228;4.59257;155;20200113;8.2;5.6;6.9;5.8;8.95;2;0.51;2303
100094;50.47228;4.59257;155;20200114;10.6;7.8;9.2;9.6;9.5;1;1.15;1761
100094;50.47228;4.59257;155;20200115;11.3;9.4;10.3;6.8;8.8;1;1.57;2848
100094;50.47228;4.59257;155;20200116;11.6;3.1;7.4;4.4;8.6;0;0.61;5045
100094;50.47228;4.59257;155;20200117;9.7;8.8;9.3;5.8;8.1;2;1.5;1877
100094;50.47228;4.59257;155;20200118;6.5;3;4.7;3.9;6.65;0;0.63;4140
100094;50.47228;4.59257;155;20200119;6.2;-0.2;3;2.9;6.4;0;0.39;4045
100094;50.47228;4.59257;155;20200120;4.3;0.3;2.3;1.8;6.85;0;0.22;2572
100094;50.47228;4.59257;155;20200121;5.6;-2.1;1.7;1.3;5.5;0;0.13;6030
100094;50.47228;4.59257;155;20200122;1.9;-3.8;-0.9;2.1;5.8;0;0.13;2756
100094;50.47228;4.59257;155;20200123;1.7;0.3;1;3.1;6.6;0;0.2;776
100094;50.47228;4.59257;155;20200124;0.6;0.6;0.6;1.9;5.95;0;0.33;869
100094;50.47228;4.59257;155;20200125;3.4;-0.2;1.6;1.7;6.7;0;0.24;1953
100094;50.47228;4.59257;155;20200126;9.7;0.5;5.1;4.5;8.15;3;0.43;4833
100094;50.47228;4.59257;155;20200127;8.5;6.4;7.5;6.2;9.15;8;0.67;1703
100094;50.47228;4.59257;155;20200128;5.2;2.4;3.8;8.3;7.1;1;0.56;4000
100094;50.47228;4.59257;155;20200129;7.2;1.9;4.5;5.8;6.7;0;0.81;5057
100094;50.47228;4.59257;155;20200130;9.6;4.3;6.9;6.8;9.4;2;0.43;3214
100094;50.47228;4.59257;155;20200131;11.9;8.9;10.4;7;11.7;4;0.58;2416
100094;50.47228;4.59257;155;20200201;11.6;10.4;11;6.4;10.55;15;1.18;2644
100094;50.47228;4.59257;155;20200202;12.5;6.2;9.4;6.8;10.5;8;0.78;2965
100094;50.47228;4.59257;155;20200203;10.5;9.5;10;6.4;9.75;14;1.19;2505
100094;50.47228;4.59257;155;20200204;5.8;3.3;4.5;5.3;7.5;2;0.53;3228
100094;50.47228;4.59257;155;20200205;7.6;2.5;5;1.6;6.9;0;0.54;4347
100094;50.47228;4.59257;155;20200206;6.8;0.4;3.6;1.4;6.4;0;0.41;7130
100094;50.47228;4.59257;155;20200207;10.8;-0.3;5.3;3.6;5.65;0;1.22;8519
100094;50.47228;4.59257;155;20200208;10.3;5;7.6;4.4;8.4;1;0.95;3604
100094;50.47228;4.59257;155;20200209;11.8;6.5;9.1;11;9.3;11;1.42;3682
100094;50.47228;4.59257;155;20200210;8.6;6.6;7.6;11.8;7.4;5;1.8;4408
100094;50.47228;4.59257;155;20200211;7.1;3.7;5.4;9.4;6.05;1;1.68;6404
100094;50.47228;4.59257;155;20200212;6.8;2.8;4.8;6.5;6.45;1;1.12;6296
100094;50.47228;4.59257;155;20200213;8.9;3.3;6.1;6.5;7.75;7;0.99;4174
100094;50.47228;4.59257;155;20200214;9.3;5;7.1;5;7.85;0;1.1;4484
100094;50.47228;4.59257;155;20200215;12.1;6.9;9.5;7.2;8.8;2;1.58;6216
100094;50.47228;4.59257;155;20200216;16.6;10.4;13.5;11.6;10.5;7;2.81;3953
100094;50.47228;4.59257;155;20200217;9.8;6.8;8.3;8.3;7.95;2;1.61;6306
100094;50.47228;4.59257;155;20200218;8.5;4.7;6.6;7.5;7.45;3;1.28;5260
100094;50.47228;4.59257;155;20200219;7.4;3.9;5.6;6.8;7.35;1;1.03;7148
100094;50.47228;4.59257;155;20200220;9.7;5.1;7.4;7.1;8.4;5;1.13;3860
100094;50.47228;4.59257;155;20200221;8.7;2.5;5.6;6.7;6.7;0;1.38;7087
100094;50.47228;4.59257;155;20200222;9.1;4.4;6.7;8.4;8.25;1;1.03;3782
100094;50.47228;4.59257;155;20200223;11.9;9;10.5;8.3;10.25;4;1.35;2169
100094;50.47228;4.59257;155;20200224;11.4;4.5;8;6.3;9.3;3;0.96;3599
100094;50.47228;4.59257;155;20200225;9.2;6.8;8;7.3;7.8;5;1.58;6663
100094;50.47228;4.59257;155;20200226;5.9;2.4;4.1;6.5;6.2;3;1.19;5639
100094;50.47228;4.59257;155;20200227;2.6;1.6;2.1;4.6;6.3;9;0.56;2778
100094;50.47228;4.59257;155;20200228;6.7;0.3;3.5;6.5;6.75;4;0.84;6751
100094;50.47228;4.59257;155;20200229;12.2;4.4;8.3;8.6;8.15;4;1.78;7014
100094;50.47228;4.59257;155;20200301;8.9;4.4;6.6;6.6;7.15;2;1.49;6471
100094;50.47228;4.59257;155;20200302;7.4;3.5;5.4;4.9;8;6;0.72;4521
100094;50.47228;4.59257;155;20200303;6.3;1.3;3.8;4;6.9;1;0.81;7286
100094;50.47228;4.59257;155;20200304;8.3;2.5;5.4;4;7.55;4;0.95;7667
100094;50.47228;4.59257;155;20200305;7.7;4.6;6.2;3.6;9.1;13;0.5;3688
100094;50.47228;4.59257;155;20200306;6.8;3.5;5.1;4.2;7.9;4;0.7;4882
100094;50.47228;4.59257;155;20200307;9.4;0.9;5.1;4.3;6.95;0;1.27;11042
100094;50.47228;4.59257;155;20200308;8.7;6.4;7.6;6.4;8.8;6;1.04;5286
100094;50.47228;4.59257;155;20200309;9.7;5.5;7.6;5.8;7.95;6;1.48;8236
100094;50.47228;4.59257;155;20200310;12.5;5.9;9.2;9;11.45;12;0.53;4658
100094;50.47228;4.59257;155;20200311;13.4;11.4;12.4;8.8;12.6;6;1.14;3730
100094;50.47228;4.59257;155;20200312;10.9;8.7;9.8;8.4;7.75;1;2.53;12175
100094;50.47228;4.59257;155;20200313;10.3;4.6;7.4;5.5;6.95;0;1.85;8448
100094;50.47228;4.59257;155;20200314;9.7;3;6.3;4.3;7.8;0;1.21;8393
100094;50.47228;4.59257;155;20200315;13.6;6.9;10.3;4.5;8.85;0;1.88;8926
100094;50.47228;4.59257;155;20200316;12.1;2.8;7.4;1.9;9.1;0;1.11;9364
99095;50.26417;4.96796;257;20200801;27.9;18.9;23.4;3.2;16.56;0;5.08;21451
99095;50.26417;4.96796;257;20200802;23.2;14.5;18.9;3.1;13.26;0;3.85;16699
99095;50.26417;4.96796;257;20200803;22.6;11.5;17;2;11.66;0;3.4;16754
99095;50.26417;4.96796;257;20200804;22.4;11.7;17.1;2.1;10.81;0;4.03;21866
99095;50.26417;4.96796;257;20200805;27.7;10.9;19.3;2.3;9.41;0;5.34;26297
99095;50.26417;4.96796;257;20200806;30.7;17;23.8;2;11.11;0;5.16;21659
99095;50.26417;4.96796;257;20200807;32.9;16.7;24.8;1.9;13.21;0;5.63;25764
99095;50.26417;4.96796;257;20200808;35.2;18.1;26.6;2.3;13.66;0;5.99;23426
99095;50.26417;4.96796;257;20200809;32.8;20.9;26.8;2.7;15.16;1;5.33;17637
99095;50.26417;4.96796;257;20200810;33.2;19.1;26.1;2.2;15.66;1;4.95;18018
99095;50.26417;4.96796;257;20200811;32.8;20.2;26.5;2.5;17.76;0;4.97;17887
99095;50.26417;4.96796;257;20200812;33;20.4;26.7;2.4;17.26;0;5.05;18493
99095;50.26417;4.96796;257;20200813;30.2;18.5;24.4;3;16.66;0;4.75;17290
99095;50.26417;4.96796;257;20200814;26.9;18;22.5;2.6;16.81;0;3.76;14848
99095;50.26417;4.96796;257;20200815;25.9;16.1;21;1.7;18.31;1;3.05;15071
99095;50.26417;4.96796;257;20200816;29.2;15.9;22.5;1.8;17.46;3;3.81;17218
99095;50.26417;4.96796;257;20200817;23.7;15.8;19.8;3.5;14.76;0;3.83;17063
99095;50.26417;4.96796;257;20200818;23.5;13.8;18.7;2;15.36;4;2.89;14396
99095;50.26417;4.96796;257;20200819;25.3;13.8;19.6;3.2;15.41;4;3.42;14351
99095;50.26417;4.96796;257;20200820;31.8;17.3;24.5;3.8;16.86;2;5.13;16289
99095;50.26417;4.96796;257;20200821;26.7;19.1;22.9;4.5;16.31;1;4.46;14351
99095;50.26417;4.96796;257;20200822;22.7;15.6;19.2;4.5;13.36;0;3.7;12075
99095;50.26417;4.96796;257;20200823;18.3;13.3;15.8;4.5;14.01;1;2.19;9498
99095;50.26417;4.96796;257;20200824;19.3;12.2;15.7;3.4;13.61;0;2.27;10512
99095;50.26417;4.96796;257;20200825;24.8;12.4;18.6;5.8;13.46;1;3.94;11015
99095;50.26417;4.96796;257;20200826;20.7;15.8;18.2;8.1;12.06;0;4.37;11678
99095;50.26417;4.96796;257;20200827;22.4;9.9;16.2;3.3;12.26;1;3.18;15284
99095;50.26417;4.96796;257;20200828;19.5;13.2;16.3;4.6;13.51;1;2.54;10010
99095;50.26417;4.96796;257;20200829;18.5;10.3;14.4;3.2;12.06;0;2.27;11044
99095;50.26417;4.96796;257;20200830;19.9;10.2;15.1;2.5;12.96;9;2.07;9776
99095;50.26417;4.96796;257;20200831;16.3;11.2;13.8;2.7;12.31;1;1.68;7605
99095;50.26417;4.96796;257;20200901;16.5;10;13.3;2.1;11.16;0;1.92;10042
99095;50.26417;4.96796;257;20200902;20;9.9;14.9;1.2;11.21;0;2.42;15256
99095;50.26417;4.96796;257;20200903;20.8;10.4;15.6;3.5;13.21;0;2.17;7777
99095;50.26417;4.96796;257;20200904;23;17.7;20.3;3.2;16.86;1;2.58;9202
99095;50.26417;4.96796;257;20200905;18.7;12.8;15.8;2.4;11.91;0;2.2;9272
99095;50.26417;4.96796;257;20200906;18.5;6.8;12.6;1.4;9.66;0;1.88;9901
99095;50.26417;4.96796;257;20200907;21;6.5;13.7;1.7;9.91;0;2.63;16475
99095;50.26417;4.96796;257;20200908;22.5;10.5;16.5;2.3;13.26;0;2.64;14567
99095;50.26417;4.96796;257;20200909;24.8;12.6;18.7;2.6;15.81;0;2.7;12838
99095;50.26417;4.96796;257;20200910;21.7;12.6;17.1;2.4;11.91;0;2.89;14956
99095;50.26417;4.96796;257;20200911;24.4;9.3;16.8;2;11.71;0;2.88;14817
99095;50.26417;4.96796;257;20200912;22.1;10.4;16.3;2.1;11.81;0;2.61;13851
99095;50.26417;4.96796;257;20200913;26.6;9.3;17.9;1.7;12.41;0;2.72;13029
99095;50.26417;4.96796;257;20200914;31.2;12.6;21.9;2.2;12.51;0;3.94;16124
99095;50.26417;4.96796;257;20200915;33.3;18.4;25.9;1.8;12.56;0;3.7;12977
99095;50.26417;4.96796;257;20200916;29.1;16.1;22.6;3.1;14.56;0;3.88;13694
99095;50.26417;4.96796;257;20200917;20.6;12.3;16.5;5;10.56;0;3.56;14116
99095;50.26417;4.96796;257;20200918;26.2;8.8;17.5;4;10.56;0;4.08;15094
99095;50.26417;4.96796;257;20200919;27.8;13.6;20.7;2.6;12.51;0;3.37;11996
99095;50.26417;4.96796;257;20200920;26.3;15.9;21.1;2;10.11;0;3.14;10918
99095;50.26417;4.96796;257;20200921;25.5;7.4;16.4;1.6;8.96;0;2.78;15363
99095;50.26417;4.96796;257;20200922;25;8.5;16.7;1.9;9.06;0;2.94;15512
99095;50.26417;4.96796;257;20200923;21.5;10.5;16;4.8;11.96;7;2.83;9375
99095;50.26417;4.96796;257;20200924;16.8;9.3;13;5.6;11.16;6;2.14;10292
99095;50.26417;4.96796;257;20200925;11;7.3;9.2;7.2;9.61;13;1.26;5587
99095;50.26417;4.96796;257;20200926;10.3;7.4;8.8;6.3;10.46;32;0.75;4903
99095;50.26417;4.96796;257;20200927;14.1;9.6;11.8;3.7;11.91;4;1.09;4897
99095;50.26417;4.96796;257;20200928;11.4;8.7;10.1;3.3;11.56;17;0.63;2517
99095;50.26417;4.96796;257;20200929;16.3;10;13.2;2.8;13.91;1;1.13;8908
99095;50.26417;4.96796;257;20200930;17.5;13.2;15.3;2.5;14.86;1;1.19;5981
99095;50.26417;4.96796;257;20201001;14.1;12.7;13.4;4;12.16;4;1.36;4228
99095;50.26417;4.96796;257;20201002;14.4;7.5;10.9;4.4;11.96;5;0.88;4329
99095;50.26417;4.96796;257;20201003;12.5;10.3;11.4;3.7;11.31;3;1.08;4835
99095;50.26417;4.96796;257;20201004;12.2;9.1;10.6;6.4;10.31;2;1.38;5635
99095;50.26417;4.96796;257;20201005;12.7;8.6;10.6;5.8;11.21;4;1;4757
99095;50.26417;4.96796;257;20201006;13.6;9.9;11.7;6.7;11.66;12;1.22;4741
99095;50.26417;4.96796;257;20201007;14.1;9.9;12;5;10.66;1;1.57;6465
99095;50.26417;4.96796;257;20201008;15.1;9;12;6;13.16;13;0.77;3888
99095;50.26417;4.96796;257;20201009;15.1;11;13.1;2.5;11.76;2;1.23;6405
99095;50.26417;4.96796;257;20201010;11.6;6.1;8.8;4.5;8.96;2;1.25;7518
99095;50.26417;4.96796;257;20201011;11.6;6.3;9;2.7;9.56;1;0.92;5318
99095;50.26417;4.96796;257;20201012;12.2;6.1;9.1;2.4;9.96;1;0.88;6548
99095;50.26417;4.96796;257;20201013;9.9;6;8;3.5;9.01;0;0.9;5373
99095;50.26417;4.96796;257;20201014;9.9;4;6.9;4;8.36;0;0.91;5860
99095;50.26417;4.96796;257;20201015;9.3;6.5;7.9;4;8.96;0;0.84;3265
99095;50.26417;4.96796;257;20201016;8.8;5.7;7.3;3;9.11;0;0.65;4040
99095;50.26417;4.96796;257;20201017;9.2;5.1;7.2;1.2;8.21;0;0.7;4704
99095;50.26417;4.96796;257;20201018;10.5;5.3;7.9;1.4;9.16;0;0.66;4867
99095;50.26417;4.96796;257;20201019;12.3;5.7;9;3.1;8.76;0;1.12;8138
99095;50.26417;4.96796;257;20201020;14.3;8.5;11.4;5.5;11.11;4;1.18;3480
99095;50.26417;4.96796;257;20201021;19.2;11.3;15.2;7.6;12.51;1;2.31;6288
99095;50.26417;4.96796;257;20201022;17.7;13.6;15.6;4.3;14.31;6;1.33;5704
99095;50.26417;4.96796;257;20201023;15.5;13.2;14.3;3.7;13.86;2;0.98;3831
99095;50.26417;4.96796;257;20201024;13.2;10.5;11.9;6.8;12.26;1;0.88;2222
99095;50.26417;4.96796;257;20201025;11.3;11.2;11.3;5.5;11.31;9;0.97;1387
99095;50.26417;4.96796;257;20201026;11.1;7.8;9.4;5.5;9.31;0;1.15;5417
99095;50.26417;4.96796;257;20201027;9.9;7.5;8.7;6.3;9.86;3;0.76;3320
99095;50.26417;4.96796;257;20201028;12.2;9.4;10.8;7.1;10.71;6;1.11;4781
99095;50.26417;4.96796;257;20201029;11.3;7.4;9.4;6.3;11.06;3;0.5;3146
99095;50.26417;4.96796;257;20201030;13.8;10.3;12.1;5.4;12.71;0;0.72;3383
99095;50.26417;4.96796;257;20201031;15.4;11;13.2;4.8;11.81;2;1.26;5820
99095;50.26417;4.96796;257;20201101;15.8;10.4;13.1;6.7;14.41;2;0.52;2796
99095;50.26417;4.96796;257;20201102;17.9;15.7;16.8;7.8;14.21;5;2.06;2669
99095;50.26417;4.96796;257;20201103;11.1;5.6;8.3;4.5;8.36;0;1.03;6016
99095;50.26417;4.96796;257;20201104;9.1;1.5;5.3;1.5;7.36;0;0.4;7839
99095;50.26417;4.96796;257;20201105;8.7;-2.3;3.2;1.9;6.71;0;0.37;8034
99095;50.26417;4.96796;257;20201106;12.3;1.2;6.7;3.9;6.26;0;1.29;7646
99095;50.26417;4.96796;257;20201107;16.3;5.9;11.1;2.2;9.26;0;0.94;6102
99095;50.26417;4.96796;257;20201108;17.4;7.6;12.5;2.7;10.81;0;1.06;4709
99095;50.26417;4.96796;257;20201109;16.1;9.3;12.7;1.9;11.76;0;0.72;4228
99095;50.26417;4.96796;257;20201110;14.6;8.6;11.6;1.3;12.11;1;0.42;4789
99095;50.26417;4.96796;257;20201111;12.9;8.4;10.7;2.8;11.51;0;0.53;3230
99095;50.26417;4.96796;257;20201112;12;9.4;10.7;4.8;9.46;0;1.16;4974
99095;50.26417;4.96796;257;20201113;13;4.5;8.8;4.8;10.66;0;0.46;3288
99095;50.26417;4.96796;257;20201114;13.7;10;11.8;5.3;11.21;0;1.06;3120
99095;50.26417;4.96796;257;20201115;15.1;11.8;13.4;7.6;10.51;11;2.05;3223
99095;50.26417;4.96796;257;20201116;9.9;8.1;9;6;10.01;2;0.7;2233
99095;50.26417;4.96796;257;20201117;10.2;8.4;9.3;4.7;10.21;0;0.68;1842
99095;50.26417;4.96796;257;20201118;14.9;8;11.4;4.9;9.46;1;1.3;5870
99095;50.26417;4.96796;257;20201119;8.8;6.5;7.6;4.8;8.91;2;0.65;2469
99095;50.26417;4.96796;257;20201120;6.2;1;3.6;2;6.41;0;0.38;3878
99095;50.26417;4.96796;257;20201121;7.6;0.8;4.2;5.1;6.96;0;0.59;3865
99095;50.26417;4.96796;257;20201122;7;5.7;6.3;3.9;8.86;3;0.39;1538
99095;50.26417;4.96796;257;20201123;8.9;6.4;7.6;2.2;9.81;0;0.28;2507
99095;50.26417;4.96796;257;20201124;9.4;5.8;7.6;2.7;8.26;0;0.49;4262
99095;50.26417;4.96796;257;20201125;8.3;2.3;5.3;3.2;7.56;0;0.44;3389
99095;50.26417;4.96796;257;20201126;11.2;2.3;6.8;1.4;7.76;0;0.28;4577
99095;50.26417;4.96796;257;20201127;7.7;1;4.4;2.2;7.66;0;0.27;2841
99095;50.26417;4.96796;257;20201128;12.4;4.6;8.5;2.6;7.51;0;0.78;4226
99095;50.26417;4.96796;257;20201129;0.8;-0.1;0.4;2.5;5.96;0;0.21;1777
99095;50.26417;4.96796;257;20201130;2.4;-2.9;-0.2;3.6;5.61;7;0.17;3307
99095;50.26417;4.96796;257;20201201;6.9;0.5;3.7;4.6;8.41;7;0.01;2061
99095;50.26417;4.96796;257;20201202;5.2;4.9;5.1;2.3;8.16;0;0.34;1049
99095;50.26417;4.96796;257;20201203;4.3;3.7;4;6;7.51;6;0.4;653
99095;50.26417;4.96796;257;20201204;5.7;4;4.8;6;6.76;0;0.78;2745
99095;50.26417;4.96796;257;20201205;4;0.8;2.4;3.7;6.06;0;0.48;2072
99095;50.26417;4.96796;257;20201206;2.6;-1;0.8;1.6;6.01;0;0.18;2161
99095;50.26417;4.96796;257;20201207;3;-0.4;1.3;2.3;6.16;0;0.18;2647
99095;50.26417;4.96796;257;20201208;2.5;0.2;1.3;1.7;6.01;1;0.22;2124
99095;50.26417;4.96796;257;20201209;1.5;-0.7;0.4;2.9;6.06;0;0.19;1383
99095;50.26417;4.96796;257;20201210;2.3;0.8;1.6;3.8;5.76;0;0.41;2120
99095;50.26417;4.96796;257;20201211;5.1;-0.7;2.2;4.5;7.21;5;0.14;1237
99095;50.26417;4.96796;257;20201212;7.9;5.1;6.5;3.2;9.51;3;0.22;1023
99095;50.26417;4.96796;257;20201213;5.1;5;5.1;4.8;8.06;1;0.34;1514
99095;50.26417;4.96796;257;20201214;9.6;5;7.3;5.1;9.36;7;0.41;1847
99095;50.26417;4.96796;257;20201215;9.1;7.7;8.4;3;9.91;4;0.43;1305
99095;50.26417;4.96796;257;20201216;9.4;5.2;7.3;3.4;9.61;2;0.24;2241
99095;50.26417;4.96796;257;20201217;9.4;7.5;8.4;4.5;9.26;1;0.56;2727
99095;50.26417;4.96796;257;20201218;10.2;5.9;8.1;5;9.01;0;0.52;3731
99095;50.26417;4.96796;257;20201219;11;6.2;8.6;5.3;9.66;0;0.62;2240
99095;50.26417;4.96796;257;20201220;9.9;8.3;9.1;4.3;9.16;0;0.81;1999
99095;50.26417;4.96796;257;20201221;8.2;5;6.6;6.3;9.56;7;0.15;1594
99095;50.26417;4.96796;257;20201222;12.9;8.2;10.5;5;13.06;28;0.05;1441
99095;50.26417;4.96796;257;20201223;11.5;10.7;11.1;5;11.51;18;0.75;636
99095;50.26417;4.96796;257;20201224;6;5.5;5.7;5.1;7.51;4;0.78;785
99095;50.26417;4.96796;257;20201225;4.1;1.6;2.8;3.4;6.46;0;0.37;2189
99095;50.26417;4.96796;257;20201226;3.5;0.9;2.2;6.1;6.31;1;0.38;2332
99095;50.26417;4.96796;257;20201227;3.4;1.3;2.4;8.5;6.76;17;0.33;916
99095;50.26417;4.96796;257;20201228;3.4;2;2.7;3.3;6.56;1;0.39;1232
99095;50.26417;4.96796;257;20201229;3.1;0.4;1.8;2.6;6.51;2;0.2;1825
99095;50.26417;4.96796;257;20201230;3.3;1.3;2.3;3.1;6.76;3;0.26;1361
99095;50.26417;4.96796;257;20201231;1.4;0.8;1.1;2.1;6.26;3;0.24;1177
100094;50.47228;4.59257;155;20200615;24.2;13.2;18.7;2.6;13.65;0;4.85;25695
100094;50.47228;4.59257;155;20200616;23.1;13.5;18.3;2.1;14.1;4;3.98;20725
100094;50.47228;4.59257;155;20200617;22.1;12.5;17.3;2.1;15.4;17;2.94;15032
100094;50.47228;4.59257;155;20200618;21.9;13.5;17.7;2.8;14.3;3;3.97;21376
100094;50.47228;4.59257;155;20200619;21;12.3;16.6;3.6;13.25;0;4.06;22143
100094;50.47228;4.59257;155;20200620;21.9;11.2;16.5;2;12.2;0;4.1;23030
100094;50.47228;4.59257;155;20200621;23.5;13;18.2;3.9;13.5;4;4.52;20923
100094;50.47228;4.59257;155;20200622;22.7;10.9;16.8;2.2;12.95;0;4.21;23881
100094;50.47228;4.59257;155;20200623;25.9;10.8;18.4;2.5;13.15;0;5.4;29534
100094;50.47228;4.59257;155;20200624;29.5;14.4;21.9;3.2;13.9;0;6.46;29020
100094;50.47228;4.59257;155;20200625;29.3;15.1;22.2;3.1;13.65;0;6.51;29450
100094;50.47228;4.59257;155;20200626;27.9;17.5;22.7;3.1;17.05;1;5.06;21323
100094;50.47228;4.59257;155;20200627;24.6;17.6;21.1;5.2;16.65;1;4.67;19371
100094;50.47228;4.59257;155;20200628;21.8;14.4;18.1;4.8;11.9;1;4.88;21531
100094;50.47228;4.59257;155;20200629;19.7;11.9;15.8;5.3;10.7;0;4.52;21598
100094;50.47228;4.59257;155;20200630;20.6;11.9;16.3;5.6;12.9;1;3.67;16035
100094;50.47228;4.59257;155;20200701;19.6;16.5;18;4.5;16.7;6;2.4;10126
100094;50.47228;4.59257;155;20200702;20.4;13.3;16.8;4.1;13.15;0;3.76;18465
100094;50.47228;4.59257;155;20200703;20.7;11.7;16.2;4.7;12.95;0;3.66;17456
100094;50.47228;4.59257;155;20200704;20.4;13.9;17.1;6.2;15;1;3.11;13257
100094;50.47228;4.59257;155;20200705;22;17.1;19.6;7.4;16.5;1;3.85;14552
100094;50.47228;4.59257;155;20200706;19.4;10.5;14.9;4.7;10.75;0;4.34;23769
100094;50.47228;4.59257;155;20200707;21.2;9.7;15.4;3.1;11.15;1;4.06;21462
100094;50.47228;4.59257;155;20200708;16.7;12.1;14.4;4.1;15.15;11;1.22;5638
100094;50.47228;4.59257;155;20200709;25;16;20.5;4.3;16.35;0;4.48;19292
100094;50.47228;4.59257;155;20200710;19.7;15.7;17.7;4.1;13.45;1;3.73;16953
100094;50.47228;4.59257;155;20200711;20.7;8;14.3;2.1;11.15;0;3.86;23349
100094;50.47228;4.59257;155;20200712;21.1;9.9;15.5;3;11.05;0;4.29;23985
100094;50.47228;4.59257;155;20200713;24.6;9.4;17;2.1;10.95;0;4.79;26162
100094;50.47228;4.59257;155;20200714;19.7;12.1;15.9;2.6;14;4;2.49;11906
100094;50.47228;4.59257;155;20200715;20.1;13.1;16.6;1.4;13.65;1;2.73;14193
100094;50.47228;4.59257;155;20200716;17.2;13.5;15.4;2.5;15.25;2;1.69;8299
100094;50.47228;4.59257;155;20200717;21.4;14.2;17.8;1.7;15.7;0;2.61;12991
100094;50.47228;4.59257;155;20200718;25.5;12.3;18.9;2.2;16;0;4.24;23200
100094;50.47228;4.59257;155;20200719;25.5;11.8;18.7;2.9;13.45;0;4.76;23804
100094;50.47228;4.59257;155;20200720;21.8;13.3;17.6;3.7;12.1;0;4.51;22427
100094;50.47228;4.59257;155;20200721;21.9;9.3;15.6;3.3;10.25;0;4.84;27480
100094;50.47228;4.59257;155;20200722;21.6;8.4;15;2.6;10;0;4.47;25982
100094;50.47228;4.59257;155;20200723;26.2;8.6;17.4;1.9;10.3;0;4.65;24129
100094;50.47228;4.59257;155;20200724;23.2;14.1;18.6;3.4;13.95;1;3.62;14587
100094;50.47228;4.59257;155;20200725;24.7;15.6;20.1;4.4;15.25;9;3.79;12079
100094;50.47228;4.59257;155;20200726;22.6;15.4;19;4.3;14.5;3;4.05;17901
100094;50.47228;4.59257;155;20200727;29;13.6;21.3;4.3;12.6;0;5.82;20114
100094;50.47228;4.59257;155;20200728;22.4;16.1;19.2;5.2;12.8;0;4.89;20044
100094;50.47228;4.59257;155;20200729;23;10.8;16.9;2.5;11.65;0;4.23;23003
100094;50.47228;4.59257;155;20200730;28.5;10.9;19.7;2.3;11.05;0;5.43;26680
100094;50.47228;4.59257;155;20200731;36.3;14;25.2;2.5;12.45;0;6.84;27214
100094;50.47228;4.59257;155;20201129;2.3;1.5;1.9;3.1;6.3;0;0.35;1500
100094;50.47228;4.59257;155;20201130;2;-2;0;4.3;6.3;7;0.08;970
100094;50.47228;4.59257;155;20201201;8;2;5;4.8;8.65;6;0.2;1573
100094;50.47228;4.59257;155;20201202;6;5.5;5.8;2.5;8.6;0;0.43;330
100094;50.47228;4.59257;155;20201203;5.3;4.9;5.1;5.8;7.9;3;0.55;345
100094;50.47228;4.59257;155;20201204;6.6;5.1;5.8;6.4;6.85;0;1.06;2310
100094;50.47228;4.59257;155;20201205;4.9;0.4;2.7;3;6.1;0;0.48;1982
100094;50.47228;4.59257;155;20201206;2.9;-1.3;0.8;1.3;5.95;0;0.15;2520
100094;50.47228;4.59257;155;20201207;3.7;-0.5;1.6;2.8;6.3;0;0.22;2179
100094;50.47228;4.59257;155;20201208;4.5;0.3;2.4;1.8;6.15;0;0.21;3101
100094;50.47228;4.59257;155;20201209;3;-0.6;1.2;3.8;6.2;0;0.24;1766
100094;50.47228;4.59257;155;20201210;4;2;3;3.7;6.05;0;0.48;2811
100094;50.47228;4.59257;155;20201211;5.9;0.3;3.1;4.5;7.6;6;0.15;1694
100094;50.47228;4.59257;155;20201212;8.6;5.9;7.2;3.1;9.8;2;0.26;1439
100094;50.47228;4.59257;155;20201213;6.3;5.7;6;5.3;8.25;1;0.44;2116
100094;50.47228;4.59257;155;20201214;10;5.6;7.8;5.4;10.05;8;0.31;1893
100094;50.47228;4.59257;155;20201215;10.2;8.3;9.2;3.5;10.2;3;0.49;1958
100094;50.47228;4.59257;155;20201216;10.4;4.5;7.4;4.1;9.55;3;0.26;3161
100094;50.47228;4.59257;155;20201217;10.1;8;9.1;4.8;9.5;1;0.62;3289
100094;50.47228;4.59257;155;20201218;11;6.3;8.6;5.4;9.1;0;0.68;3576
100094;50.47228;4.59257;155;20201219;11.1;6.8;8.9;5.6;9.7;0;0.75;1963
100094;50.47228;4.59257;155;20201220;10.3;8.5;9.4;4.4;9.25;0;0.84;2261
100094;50.47228;4.59257;155;20201221;8.9;5.5;7.2;6.5;9.95;5;0.22;1407
100094;50.47228;4.59257;155;20201222;13.1;8.8;11;5.7;12.95;10;0.2;1782
100094;50.47228;4.59257;155;20201223;12.1;10.9;11.5;5.4;11.5;13;0.93;701
100094;50.47228;4.59257;155;20201224;6.7;6.4;6.6;4.5;7.8;3;0.84;824
100094;50.47228;4.59257;155;20201225;5.1;0.8;3;3.1;6.5;0;0.26;3155
100094;50.47228;4.59257;155;20201226;4.5;0.8;2.6;6.3;6.5;1;0.45;2209
100094;50.47228;4.59257;155;20201227;4.5;2.8;3.6;8.1;7.2;14;0.52;424
100094;50.47228;4.59257;155;20201228;4.3;2.9;3.6;3.2;6.65;1;0.46;1813
100094;50.47228;4.59257;155;20201229;4.1;-0.4;1.9;3;6.55;1;0.2;2108
100094;50.47228;4.59257;155;20201230;4.4;1.3;2.8;3.5;6.9;3;0.26;2141
100094;50.47228;4.59257;155;20201231;2.8;1.4;2.1;2.1;6.65;1;0.27;1236
100095;50.48832;4.94402;172;20200101;5.7;0.8;3.2;2.6;6.2;0;0.24;4226
100095;50.48832;4.94402;172;20200102;5.2;0.1;2.7;4.6;7.17;0;0.18;2108
100095;50.48832;4.94402;172;20200103;9.4;5;7.2;6.1;9.24;2;0.55;1255
100095;50.48832;4.94402;172;20200104;6.5;2.4;4.5;4;7.6;0;0.27;3194
100095;50.48832;4.94402;172;20200105;6.6;4.7;5.7;2.7;7.44;0;0.58;1563
100095;50.48832;4.94402;172;20200106;8.2;2.8;5.5;4.3;6.5;1;0.79;4226
100095;50.48832;4.94402;172;20200107;8;3.6;5.8;5.5;8.57;0;0.38;2185
100095;50.48832;4.94402;172;20200108;11.3;5.9;8.6;5.5;11.44;2;0.12;1346
100095;50.48832;4.94402;172;20200109;11.8;10.2;11;6.7;11.6;8;0.82;1051
100095;50.48832;4.94402;172;20200110;8;7.5;7.7;3.9;8.84;1;0.68;1551
100095;50.48832;4.94402;172;20200111;6.5;3.4;5;4.8;6.9;0;0.71;2838
100095;50.48832;4.94402;172;20200112;7.7;3.3;5.5;6.6;7.87;1;0.62;2328
100095;50.48832;4.94402;172;20200113;8.2;5.5;6.8;5.9;8.84;2;0.54;2364
100095;50.48832;4.94402;172;20200114;10.3;7.7;9;9.9;9.3;1;1.2;1791
100095;50.48832;4.94402;172;20200115;11.4;9.3;10.4;7.2;8.8;1;1.67;2756
100095;50.48832;4.94402;172;20200116;11.6;3.4;7.5;4.7;8.57;0;0.7;4918
100095;50.48832;4.94402;172;20200117;9.6;8.8;9.2;6;8.07;2;1.5;2067
100095;50.48832;4.94402;172;20200118;6.4;2.9;4.6;4;6.6;0;0.66;3779
100095;50.48832;4.94402;172;20200119;6;-0.2;2.9;2.6;6.37;0;0.36;3911
100095;50.48832;4.94402;172;20200120;4.4;-0.1;2.2;1.6;6.77;0;0.23;2528
100095;50.48832;4.94402;172;20200121;5.6;-2.4;1.6;1.2;5.4;0;0.14;5892
100095;50.48832;4.94402;172;20200122;2;-4.3;-1.2;2;5.67;0;0.16;2396
100095;50.48832;4.94402;172;20200123;1.9;-0.4;0.8;2.8;6.47;0;0.18;1494
100095;50.48832;4.94402;172;20200124;0.6;0.3;0.4;2;5.74;0;0.33;1498
100095;50.48832;4.94402;172;20200125;3.5;-0.8;1.3;1.8;6.64;0;0.24;1821
100095;50.48832;4.94402;172;20200126;9.8;0.6;5.2;4.8;8.04;2;0.52;4612
100095;50.48832;4.94402;172;20200127;8.4;6.4;7.4;6.3;9.07;8;0.69;1842
100095;50.48832;4.94402;172;20200128;5.4;3.2;4.3;8.4;7.1;1;0.77;3650
100095;50.48832;4.94402;172;20200129;6.8;1.6;4.2;6.1;6.67;0;0.76;4839
100095;50.48832;4.94402;172;20200130;9.6;4.1;6.8;6.9;9.24;2;0.5;3201
100095;50.48832;4.94402;172;20200131;12.1;8.7;10.4;7.3;11.57;4;0.67;2663
100095;50.48832;4.94402;172;20200201;11.5;10.4;10.9;6.8;10.5;16;1.23;2699
100095;50.48832;4.94402;172;20200202;12.5;6.1;9.3;7;10.37;6;0.84;2977
100095;50.48832;4.94402;172;20200203;10.3;9.4;9.8;6.5;9.74;12;1.15;2451
100095;50.48832;4.94402;172;20200204;5.8;3.2;4.5;5.5;7.47;3;0.56;2997
100095;50.48832;4.94402;172;20200205;7.1;2.5;4.8;1.8;6.9;0;0.55;4064
100095;50.48832;4.94402;172;20200206;6.8;0.4;3.6;1.6;6.3;0;0.47;6789
100095;50.48832;4.94402;172;20200207;10.8;-0.3;5.3;3.8;5.47;0;1.33;8382
100095;50.48832;4.94402;172;20200208;10.3;4.8;7.6;4.8;8.17;0;1.07;3726
100095;50.48832;4.94402;172;20200209;11.7;6.5;9.1;11.3;9.27;10;1.45;3774
100095;50.48832;4.94402;172;20200210;8.6;6.3;7.5;11.9;7.5;4;1.72;4272
100095;50.48832;4.94402;172;20200211;7;3.5;5.2;9.6;6.04;1;1.65;5967
100095;50.48832;4.94402;172;20200212;6.8;2.6;4.7;6.7;6.34;1;1.18;6272
100095;50.48832;4.94402;172;20200213;8.6;3.1;5.9;6.8;7.64;8;0.98;4088
100095;50.48832;4.94402;172;20200214;9;4.9;7;5;7.8;0;1.07;4199
100095;50.48832;4.94402;172;20200215;11.9;6.7;9.3;7.6;8.67;2;1.59;5827
100095;50.48832;4.94402;172;20200216;16.6;10.2;13.4;11.9;10.34;8;2.9;4343
100095;50.48832;4.94402;172;20200217;10;6.7;8.4;8.5;7.94;2;1.7;6353
100095;50.48832;4.94402;172;20200218;8.3;4.5;6.4;7.7;7.44;3;1.25;5297
100095;50.48832;4.94402;172;20200219;7.2;3.5;5.4;6.8;7.27;1;1;6750
100095;50.48832;4.94402;172;20200220;9.6;4.9;7.3;7.4;8.4;5;1.09;4087
100095;50.48832;4.94402;172;20200221;8.6;2.2;5.4;6.8;6.7;0;1.35;6960
100095;50.48832;4.94402;172;20200222;8.9;4.2;6.6;8.6;8.17;2;1.04;4363
100095;50.48832;4.94402;172;20200223;11.9;8.8;10.3;8.5;10.17;4;1.35;2110
100095;50.48832;4.94402;172;20200224;11.4;4.3;7.9;6.6;9.17;3;1.01;4069
100095;50.48832;4.94402;172;20200225;9.2;6.6;7.9;7.5;7.84;4;1.56;6576
100095;50.48832;4.94402;172;20200226;5.1;2;3.6;6.3;6.2;5;1;4784
100095;50.48832;4.94402;172;20200227;2.6;1.5;2.1;4.6;6.24;10;0.58;2662
100095;50.48832;4.94402;172;20200228;6.5;0.1;3.3;6.5;6.67;3;0.84;6467
100095;50.48832;4.94402;172;20200229;12.5;4.1;8.3;8.5;8.17;3;1.83;7363
100095;50.48832;4.94402;172;20200301;8.9;4;6.5;6.8;7.14;5;1.47;6292
100095;50.48832;4.94402;172;20200302;7.6;3.4;5.5;5;7.94;8;0.79;4532
100095;50.48832;4.94402;172;20200303;6.5;1.2;3.9;4.3;6.84;0;0.89;7717
100095;50.48832;4.94402;172;20200304;8.2;2.4;5.3;4.2;7.47;3;0.97;7706
100095;50.48832;4.94402;172;20200305;7.6;4.5;6;3.4;8.9;12;0.54;3637
100095;50.48832;4.94402;172;20200306;6.8;3.3;5.1;4.2;7.9;5;0.7;4740
100095;50.48832;4.94402;172;20200307;9.4;1.5;5.4;4.4;6.97;0;1.33;10241
100095;50.48832;4.94402;172;20200308;8.8;6.4;7.6;6.7;8.67;6;1.15;5074
100095;50.48832;4.94402;172;20200309;9.7;5.3;7.5;5.9;7.9;8;1.47;7715
100095;50.48832;4.94402;172;20200310;12.5;5.7;9.1;9.1;11.3;9;0.6;4854
100095;50.48832;4.94402;172;20200311;13.4;11.3;12.4;8.8;12.57;6;1.19;4194
100095;50.48832;4.94402;172;20200312;10.9;8.6;9.7;8.5;7.77;1;2.49;11099
100095;50.48832;4.94402;172;20200313;10.1;4.4;7.3;5.7;7.07;0;1.78;8197
100095;50.48832;4.94402;172;20200314;10.3;2.9;6.6;4.3;7.67;0;1.4;8905
100095;50.48832;4.94402;172;20200315;13.7;6.7;10.2;4.7;8.67;0;1.99;9077
100095;50.48832;4.94402;172;20200316;12.6;3.6;8.1;2;9.04;0;1.26;9926
100095;50.48832;4.94402;172;20200317;13.7;4.2;9;2.9;7.67;0;1.94;13382
100095;50.48832;4.94402;172;20200318;16;6.6;11.3;3.5;9.47;0;2.17;14402
100095;50.48832;4.94402;172;20200319;13.4;5.3;9.4;2.1;10.04;0;1.26;8440
100095;50.48832;4.94402;172;20200320;8;7.2;7.6;5.6;9;4;0.92;2872
100095;50.48832;4.94402;172;20200321;8.4;3.2;5.8;6.6;6.27;1;1.87;9095
100095;50.48832;4.94402;172;20200322;10.2;-0.1;5.1;6;4.34;0;2.79;17464
100095;50.48832;4.94402;172;20200323;11;-0.4;5.3;5;3.04;0;3.2;17748
100095;50.48832;4.94402;172;20200324;11.5;0.2;5.9;3.7;2.74;0;3.06;17276
100095;50.48832;4.94402;172;20200325;10.3;-1.8;4.3;3.9;3.27;0;2.75;17947
100095;50.48832;4.94402;172;20200326;9.8;-0.7;4.5;4.8;3.87;0;2.71;17825
100095;50.48832;4.94402;172;20200327;12.8;0.2;6.5;3.6;5.77;0;2.45;17895
100095;50.48832;4.94402;172;20200328;14.1;3.8;8.9;5.5;6.54;0;3.01;17715
100095;50.48832;4.94402;172;20200329;6.8;1.9;4.3;7.8;4.67;0;2.33;10552
100095;50.48832;4.94402;172;20200330;8;-3.4;2.3;3.7;4.64;0;1.88;16500
100095;50.48832;4.94402;172;20200331;8.7;1.9;5.3;4;5.47;0;2.09;14969
100095;50.48832;4.94402;172;20200401;10;-2.2;3.9;2;4.54;0;2.09;19080
100095;50.48832;4.94402;172;20200402;9.5;-1.1;4.2;2.7;6.04;0;1.69;14082
100095;50.48832;4.94402;172;20200403;10.4;4.3;7.4;3.4;6.5;0;2.01;11264
100095;50.48832;4.94402;172;20200404;15.2;3.8;9.5;2.6;5.74;0;2.83;17427
100095;50.48832;4.94402;172;20200405;21.3;5.1;13.2;3.9;6.07;0;4.44;20712
100095;50.48832;4.94402;172;20200406;21.1;10.6;15.8;4.8;8.1;0;4.56;18628
100095;50.48832;4.94402;172;20200407;20;7.7;13.9;2.6;10.9;0;3;18888
100095;50.48832;4.94402;172;20200408;24.2;10.4;17.3;2;8.4;1;3.75;19525
100095;50.48832;4.94402;172;20200409;21.9;8.8;15.3;2.8;9.54;0;3.72;20566
100095;50.48832;4.94402;172;20200410;20.8;7.4;14.1;3.8;9;0;3.88;20699
100095;50.48832;4.94402;172;20200411;22.9;6.7;14.8;2.1;8.67;0;3.7;21595
100095;50.48832;4.94402;172;20200412;23.1;7.9;15.5;2.4;8.9;0;3.8;20275
100095;50.48832;4.94402;172;20200413;10.8;8.9;9.9;5.6;6.97;0;2.85;12762
100095;50.48832;4.94402;172;20200414;9.7;0.8;5.2;3.4;5.04;0;2.32;15104
100095;50.48832;4.94402;172;20200415;17.5;0.6;9;2.7;6.07;0;3.16;18876
100095;50.48832;4.94402;172;20200416;22.6;7;14.8;2.4;8.07;0;3.92;20183
100095;50.48832;4.94402;172;20200417;21.1;7.4;14.3;3;9.64;0;3.73;20901
100095;50.48832;4.94402;172;20200418;16.5;9.3;12.9;2.3;11.34;4;2.25;13571
100095;50.48832;4.94402;172;20200419;14.7;5.7;10.2;3.2;10.17;0;1.68;8839
100095;50.48832;4.94402;172;20200420;18.9;6.1;12.5;6.5;6.04;0;5.18;23670
100095;50.48832;4.94402;172;20200421;20.7;6.9;13.8;6.7;5.57;0;5.91;23951
100095;50.48832;4.94402;172;20200422;21.9;6.1;14;5.2;6.27;0;5.54;24865
100095;50.48832;4.94402;172;20200423;22.9;6.8;14.9;2;7.17;0;4.21;23946
100095;50.48832;4.94402;172;20200424;19.4;7.6;13.5;3.2;8.24;0;3.83;20930
100095;50.48832;4.94402;172;20200425;14.7;5.4;10;3.2;7.54;0;3.06;20047
100095;50.48832;4.94402;172;20200426;17.5;2.9;10.2;1.6;7.4;0;3.31;24717
100095;50.48832;4.94402;172;20200427;21.7;4.6;13.1;2.6;8.64;0;4.03;23620
100095;50.48832;4.94402;172;20200428;17.8;9.9;13.9;4.3;11.34;5;2.71;12222
100095;50.48832;4.94402;172;20200429;16.1;10.6;13.3;5.5;10.87;5;2.75;12298
100095;50.48832;4.94402;172;20200430;14.4;8.3;11.4;5.7;9.4;3;2.88;16138
100094;50.47228;4.59257;155;20201101;16.7;10.3;13.5;6.2;14.7;3;0.61;3194
100094;50.47228;4.59257;155;20201102;18.6;16.3;17.5;7.4;14.35;3;2.27;2911
100094;50.47228;4.59257;155;20201103;11.8;6.5;9.2;5.2;8.55;0;1.25;6544
100094;50.47228;4.59257;155;20201104;10.6;2.6;6.6;1.8;7.6;0;0.53;7373
100094;50.47228;4.59257;155;20201105;10.1;-0.1;5;1.6;7.05;0;0.44;7577
100094;50.47228;4.59257;155;20201106;12.6;0.3;6.4;2.6;6.65;0;0.89;7640
100094;50.47228;4.59257;155;20201107;16.8;2.5;9.6;2.5;9.55;0;0.84;6995
100094;50.47228;4.59257;155;20201108;17.7;7.6;12.7;3.2;11.45;0;1.07;5323
100094;50.47228;4.59257;155;20201109;17;8.7;12.9;2.1;12.2;0;0.75;4142
100094;50.47228;4.59257;155;20201110;13.5;8.2;10.8;1.8;12.45;3;0.4;3000
100094;50.47228;4.59257;155;20201111;12.8;8.4;10.6;3.4;11.8;0;0.51;3333
100094;50.47228;4.59257;155;20201112;12.2;10;11.1;4.7;9.95;0;1.14;4280
100094;50.47228;4.59257;155;20201113;13.8;5;9.4;4.7;11.1;0;0.56;3222
100094;50.47228;4.59257;155;20201114;14.7;11.3;13;5;11.65;0;1.15;4055
100094;50.47228;4.59257;155;20201115;15.1;12.7;13.9;7.4;10.7;9;2.18;2588
100094;50.47228;4.59257;155;20201116;10.7;7.8;9.3;6.3;10.35;1;0.7;2373
100094;50.47228;4.59257;155;20201117;11.6;9.2;10.4;5.3;10.75;0;0.83;2043
100094;50.47228;4.59257;155;20201118;16;8.6;12.3;5.3;9.85;1;1.49;5991
100094;50.47228;4.59257;155;20201119;10.2;7.5;8.9;4.8;9.05;1;0.87;3313
100094;50.47228;4.59257;155;20201120;6.9;1.5;4.2;2.8;6.55;0;0.45;4921
100094;50.47228;4.59257;155;20201121;9.2;2.2;5.7;5.7;7.75;0;0.68;3898
100094;50.47228;4.59257;155;20201122;8.2;7.1;7.6;4.1;9.8;2;0.41;1100
100094;50.47228;4.59257;155;20201123;9.6;7.4;8.5;2.5;10.1;0;0.36;2642
100094;50.47228;4.59257;155;20201124;10.1;7.3;8.7;4.1;8.75;0;0.75;4001
100094;50.47228;4.59257;155;20201125;9.5;3.5;6.5;4;7.9;0;0.61;3796
100094;50.47228;4.59257;155;20201126;11.8;3.6;7.7;1.7;8.6;0;0.34;4072
100094;50.47228;4.59257;155;20201127;7.8;1.4;4.6;1.9;8.25;0;0.12;3196
100094;50.47228;4.59257;155;20201128;12.1;4.3;8.2;2.9;8.1;0;0.63;4796
100094;50.47228;4.59257;155;20200920;25.3;15;20.1;2.8;10.45;0;3.59;12919
100094;50.47228;4.59257;155;20200921;25.1;7.4;16.2;1.7;9.7;0;2.73;15006
100094;50.47228;4.59257;155;20200922;24.7;7.8;16.3;1.3;11;0;2.4;14997
100094;50.47228;4.59257;155;20200923;22.3;11.6;16.9;5.2;12.9;9;3.03;9896
100094;50.47228;4.59257;155;20200924;17;10.4;13.7;5.8;11.45;3;2.25;9579
100094;50.47228;4.59257;155;20200925;11.9;8.2;10.1;6.9;10.2;13;1.38;6781
100094;50.47228;4.59257;155;20200926;11.6;8.5;10;5.6;11.4;40;0.92;8382
100094;50.47228;4.59257;155;20200927;14.7;10.7;12.7;4.3;12.7;7;1.2;6154
100094;50.47228;4.59257;155;20200928;13.9;10.5;12.2;3.4;13.05;16;0.81;3549
100094;50.47228;4.59257;155;20200929;17.1;11;14;3;14.4;4;1.27;9654
100094;50.47228;4.59257;155;20200930;18.1;13.2;15.6;3.1;15.15;1;1.3;6258
100094;50.47228;4.59257;155;20201001;14.5;13.6;14.1;3.5;12.9;6;1.33;4653
100094;50.47228;4.59257;155;20201002;15.7;8.3;12;3.9;12.35;7;1.05;4359
100094;50.47228;4.59257;155;20201003;13.9;11.3;12.6;3.1;11.75;1;1.24;5716
100094;50.47228;4.59257;155;20201004;13.8;9.1;11.4;6.5;10.35;3;1.72;6172
100094;50.47228;4.59257;155;20201005;13.4;9.3;11.3;5.8;11.75;3;1.02;4167
100094;50.47228;4.59257;155;20201006;14.5;10.4;12.4;6.7;12.1;11;1.38;5346
100094;50.47228;4.59257;155;20201007;14.6;10.1;12.3;5.3;10.95;1;1.68;7797
100094;50.47228;4.59257;155;20201008;15.8;10.3;13.1;5.7;13.65;9;0.98;4738
100094;50.47228;4.59257;155;20201009;16.2;11.3;13.7;2.2;11.8;1;1.35;7494
100094;50.47228;4.59257;155;20201010;12.2;6.6;9.4;4.8;9.45;1;1.35;10674
100094;50.47228;4.59257;155;20201011;12.8;6.9;9.9;2.8;9.95;2;1.08;8157
100094;50.47228;4.59257;155;20201012;13.4;7;10.2;2.4;10.1;0;1.06;6907
100094;50.47228;4.59257;155;20201013;11;7.7;9.4;3.2;9.6;2;0.96;4084
100094;50.47228;4.59257;155;20201014;10.7;4;7.4;3.8;8.95;0;0.84;5509
100094;50.47228;4.59257;155;20201015;10.7;6.7;8.7;4.4;8.95;0;1.13;5092
100094;50.47228;4.59257;155;20201016;10.2;6.6;8.4;3.2;9.3;0;0.85;4635
100094;50.47228;4.59257;155;20201017;10.1;4.4;7.2;1.2;8.6;0;0.66;5023
100094;50.47228;4.59257;155;20201018;11.3;6.7;9;2.3;9.8;0;0.78;4289
100094;50.47228;4.59257;155;20201019;13.4;6.3;9.9;2.9;9.1;0;1.19;6940
100094;50.47228;4.59257;155;20201020;15.3;8.4;11.8;5.3;11.65;4;1.19;3701
100094;50.47228;4.59257;155;20201021;19.8;11.7;15.8;7;13.4;2;2.18;6877
100094;50.47228;4.59257;155;20201022;17.1;13.6;15.4;3.9;14.4;2;1.18;4204
100094;50.47228;4.59257;155;20201023;16.6;12.7;14.6;3.4;14.05;2;1.07;4990
100094;50.47228;4.59257;155;20201024;14.4;11.5;13;6.6;12.75;2;1.11;3407
100094;50.47228;4.59257;155;20201025;12.2;11.9;12;5.5;11.65;6;1.08;1796
100094;50.47228;4.59257;155;20201026;12.3;8.2;10.2;5.8;9.7;0;1.3;5643
100094;50.47228;4.59257;155;20201027;10.9;7.8;9.4;6.4;10.2;3;0.87;3646
100094;50.47228;4.59257;155;20201028;13.1;10.3;11.7;6.8;10.9;7;1.37;4711
100094;50.47228;4.59257;155;20201029;12.1;8.4;10.2;6.1;11.4;3;0.69;3662
100094;50.47228;4.59257;155;20201030;15.1;11.1;13.1;5.8;13;0;1;3448
100094;50.47228;4.59257;155;20201031;16.6;11.5;14.1;4.8;12.3;2;1.41;6998
100094;50.47228;4.59257;155;20200901;18.7;9.2;13.9;2.4;10.65;0;2.55;13845
100094;50.47228;4.59257;155;20200902;20.4;9.7;15;1.6;10.8;0;2.63;15471
100094;50.47228;4.59257;155;20200903;21.8;11.5;16.7;4.4;13.95;0;2.43;6734
100094;50.47228;4.59257;155;20200904;19.9;17.9;18.9;3.5;17.55;2;1.85;6278
100094;50.47228;4.59257;155;20200905;18.8;13.2;16;2.5;12.3;2;2.49;12898
100094;50.47228;4.59257;155;20200906;19.4;8.5;13.9;2.1;10.4;0;2.54;14700
100094;50.47228;4.59257;155;20200907;21.2;7;14.1;2;10.7;0;2.77;16957
100094;50.47228;4.59257;155;20200908;20.3;12.8;16.6;3.3;15.05;7;2;8963
100094;50.47228;4.59257;155;20200909;24.3;15.1;19.7;3.5;17.15;0;2.77;12190
100094;50.47228;4.59257;155;20200910;21.2;13.2;17.2;2.5;11.4;0;2.99;14915
100094;50.47228;4.59257;155;20200911;24.3;8.5;16.4;1.8;11.85;0;2.81;15614
100094;50.47228;4.59257;155;20200912;21.5;10.8;16.1;2.5;12.1;0;2.82;16151
100094;50.47228;4.59257;155;20200913;25.5;9.7;17.6;1.9;13.1;0;2.92;15929
100094;50.47228;4.59257;155;20200914;31.9;11.4;21.7;1.6;12.9;0;3.55;16491
100094;50.47228;4.59257;155;20200915;34.9;17.8;26.4;2.1;13.15;0;4.31;14574
100094;50.47228;4.59257;155;20200916;28.5;15.6;22;3.5;15.4;0;3.89;13722
100094;50.47228;4.59257;155;20200917;20.3;11.5;15.9;5.8;10.55;0;3.71;14758
100094;50.47228;4.59257;155;20200918;24.2;8.2;16.2;4.5;10.7;0;3.81;14947
100094;50.47228;4.59257;155;20200919;28.8;11.9;20.3;2.7;12.65;0;3.67;14742
100094;50.47228;4.59257;155;20200831;18.7;12.4;15.6;2.9;11.9;0;2.5;11315
100094;50.47228;4.59257;155;20200801;28.5;19.2;23.9;3.1;16.7;0;4.88;18787
100094;50.47228;4.59257;155;20200802;24;14.5;19.2;3.5;13.45;0;4.11;17070
100094;50.47228;4.59257;155;20200803;23.4;11.3;17.4;2.5;12.35;1;3.62;16811
100094;50.47228;4.59257;155;20200804;23.5;10.4;17;2;10.85;0;4.24;23505
100094;50.47228;4.59257;155;20200805;28.8;11.9;20.4;3.1;9.4;0;6.03;26023
100094;50.47228;4.59257;155;20200806;31.8;13.6;22.7;2;11.3;0;5.4;24118
100094;50.47228;4.59257;155;20200807;33.7;17.8;25.7;2;13.15;0;5.95;25747
100094;50.47228;4.59257;155;20200808;35.8;17.2;26.5;2.1;13.55;0;5.9;23361
100094;50.47228;4.59257;155;20200809;33.5;21.2;27.3;2.9;15.9;0;5.69;18256
100094;50.47228;4.59257;155;20200810;34.6;20;27.3;2.8;16.7;1;5.73;19285
100094;50.47228;4.59257;155;20200811;33.3;21.6;27.5;2.2;17.8;0;4.85;17041
100094;50.47228;4.59257;155;20200812;33.4;19.3;26.4;2.2;18.45;1;5.17;21024
100094;50.47228;4.59257;155;20200813;31.5;20.3;25.9;3.1;19;0;4.97;17713
100094;50.47228;4.59257;155;20200814;27.2;18.8;23;3.4;18.35;1;4.09;15997
100094;50.47228;4.59257;155;20200815;26.2;16.5;21.3;2.1;19.3;1;3.04;14120
100094;50.47228;4.59257;155;20200816;29.8;16.5;23.1;2.1;18.5;3;3.81;16113
100094;50.47228;4.59257;155;20200817;24.5;16;20.3;3.6;16;1;3.95;18330
100094;50.47228;4.59257;155;20200818;24.3;14.3;19.3;2.2;15.7;1;3.28;16348
100094;50.47228;4.59257;155;20200819;26.9;14;20.4;3.6;15.9;4;3.78;14176
100094;50.47228;4.59257;155;20200820;32.7;17.9;25.3;3.6;18.2;2;5;15458
100094;50.47228;4.59257;155;20200821;28.3;19.1;23.7;4.8;15.8;2;5.33;17234
100094;50.47228;4.59257;155;20200822;23.3;16.3;19.8;4.7;13.9;1;4;14204
100094;50.47228;4.59257;155;20200823;19.5;14.4;16.9;5.4;14.55;1;2.78;12802
100094;50.47228;4.59257;155;20200824;19.8;13.7;16.8;4.2;14.05;1;2.64;11190
100094;50.47228;4.59257;155;20200825;24.5;12.4;18.5;5.2;14.75;3;3.42;10804
100094;50.47228;4.59257;155;20200826;20;15.5;17.8;7.4;13.45;0;3.49;9630
100094;50.47228;4.59257;155;20200827;22.7;11.3;17;3.4;13.2;2;3.32;16214
100094;50.47228;4.59257;155;20200828;20.4;14.2;17.3;5.6;13.5;1;3.36;14154
100094;50.47228;4.59257;155;20200829;18.5;11.5;15;3.5;12.55;1;2.32;10349
100094;50.47228;4.59257;155;20200830;20.8;11.4;16.1;3.1;13.35;8;2.71;13798
99094;50.24822;4.61816;248;20200901;17.6;9.4;13.5;2.3;10.81;0;2.33;13584
99094;50.24822;4.61816;248;20200902;19.9;10.1;15;1.5;11.01;0;2.46;14613
99094;50.24822;4.61816;248;20200903;21.1;10.5;15.8;3.5;13.61;0;2.36;10854
99094;50.24822;4.61816;248;20200904;22.5;17.8;20.1;3.4;17.41;0;2.4;8804
99094;50.24822;4.61816;248;20200905;18.4;12.8;15.6;2.8;12.01;1;2.14;8045
99094;50.24822;4.61816;248;20200906;18.7;7.4;13;1.4;9.81;0;1.73;7503
99094;50.24822;4.61816;248;20200907;21.1;7.6;14.3;1.7;10.41;0;2.67;16850
99094;50.24822;4.61816;248;20200908;22.6;12.1;17.3;2.2;14.11;1;2.71;15534
99094;50.24822;4.61816;248;20200909;25.2;13.4;19.3;2.5;16.31;0;2.75;13477
99094;50.24822;4.61816;248;20200910;21.8;12.7;17.2;2;12.01;0;2.77;15113
99094;50.24822;4.61816;248;20200911;24.7;10.1;17.4;1.9;12.21;0;2.89;15435
99094;50.24822;4.61816;248;20200912;21.6;10.7;16.1;2.3;12.11;0;2.44;11902
99094;50.24822;4.61816;248;20200913;26.8;10.3;18.5;1.6;12.91;0;2.6;11658
99094;50.24822;4.61816;248;20200914;31.7;12.7;22.2;1.8;13.11;0;3.81;18349
99094;50.24822;4.61816;248;20200915;33.7;19.4;26.5;1.6;13.01;0;3.76;15455
99094;50.24822;4.61816;248;20200916;28.3;16.5;22.4;3.2;15.21;0;3.82;14589
99094;50.24822;4.61816;248;20200917;20.6;12;16.3;5.1;10.91;0;3.41;13433
99094;50.24822;4.61816;248;20200918;26.5;8.8;17.6;3.5;11.01;0;3.89;16588
99094;50.24822;4.61816;248;20200919;28;12.8;20.4;2.4;13.21;0;3.14;11492
99094;50.24822;4.61816;248;20200920;26.5;16.4;21.4;2;11.01;0;3.07;11136
99094;50.24822;4.61816;248;20200921;25.4;7.6;16.5;1.2;9.41;0;2.63;17827
99094;50.24822;4.61816;248;20200922;25.3;9.2;17.2;1.4;9.51;0;2.72;17224
99094;50.24822;4.61816;248;20200923;21.3;11;16.1;5;12.31;10;2.76;9350
99094;50.24822;4.61816;248;20200924;16.6;9.4;13;6.2;11.11;5;2.18;10585
99094;50.24822;4.61816;248;20200925;11;7.3;9.1;7.7;9.61;14;1.23;4974
99094;50.24822;4.61816;248;20200926;9.9;7.9;8.9;7;10.71;33;0.65;5506
99094;50.24822;4.61816;248;20200927;14.1;9.9;12;4.4;12.11;4;1.03;3595
99094;50.24822;4.61816;248;20200928;12.8;9.1;10.9;3.5;12.01;15;0.74;3334
99094;50.24822;4.61816;248;20200929;16.6;10.4;13.5;2.8;14.11;2;1.1;8017
99094;50.24822;4.61816;248;20200930;17.6;13.6;15.6;2.5;15.11;1;1.15;5363
99094;50.24822;4.61816;248;20201001;14.1;12.6;13.3;3.5;12.41;6;1.21;4256
99094;50.24822;4.61816;248;20201002;14.5;7.7;11.1;3.9;12.31;7;0.78;4259
99094;50.24822;4.61816;248;20201003;12.8;10.3;11.5;3.3;11.51;2;1.04;5271
99094;50.24822;4.61816;248;20201004;12.6;9.1;10.8;6.5;10.41;3;1.37;4870
99094;50.24822;4.61816;248;20201005;12.9;8.6;10.7;6;11.51;5;0.92;5114
99094;50.24822;4.61816;248;20201006;14;9.9;11.9;6.9;11.81;11;1.23;5182
99094;50.24822;4.61816;248;20201007;14.4;10;12.2;5.5;10.71;1;1.67;7231
99094;50.24822;4.61816;248;20201008;15.1;9.6;12.3;5.8;13.51;13;0.73;4777
99094;50.24822;4.61816;248;20201009;15.8;11.1;13.4;2.4;11.61;1;1.32;6710
99094;50.24822;4.61816;248;20201010;11.7;6.2;8.9;5.1;9.11;2;1.2;4637
99094;50.24822;4.61816;248;20201011;12.2;6.8;9.5;2.9;9.81;2;0.97;5737
99094;50.24822;4.61816;248;20201012;12.4;6.5;9.4;2.4;10.11;0;0.87;5797
99094;50.24822;4.61816;248;20201013;9.5;6.2;7.8;3.2;9.41;3;0.72;5146
99094;50.24822;4.61816;248;20201014;9.9;3.9;6.9;4.1;8.61;0;0.82;5920
99094;50.24822;4.61816;248;20201015;10.1;6.5;8.3;4.2;9.01;0;0.95;4831
99094;50.24822;4.61816;248;20201016;8.9;6.1;7.5;2.8;9.21;0;0.66;5181
99094;50.24822;4.61816;248;20201017;9.1;4.8;6.9;1;8.41;0;0.63;4909
99094;50.24822;4.61816;248;20201018;10.7;6.1;8.4;1.1;9.51;0;0.64;4634
99094;50.24822;4.61816;248;20201019;12.7;6.2;9.4;3.3;8.91;0;1.16;6577
99094;50.24822;4.61816;248;20201020;14.5;8.6;11.5;5.9;11.41;5;1.14;5361
99094;50.24822;4.61816;248;20201021;19;11.3;15.1;7.3;13.01;1;2;5176
99094;50.24822;4.61816;248;20201022;17.5;13.4;15.4;4;14.71;5;1.12;5309
99094;50.24822;4.61816;248;20201023;15.9;13.3;14.6;3.8;14.01;2;1.01;4563
99094;50.24822;4.61816;248;20201024;13.4;10.7;12;6.7;12.51;2;0.82;1945
99094;50.24822;4.61816;248;20201025;11.1;11;11;5.3;11.51;8;0.8;1774
99094;50.24822;4.61816;248;20201026;11.2;7.8;9.5;5.5;9.41;0;1.11;5234
99094;50.24822;4.61816;248;20201027;10.1;7.6;8.8;6.5;10.01;3;0.73;3641
99094;50.24822;4.61816;248;20201028;12;9.6;10.8;7.3;10.81;7;1.06;3763
99094;50.24822;4.61816;248;20201029;11.7;7.6;9.6;6.7;11.21;2;0.52;3992
99094;50.24822;4.61816;248;20201030;14.1;10.6;12.3;5.6;13.01;0;0.69;3767
99094;50.24822;4.61816;248;20201031;15.7;11;13.3;4.8;12.01;2;1.28;3141
99094;50.24822;4.61816;248;20201101;15.9;10.4;13.1;6.6;14.71;3;0.4;3892
99094;50.24822;4.61816;248;20201102;17.7;15.9;16.8;7.3;14.51;3;1.85;2838
99094;50.24822;4.61816;248;20201103;10.9;5.9;8.4;4.8;8.41;0;1.05;5732
99094;50.24822;4.61816;248;20201104;9.6;1.5;5.5;1.4;7.51;0;0.39;7578
99094;50.24822;4.61816;248;20201105;9.3;-2;3.6;1.5;6.91;0;0.34;7869
99094;50.24822;4.61816;248;20201106;12.3;1.3;6.8;3.4;6.41;0;1.15;7492
99094;50.24822;4.61816;248;20201107;15.9;6.4;11.1;2.4;9.51;0;0.96;5504
99094;50.24822;4.61816;248;20201108;17.4;7.5;12.4;2.8;11.21;0;0.97;5018
99094;50.24822;4.61816;248;20201109;15.9;9;12.4;1.9;12.01;0;0.6;4956
99094;50.24822;4.61816;248;20201110;13.8;8.9;11.3;1.3;12.41;2;0.36;4178
99094;50.24822;4.61816;248;20201111;12.5;8.1;10.3;2.8;11.71;0;0.39;3461
99094;50.24822;4.61816;248;20201112;11.8;9.6;10.7;4.8;9.71;0;1.1;4148
99094;50.24822;4.61816;248;20201113;13.3;4.8;9;4.8;10.91;0;0.41;4176
99094;50.24822;4.61816;248;20201114;13.7;10.1;11.9;5;11.31;0;0.98;3140
99094;50.24822;4.61816;248;20201115;15;12.3;13.6;7.8;10.71;11;2.08;2547
99094;50.24822;4.61816;248;20201116;10;8.4;9.2;6;10.21;2;0.61;3167
99094;50.24822;4.61816;248;20201117;10.3;8.6;9.4;4.3;10.51;0;0.54;2385
99094;50.24822;4.61816;248;20201118;15.1;8;11.5;4.9;9.71;1;1.25;5640
99094;50.24822;4.61816;248;20201119;9.1;6.7;7.9;5.2;9.01;1;0.65;3139
99094;50.24822;4.61816;248;20201120;6.1;1.9;4;2.1;6.41;0;0.42;3756
99094;50.24822;4.61816;248;20201121;7.9;1.7;4.8;5.4;7.21;0;0.62;3631
99094;50.24822;4.61816;248;20201122;7.2;5.8;6.5;3.7;9.11;3;0.31;1777
99094;50.24822;4.61816;248;20201123;9;6.7;7.8;2.2;9.91;0;0.27;2614
99094;50.24822;4.61816;248;20201124;9.5;6.1;7.8;3;8.41;0;0.59;3324
99094;50.24822;4.61816;248;20201125;8.1;2.7;5.4;3.4;7.71;0;0.45;2978
99094;50.24822;4.61816;248;20201126;11.6;1.8;6.7;1.1;7.91;0;0.18;4654
99094;50.24822;4.61816;248;20201127;7.3;1.5;4.4;1.9;7.91;0;0.28;1682
99094;50.24822;4.61816;248;20201128;12.2;3.8;8;2.1;7.81;0;0.63;3253
99094;50.24822;4.61816;248;20201129;1.1;0.9;1;2.5;6.01;0;0.36;355
99094;50.24822;4.61816;248;20201130;1.9;-2.1;-0.1;3.7;5.81;6;0.13;2714
99094;50.24822;4.61816;248;20201201;6.9;0.4;3.6;5.1;8.31;7;0;2922
99094;50.24822;4.61816;248;20201202;5.3;5.3;5.3;2.4;8.31;0;0.33;998
99094;50.24822;4.61816;248;20201203;4.5;4;4.2;6;7.71;8;0.37;507
99094;50.24822;4.61816;248;20201204;5.7;4.3;5;6.1;6.81;0;0.81;2391
99094;50.24822;4.61816;248;20201205;3.8;0.4;2.1;3.2;6.01;0;0.41;1945
99094;50.24822;4.61816;248;20201206;3.1;-1.3;0.9;1.3;6.01;0;0.11;2822
99094;50.24822;4.61816;248;20201207;3.1;-0.4;1.3;2;6.21;0;0.2;2095
99094;50.24822;4.61816;248;20201208;3.1;0;1.5;1.5;6.01;0;0.16;2748
99094;50.24822;4.61816;248;20201209;2;-1.4;0.3;2.8;6.11;0;0.17;1167
99094;50.24822;4.61816;248;20201210;2.7;0.9;1.8;3.7;5.91;0;0.35;2541
99094;50.24822;4.61816;248;20201211;5.3;-0.4;2.4;4.5;7.41;5;0.07;1475
99094;50.24822;4.61816;248;20201212;8.1;5.3;6.7;3.9;9.61;3;0.21;1047
99094;50.24822;4.61816;248;20201213;4.9;4.7;4.8;5.5;8.01;1;0.33;1029
99094;50.24822;4.61816;248;20201214;9.4;4.9;7.1;5.7;9.71;8;0.19;2294
99094;50.24822;4.61816;248;20201215;9.3;7.7;8.5;3.3;10.01;3;0.35;2011
99094;50.24822;4.61816;248;20201216;9.4;5.7;7.5;3.6;9.61;3;0.27;2283
99094;50.24822;4.61816;248;20201217;9.5;7.3;8.4;4.4;9.51;1;0.47;2555
99094;50.24822;4.61816;248;20201218;10.1;6.4;8.2;5.2;9.21;0;0.53;3262
99094;50.24822;4.61816;248;20201219;10.8;6.6;8.7;5.5;9.81;1;0.51;2680
99094;50.24822;4.61816;248;20201220;10.1;8.4;9.2;4.6;9.31;0;0.82;1798
99094;50.24822;4.61816;248;20201221;8.6;4.8;6.7;7;9.81;7;0;2288
99094;50.24822;4.61816;248;20201222;12.9;8.4;10.6;5;13.21;13;0;1782
99094;50.24822;4.61816;248;20201223;11.7;10.9;11.3;5.2;11.51;25;0.75;1073
99094;50.24822;4.61816;248;20201224;6.2;5.7;5.9;5.3;7.51;4;0.79;1171
99094;50.24822;4.61816;248;20201225;4.1;1.1;2.6;3.5;6.51;0;0.3;2179
99094;50.24822;4.61816;248;20201226;3.7;0.8;2.2;6.3;6.31;1;0.38;2464
99094;50.24822;4.61816;248;20201227;3.5;1.3;2.4;8.7;6.81;17;0.26;1432
99094;50.24822;4.61816;248;20201228;3.2;2.5;2.8;2.9;6.61;1;0.37;1265
99094;50.24822;4.61816;248;20201229;3.2;0;1.6;2.4;6.51;2;0.13;2251
99094;50.24822;4.61816;248;20201230;3.5;1.5;2.5;3.1;6.81;5;0.24;1623
99094;50.24822;4.61816;248;20201231;1.5;0.6;1;2.1;6.31;2;0.2;1354
100096;50.50328;5.29569;226;20201101;16.6;11;13.8;6.8;14.7;2;0.79;3041
100096;50.50328;5.29569;226;20201102;18.9;15.9;17.4;8.2;14.77;5;2.28;3606
100096;50.50328;5.29569;226;20201103;11.9;6.8;9.4;5.1;8.93;0;1.18;6433
100096;50.50328;5.29569;226;20201104;10.1;2.7;6.4;1.9;7.77;0;0.5;7464
100096;50.50328;5.29569;226;20201105;9.7;-0.3;4.7;1.8;7.17;0;0.46;7077
100096;50.50328;5.29569;226;20201106;12.9;0.9;6.9;2.8;6.53;0;1.03;7179
100096;50.50328;5.29569;226;20201107;16.4;5.4;10.9;2.6;9.63;0;0.94;6735
100096;50.50328;5.29569;226;20201108;16.1;9.1;12.6;3.1;11.5;0;0.99;3977
100096;50.50328;5.29569;226;20201109;17;11;14;2.1;12.53;0;0.86;3767
100096;50.50328;5.29569;226;20201110;15.7;9.8;12.7;1.9;12.7;1;0.62;4374
100096;50.50328;5.29569;226;20201111;14.1;9.9;12;2.9;11.9;0;0.7;4197
100096;50.50328;5.29569;226;20201112;13;9.6;11.3;4.9;9.9;0;1.25;4792
100096;50.50328;5.29569;226;20201113;13.7;6.1;9.9;4.9;11.2;0;0.66;3624
100096;50.50328;5.29569;226;20201114;14.8;11.3;13;5.8;11.83;0;1.25;4729
100096;50.50328;5.29569;226;20201115;15.7;12.5;14.1;8.5;11.13;7;2.28;2967
100096;50.50328;5.29569;226;20201116;10.6;7.9;9.2;6.3;10.53;2;0.67;1786
100096;50.50328;5.29569;226;20201117;11.2;8.5;9.9;5.8;10.9;0;0.7;1779
100096;50.50328;5.29569;226;20201118;15.4;8.6;12;5.6;10.07;1;1.4;5980
100096;50.50328;5.29569;226;20201119;9.5;6.7;8.1;4.9;9.2;2;0.75;2337
100096;50.50328;5.29569;226;20201120;6.8;2.8;4.8;2.6;6.83;0;0.49;3877
100096;50.50328;5.29569;226;20201121;8.6;1.2;4.9;5.8;7.4;0;0.7;3433
100096;50.50328;5.29569;226;20201122;8.1;6.5;7.3;4.3;9.53;2;0.46;820
100096;50.50328;5.29569;226;20201123;9.2;6.9;8;2.4;9.67;0;0.38;2904
100096;50.50328;5.29569;226;20201124;10.5;6.1;8.3;3.5;8.5;0;0.64;4729
100096;50.50328;5.29569;226;20201125;9.6;3.5;6.6;4.6;7.97;0;0.71;3299
100096;50.50328;5.29569;226;20201126;11.3;4.9;8.1;2.1;8.5;0;0.53;3774
100096;50.50328;5.29569;226;20201127;8.5;2.1;5.3;1.7;7.77;0;0.26;3484
100096;50.50328;5.29569;226;20201128;11.6;4;7.8;2.6;7.93;0;0.52;4347
100096;50.50328;5.29569;226;20201129;1.9;0.3;1.1;2.7;5.8;0;0.32;2691
100096;50.50328;5.29569;226;20201130;3.1;-2.7;0.2;4.3;5.97;7;0.19;2810
100096;50.50328;5.29569;226;20201201;7;2.1;4.5;4.2;8.83;7;0.1;954
100096;50.50328;5.29569;226;20201202;5.5;4.9;5.2;2.1;8.37;0;0.4;408
100096;50.50328;5.29569;226;20201203;4.8;4.1;4.4;6.5;7.53;2;0.55;1022
100096;50.50328;5.29569;226;20201204;6.6;4.3;5.4;6.2;6.9;0;0.92;3020
100096;50.50328;5.29569;226;20201205;5.1;1;3.1;3.1;6.13;0;0.46;2928
100096;50.50328;5.29569;226;20201206;3;-1.1;1;1.7;6.33;1;0.18;1913
100096;50.50328;5.29569;226;20201207;4.3;0.6;2.4;2.8;6.4;0;0.36;2206
100096;50.50328;5.29569;226;20201208;3.5;-0.3;1.6;1.5;6.13;0;0.21;2254
100096;50.50328;5.29569;226;20201209;2.6;-2;0.3;3.1;5.93;0;0.17;2918
100096;50.50328;5.29569;226;20201210;3.2;0.2;1.7;3;5.67;0;0.43;2058
100096;50.50328;5.29569;226;20201211;5;-0.4;2.3;4.7;7.1;4;0.26;1378
100096;50.50328;5.29569;226;20201212;8.2;4.8;6.5;3.2;9.43;3;0.32;888
100096;50.50328;5.29569;226;20201213;6.7;5.4;6;5.4;8.13;1;0.54;2355
100096;50.50328;5.29569;226;20201214;10.6;5.1;7.9;5.9;9.47;6;0.65;1895
100096;50.50328;5.29569;226;20201215;9.4;7.7;8.5;3.6;10.07;4;0.56;912
100096;50.50328;5.29569;226;20201216;10.2;5.2;7.7;3.7;9.6;1;0.35;2726
100096;50.50328;5.29569;226;20201217;10.1;8.4;9.2;5.3;9.43;1;0.79;2982
100096;50.50328;5.29569;226;20201218;10.8;6.3;8.5;5.1;9;0;0.69;3966
100096;50.50328;5.29569;226;20201219;11.9;6.7;9.3;5.7;9.9;0;0.76;2464
100096;50.50328;5.29569;226;20201220;10.6;8.8;9.7;4.9;9.43;0;0.96;2257
100096;50.50328;5.29569;226;20201221;8.9;5.7;7.3;6.9;9.77;5;0.4;1305
100096;50.50328;5.29569;226;20201222;13.4;8.3;10.8;6;13.13;17;0.24;1358
100096;50.50328;5.29569;226;20201223;12;10.6;11.3;5.9;11.67;11;0.87;731
100096;50.50328;5.29569;226;20201224;6.3;6.1;6.2;4.4;7.87;4;0.78;667
100096;50.50328;5.29569;226;20201225;4.3;0.8;2.6;2.7;6.5;0;0.27;2553
100096;50.50328;5.29569;226;20201226;4.5;0.5;2.5;6.3;6.37;0;0.47;2820
100096;50.50328;5.29569;226;20201227;4.2;2.2;3.2;9.7;6.83;9;0.63;623
100096;50.50328;5.29569;226;20201228;4;2.2;3.1;3.3;6.6;1;0.44;1720
100096;50.50328;5.29569;226;20201229;3.8;-0.2;1.8;3.2;6.43;1;0.26;2241
100096;50.50328;5.29569;226;20201230;3.6;1.4;2.5;3.9;6.83;3;0.33;1259
100096;50.50328;5.29569;226;20201231;2.1;1.3;1.7;2.2;6.5;3;0.29;1148
100096;50.50328;5.29569;226;20200101;5.4;-1.7;1.9;2.3;5.9;0;0.16;4307
100096;50.50328;5.29569;226;20200102;5.3;-1.5;1.9;4.3;6.97;0;0.16;2443
100096;50.50328;5.29569;226;20200103;8.8;4.6;6.7;6.3;9.27;2;0.47;826
100096;50.50328;5.29569;226;20200104;6;1.9;4;3.9;7.67;0;0.26;2178
100096;50.50328;5.29569;226;20200105;6.2;4.3;5.2;2.9;7.53;0;0.55;1206
100096;50.50328;5.29569;226;20200106;8.1;2.9;5.5;4.1;6.37;1;0.79;4497
100096;50.50328;5.29569;226;20200107;8.3;3.1;5.7;5.2;8.23;0;0.49;2535
100096;50.50328;5.29569;226;20200108;10.9;5.5;8.2;5.6;11.03;2;0.24;1133
100096;50.50328;5.29569;226;20200109;11.9;9.9;10.9;6.8;11.53;7;0.84;724
100096;50.50328;5.29569;226;20200110;7.9;7.4;7.6;4.2;8.83;2;0.76;1085
100096;50.50328;5.29569;226;20200111;6.2;2.2;4.2;4.7;6.93;0;0.58;3017
100096;50.50328;5.29569;226;20200112;7.1;2.2;4.7;6.8;7.7;1;0.57;1795
100096;50.50328;5.29569;226;20200113;8.2;4.9;6.5;6.2;8.7;1;0.57;2528
100096;50.50328;5.29569;226;20200114;9.6;7.1;8.4;9.8;9.07;1;1.14;1917
100096;50.50328;5.29569;226;20200115;11.8;8.9;10.4;7.5;9;1;1.63;2991
100096;50.50328;5.29569;226;20200116;11.6;3.8;7.7;4.6;8.6;0;0.71;4988
100096;50.50328;5.29569;226;20200117;9.2;8.5;8.9;6;8.17;2;1.44;1682
100096;50.50328;5.29569;226;20200118;5.8;2.5;4.2;3.9;6.57;0;0.66;2819
100096;50.50328;5.29569;226;20200119;5.1;-0.6;2.2;2.2;6.3;1;0.34;2948
100096;50.50328;5.29569;226;20200120;4.8;-0.8;2;1.5;6.5;0;0.23;3246
100096;50.50328;5.29569;226;20200121;4.7;-3.3;0.7;1.1;5.07;0;0.16;5472
100096;50.50328;5.29569;226;20200122;1.7;-6.1;-2.2;1.6;5.3;0;0.16;2392
100096;50.50328;5.29569;226;20200123;2.8;-1.7;0.5;2.5;6.33;0;0.2;2343
100096;50.50328;5.29569;226;20200124;0.9;-0.8;0.1;1.7;5.47;0;0.3;2651
100096;50.50328;5.29569;226;20200125;3.8;-2.4;0.7;1.5;6.57;0;0.2;2452
100096;50.50328;5.29569;226;20200126;9.6;0.8;5.2;4.7;7.9;1;0.55;4923
100096;50.50328;5.29569;226;20200127;7.9;6.3;7.1;6.4;8.93;8;0.72;1273
100096;50.50328;5.29569;226;20200128;5.7;4.9;5.3;8.1;7;1;1.04;2849
100096;50.50328;5.29569;226;20200129;6;1.1;3.5;6.1;6.7;0;0.71;3401
100096;50.50328;5.29569;226;20200130;9.4;3.5;6.5;7.3;9.1;1;0.51;3358
100096;50.50328;5.29569;226;20200131;12.5;8.3;10.4;7.2;11.53;3;0.71;2952
100096;50.50328;5.29569;226;20200201;11.2;10.3;10.8;7.3;10.63;17;1.22;1803
100096;50.50328;5.29569;226;20200202;12.5;5.5;9;6.4;10.2;5;0.9;1833
100096;50.50328;5.29569;226;20200203;10;8.8;9.4;6.1;9.73;12;1.07;2314
100096;50.50328;5.29569;226;20200204;5.2;3;4.1;5.6;7.47;4;0.5;2245
100096;50.50328;5.29569;226;20200205;5.9;2.9;4.4;2.1;6.83;0;0.55;4532
100096;50.50328;5.29569;226;20200206;6.3;0;3.2;1.8;6.07;0;0.51;6135
100096;50.50328;5.29569;226;20200207;10.8;-1.1;4.8;3.5;5.43;0;1.22;8403
100096;50.50328;5.29569;226;20200208;10.3;3.9;7.1;5.2;7.9;0;1.11;3456
100096;50.50328;5.29569;226;20200209;11.4;6.6;9;11.6;9.27;10;1.49;3852
100096;50.50328;5.29569;226;20200210;8.5;5.7;7.1;11.1;7.73;4;1.51;3633
100096;50.50328;5.29569;226;20200211;6.5;3.1;4.8;8.9;6.13;1;1.45;5197
100096;50.50328;5.29569;226;20200212;6.5;2.3;4.4;6.5;6.3;1;1.17;5041
100096;50.50328;5.29569;226;20200213;7.9;2.6;5.3;7.1;7.6;8;0.89;3838
100096;50.50328;5.29569;226;20200214;8.4;4.6;6.5;5;7.93;0;0.95;3609
100096;50.50328;5.29569;226;20200215;11.4;5.9;8.7;7.7;8.6;1;1.52;6650
100096;50.50328;5.29569;226;20200216;16.3;9.6;12.9;11.8;10.2;7;2.78;5074
100096;50.50328;5.29569;226;20200217;10.5;6.4;8.4;8.1;7.97;2;1.7;6315
100096;50.50328;5.29569;226;20200218;7.7;4.4;6.1;7.7;7.37;4;1.25;5023
100096;50.50328;5.29569;226;20200219;6.8;2.7;4.7;6.4;7.23;1;0.91;6651
100096;50.50328;5.29569;226;20200220;8.9;4.3;6.6;7.7;8.3;5;0.98;3647
100096;50.50328;5.29569;226;20200221;8.5;1.4;5;6.5;6.73;0;1.25;7002
100096;50.50328;5.29569;226;20200222;8.5;3.9;6.2;8.4;8.1;2;1;3642
100096;50.50328;5.29569;226;20200223;11.6;8.2;9.9;8.2;10.2;5;1.22;1264
100096;50.50328;5.29569;226;20200224;11.1;3.6;7.3;6.4;9.17;3;0.9;3536
100096;50.50328;5.29569;226;20200225;9;5.9;7.5;6.6;7.97;4;1.36;6434
100096;50.50328;5.29569;226;20200226;3.3;0.8;2.1;5.6;6.23;6;0.64;3358
100096;50.50328;5.29569;226;20200227;2.4;1;1.7;4.5;6.17;10;0.54;1943
100096;50.50328;5.29569;226;20200228;5.6;-0.7;2.4;6.3;6.5;2;0.72;7033
100096;50.50328;5.29569;226;20200229;12.6;3.3;8;8.4;8.23;3;1.71;6687
100096;50.50328;5.29569;226;20200301;8.6;3.3;6;6.9;7.13;8;1.39;6611
100096;50.50328;5.29569;226;20200302;8.1;2.9;5.5;4.8;7.83;8;0.84;4452
100096;50.50328;5.29569;226;20200303;6.9;0.9;3.9;4.4;6.73;1;0.96;7526
100096;50.50328;5.29569;226;20200304;7.7;1.9;4.8;3.7;7.37;3;0.9;7228
100096;50.50328;5.29569;226;20200305;7.3;4.1;5.7;3.2;8.67;13;0.56;2478
100096;50.50328;5.29569;226;20200306;6.6;2.9;4.7;4.1;7.77;7;0.63;2719
100096;50.50328;5.29569;226;20200307;9.3;2.1;5.7;4.2;7;0;1.31;9546
100096;50.50328;5.29569;226;20200308;9.4;6.1;7.8;6.7;8.53;5;1.31;5617
100096;50.50328;5.29569;226;20200309;9.4;4.9;7.2;5.3;7.93;7;1.38;7824
100096;50.50328;5.29569;226;20200310;12.4;5.1;8.8;8.5;11.03;11;0.64;3282
100096;50.50328;5.29569;226;20200311;13.1;11.1;12.1;8.1;12.6;6;1.07;4040
100096;50.50328;5.29569;226;20200312;10.6;8.3;9.5;8;7.93;1;2.29;10415
100096;50.50328;5.29569;226;20200313;9.6;4;6.8;5.4;7.17;0;1.58;6831
100096;50.50328;5.29569;226;20200314;11;2.2;6.6;4;7.5;0;1.42;9676
100096;50.50328;5.29569;226;20200315;14.1;6.2;10.2;4.6;8.4;0;2.16;10860
100096;50.50328;5.29569;226;20200316;14.2;4.8;9.5;1.9;8.9;0;1.55;11384
100096;50.50328;5.29569;226;20200317;14.2;4.3;9.2;2.4;7.9;0;1.9;13888
100096;50.50328;5.29569;226;20200318;16.2;6.2;11.2;3.1;9.6;0;2.02;12595
100096;50.50328;5.29569;226;20200319;15.3;6;10.7;1.8;9.93;0;1.43;8383
100096;50.50328;5.29569;226;20200320;8;6.8;7.4;4.1;9.1;4;0.83;2414
100096;50.50328;5.29569;226;20200321;8.7;3;5.9;6;6.17;1;1.85;8125
100096;50.50328;5.29569;226;20200322;10.3;-0.2;5;6;4;0;2.87;17385
100096;50.50328;5.29569;226;20200323;10.7;-0.7;5;5.4;2.83;0;3.26;17667
100096;50.50328;5.29569;226;20200324;11.2;0.5;5.8;4.2;2.63;0;3.13;17385
100096;50.50328;5.29569;226;20200325;10.9;0.1;5.5;3.9;3;0;2.91;17447
100096;50.50328;5.29569;226;20200326;9.9;-1.6;4.1;4;3.77;0;2.54;17822
100096;50.50328;5.29569;226;20200327;12.9;-0.7;6.1;2.4;5.73;0;2.18;17154
100095;50.48832;4.94402;172;20200501;14.4;7;10.7;6.2;9.27;4;2.8;16791
100095;50.48832;4.94402;172;20200502;13.9;6.8;10.4;4.4;8.64;4;2.78;17133
100095;50.48832;4.94402;172;20200503;16.4;3.8;10.1;2.2;8.84;1;2.58;16379
100095;50.48832;4.94402;172;20200504;15.4;10.8;13.1;3.8;10.04;0;2.69;12317
100095;50.48832;4.94402;172;20200505;14.9;5.1;10;5.2;6.7;0;3.86;23369
100095;50.48832;4.94402;172;20200506;17.4;3.2;10.3;2.9;6.14;0;4.07;26458
100095;50.48832;4.94402;172;20200507;20.7;5.1;12.9;1.6;7.07;0;3.94;24851
100095;50.48832;4.94402;172;20200508;21.7;7.6;14.7;2.5;8.37;0;4.22;22323
100095;50.48832;4.94402;172;20200509;24;10.7;17.3;2.1;10.87;1;4.2;21560
100095;50.48832;4.94402;172;20200510;18.6;13.7;16.1;3.5;13.2;5;2.35;8003
100095;50.48832;4.94402;172;20200511;12.5;4.9;8.7;7.8;5.97;0;3.78;19808
100095;50.48832;4.94402;172;20200512;12.3;1;6.6;2.2;5.7;0;3.05;23873
100095;50.48832;4.94402;172;20200513;13.7;1.7;7.7;3.4;6.24;0;2.97;18037
100095;50.48832;4.94402;172;20200514;13.8;1.7;7.8;5.4;5.5;0;3.87;24927
100095;50.48832;4.94402;172;20200515;15.7;2.2;9;3.8;6.04;0;4.07;27878
100095;50.48832;4.94402;172;20200516;17.5;3.2;10.3;2;7.07;0;3.62;24200
100095;50.48832;4.94402;172;20200517;19.1;4;11.6;1.8;7.77;0;3.99;27243
100095;50.48832;4.94402;172;20200518;22.8;8.4;15.6;3.1;8.64;0;5.06;26671
100095;50.48832;4.94402;172;20200519;23.3;8.7;16;2.9;9.7;0;4.94;26658
100095;50.48832;4.94402;172;20200520;23.1;10;16.5;2.9;12;0;4.69;26716
100095;50.48832;4.94402;172;20200521;27.1;10.9;19;1.7;12.54;0;4.95;26681
100095;50.48832;4.94402;172;20200522;25.5;16.4;20.9;4.6;13.9;3;4.75;14806
100095;50.48832;4.94402;172;20200523;18.7;11.6;15.1;6.2;8.8;1;4.81;19368
100095;50.48832;4.94402;172;20200524;16.9;8.8;12.8;4.7;10.8;0;2.94;15606
100095;50.48832;4.94402;172;20200525;21.8;10.5;16.2;2.7;11.3;0;4.29;23443
100095;50.48832;4.94402;172;20200526;23.4;8.9;16.2;2.5;10.34;0;4.71;25632
100095;50.48832;4.94402;172;20200527;23.6;10.4;17;2.7;10.17;0;5.1;27005
100095;50.48832;4.94402;172;20200528;20.9;9;15;5;8.17;0;5.6;28733
100095;50.48832;4.94402;172;20200529;22.6;7.9;15.2;3.7;7.57;0;5.67;29107
100095;50.48832;4.94402;172;20200530;23.5;9.3;16.4;3.8;7.7;0;5.99;28939
100095;50.48832;4.94402;172;20200531;21.6;9.5;15.6;4.1;8.07;0;5.57;27708
100095;50.48832;4.94402;172;20200601;25.7;10.2;18;3.8;9.64;0;6.1;28402
100095;50.48832;4.94402;172;20200602;27.7;12.1;19.9;2.2;9.67;0;5.64;26622
100095;50.48832;4.94402;172;20200603;23.6;11.8;17.7;2.3;10.8;0;4.46;21831
100095;50.48832;4.94402;172;20200604;13.9;12.7;13.3;3;11.74;5;1.77;6406
100095;50.48832;4.94402;172;20200605;14.6;8.4;11.5;5.3;10.2;10;2.5;13093
100095;50.48832;4.94402;172;20200606;16.3;6.7;11.5;6.4;8.5;1;3.92;21131
100095;50.48832;4.94402;172;20200607;18.5;9.5;14;4;9.47;0;3.97;20120
100095;50.48832;4.94402;172;20200608;16.4;10.1;13.2;2.8;11.94;2;2.44;13316
100095;50.48832;4.94402;172;20200609;14.8;10.7;12.7;3.1;11.5;0;2.1;10236
100095;50.48832;4.94402;172;20200610;16.6;8.7;12.6;2.2;12.04;1;2.23;12712
100095;50.48832;4.94402;172;20200611;21;12.3;16.7;3;13.37;0;3.74;19689
100095;50.48832;4.94402;172;20200612;22.5;11.4;17;3;14.1;8;3.46;16632
100095;50.48832;4.94402;172;20200613;25.1;12.5;18.8;2.7;14.44;0;4.95;26173
100095;50.48832;4.94402;172;20200614;22.4;14.3;18.3;3.2;13.87;1;3.96;18131
100095;50.48832;4.94402;172;20200615;24;13.6;18.8;2.5;14.2;0;4.51;23261
100095;50.48832;4.94402;172;20200616;23.1;13.8;18.5;2.1;14.14;4;3.86;19424
100095;50.48832;4.94402;172;20200617;22.1;13.2;17.7;2.5;15.5;19;3.18;15798
100095;50.48832;4.94402;172;20200618;22.1;13.5;17.8;3.1;14.17;2;4.13;21586
100095;50.48832;4.94402;172;20200619;21.1;12.5;16.8;3.6;13.34;0;4.14;22445
100095;50.48832;4.94402;172;20200620;21.8;11.6;16.7;2.1;12.3;0;4.15;23140
100095;50.48832;4.94402;172;20200621;23.8;13.2;18.5;4;13.4;3;4.7;21444
100095;50.48832;4.94402;172;20200622;22.5;11;16.8;2.2;13.1;0;4.09;22925
100095;50.48832;4.94402;172;20200623;26;11.4;18.7;2.5;13.14;0;5.43;28965
100095;50.48832;4.94402;172;20200624;29.5;15;22.3;3.5;13.57;0;6.6;28182
100095;50.48832;4.94402;172;20200625;29.6;16.1;22.8;3.1;13.54;0;6.63;28932
100095;50.48832;4.94402;172;20200626;28.3;18.2;23.3;3.2;16.97;2;5.35;21615
100095;50.48832;4.94402;172;20200627;24.9;17.8;21.3;5.8;16.57;0;5.09;20161
100095;50.48832;4.94402;172;20200628;21.7;14.3;18;5.1;12.4;2;4.72;20670
100095;50.48832;4.94402;172;20200629;19.9;11.9;15.9;5.2;10.97;0;4.52;21700
100095;50.48832;4.94402;172;20200630;20.7;12;16.4;6;12.77;1;3.86;16446
100095;50.48832;4.94402;172;20200701;20.1;16.7;18.4;4.7;16.77;5;2.71;10902
100095;50.48832;4.94402;172;20200702;20.7;13.4;17;4.2;13.27;0;3.88;18530
100095;50.48832;4.94402;172;20200703;20.9;11.6;16.2;4.8;12.9;0;3.69;17046
100095;50.48832;4.94402;172;20200704;20.7;13.9;17.3;6.5;14.97;1;3.31;13644
100095;50.48832;4.94402;172;20200705;22.2;17.3;19.7;7.7;16.57;1;3.97;14696
100095;50.48832;4.94402;172;20200706;19.4;10.6;15;4.8;10.77;0;4.34;22970
100095;50.48832;4.94402;172;20200707;21.3;9.9;15.6;3.1;11.14;1;4.09;21218
100095;50.48832;4.94402;172;20200708;16.6;11.7;14.2;3.9;15.14;11;1.31;7039
100095;50.48832;4.94402;172;20200709;25;15.8;20.4;4.3;16.5;0;4.35;18644
100095;50.48832;4.94402;172;20200710;19.7;15.7;17.7;4.4;13.57;2;3.73;16675
100095;50.48832;4.94402;172;20200711;20.5;8.3;14.4;2.1;11.24;0;3.82;23092
100095;50.48832;4.94402;172;20200712;21.1;9.8;15.4;2.8;11.14;0;4.25;24174
100095;50.48832;4.94402;172;20200713;24.3;9.6;17;2.1;11;0;4.71;25934
100095;50.48832;4.94402;172;20200714;20;12.4;16.2;2.8;13.54;4;2.88;13440
100095;50.48832;4.94402;172;20200715;20.2;12.9;16.6;1.7;13.4;0;2.97;15514
100095;50.48832;4.94402;172;20200716;17.4;13.5;15.4;2.7;15.14;2;1.84;9125
100095;50.48832;4.94402;172;20200717;21.2;13.9;17.5;1.6;15.54;0;2.61;13259
100095;50.48832;4.94402;172;20200718;25.7;12.9;19.3;2.1;15.84;0;4.37;23358
100095;50.48832;4.94402;172;20200719;25.8;12.8;19.3;2.8;13.7;0;4.78;23161
100095;50.48832;4.94402;172;20200720;21.8;13.3;17.5;3.5;12.37;0;4.25;20690
100095;50.48832;4.94402;172;20200721;21.8;9.5;15.7;2.9;10.37;0;4.66;26704
100095;50.48832;4.94402;172;20200722;21.6;8.7;15.2;2.5;10.14;0;4.37;25007
100095;50.48832;4.94402;172;20200723;26.1;9.6;17.8;1.9;10.34;0;4.7;24087
100095;50.48832;4.94402;172;20200724;23.7;14.5;19.1;3.5;13.7;0;3.86;14705
100095;50.48832;4.94402;172;20200725;24.8;15.5;20.2;4.6;15.14;9;3.98;12877
100095;50.48832;4.94402;172;20200726;22.7;15.4;19;4.5;14.57;2;4.08;17474
100095;50.48832;4.94402;172;20200727;28.9;13.7;21.3;4.4;12.64;0;5.78;19359
100095;50.48832;4.94402;172;20200728;22.6;16.3;19.5;5.3;12.77;0;4.98;19292
100095;50.48832;4.94402;172;20200729;22.9;10.9;16.9;2.6;11.64;0;4.25;22711
100095;50.48832;4.94402;172;20200730;28.4;11.4;19.9;2.4;11.04;0;5.42;26172
100095;50.48832;4.94402;172;20200731;36.2;14.9;25.5;2.6;12;0;7.02;27410
100095;50.48832;4.94402;172;20200801;28.6;19.7;24.2;3.2;16.64;0;4.96;18015
100095;50.48832;4.94402;172;20200802;23.6;14.8;19.2;3.4;13.6;0;3.89;15741
100095;50.48832;4.94402;172;20200803;23.3;11.6;17.4;2.4;12.14;0;3.6;16736
100095;50.48832;4.94402;172;20200804;23.4;10.7;17;2;10.87;0;4.18;22948
100095;50.48832;4.94402;172;20200805;28.9;12.5;20.7;3.4;9.54;0;6.22;25645
100095;50.48832;4.94402;172;20200806;31.8;14.8;23.3;2.2;11.34;0;5.58;23568
100095;50.48832;4.94402;172;20200807;33.8;18.4;26.1;2.3;13.14;0;6.23;25585
100095;50.48832;4.94402;172;20200808;35.7;18.5;27.1;2.1;13.67;0;6.01;23495
100095;50.48832;4.94402;172;20200809;33.3;21.5;27.4;2.9;15.97;0;5.66;18481
100095;50.48832;4.94402;172;20200810;34.4;20;27.2;2.8;16.64;0;5.71;19509
100095;50.48832;4.94402;172;20200811;33.5;22;27.8;2.4;17.7;0;5.12;17189
100095;50.48832;4.94402;172;20200812;33.4;19.8;26.6;2.4;18.3;0;5.38;21070
100095;50.48832;4.94402;172;20200813;31.5;20.3;25.9;3;19;1;4.92;17768
100095;50.48832;4.94402;172;20200814;27.3;19.1;23.2;3.6;17.97;0;4.32;16336
100095;50.48832;4.94402;172;20200815;25.9;16.8;21.4;2;19.5;2;3;14158
100095;50.48832;4.94402;172;20200816;29.6;17;23.3;1.9;18.84;3;3.78;16626
100095;50.48832;4.94402;172;20200817;25;16.4;20.7;3.7;15.77;0;4.15;17890
100095;50.48832;4.94402;172;20200818;24;14.6;19.3;2.5;15.77;2;3.32;16514
100095;50.48832;4.94402;172;20200819;27;14.3;20.7;3.8;16.04;4;3.97;14808
100095;50.48832;4.94402;172;20200820;32.5;17.8;25.2;3.8;18.24;1;5.02;15169
100095;50.48832;4.94402;172;20200821;28.3;19.2;23.7;5.2;16.34;1;5.34;16930
100095;50.48832;4.94402;172;20200822;23.6;16.5;20.1;5.2;13.84;0;4.33;14314
100095;50.48832;4.94402;172;20200823;19.5;14.4;16.9;5.6;14.6;1;2.8;12543
100095;50.48832;4.94402;172;20200824;20.1;13.6;16.9;4.4;14.1;1;2.78;11794
100095;50.48832;4.94402;172;20200825;24.4;12.7;18.6;5.5;14.57;1;3.68;12116
100095;50.48832;4.94402;172;20200826;19.9;15.4;17.7;7.7;13.5;0;3.46;9516
100095;50.48832;4.94402;172;20200827;22.7;11.6;17.1;3.5;13.1;2;3.35;15588
100095;50.48832;4.94402;172;20200828;20.6;14.2;17.4;5.8;13.44;1;3.47;13889
100095;50.48832;4.94402;172;20200829;19;11.6;15.3;3.8;12.44;0;2.64;12008
100095;50.48832;4.94402;172;20200830;20.9;11.3;16.1;3;13.47;13;2.67;13788
100095;50.48832;4.94402;172;20200831;18.1;12.3;15.2;2.9;12.27;1;2.22;9961
100095;50.48832;4.94402;172;20200901;18.2;9.2;13.7;2.2;10.97;0;2.35;13211
100095;50.48832;4.94402;172;20200902;20.3;10;15.1;1.5;11.1;0;2.58;15395
100095;50.48832;4.94402;172;20200903;21.5;11.7;16.6;4.6;13.94;0;2.5;7892
100095;50.48832;4.94402;172;20200904;19.9;17.8;18.8;3.6;17.67;2;1.86;6644
100095;50.48832;4.94402;172;20200905;18.9;13;15.9;2.5;12.3;1;2.47;12633
100095;50.48832;4.94402;172;20200906;19.2;8.7;14;2.1;10.44;0;2.54;15006
100095;50.48832;4.94402;172;20200907;21.2;7.5;14.3;2.1;10.74;0;2.83;17094
100095;50.48832;4.94402;172;20200908;20.6;12.8;16.7;3.3;14.8;0;2.25;10555
100095;50.48832;4.94402;172;20200909;24.3;14.8;19.6;3.5;17.17;0;2.76;12291
100095;50.48832;4.94402;172;20200910;20.9;12.9;16.9;2.4;11.37;0;2.91;15125
100095;50.48832;4.94402;172;20200911;24.3;9.2;16.7;1.8;11.97;0;2.89;15967
100095;50.48832;4.94402;172;20200912;21.4;11;16.2;2.5;12.24;0;2.8;15645
100095;50.48832;4.94402;172;20200913;25.6;10.2;17.9;2;13.2;0;3.01;16234
100095;50.48832;4.94402;172;20200914;31.7;12.5;22.1;2.1;13;0;3.93;16638
100095;50.48832;4.94402;172;20200915;34.5;18.6;26.6;2.4;13.2;0;4.54;14597
100095;50.48832;4.94402;172;20200916;28.4;16.7;22.6;3.4;15.44;0;3.98;14193
100095;50.48832;4.94402;172;20200917;20.2;11.7;15.9;5.6;10.57;0;3.62;14440
100095;50.48832;4.94402;172;20200918;24.3;8.5;16.4;4.4;10.74;0;3.86;15426
100095;50.48832;4.94402;172;20200919;28.5;12;20.2;2.4;12.44;0;3.51;15235
100095;50.48832;4.94402;172;20200920;25.2;15.1;20.1;2.6;10.37;0;3.43;12764
100095;50.48832;4.94402;172;20200921;24.8;7.8;16.3;1.7;9.87;0;2.75;15562
100095;50.48832;4.94402;172;20200922;24.6;8.6;16.6;1.5;11.1;0;2.51;15368
100095;50.48832;4.94402;172;20200923;22.6;12;17.3;5.2;12.84;6;3.19;10052
100095;50.48832;4.94402;172;20200924;17.3;10.4;13.9;5.9;11.5;4;2.39;10265
100095;50.48832;4.94402;172;20200925;12.2;8.1;10.2;6.9;10.3;12;1.41;6666
100095;50.48832;4.94402;172;20200926;11.8;8.4;10.1;5.8;11.37;32;0.99;7973
100095;50.48832;4.94402;172;20200927;14.6;10.4;12.5;4.1;12.54;5;1.18;6236
100095;50.48832;4.94402;172;20200928;13;10.4;11.7;3.6;12.7;16;0.76;3824
100095;50.48832;4.94402;172;20200929;17.3;10.7;14;3.3;14.4;2;1.3;9481
100095;50.48832;4.94402;172;20200930;18.2;13.1;15.7;3.1;15.1;1;1.36;6483
100095;50.48832;4.94402;172;20201001;14.6;13.5;14.1;3.9;12.87;4;1.41;5071
100095;50.48832;4.94402;172;20201002;16;8.3;12.2;3.8;12.37;5;1.14;4720
100095;50.48832;4.94402;172;20201003;13.7;11.2;12.5;3.1;11.84;2;1.19;5467
100096;50.50328;5.29569;226;20200901;17.2;9.2;13.2;1.5;11.43;0;2;12180
100096;50.50328;5.29569;226;20200902;20.2;9.5;14.8;1.2;11.53;0;2.5;16314
100096;50.50328;5.29569;226;20200903;20.5;11.5;16;4.2;13.9;0;2.19;7636
100096;50.50328;5.29569;226;20200904;20.8;17.5;19.1;3.3;18.1;1;1.87;6625
100096;50.50328;5.29569;226;20200905;18.9;12.6;15.8;2.4;12.03;1;2.39;11424
100096;50.50328;5.29569;226;20200906;18.6;8.4;13.5;1.9;10.4;0;2.32;13739
100096;50.50328;5.29569;226;20200907;21.1;7.9;14.5;2;10.6;0;2.82;17589
100096;50.50328;5.29569;226;20200908;22;11.7;16.8;2.9;14.13;0;2.66;14146
100096;50.50328;5.29569;226;20200909;24.6;13.3;19;3.1;16.8;0;2.52;11198
100096;50.50328;5.29569;226;20200910;20.8;12.2;16.5;2.1;11.83;0;2.93;17115
100096;50.50328;5.29569;226;20200911;24.4;9.9;17.2;1.8;12.33;0;2.85;15491
100096;50.50328;5.29569;226;20200912;21.6;11;16.3;2.6;12.1;0;2.85;15584
100096;50.50328;5.29569;226;20200913;25.9;10.7;18.3;1.7;13.27;0;2.93;16781
100096;50.50328;5.29569;226;20200914;31.1;14;22.6;2.3;13.57;0;4.01;16777
100096;50.50328;5.29569;226;20200915;33.5;18.9;26.2;2.4;13.63;0;4.5;15948
100096;50.50328;5.29569;226;20200916;28;17.8;22.9;2.8;15.5;0;3.44;12112
100096;50.50328;5.29569;226;20200917;20.1;12;16.1;4.1;10.63;0;3.32;15468
100096;50.50328;5.29569;226;20200918;25.2;8.3;16.8;3.8;10.6;0;3.8;16581
100096;50.50328;5.29569;226;20200919;27.4;11.9;19.7;2.1;12.3;0;3.21;14874
100096;50.50328;5.29569;226;20200920;25.2;14.2;19.7;2.5;9.93;0;3.38;12748
100096;50.50328;5.29569;226;20200921;24.6;7.7;16.1;1.5;9.93;0;2.65;16091
100096;50.50328;5.29569;226;20200922;24.6;9.9;17.2;1.6;10.53;0;2.66;15570
100096;50.50328;5.29569;226;20200923;23.1;12.1;17.6;4.6;12.73;5;3.17;10621
100096;50.50328;5.29569;226;20200924;17.9;10.2;14;5.6;11.7;6;2.45;12379
100096;50.50328;5.29569;226;20200925;12.6;7.8;10.2;6;10.37;10;1.37;6612
100096;50.50328;5.29569;226;20200926;11.8;7.9;9.9;5.1;11.03;28;0.88;4119
100096;50.50328;5.29569;226;20200927;13.8;9.4;11.6;3.5;12.23;5;1.06;6266
100096;50.50328;5.29569;226;20200928;10.9;9.3;10.1;3.4;11.77;15;0.63;2558
100096;50.50328;5.29569;226;20200929;17.3;10.1;13.7;3.1;14.43;2;1.18;7711
100096;50.50328;5.29569;226;20200930;18.2;13.1;15.6;2.5;15.3;1;1.2;5511
100096;50.50328;5.29569;226;20201001;14.7;12.8;13.8;4.2;12.67;3;1.42;4536
100096;50.50328;5.29569;226;20201002;16;8.3;12.2;3.8;12.47;4;1.08;4381
100096;50.50328;5.29569;226;20201003;12.6;11.1;11.9;2.8;11.97;3;0.97;3856
100096;50.50328;5.29569;226;20201004;13.2;9.4;11.3;6.4;10.63;2;1.59;7612
100096;50.50328;5.29569;226;20201005;13.3;9.5;11.4;6.3;11.57;3;1.22;4817
100096;50.50328;5.29569;226;20201006;14.7;10.4;12.6;6.9;12.3;11;1.4;5972
100096;50.50328;5.29569;226;20201007;14.7;10.2;12.4;5.2;11.23;0;1.58;5836
100096;50.50328;5.29569;226;20201008;16.2;9.1;12.6;6.6;13.5;10;1.02;5151
100096;50.50328;5.29569;226;20201009;15.2;11.2;13.2;2.3;12.3;2;1.15;6018
100096;50.50328;5.29569;226;20201010;12.4;6.3;9.4;4.5;9.47;2;1.3;8841
100096;50.50328;5.29569;226;20201011;12.3;6;9.2;2.9;9.87;2;1.03;7636
100096;50.50328;5.29569;226;20201012;12.6;6.6;9.6;2.4;10.23;1;0.95;6300
100096;50.50328;5.29569;226;20201013;11.2;7;9.1;3.4;9.23;0;1.09;5123
100096;50.50328;5.29569;226;20201014;10.3;3;6.6;2.8;8.93;0;0.72;5205
100096;50.50328;5.29569;226;20201015;9.1;6.6;7.9;3.2;9.3;0;0.73;2048
100096;50.50328;5.29569;226;20201016;9.7;5.7;7.7;2.2;9.4;0;0.67;3762
100096;50.50328;5.29569;226;20201017;9.5;5.3;7.4;0.8;8.63;0;0.64;4515
100096;50.50328;5.29569;226;20201018;11.1;5.5;8.3;2.1;9.6;0;0.71;3869
100096;50.50328;5.29569;226;20201019;13.4;6.5;10;2.8;9.17;0;1.19;8578
100096;50.50328;5.29569;226;20201020;15.5;8.1;11.8;5.9;11.63;2;1.2;2911
100096;50.50328;5.29569;226;20201021;20;11.6;15.8;8;13.23;1;2.43;7324
100096;50.50328;5.29569;226;20201022;18.5;14.1;16.3;4.6;14.87;7;1.55;6380
100096;50.50328;5.29569;226;20201023;16.3;13.4;14.9;3.5;14.63;3;0.98;4087
100096;50.50328;5.29569;226;20201024;14.1;11.1;12.6;7.2;12.77;0;1.06;3678
100096;50.50328;5.29569;226;20201025;12.6;12.4;12.5;6.1;11.87;8;1.26;1458
100096;50.50328;5.29569;226;20201026;11.9;8.3;10.1;5.9;9.73;0;1.3;5454
100096;50.50328;5.29569;226;20201027;10.8;7.9;9.3;7.1;10.07;2;1;4270
100096;50.50328;5.29569;226;20201028;13.2;9.9;11.6;7;11.2;6;1.26;5278
100096;50.50328;5.29569;226;20201029;11.6;7.8;9.7;6;11.43;4;0.57;3197
100096;50.50328;5.29569;226;20201030;14.6;10.4;12.5;5.7;13.27;0;0.78;2960
100096;50.50328;5.29569;226;20201031;16;10.9;13.4;5.1;12.33;2;1.31;7425
100096;50.50328;5.29569;226;20200831;16.8;11.6;14.2;2.6;13;2;1.74;8084
100096;50.50328;5.29569;226;20200328;14.1;2.1;8.1;4.2;6.53;0;2.68;17031
100096;50.50328;5.29569;226;20200329;5.4;1;3.2;5.8;4.97;1;1.71;8374
100096;50.50328;5.29569;226;20200330;7.4;-4.1;1.6;3.1;4.4;0;1.83;16956
100096;50.50328;5.29569;226;20200331;8.7;1.1;4.9;3.1;5.4;0;2.01;16103
100096;50.50328;5.29569;226;20200401;9.9;-2.3;3.8;1.6;4.37;0;1.97;18203
100096;50.50328;5.29569;226;20200402;9.8;-1.4;4.2;2.7;5.83;0;1.8;15646
100096;50.50328;5.29569;226;20200403;10.3;4.5;7.4;3.5;6.6;0;2.01;11187
100096;50.50328;5.29569;226;20200404;14.6;2.8;8.7;2.4;5.63;0;2.66;17634
100096;50.50328;5.29569;226;20200405;20.7;5.8;13.2;4.2;6.03;0;4.44;20308
100096;50.50328;5.29569;226;20200406;21.5;10.9;16.2;4.7;7.93;0;4.69;19295
100096;50.50328;5.29569;226;20200407;19.9;9;14.5;2.4;11.13;0;2.87;17437
100096;50.50328;5.29569;226;20200408;23.8;10.4;17.1;2;8.67;0;3.6;18376
100096;50.50328;5.29569;226;20200409;21.7;8.7;15.2;2.3;9.37;0;3.42;19177
100096;50.50328;5.29569;226;20200410;20.6;7.4;14;3.1;9.03;0;3.59;20219
100096;50.50328;5.29569;226;20200411;23;6.4;14.7;1.9;8.6;0;3.47;19951
100096;50.50328;5.29569;226;20200412;22.5;9.1;15.8;2.3;9;0;3.61;19060
100096;50.50328;5.29569;226;20200413;10.1;7.8;8.9;4.2;6.97;0;2.42;12223
100096;50.50328;5.29569;226;20200414;9.7;0.2;4.9;2.7;5;0;2.26;16631
100096;50.50328;5.29569;226;20200415;17.6;1;9.3;2.1;5.93;0;3.08;19575
100096;50.50328;5.29569;226;20200416;23.2;7.8;15.5;2.3;8.03;0;3.84;19259
100096;50.50328;5.29569;226;20200417;21.3;7.1;14.2;2.5;9.9;0;3.47;19773
100096;50.50328;5.29569;226;20200418;17;8.7;12.8;2.4;11.77;4;2.09;11891
100096;50.50328;5.29569;226;20200419;15.2;6.6;10.9;2.6;10.4;0;2.03;12074
100096;50.50328;5.29569;226;20200420;18.7;5.8;12.2;5.8;6.03;0;4.87;23140
100096;50.50328;5.29569;226;20200421;20.6;6.8;13.7;5.8;5.8;0;5.37;23040
100096;50.50328;5.29569;226;20200422;22.1;5.8;14;4.6;6.23;0;5.22;24247
100096;50.50328;5.29569;226;20200423;23.1;7.7;15.4;2.4;7.47;0;4.26;23271
100096;50.50328;5.29569;226;20200424;19.1;7.8;13.4;2.8;8.2;0;3.66;20216
100096;50.50328;5.29569;226;20200425;14.4;4.5;9.5;2;7.37;0;2.81;19718
100096;50.50328;5.29569;226;20200426;17.9;2.6;10.3;1.5;7.37;0;3.26;23997
100096;50.50328;5.29569;226;20200427;21.4;5.3;13.3;2.2;8.73;0;3.6;20775
100096;50.50328;5.29569;226;20200428;17.9;10.6;14.2;3.7;11.67;5;2.46;10312
100096;50.50328;5.29569;226;20200429;16.2;10.2;13.2;5;10.9;5;2.59;11101
100096;50.50328;5.29569;226;20200430;14.3;8.3;11.3;5.6;9.67;3;2.69;15184
100096;50.50328;5.29569;226;20200501;14.1;6.3;10.2;5.4;9.27;5;2.62;16408
100096;50.50328;5.29569;226;20200502;12.8;6.7;9.8;4.1;8.8;4;2.45;15229
100096;50.50328;5.29569;226;20200503;15.8;3.7;9.8;2.2;8.77;1;2.43;15051
100096;50.50328;5.29569;226;20200504;14.7;10.2;12.5;2.8;10.2;1;2.31;11425
100096;50.50328;5.29569;226;20200505;14.5;4.7;9.6;3.8;7.1;0;3.36;21565
100096;50.50328;5.29569;226;20200506;17;3.9;10.4;2.5;6.37;0;3.85;25861
100096;50.50328;5.29569;226;20200507;20.5;4.9;12.7;1.4;7.6;0;3.68;23825
100096;50.50328;5.29569;226;20200508;21.5;8.2;14.9;2;8.73;0;3.9;21138
100096;50.50328;5.29569;226;20200509;23;10.5;16.7;2.1;11.37;1;3.49;16895
100096;50.50328;5.29569;226;20200510;18.6;12.9;15.8;2.7;13.13;5;2.39;9825
100096;50.50328;5.29569;226;20200511;12.3;4.8;8.5;5.8;6;0;3.43;18572
100096;50.50328;5.29569;226;20200512;12;0.2;6.1;1.8;5.77;0;2.88;23571
100096;50.50328;5.29569;226;20200513;13.6;1.6;7.6;2.9;6.4;0;2.94;20094
100096;50.50328;5.29569;226;20200514;13.3;1.3;7.3;4;5.77;0;3.56;25383
100096;50.50328;5.29569;226;20200515;15.2;1.5;8.4;2.9;6.23;0;3.75;27277
100096;50.50328;5.29569;226;20200516;17.2;3.7;10.4;1.9;7.23;0;3.48;23428
100096;50.50328;5.29569;226;20200517;18.5;3.8;11.2;1.7;8;0;3.73;25877
100096;50.50328;5.29569;226;20200518;22.3;8.1;15.2;2.9;9.3;0;4.61;25085
100096;50.50328;5.29569;226;20200519;23.1;8.3;15.7;2.5;10;0;4.55;25093
100096;50.50328;5.29569;226;20200520;21.9;9.6;15.7;2.3;12.33;0;4.12;24587
100096;50.50328;5.29569;226;20200521;26.9;10.8;18.9;1.7;12.8;0;4.72;25398
100096;50.50328;5.29569;226;20200522;26.2;16.3;21.3;4;14.47;4;4.31;12927
100096;50.50328;5.29569;226;20200523;18.5;11.2;14.9;5;9.43;1;4.11;17060
100096;50.50328;5.29569;226;20200524;16.7;8.2;12.4;4.1;10.63;0;2.77;14765
100096;50.50328;5.29569;226;20200525;21.1;10.3;15.7;2.4;11.37;0;3.71;19738
100096;50.50328;5.29569;226;20200526;22.5;9;15.7;2.1;10.13;0;4.42;25120
100096;50.50328;5.29569;226;20200527;23.5;9.9;16.7;2.3;10.33;0;4.75;25758
100096;50.50328;5.29569;226;20200528;20.2;8.7;14.5;4;8.4;0;5.13;28204
100096;50.50328;5.29569;226;20200529;22.2;7.4;14.8;2.9;7.93;0;5.12;28267
100096;50.50328;5.29569;226;20200530;23;9.5;16.3;3.5;8.1;0;5.48;27494
100096;50.50328;5.29569;226;20200531;21.5;9.5;15.5;3.1;8.53;0;5;26474
100096;50.50328;5.29569;226;20200601;25.8;9.8;17.8;2.9;10.03;0;5.46;26877
100096;50.50328;5.29569;226;20200602;27.6;12.7;20.1;1.9;10.33;0;5.29;26024
100096;50.50328;5.29569;226;20200603;23;12;17.5;2;11.37;0;3.97;19361
100096;50.50328;5.29569;226;20200604;13.5;12.6;13.1;2.7;12.03;6;1.48;4572
100096;50.50328;5.29569;226;20200605;14.1;7.8;10.9;4.9;10.27;10;2.13;11110
100096;50.50328;5.29569;226;20200606;16.6;6.5;11.6;5.5;8.7;1;3.59;18791
100096;50.50328;5.29569;226;20200607;17.7;9.3;13.5;3.6;9.3;0;3.54;17113
100096;50.50328;5.29569;226;20200608;18.1;9.3;13.7;2.3;11.63;2;2.95;17123
100096;50.50328;5.29569;226;20200609;15.4;10.6;13;2.2;11.93;0;1.86;8887
100096;50.50328;5.29569;226;20200610;17.2;10;13.6;1.7;12.57;4;2.13;11387
100096;50.50328;5.29569;226;20200611;20.3;12.3;16.3;2.4;13.3;0;3.25;17020
100096;50.50328;5.29569;226;20200612;23.5;11.5;17.5;2.7;14.37;12;3.45;16300
100096;50.50328;5.29569;226;20200613;25.1;13.3;19.2;2.5;15.1;0;4.64;24769
100096;50.50328;5.29569;226;20200614;22.3;15;18.7;3.2;14.4;1;3.63;15332
100096;50.50328;5.29569;226;20200615;23.4;13.6;18.5;2.3;14.7;0;3.81;19498
100096;50.50328;5.29569;226;20200616;22.3;14.1;18.2;2.1;14.43;2;3.4;16640
100096;50.50328;5.29569;226;20200617;21.9;13.7;17.8;2.6;15.6;17;3.01;14744
100096;50.50328;5.29569;226;20200618;22.2;13;17.6;3.3;14.13;1;4.2;22469
100096;50.50328;5.29569;226;20200619;21.2;12.4;16.8;3.2;13.6;0;4.02;22349
100096;50.50328;5.29569;226;20200620;21.4;12.2;16.8;2;12.77;0;4.13;23753
100096;50.50328;5.29569;226;20200621;24.3;12.8;18.5;3.5;13.53;2;4.62;21962
100096;50.50328;5.29569;226;20200622;22.1;10.8;16.4;2.1;13.3;0;3.75;20804
100096;50.50328;5.29569;226;20200623;26;11.9;18.9;2;13.47;0;5.15;28209
100096;50.50328;5.29569;226;20200624;29.2;14.8;22;3.2;13.47;0;6.28;28169
100096;50.50328;5.29569;226;20200625;29.5;16.6;23;3.4;13.8;0;6.36;28198
100096;50.50328;5.29569;226;20200626;28.7;18.3;23.5;3;16.97;4;5.09;20833
100096;50.50328;5.29569;226;20200627;25.4;17.6;21.5;5.9;16.97;1;4.94;19480
100096;50.50328;5.29569;226;20200628;20.9;14.2;17.5;4.9;13.6;3;3.73;15416
100096;50.50328;5.29569;226;20200629;19.8;11.8;15.8;4.6;11.73;1;4.11;21001
100096;50.50328;5.29569;226;20200630;20.3;11.5;15.9;5.7;12.87;0;3.49;15722
100096;50.50328;5.29569;226;20200701;21.1;16.9;19;4.8;17.17;4;2.66;10118
100096;50.50328;5.29569;226;20200702;20.7;13.3;17;3.5;13.77;1;3.29;15487
100096;50.50328;5.29569;226;20200703;20.8;10.7;15.8;4.1;12.97;0;3.39;16242
100096;50.50328;5.29569;226;20200704;21.2;13.4;17.3;6.4;15.3;1;3.09;12840
100096;50.50328;5.29569;226;20200705;22.3;17.4;19.9;7.1;16.77;1;3.79;13561
100096;50.50328;5.29569;226;20200706;19.2;10.9;15;4.7;10.93;0;3.94;19524
100096;50.50328;5.29569;226;20200707;21.1;9.2;15.1;2.7;11.2;1;3.64;19310
100096;50.50328;5.29569;226;20200708;16.5;10.9;13.7;3.1;15.13;15;1.24;6914
100096;50.50328;5.29569;226;20200709;24.7;15.3;20;3.7;16.8;0;3.95;18016
100096;50.50328;5.29569;226;20200710;19.7;15.5;17.6;3.8;14.2;2;3.21;13773
100096;50.50328;5.29569;226;20200711;20;8.4;14.2;1.9;11.27;0;3.46;20793
100096;50.50328;5.29569;226;20200712;21.2;8.7;14.9;1.9;11.13;0;4;24184
100096;50.50328;5.29569;226;20200713;24;9.2;16.6;1.7;11.07;0;4.46;25493
100096;50.50328;5.29569;226;20200714;21.1;12;16.5;2.5;13.2;4;3;13836
100096;50.50328;5.29569;226;20200715;20.2;12.1;16.1;2;13.47;0;3.02;16118
100096;50.50328;5.29569;226;20200716;17.2;13.2;15.2;2.5;15.13;3;1.6;7425
100096;50.50328;5.29569;226;20200717;20.3;13.3;16.8;1.5;15.63;0;2.38;12398
100096;50.50328;5.29569;226;20200718;26.4;13.4;19.9;1.6;15.43;0;4.35;23291
100096;50.50328;5.29569;226;20200719;26.9;14.2;20.5;2.3;14.07;0;4.82;23425
100096;50.50328;5.29569;226;20200720;21.6;13.5;17.6;2.7;13;0;3.49;15805
100096;50.50328;5.29569;226;20200721;21.4;9.1;15.2;2.1;10.53;0;4.31;26217
100096;50.50328;5.29569;226;20200722;21.7;8.4;15.1;2.1;10.6;0;4.07;24018
100096;50.50328;5.29569;226;20200723;25.5;10.1;17.8;1.7;10.73;0;4.45;24034
100096;50.50328;5.29569;226;20200724;24.2;14.9;19.5;2.9;13.93;0;3.77;15346
100096;50.50328;5.29569;226;20200725;24.9;14.4;19.7;3.9;15.27;6;3.66;12957
100096;50.50328;5.29569;226;20200726;22.6;15.4;19;3.8;15.07;2;3.82;17106
100096;50.50328;5.29569;226;20200727;28.8;13.1;20.9;3.9;12.87;0;5.37;18483
100096;50.50328;5.29569;226;20200728;22.7;17;19.9;4.8;13.1;0;4.84;19030
100096;50.50328;5.29569;226;20200729;22.6;10.7;16.7;2.4;11.9;0;4.02;21775
100096;50.50328;5.29569;226;20200730;28;11.3;19.7;2;11.43;0;5;25219
100096;50.50328;5.29569;226;20200731;35.8;15.5;25.7;2.5;12.23;0;6.71;26300
100096;50.50328;5.29569;226;20200801;28.8;21.1;25;3;17.03;0;5.09;19023
100096;50.50328;5.29569;226;20200802;23;15.3;19.2;2.7;13.83;0;3.49;14361
100096;50.50328;5.29569;226;20200803;23;11.4;17.2;2;11.83;0;3.7;19195
100096;50.50328;5.29569;226;20200804;22.9;11;17;1.8;11.17;0;3.84;20978
100096;50.50328;5.29569;226;20200805;28.9;12.8;20.9;3.1;10.1;0;5.91;25063
100096;50.50328;5.29569;226;20200806;31.6;17.5;24.6;2.5;11.63;0;5.77;22322
100096;50.50328;5.29569;226;20200807;33.8;18.1;25.9;2.1;13.43;0;5.87;24521
100096;50.50328;5.29569;226;20200808;35.6;20.2;27.9;1.8;14.3;0;5.71;23187
100096;50.50328;5.29569;226;20200809;33.5;21.2;27.4;2.6;16.4;0;4.99;15011
100096;50.50328;5.29569;226;20200810;33.8;19.3;26.5;2.6;17.5;0;5.23;18752
100096;50.50328;5.29569;226;20200811;33.7;21.4;27.6;2.5;18.97;0;4.91;16562
100096;50.50328;5.29569;226;20200812;33.1;19.9;26.5;2.9;18.9;0;5.03;18187
100096;50.50328;5.29569;226;20200813;31.2;19.5;25.4;2.5;18.87;1;4.79;19392
100096;50.50328;5.29569;226;20200814;27.4;19.4;23.4;3.2;17.8;0;4.14;15605
100096;50.50328;5.29569;226;20200815;25.5;17;21.2;1.7;19.6;2;2.64;12244
100096;50.50328;5.29569;226;20200816;28.4;17.4;22.9;2;19.53;1;3.39;15517
100096;50.50328;5.29569;226;20200817;25.3;16.9;21.1;3.3;16.1;0;3.84;16036
100096;50.50328;5.29569;226;20200818;23.5;14.7;19.1;2.5;15.53;3;3.2;15416
100096;50.50328;5.29569;226;20200819;26.9;14.3;20.6;3.6;16.2;4;3.89;15824
100096;50.50328;5.29569;226;20200820;31.6;18;24.8;4.1;17.93;1;5.07;15496
100096;50.50328;5.29569;226;20200821;28.2;20;24.1;5.2;17.4;1;5.17;15507
100096;50.50328;5.29569;226;20200822;24.4;16.8;20.6;5;14.07;0;4.47;15344
100096;50.50328;5.29569;226;20200823;19.4;14.1;16.7;5.5;14.23;1;2.74;11257
100096;50.50328;5.29569;226;20200824;20.8;12.9;16.8;3.9;14.1;1;2.76;12067
100096;50.50328;5.29569;226;20200825;24.3;13.1;18.7;5.4;14.27;0;3.66;11347
100096;50.50328;5.29569;226;20200826;20;15.6;17.8;7.6;13.3;0;3.63;9496
100096;50.50328;5.29569;226;20200827;23;11.4;17.2;3.3;13.17;2;3.4;16012
100096;50.50328;5.29569;226;20200828;20.7;14.1;17.4;4.8;13.6;1;3.11;11620
100096;50.50328;5.29569;226;20200829;19.9;11.4;15.7;3.6;12.43;0;2.83;13475
100096;50.50328;5.29569;226;20200830;20.9;11;16;2.6;13.73;18;2.49;13356
99094;50.24822;4.61816;248;20200701;20.1;16;18;4.8;17.11;4;2.35;10653
99094;50.24822;4.61816;248;20200702;19.8;14.4;17.1;4.4;12.61;1;3.73;16487
99094;50.24822;4.61816;248;20200703;19.7;10.4;15;3.6;12.51;0;3.18;16850
99094;50.24822;4.61816;248;20200704;20.1;13.1;16.6;5.7;14.91;1;2.75;12626
99094;50.24822;4.61816;248;20200705;21.8;17.3;19.5;6.9;16.41;1;3.36;10893
99094;50.24822;4.61816;248;20200706;18.5;10.8;14.6;5.1;10.31;0;4.17;22057
99094;50.24822;4.61816;248;20200801;27.8;18.9;23.3;3.5;17.01;0;5.05;21103
99094;50.24822;4.61816;248;20200802;23.5;14.1;18.8;3.6;13.41;0;3.97;17099
99094;50.24822;4.61816;248;20200803;23.3;11.9;17.6;2.1;11.71;1;3.74;18809
99094;50.24822;4.61816;248;20200804;23;11.7;17.3;2;11.21;0;4.05;22332
99094;50.24822;4.61816;248;20200805;28.2;11.2;19.7;2.1;9.61;0;5.28;26694
99094;50.24822;4.61816;248;20200806;31.1;17.7;24.4;1.8;11.61;0;4.76;19118
99094;50.24822;4.61816;248;20200807;33.3;16.4;24.8;1.7;13.91;0;5.62;26728
99094;50.24822;4.61816;248;20200808;35.4;18.6;27;1.8;14.21;0;5.65;23752
99094;50.24822;4.61816;248;20200809;33.9;21.5;27.7;2.9;16.01;1;5.83;19475
99094;50.24822;4.61816;248;20200810;33.7;19.4;26.5;2;16.51;1;4.95;19137
99094;50.24822;4.61816;248;20200811;33.1;20.3;26.7;2.1;18.41;0;4.85;19074
99094;50.24822;4.61816;248;20200812;33.4;21;27.2;2.2;18.11;0;5;19086
99094;50.24822;4.61816;248;20200813;30.8;18.6;24.7;2.8;17.51;0;4.78;18580
99094;50.24822;4.61816;248;20200814;27.4;18.2;22.8;2.5;17.91;1;3.63;14796
99094;50.24822;4.61816;248;20200815;26.1;16.5;21.3;1.7;18.71;1;3.26;16642
99094;50.24822;4.61816;248;20200816;29.1;15.6;22.3;1.4;18.21;3;3.58;17736
99094;50.24822;4.61816;248;20200817;23.3;16;19.6;3.4;15.91;1;3.33;15026
99094;50.24822;4.61816;248;20200818;24.4;14.4;19.4;2;15.31;1;3.17;15793
99094;50.24822;4.61816;248;20200819;25.7;14.1;19.9;3.2;15.91;5;3.54;15603
99094;50.24822;4.61816;248;20200820;32.3;17.1;24.7;3.8;17.31;4;5.13;16378
99094;50.24822;4.61816;248;20200821;26.8;18.7;22.7;5;16.21;1;4.74;16102
99094;50.24822;4.61816;248;20200822;22.5;15.1;18.8;4.7;13.71;1;3.34;10050
99094;50.24822;4.61816;248;20200823;18.2;13.4;15.8;4.4;14.31;2;2.15;10396
99094;50.24822;4.61816;248;20200824;19.2;12.4;15.8;3.6;14.21;1;2.31;12224
99094;50.24822;4.61816;248;20200825;24.9;12.9;18.9;6.1;14.11;1;4.09;13831
99094;50.24822;4.61816;248;20200826;20.5;15.6;18;8.4;12.71;0;4.14;12757
99094;50.24822;4.61816;248;20200827;22.6;10.9;16.7;3.5;12.91;2;3.13;14269
99094;50.24822;4.61816;248;20200828;19.1;13.3;16.2;5.1;13.91;1;2.51;11320
99094;50.24822;4.61816;248;20200829;18.7;10.7;14.7;3.4;12.51;0;2.29;11388
99094;50.24822;4.61816;248;20200830;20;10.6;15.3;2.5;13.11;6;2.05;9353
99094;50.24822;4.61816;248;20200831;17.1;10.9;14;2.8;12.01;0;1.98;9910
99094;50.24822;4.61816;248;20200607;18;8.5;13.2;3.5;9.11;0;3.41;16377
99094;50.24822;4.61816;248;20200608;15.9;8.7;12.3;2.6;11.31;1;2.39;14438
99094;50.24822;4.61816;248;20200609;13.8;10.3;12;2.8;11.51;0;1.74;8998
99094;50.24822;4.61816;248;20200610;15.5;8.7;12.1;1.6;12.01;1;2.03;12592
99094;50.24822;4.61816;248;20200611;20.9;11.9;16.4;2.1;12.81;0;3.56;19639
99094;50.24822;4.61816;248;20200612;20.2;10.6;15.4;2.7;13.91;5;2.91;16542
99094;50.24822;4.61816;248;20200613;24.2;11.3;17.7;2;13.91;0;4.23;23481
99094;50.24822;4.61816;248;20200614;21.2;14.1;17.6;2.9;13.11;0;3.78;18588
99094;50.24822;4.61816;248;20200615;23.2;12.8;18;2.5;13.01;0;3.89;18666
99094;50.24822;4.61816;248;20200616;22.4;12.9;17.6;1.4;14.01;2;3.44;18687
99094;50.24822;4.61816;248;20200617;20.4;12.2;16.3;2.2;14.91;27;2.9;16423
99094;50.24822;4.61816;248;20200618;20.9;12.6;16.7;3.4;13.91;5;3.94;22792
99094;50.24822;4.61816;248;20200619;20.6;12.1;16.3;2.5;13.31;0;3.63;20609
99094;50.24822;4.61816;248;20200620;21.2;11.6;16.4;1.2;12.01;0;3.04;15943
99094;50.24822;4.61816;248;20200621;22.7;13.8;18.2;3.5;13.01;3;4.09;18137
99094;50.24822;4.61816;248;20200622;21.5;10.3;15.9;1.9;12.81;0;3.64;21080
99094;50.24822;4.61816;248;20200623;25.2;12.6;18.9;1.7;13.11;0;4.92;27459
99094;50.24822;4.61816;248;20200624;29.1;15.3;22.2;3.1;13.61;0;5.89;25065
99094;50.24822;4.61816;248;20200625;29;15.6;22.3;2.7;12.91;0;6.23;28774
99094;50.24822;4.61816;248;20200626;25.6;17.6;21.6;2.8;17.01;4;4.21;18707
99094;50.24822;4.61816;248;20200627;23.6;16.5;20;4.9;16.61;1;3.82;15718
99094;50.24822;4.61816;248;20200628;20.2;13.4;16.8;4.4;13.01;4;3.98;20703
99094;50.24822;4.61816;248;20200629;18.8;11.4;15.1;4.8;11.01;0;3.81;18707
99094;50.24822;4.61816;248;20200630;20.1;10.7;15.4;5.3;12.81;0;3.39;16983
99094;50.24822;4.61816;248;20200707;21.4;9.4;15.4;3;10.61;1;4.07;21250
99094;50.24822;4.61816;248;20200708;16.9;11.6;14.2;4;14.81;6;1.41;7513
99094;50.24822;4.61816;248;20200709;25.3;15.6;20.4;3.9;16.11;0;4.31;18802
99094;50.24822;4.61816;248;20200710;19.6;15.4;17.5;4.3;13.41;1;3.31;13371
99094;50.24822;4.61816;248;20200711;19.9;7.4;13.6;1.9;10.61;0;3.75;23935
99094;50.24822;4.61816;248;20200712;21;9.4;15.2;2.3;10.91;0;3.89;22236
99094;50.24822;4.61816;248;20200713;23.9;10.9;17.4;1.6;10.51;0;4.31;23566
99094;50.24822;4.61816;248;20200714;19;11.1;15;1.8;13.61;4;2.6;15061
99094;50.24822;4.61816;248;20200715;19.2;12.8;16;1.2;13.71;1;2.49;13484
99094;50.24822;4.61816;248;20200716;16.1;13.1;14.6;3;14.61;3;1.59;8227
99094;50.24822;4.61816;248;20200717;20.3;13.5;16.9;1;15.61;0;2.13;10957
99094;50.24822;4.61816;248;20200718;25.8;12.6;19.2;2.1;15.51;0;4.01;20716
99094;50.24822;4.61816;248;20200719;25.8;12.6;19.2;3;13.31;0;4.84;23614
99094;50.24822;4.61816;248;20200720;21.1;13.4;17.2;3.7;12.91;0;3.1;11355
99094;50.24822;4.61816;248;20200721;21.3;9.1;15.2;3.3;10.41;0;4.15;22095
99094;50.24822;4.61816;248;20200722;21.3;8.6;14.9;2.2;10.21;0;3.89;22222
99094;50.24822;4.61816;248;20200723;25.4;10.8;18.1;1.5;10.31;0;4.36;23519
99094;50.24822;4.61816;248;20200724;22.2;14.1;18.1;3.2;13.41;0;3.45;14604
99094;50.24822;4.61816;248;20200725;23.8;14.8;19.3;3.7;14.91;24;3.53;13700
99094;50.24822;4.61816;248;20200726;22;15.1;18.5;3.9;14.21;2;3.12;10614
99094;50.24822;4.61816;248;20200727;28.4;12.9;20.6;4.3;12.31;0;5.84;22544
99094;50.24822;4.61816;248;20200728;21.1;16.3;18.7;4.9;12.91;0;4.02;14730
99094;50.24822;4.61816;248;20200729;22.6;10.9;16.7;1.9;11.91;0;3.45;17919
99094;50.24822;4.61816;248;20200730;27.8;12.3;20;1.8;11.21;0;4.86;24674
99094;50.24822;4.61816;248;20200731;35.4;14.8;25.1;2.5;13.31;0;6.83;28800
100095;50.48832;4.94402;172;20201004;13.7;9.3;11.5;6.6;10.4;2;1.75;6693
100095;50.48832;4.94402;172;20201005;13.3;9.4;11.4;6.3;11.67;3;1.13;4462
100095;50.48832;4.94402;172;20201006;14.6;10.4;12.5;7.1;12.17;11;1.44;5769
100095;50.48832;4.94402;172;20201007;14.7;10.1;12.4;5.5;11;1;1.73;7401
100095;50.48832;4.94402;172;20201008;15.9;10.1;13;6.1;13.54;10;1.06;5310
100095;50.48832;4.94402;172;20201009;16;11.3;13.6;2.3;11.94;1;1.31;7181
100095;50.48832;4.94402;172;20201010;12.3;6.5;9.4;5;9.4;1;1.39;10157
100095;50.48832;4.94402;172;20201011;12.7;6.5;9.6;2.8;9.84;2;1.07;8274
100095;50.48832;4.94402;172;20201012;13.2;6.8;10;2.5;10.14;1;1.02;6638
100095;50.48832;4.94402;172;20201013;11.1;7.6;9.3;3.3;9.34;0;1.07;4646
100095;50.48832;4.94402;172;20201014;10.7;3.6;7.2;3.6;8.9;0;0.81;5278
100095;50.48832;4.94402;172;20201015;10.4;6.6;8.5;4.1;9.04;0;1.03;3976
100095;50.48832;4.94402;172;20201016;10.1;6.3;8.2;2.9;9.34;0;0.8;4685
100095;50.48832;4.94402;172;20201017;9.9;4.7;7.3;1;8.64;0;0.65;4931
100095;50.48832;4.94402;172;20201018;11.3;6.6;9;2.3;9.74;0;0.79;4462
100095;50.48832;4.94402;172;20201019;13.4;6.6;10;3.1;9.14;0;1.24;6872
100095;50.48832;4.94402;172;20201020;15.5;8.5;12;5.7;11.57;3;1.34;4012
100095;50.48832;4.94402;172;20201021;19.9;11.7;15.8;7.3;13.27;1;2.32;7043
100095;50.48832;4.94402;172;20201022;17.4;13.7;15.5;4.2;14.54;6;1.27;4716
100095;50.48832;4.94402;172;20201023;16.6;12.9;14.7;3.6;14.24;2;1.07;5114
100095;50.48832;4.94402;172;20201024;14.4;11.4;12.9;6.9;12.7;1;1.15;3516
100095;50.48832;4.94402;172;20201025;12.3;12.1;12.2;5.7;11.7;8;1.2;1789
100095;50.48832;4.94402;172;20201026;12.2;8.2;10.2;5.9;9.67;0;1.32;5316
100095;50.48832;4.94402;172;20201027;10.8;7.9;9.4;6.8;10.1;3;0.95;3668
100095;50.48832;4.94402;172;20201028;13.2;10.3;11.7;6.9;10.94;6;1.38;4752
100095;50.48832;4.94402;172;20201029;12;8.2;10.1;6.3;11.4;3;0.63;3805
100095;50.48832;4.94402;172;20201030;15;10.9;12.9;5.9;13.1;0;0.93;3459
100095;50.48832;4.94402;172;20201031;16.4;11.3;13.9;5;12.24;2;1.39;6624
100095;50.48832;4.94402;172;20201101;16.7;10.6;13.6;6.4;14.57;2;0.75;3404
100095;50.48832;4.94402;172;20201102;18.7;16.2;17.4;7.9;14.4;4;2.34;2947
100095;50.48832;4.94402;172;20201103;11.9;6.6;9.3;5.5;8.64;0;1.31;6496
100095;50.48832;4.94402;172;20201104;10.5;2.8;6.7;1.9;7.74;0;0.55;7246
100095;50.48832;4.94402;172;20201105;10;-0.2;4.9;1.8;7.1;0;0.45;7529
100095;50.48832;4.94402;172;20201106;12.8;0.6;6.7;2.5;6.4;0;0.99;7439
100095;50.48832;4.94402;172;20201107;16.9;3.5;10.2;2.6;9.47;0;0.96;6932
100095;50.48832;4.94402;172;20201108;17.2;8.4;12.8;3.3;11.37;0;1.12;4760
100095;50.48832;4.94402;172;20201109;17;9.4;13.2;2.2;12.2;0;0.84;3962
100095;50.48832;4.94402;172;20201110;14.2;8.8;11.5;2;12.6;1;0.5;3474
100095;50.48832;4.94402;172;20201111;13.2;8.8;11;3.4;11.77;0;0.6;3619
100095;50.48832;4.94402;172;20201112;12.4;9.9;11.2;4.9;9.94;0;1.22;4246
100095;50.48832;4.94402;172;20201113;13.8;5.3;9.5;4.9;11.07;0;0.59;3539
100095;50.48832;4.94402;172;20201114;14.6;11.3;13;5.3;11.67;1;1.21;3900
100095;50.48832;4.94402;172;20201115;15.3;12.6;14;7.8;10.77;8;2.28;2593
100095;50.48832;4.94402;172;20201116;10.8;7.9;9.3;6.5;10.4;2;0.72;2335
100095;50.48832;4.94402;172;20201117;11.5;9;10.3;5.6;10.8;0;0.8;2108
100095;50.48832;4.94402;172;20201118;15.8;8.6;12.2;5.7;9.84;1;1.57;5774
100095;50.48832;4.94402;172;20201119;10.1;7.3;8.7;5;9.07;2;0.86;3246
100095;50.48832;4.94402;172;20201120;6.8;1.9;4.4;2.9;6.6;0;0.5;4491
100095;50.48832;4.94402;172;20201121;9.1;2;5.6;5.9;7.57;0;0.75;3766
100095;50.48832;4.94402;172;20201122;8.2;7;7.6;4.4;9.74;2;0.46;920
100095;50.48832;4.94402;172;20201123;9.5;7.3;8.4;2.6;9.94;0;0.4;2566
100095;50.48832;4.94402;172;20201124;10.3;7;8.7;4.1;8.6;0;0.82;3997
100095;50.48832;4.94402;172;20201125;9.6;3.6;6.6;4.6;7.9;0;0.73;3630
100095;50.48832;4.94402;172;20201126;11.5;4.2;7.9;1.9;8.6;0;0.41;3855
100095;50.48832;4.94402;172;20201127;8.2;1.8;5;1.9;8.24;0;0.17;3414
100095;50.48832;4.94402;172;20201128;12.1;4.6;8.3;2.9;8.1;0;0.67;4545
100095;50.48832;4.94402;172;20201129;2.2;1.2;1.7;2.9;6.1;0;0.34;1924
100095;50.48832;4.94402;172;20201130;2.2;-2.3;0;4.5;6.2;7;0.11;1490
100095;50.48832;4.94402;172;20201201;7.8;2;4.9;4.7;8.7;7;0.17;1570
100095;50.48832;4.94402;172;20201202;5.9;5.4;5.7;2.6;8.54;0;0.43;294
100095;50.48832;4.94402;172;20201203;5.2;4.7;5;6;7.7;3;0.6;652
100095;50.48832;4.94402;172;20201204;6.6;4.9;5.7;6.4;6.8;0;1.05;2527
100095;50.48832;4.94402;172;20201205;5;0.5;2.7;2.9;6.07;0;0.47;2283
100095;50.48832;4.94402;172;20201206;3;-1.3;0.9;1.4;6.04;0;0.16;2393
100095;50.48832;4.94402;172;20201207;3.8;-0.2;1.8;3;6.27;0;0.29;2292
100095;50.48832;4.94402;172;20201208;4.3;0.1;2.2;1.7;6.04;0;0.24;2788
100095;50.48832;4.94402;172;20201209;2.7;-1.3;0.7;3.8;6.04;0;0.19;2062
100095;50.48832;4.94402;172;20201210;4;1.7;2.9;3.6;5.9;0;0.52;2732
100095;50.48832;4.94402;172;20201211;5.6;0.2;2.9;4.8;7.4;5;0.17;1807
100095;50.48832;4.94402;172;20201212;8.5;5.6;7.1;3.2;9.67;2;0.3;1214
100095;50.48832;4.94402;172;20201213;6.4;5.7;6;5.5;8.2;1;0.54;1999
100095;50.48832;4.94402;172;20201214;10.2;5.5;7.9;5.7;9.84;7;0.42;2090
100095;50.48832;4.94402;172;20201215;10;8.1;9.1;3.5;10.14;4;0.48;1917
100095;50.48832;4.94402;172;20201216;10.3;4.7;7.5;4.2;9.54;2;0.28;3134
100095;50.48832;4.94402;172;20201217;10.1;8.3;9.2;5.1;9.44;1;0.74;3108
100095;50.48832;4.94402;172;20201218;10.9;6.2;8.6;5.4;9.04;0;0.72;3517
100095;50.48832;4.94402;172;20201219;11.4;6.7;9;5.5;9.7;0;0.76;2306
100095;50.48832;4.94402;172;20201220;10.4;8.6;9.5;4.5;9.3;0;0.87;2264
100095;50.48832;4.94402;172;20201221;8.9;5.6;7.3;6.7;9.84;5;0.29;1543
100095;50.48832;4.94402;172;20201222;13.3;8.7;11;6;12.97;20;0.2;1913
100095;50.48832;4.94402;172;20201223;12.1;10.8;11.5;5.7;11.57;12;0.9;1032
100095;50.48832;4.94402;172;20201224;6.6;6.3;6.5;4.5;7.84;4;0.8;950
100095;50.48832;4.94402;172;20201225;4.9;0.8;2.8;2.9;6.47;0;0.25;3123
100095;50.48832;4.94402;172;20201226;4.5;0.7;2.6;6.4;6.44;0;0.49;2326
100095;50.48832;4.94402;172;20201227;4.4;2.7;3.5;8.6;7.07;14;0.56;606
100095;50.48832;4.94402;172;20201228;4.3;2.7;3.5;3.3;6.6;1;0.45;1962
100095;50.48832;4.94402;172;20201229;4.1;-0.4;1.8;3.2;6.5;1;0.23;2213
100095;50.48832;4.94402;172;20201230;4.2;1.4;2.8;3.8;6.87;4;0.29;1987
100095;50.48832;4.94402;172;20201231;2.7;1.4;2;2.3;6.64;2;0.26;1339
99094;50.24822;4.61816;248;20200101;4.4;0.4;2.4;2.7;6.11;0;0.35;2405
99094;50.24822;4.61816;248;20200102;4.7;-0.7;2;4.1;7.31;0;0.03;1467
99094;50.24822;4.61816;248;20200103;8.9;4.7;6.8;6;9.31;3;0.3;1829
99094;50.24822;4.61816;248;20200104;5.6;1.3;3.4;4;7.41;0;0.1;3491
99094;50.24822;4.61816;248;20200105;5.9;4;4.9;2.1;7.11;0;0.49;1443
99094;50.24822;4.61816;248;20200106;7.6;0.7;4.1;3;6.41;0;0.38;4619
99094;50.24822;4.61816;248;20200107;7.1;2.5;4.8;4.7;8.51;0;0.08;2491
99094;50.24822;4.61816;248;20200108;10.6;5.3;7.9;5.2;11.31;3;0;2073
99094;50.24822;4.61816;248;20200109;10.7;9.9;10.3;7;11.51;9;0.55;638
99094;50.24822;4.61816;248;20200110;7.8;7.7;7.7;4;8.71;1;0.68;1626
99094;50.24822;4.61816;248;20200111;6;3.5;4.7;3.9;6.81;0;0.49;4126
99094;50.24822;4.61816;248;20200112;6.8;1.6;4.2;5.7;7.71;1;0.25;3190
99094;50.24822;4.61816;248;20200113;7.1;4.8;5.9;5.7;9.01;2;0.19;2082
99094;50.24822;4.61816;248;20200114;8.9;6.6;7.7;9.4;9.11;2;0.74;2108
99094;50.24822;4.61816;248;20200115;10.4;7.8;9.1;7.1;8.91;2;1.08;3682
99094;50.24822;4.61816;248;20200116;11.4;1.5;6.4;4.2;8.61;0;0.43;4663
99094;50.24822;4.61816;248;20200117;9.1;8.1;8.6;5.8;8.01;3;1.28;2129
99094;50.24822;4.61816;248;20200118;5.3;2.3;3.8;3.4;6.51;0;0.54;2687
99094;50.24822;4.61816;248;20200119;4.9;-0.7;2.1;3;6.21;1;0.37;2875
99094;50.24822;4.61816;248;20200120;4.2;0.3;2.2;2;6.51;0;0.23;3428
99094;50.24822;4.61816;248;20200121;3.7;-2.9;0.4;1.3;5.21;0;0.13;5852
99094;50.24822;4.61816;248;20200122;0.5;-4.8;-2.2;2.3;5.51;0;0;4083
99094;50.24822;4.61816;248;20200123;2.1;0.3;1.2;2.7;6.51;0;0.16;2585
99094;50.24822;4.61816;248;20200124;0.5;-0.6;-0.1;1.4;5.61;0;0.22;2791
99094;50.24822;4.61816;248;20200125;7.3;-2.5;2.4;1.2;6.81;0;0.25;3539
99094;50.24822;4.61816;248;20200126;7.8;2.1;4.9;3.9;8.01;3;0.42;2008
99094;50.24822;4.61816;248;20200127;7.4;5.8;6.6;6;9.11;11;0.36;2330
99094;50.24822;4.61816;248;20200128;3.8;1.2;2.5;8.1;6.81;2;0.28;4193
99094;50.24822;4.61816;248;20200129;6.6;1.3;3.9;5.8;6.61;0;0.7;4944
99094;50.24822;4.61816;248;20200130;8.6;3.8;6.2;6.1;9.54;3;0.28;2914
99094;50.24822;4.61816;248;20200131;11.6;8.7;10.1;6.1;11.94;5;0.48;2266
99094;50.24822;4.61816;248;20200201;11.4;10;10.7;7.2;10.61;19;1.06;2207
99094;50.24822;4.61816;248;20200202;12.3;5.3;8.8;7;10.41;10;0.62;2481
99094;50.24822;4.61816;248;20200203;10.3;8.6;9.4;6.4;9.41;20;1.1;2644
99094;50.24822;4.61816;248;20200204;5;2.6;3.8;6.3;7.21;2;0.47;3135
99094;50.24822;4.61816;248;20200205;6;3.3;4.6;1.5;6.71;0;0.53;3277
99094;50.24822;4.61816;248;20200206;5.5;-1.6;1.9;1.5;6.01;0;0.35;6826
99094;50.24822;4.61816;248;20200207;10.3;-1.7;4.3;4.1;5.31;0;1.27;8217
99094;50.24822;4.61816;248;20200208;9.6;4;6.8;4.7;8.11;1;0.84;3945
99094;50.24822;4.61816;248;20200209;10.7;6.1;8.4;11.5;9.31;17;1.06;3143
99094;50.24822;4.61816;248;20200210;7.4;5.9;6.6;11.2;7.41;5;1.38;3697
99094;50.24822;4.61816;248;20200211;6.3;2.8;4.5;9.9;6.01;1;1.41;5438
99094;50.24822;4.61816;248;20200212;6.1;2.3;4.2;6.7;6.31;1;1.02;4932
99094;50.24822;4.61816;248;20200213;8;2.4;5.2;7;7.61;9;0.76;4958
99094;50.24822;4.61816;248;20200214;8.8;4.8;6.8;4.3;8.01;0;0.86;4427
99094;50.24822;4.61816;248;20200215;10.5;5.9;8.2;6.9;8.71;3;1.13;5405
99094;50.24822;4.61816;248;20200216;16.4;9.4;12.9;11.3;10.11;10;2.65;5532
99094;50.24822;4.61816;248;20200217;9.9;6.2;8;7.4;7.51;1;1.63;6326
99094;50.24822;4.61816;248;20200218;7.5;4.3;5.9;7.3;7.11;4;1.18;4475
99094;50.24822;4.61816;248;20200219;6.8;3.2;5;7;7.11;1;0.93;5949
99094;50.24822;4.61816;248;20200220;8.3;4.3;6.3;7.1;8.21;4;0.81;4634
99094;50.24822;4.61816;248;20200221;8;1.6;4.8;5.3;6.51;0;1.12;6616
99094;50.24822;4.61816;248;20200222;8.6;3.1;5.8;8.2;8.11;1;0.79;4935
99094;50.24822;4.61816;248;20200223;11.3;8.5;9.9;8.8;10.11;4;1.16;2232
99094;50.24822;4.61816;248;20200224;10.6;3.8;7.2;6.3;9.31;3;0.67;3498
99094;50.24822;4.61816;248;20200225;8.4;5.7;7;7.1;7.81;4;1.24;6368
99094;50.24822;4.61816;248;20200226;5.4;1.6;3.5;6.6;5.91;1;1.11;5300
99094;50.24822;4.61816;248;20200227;1.6;0.9;1.2;5;6.21;9;0.4;3253
99094;50.24822;4.61816;248;20200228;5.1;-0.3;2.4;5.5;6.51;4;0.61;6246
99094;50.24822;4.61816;248;20200229;11.1;3.5;7.3;8.7;8.01;4;1.45;6414
99094;50.24822;4.61816;248;20200301;8.2;3.5;5.8;6.8;6.91;7;1.34;6213
99094;50.24822;4.61816;248;20200302;6.8;2.8;4.8;4.2;7.81;7;0.57;2999
99094;50.24822;4.61816;248;20200303;5.6;0.9;3.2;3.8;6.71;1;0.73;7501
99094;50.24822;4.61816;248;20200304;7.7;2.1;4.9;3.9;7.41;5;0.82;6052
99094;50.24822;4.61816;248;20200305;7.7;4;5.8;3.4;8.91;13;0.52;5279
99094;50.24822;4.61816;248;20200306;6.2;3;4.6;4.5;7.31;4;0.76;4725
99094;50.24822;4.61816;248;20200307;9.1;0.6;4.8;4;6.51;0;1.21;7003
99094;50.24822;4.61816;248;20200308;8.4;5.4;6.9;6.6;8.51;6;0.87;2840
99094;50.24822;4.61816;248;20200309;9;4.7;6.8;5.3;7.81;4;1.23;7352
99094;50.24822;4.61816;248;20200310;12.4;5.3;8.8;9;11.11;7;0.5;4459
99094;50.24822;4.61816;248;20200311;12.3;11.3;11.8;8.1;12.21;3;0.92;1735
99094;50.24822;4.61816;248;20200312;9.7;8.3;9;7.8;7.61;1;2.09;7274
99094;50.24822;4.61816;248;20200313;10.1;3.6;6.8;5.6;6.71;1;1.78;8837
99094;50.24822;4.61816;248;20200314;7.9;1.9;4.9;3.7;7.71;1;0.73;4333
99094;50.24822;4.61816;248;20200315;13.4;6.3;9.8;4.3;8.41;0;1.75;6273
99094;50.24822;4.61816;248;20200316;12.3;2.7;7.5;1.5;8.81;0;1.19;10886
99094;50.24822;4.61816;248;20200317;14.2;3.2;8.7;1.9;7.91;0;1.63;12441
99094;50.24822;4.61816;248;20200318;16.1;7.1;11.6;2.3;9.71;0;1.71;9856
99094;50.24822;4.61816;248;20200319;14.7;6.7;10.7;1.4;9.91;0;1.32;8493
99094;50.24822;4.61816;248;20200320;7.8;7;7.4;4.2;9.11;6;0.7;1748
99094;50.24822;4.61816;248;20200321;7.2;2.8;5;6.3;6.31;0;1.51;8361
99094;50.24822;4.61816;248;20200322;10.9;-0.3;5.3;6.8;3.81;0;3.06;13077
99094;50.24822;4.61816;248;20200323;10.1;-0.4;4.8;5.7;2.91;0;3.09;12811
99094;50.24822;4.61816;248;20200324;10.6;-0.1;5.2;4.6;2.81;0;2.99;13095
99094;50.24822;4.61816;248;20200325;10.4;-0.7;4.8;4.1;3.01;0;2.72;12389
99094;50.24822;4.61816;248;20200326;9.8;-1.8;4;4;3.51;0;2.44;13418
99094;50.24822;4.61816;248;20200327;12;0.4;6.2;2.5;5.61;0;1.8;9514
99094;50.24822;4.61816;248;20200328;13.7;3.5;8.6;4.5;6.61;0;2.48;12267
99094;50.24822;4.61816;248;20200329;5.3;0.8;3;8;4.81;1;1.85;9866
99094;50.24822;4.61816;248;20200330;7.3;-4.3;1.5;4.3;4.41;0;1.7;12392
99094;50.24822;4.61816;248;20200331;8.5;2.3;5.4;4;5.51;0;1.87;10230
99094;50.24822;4.61816;248;20200401;9.2;-0.7;4.2;1.6;4.41;0;1.74;13406
99094;50.24822;4.61816;248;20200402;8.5;-1.2;3.6;2;5.81;0;1.36;10617
99094;50.24822;4.61816;248;20200403;9.5;4.8;7.1;2.9;6.71;0;1.59;7528
99094;50.24822;4.61816;248;20200404;15;2.3;8.6;1.9;5.71;0;2.31;14059
99094;50.24822;4.61816;248;20200405;20.9;4.8;12.8;3.9;6.31;0;3.78;12467
99094;50.24822;4.61816;248;20200406;20.1;10.8;15.4;4;8.11;0;3.52;9776
99094;50.24822;4.61816;248;20200407;20.9;8.4;14.6;2.1;11.11;0;2.61;14425
99094;50.24822;4.61816;248;20200408;23.5;9.8;16.6;1.3;8.41;1;2.81;13930
99094;50.24822;4.61816;248;20200409;21.8;9.6;15.7;2.3;9.11;0;3.47;18870
99094;50.24822;4.61816;248;20200410;20.5;8.9;14.7;2.7;9.31;0;3.47;19933
99094;50.24822;4.61816;248;20200411;22.1;8.4;15.2;2.2;8.81;0;3.33;16967
99094;50.24822;4.61816;248;20200412;22.1;8;15;1.7;8.41;0;3.2;17761
99094;50.24822;4.61816;248;20200413;10;9.6;9.8;5.6;7.11;0;2.23;2920
99094;50.24822;4.61816;248;20200414;9.2;-1.3;3.9;3;5.21;0;1.83;12239
99094;50.24822;4.61816;248;20200415;18.5;0.2;9.3;2.3;5.51;0;3.07;16862
99094;50.24822;4.61816;248;20200416;20.7;6.5;13.6;2.3;8.11;0;3.31;17635
99094;50.24822;4.61816;248;20200417;22;8.8;15.4;1.9;10.61;0;3.32;19681
99094;50.24822;4.61816;248;20200418;17.4;10.9;14.1;1.8;12.11;2;2.43;15511
99094;50.24822;4.61816;248;20200419;14.2;5.3;9.7;3.3;10.51;0;1.94;15920
99094;50.24822;4.61816;248;20200420;19;6.1;12.5;6.1;6.51;0;4.8;22423
99094;50.24822;4.61816;248;20200421;20.8;6.9;13.8;5.5;5.91;0;5.28;21984
99094;50.24822;4.61816;248;20200422;22.7;7.7;15.2;3.7;6.31;0;4.93;21691
99094;50.24822;4.61816;248;20200423;22.9;7.9;15.4;1.8;7.21;0;3.97;22504
99094;50.24822;4.61816;248;20200424;19.1;6.9;13;3.1;7.91;0;3.06;11680
99094;50.24822;4.61816;248;20200425;14.4;4.6;9.5;2.8;7.51;0;2.23;10791
99094;50.24822;4.61816;248;20200426;17.4;4;10.7;1.6;7.41;0;2.35;12308
99094;50.24822;4.61816;248;20200427;21.4;4.9;13.1;2;8.61;0;3.26;17747
99094;50.24822;4.61816;248;20200428;16.8;10.9;13.8;3.3;11.61;5;2.21;10062
99094;50.24822;4.61816;248;20200429;15.5;9.9;12.7;4.5;10.51;7;2.49;12400
99094;50.24822;4.61816;248;20200430;12.6;7.7;10.1;5.5;9.51;4;2.15;13364
99094;50.24822;4.61816;248;20200501;13.5;6.2;9.9;4.9;9.64;4;2.47;16324
99094;50.24822;4.61816;248;20200502;13.7;6.1;9.9;3.3;8.79;2;2.53;15756
99094;50.24822;4.61816;248;20200503;16.7;1.8;9.2;1.6;9.44;0;2.4;16192
99094;50.24822;4.61816;248;20200504;14.2;10.2;12.2;2.9;10.84;0;2.25;11639
99094;50.24822;4.61816;248;20200505;14.3;4.9;9.6;4;7.11;0;3.08;18069
99094;50.24822;4.61816;248;20200506;16.9;4.1;10.5;2.2;6.31;0;2.85;13921
99094;50.24822;4.61816;248;20200507;20;5.3;12.6;1.4;7.41;0;3.54;22608
99094;50.24822;4.61816;248;20200508;21.1;7.7;14.4;1.8;8.81;0;3.28;16907
99094;50.24822;4.61816;248;20200509;21.9;12.2;17;1.6;12.01;2;2.68;11755
99094;50.24822;4.61816;248;20200510;18.9;13.1;16;3.3;13.71;14;2.6;12842
99094;50.24822;4.61816;248;20200511;11.4;4.2;7.8;8.2;6.11;0;3.27;18515
99094;50.24822;4.61816;248;20200512;11.5;0.4;5.9;2.2;5.91;0;2.59;20239
99094;50.24822;4.61816;248;20200513;13.5;1.5;7.5;3.3;6.21;0;2.83;17739
99094;50.24822;4.61816;248;20200514;12.4;1.2;6.8;5.7;5.81;0;3.35;23811
99094;50.24822;4.61816;248;20200515;14.5;1.9;8.2;3.7;6.51;0;3.29;22130
99094;50.24822;4.61816;248;20200516;16.4;3.7;10;1.4;7.31;0;2.86;18744
99094;50.24822;4.61816;248;20200517;18;4.6;11.3;1.7;8.01;0;3.44;22911
99094;50.24822;4.61816;248;20200518;21.4;7.5;14.4;2.7;8.61;0;4.34;23851
99094;50.24822;4.61816;248;20200519;22.5;6.3;14.4;2.2;10.21;0;4.34;26700
99094;50.24822;4.61816;248;20200520;22.6;10.7;16.6;2.4;12.31;0;3.73;19553
99094;50.24822;4.61816;248;20200521;26.6;10.6;18.6;1.7;13.21;0;4.38;23327
99094;50.24822;4.61816;248;20200522;25.1;17.1;21.1;3.8;13.91;3;4.49;15973
99094;50.24822;4.61816;248;20200523;17.7;10.6;14.1;5.7;9.21;1;3.53;11115
99094;50.24822;4.61816;248;20200524;15.9;8.5;12.2;4.3;10.51;0;2.8;16699
99094;50.24822;4.61816;248;20200525;21.2;9.7;15.4;2.3;11.11;0;3.99;23145
99094;50.24822;4.61816;248;20200526;22.6;9;15.8;2.3;10.61;0;3.88;19887
99094;50.24822;4.61816;248;20200527;22.9;9.9;16.4;2.3;10.31;0;3.57;15389
99094;50.24822;4.61816;248;20200528;20.8;9;14.9;4.8;8.31;0;5.21;25942
99094;50.24822;4.61816;248;20200529;21.8;8;14.9;2.9;7.71;0;4.84;25338
99094;50.24822;4.61816;248;20200530;23.5;7;15.2;2.6;8.29;0;5.32;28667
99094;50.24822;4.61816;248;20200531;21;9.9;15.4;3.1;8.21;0;3.9;14683
99094;50.24822;4.61816;248;20200601;25.8;10.7;18.2;3.1;10.01;0;4.65;17386
99094;50.24822;4.61816;248;20200602;26.9;14.1;20.5;1.9;10.21;0;4.62;19925
99094;50.24822;4.61816;248;20200603;21.9;12.1;17;1.5;11.21;2;3.7;19800
99094;50.24822;4.61816;248;20200604;13.8;12.1;12.9;2.3;11.41;4;2.15;11631
99094;50.24822;4.61816;248;20200605;15.4;7.8;11.6;3.9;10.01;13;2.54;13858
99094;50.24822;4.61816;248;20200606;15.8;6.8;11.3;5.5;8.61;1;3.07;13796
99095;50.26417;4.96796;257;20200101;4.8;1.4;3.1;2.5;6.06;0;0.3;3552
99095;50.26417;4.96796;257;20200102;4.5;-1;1.8;4;7.11;0;0.05;1683
99095;50.26417;4.96796;257;20200103;8.5;4.5;6.5;6;9.16;3;0.36;1114
99095;50.26417;4.96796;257;20200104;5.2;1.5;3.3;3.6;7.41;0;0.11;3195
99095;50.26417;4.96796;257;20200105;5.7;3.8;4.7;1.9;7.16;0;0.47;1321
99095;50.26417;4.96796;257;20200106;7.5;0.3;3.9;3;6.21;1;0.39;4859
99095;50.26417;4.96796;257;20200107;7.2;2.3;4.7;4.7;8.26;0;0.18;2495
99095;50.26417;4.96796;257;20200108;10.4;5.2;7.8;5;10.91;3;0.1;1536
99095;50.26417;4.96796;257;20200109;10.7;9.7;10.2;6.8;11.31;9;0.63;569
99095;50.26417;4.96796;257;20200110;7.6;7.5;7.5;4.1;8.66;2;0.69;1513
99095;50.26417;4.96796;257;20200111;5.6;3.4;4.5;4.2;6.81;0;0.52;3663
99095;50.26417;4.96796;257;20200112;6.3;1.3;3.8;5.8;7.51;1;0.33;2095
99095;50.26417;4.96796;257;20200113;7;4.4;5.7;5.3;8.81;2;0.24;1891
99095;50.26417;4.96796;257;20200114;8.6;6.7;7.7;9.8;8.66;1;1;1804
99095;50.26417;4.96796;257;20200115;10.8;8;9.4;7.4;8.66;1;1.34;3791
99095;50.26417;4.96796;257;20200116;11;3;7;4.2;8.61;0;0.5;4981
99095;50.26417;4.96796;257;20200117;8.6;7.7;8.2;5.5;7.86;3;1.25;1614
99095;50.26417;4.96796;257;20200118;5.1;2.1;3.6;3.5;6.36;0;0.58;2593
99095;50.26417;4.96796;257;20200119;4.3;-1.2;1.6;2.5;6.21;0;0.31;2437
99095;50.26417;4.96796;257;20200120;4.3;0.1;2.2;2.4;6.36;0;0.25;4014
99095;50.26417;4.96796;257;20200121;3.5;-3.1;0.2;1.5;5.06;0;0.16;6076
99095;50.26417;4.96796;257;20200122;0.9;-5.1;-2.1;2.1;5.36;0;0.03;4741
99095;50.26417;4.96796;257;20200123;2.7;-0.7;1;2.6;6.41;0;0.13;3792
99095;50.26417;4.96796;257;20200124;1.7;-0.9;0.4;1.6;5.51;0;0.23;4345
99095;50.26417;4.96796;257;20200125;8.2;-2.8;2.7;1.2;6.81;0;0.22;4769
99095;50.26417;4.96796;257;20200126;8;2.1;5.1;4;7.76;2;0.47;3754
99095;50.26417;4.96796;257;20200127;7.2;5.8;6.5;6.2;8.86;11;0.49;1565
99095;50.26417;4.96796;257;20200128;4.5;3.2;3.8;8.1;6.71;2;0.76;3346
99095;50.26417;4.96796;257;20200129;6;1.5;3.8;5.8;6.46;0;0.75;4172
99095;50.26417;4.96796;257;20200130;8.4;3.4;5.9;5.5;9.2;2;0.25;3150
99095;50.26417;4.96796;257;20200131;11.4;8.1;9.8;5.9;11.65;4;0.42;2100
99095;50.26417;4.96796;257;20200201;11;10.1;10.5;6.8;10.41;19;1.1;1753
99095;50.26417;4.96796;257;20200202;12.2;5;8.6;6.4;10.16;8;0.69;1990
99095;50.26417;4.96796;257;20200203;10.1;8.4;9.2;6;9.36;15;1.06;2372
99095;50.26417;4.96796;257;20200204;4.8;2.8;3.8;5.9;7.16;2;0.52;2567
99095;50.26417;4.96796;257;20200205;5.6;2.9;4.3;1.8;6.61;0;0.54;3488
99095;50.26417;4.96796;257;20200206;5.5;-1.8;1.8;1.9;6.01;0;0.36;7463
99095;50.26417;4.96796;257;20200207;10.1;-1.1;4.5;4;5.26;0;1.28;8558
99095;50.26417;4.96796;257;20200208;9.2;3.4;6.3;4.4;7.71;0;0.87;3522
99095;50.26417;4.96796;257;20200209;10.5;6.1;8.3;11.8;9.11;15;1.15;3371
99095;50.26417;4.96796;257;20200210;7.2;6;6.6;10.9;7.36;5;1.41;3548
99095;50.26417;4.96796;257;20200211;5.8;2.7;4.3;9.8;5.91;2;1.38;5369
99095;50.26417;4.96796;257;20200212;5.6;2.3;4;6.2;6.26;1;0.97;4466
99095;50.26417;4.96796;257;20200213;7.5;1.7;4.6;6.4;7.41;10;0.7;3779
99095;50.26417;4.96796;257;20200214;8.3;4.7;6.5;4.3;7.81;0;0.88;3963
99095;50.26417;4.96796;257;20200215;10.3;5.4;7.8;6.8;8.36;2;1.19;5602
99095;50.26417;4.96796;257;20200216;15.9;9.3;12.6;11.7;9.71;10;2.76;5366
99095;50.26417;4.96796;257;20200217;9.5;6.1;7.8;7.3;7.46;1;1.59;5313
99095;50.26417;4.96796;257;20200218;7.2;4.3;5.8;7.4;6.91;4;1.25;3837
99095;50.26417;4.96796;257;20200219;6.5;3;4.8;6.8;6.91;1;0.96;6224
99095;50.26417;4.96796;257;20200220;8;4.2;6.1;7;7.96;5;0.87;3467
99095;50.26417;4.96796;257;20200221;7.5;1.3;4.4;5.6;6.41;0;1.1;7008
99095;50.26417;4.96796;257;20200222;8.3;3;5.6;7.9;7.86;2;0.86;4167
99095;50.26417;4.96796;257;20200223;10.9;8;9.5;8.3;9.96;5;1.08;1616
99095;50.26417;4.96796;257;20200224;10.2;3.6;6.9;6.1;9.01;3;0.71;2699
99095;50.26417;4.96796;257;20200225;8.3;5.6;6.9;6.7;7.86;4;1.19;6184
99095;50.26417;4.96796;257;20200226;5;1.4;3.2;6.3;5.86;3;1.06;4450
99095;50.26417;4.96796;257;20200227;1.8;0.7;1.3;4.9;6.11;10;0.45;2676
99095;50.26417;4.96796;257;20200228;5;-0.9;2.1;5.2;6.41;4;0.62;7373
99095;50.26417;4.96796;257;20200229;11.3;3.3;7.3;8.4;7.86;3;1.56;6407
99095;50.26417;4.96796;257;20200301;7.7;3.6;5.6;6.4;6.86;9;1.3;6106
99095;50.26417;4.96796;257;20200302;6.9;2;4.5;4.3;7.66;8;0.59;3299
99095;50.26417;4.96796;257;20200303;5.2;0.4;2.8;3.9;6.61;0;0.67;6300
99095;50.26417;4.96796;257;20200304;7.2;1.6;4.4;3.9;7.21;3;0.79;5976
99095;50.26417;4.96796;257;20200305;7.4;3.9;5.7;3.2;8.71;14;0.51;3739
99095;50.26417;4.96796;257;20200306;5.8;2.7;4.3;4.5;7.41;4;0.63;3262
99095;50.26417;4.96796;257;20200307;8.8;0.7;4.7;4;6.51;0;1.26;10101
99095;50.26417;4.96796;257;20200308;8.3;5.3;6.8;6.8;8.31;5;0.98;3270
99095;50.26417;4.96796;257;20200309;8.5;4.7;6.6;5.2;7.71;8;1.22;7826
99095;50.26417;4.96796;257;20200310;12.1;5;8.6;8.3;10.86;8;0.51;3479
99095;50.26417;4.96796;257;20200311;12.3;11.1;11.7;8.1;11.91;3;1.07;2417
99095;50.26417;4.96796;257;20200312;9.9;8.2;9;8;7.46;1;2.25;9037
99095;50.26417;4.96796;257;20200313;9.3;3.5;6.4;5.5;6.61;0;1.68;8518
99095;50.26417;4.96796;257;20200314;7.8;1.3;4.5;3.6;7.41;0;0.81;5316
99095;50.26417;4.96796;257;20200315;13.3;5.9;9.6;4.3;8.11;0;1.88;8686
99095;50.26417;4.96796;257;20200316;13.7;3.1;8.4;1.6;8.56;0;1.43;11593
99095;50.26417;4.96796;257;20200317;14.4;4.1;9.2;1.9;7.96;0;1.77;13870
99095;50.26417;4.96796;257;20200318;15.8;6.1;11;2.3;9.46;0;1.74;11378
99095;50.26417;4.96796;257;20200319;14.3;5.9;10.1;1.7;9.51;0;1.27;6796
99095;50.26417;4.96796;257;20200320;8.3;6.7;7.5;4;9.01;6;0.82;2874
99095;50.26417;4.96796;257;20200321;7;2.4;4.7;6.1;6.26;0;1.43;7130
99095;50.26417;4.96796;257;20200322;10.5;-0.3;5.1;6.9;3.81;0;3.09;16188
99095;50.26417;4.96796;257;20200323;9.5;-0.7;4.4;6;2.96;0;3.12;16105
99095;50.26417;4.96796;257;20200324;10;-0.2;4.9;4.9;2.81;0;3.07;16247
99095;50.26417;4.96796;257;20200325;10.7;-0.8;4.9;4.5;2.81;0;3.04;15994
99095;50.26417;4.96796;257;20200326;9.5;-1.4;4.1;4.4;3.46;0;2.62;15859
99095;50.26417;4.96796;257;20200327;12.2;0.1;6.2;3.3;5.46;0;2.18;13707
99095;50.26417;4.96796;257;20200328;13.8;2.7;8.2;4.5;6.41;0;2.61;14983
99095;50.26417;4.96796;257;20200329;4.8;0.8;2.8;7.5;4.91;1;1.71;9133
99095;50.26417;4.96796;257;20200330;7.1;-4.4;1.3;4.2;4.21;0;1.87;16296
99095;50.26417;4.96796;257;20200331;8.5;2.4;5.4;3.7;5.31;0;2.08;14515
99095;50.26417;4.96796;257;20200401;9.4;-2;3.7;1.7;4.21;0;1.91;16653
99095;50.26417;4.96796;257;20200402;8.6;-2;3.3;2;5.56;0;1.55;13708
99095;50.26417;4.96796;257;20200403;9.2;4.3;6.8;2.9;6.46;0;1.63;8264
99095;50.26417;4.96796;257;20200404;14.5;2;8.2;2.4;5.71;0;2.5;16229
99095;50.26417;4.96796;257;20200405;20.1;4.7;12.4;4.6;6.16;0;4.12;16933
99095;50.26417;4.96796;257;20200406;20;10.4;15.2;4;7.71;0;3.91;15288
99095;50.26417;4.96796;257;20200407;20.7;7.9;14.3;2.6;10.66;0;2.89;16262
99095;50.26417;4.96796;257;20200408;23.2;9.9;16.5;1.9;8.11;1;3.35;16765
99095;50.26417;4.96796;257;20200409;21.9;9.3;15.6;2.4;8.66;0;3.58;18535
99095;50.26417;4.96796;257;20200410;21;8;14.5;3.3;9.01;0;3.77;20566
99095;50.26417;4.96796;257;20200411;22.3;7.8;15;2.4;8.56;0;3.51;18133
99095;50.26417;4.96796;257;20200412;21.9;7.3;14.6;2;8.11;0;3.39;18580
99095;50.26417;4.96796;257;20200413;9.6;9.4;9.5;5.2;6.86;0;2.41;7210
99095;50.26417;4.96796;257;20200414;9.2;-1.2;4;3.1;4.96;0;2.16;16919
99095;50.26417;4.96796;257;20200415;18.2;-0.1;9;2.9;5.41;0;3.39;19281
99095;50.26417;4.96796;257;20200416;20.8;6.6;13.7;2.5;7.86;0;3.51;18167
99095;50.26417;4.96796;257;20200417;22.3;8.1;15.2;2.2;10.16;0;3.5;19590
99095;50.26417;4.96796;257;20200418;17.8;9.9;13.8;2.1;11.61;2;2.37;13605
99095;50.26417;4.96796;257;20200419;13.7;6.4;10.1;3.1;10.31;0;1.89;13810
99095;50.26417;4.96796;257;20200420;18.8;5.9;12.3;6.3;6.16;0;4.97;23461
99095;50.26417;4.96796;257;20200421;20.3;6.6;13.5;5.8;5.71;0;5.37;22742
99095;50.26417;4.96796;257;20200422;22.2;8;15.1;4.3;6.06;0;5.3;23595
99095;50.26417;4.96796;257;20200423;22.9;8.4;15.7;2.1;7.01;0;4.3;23502
99095;50.26417;4.96796;257;20200424;19;6;12.5;3.1;7.76;0;3.5;18040
99095;50.26417;4.96796;257;20200425;14.3;4.3;9.3;2.9;7.31;0;2.63;16045
99095;50.26417;4.96796;257;20200426;17.8;2.6;10.2;1.8;7.11;0;2.92;18704
99095;50.26417;4.96796;257;20200427;21;3.8;12.4;2.4;8.21;0;3.51;19823
99095;50.26417;4.96796;257;20200428;16.2;11.1;13.6;3.9;11.26;5;2.28;9881
99095;50.26417;4.96796;257;20200429;15.6;9.7;12.6;4.8;10.16;8;2.55;11200
99095;50.26417;4.96796;257;20200430;12.6;7.9;10.2;5.3;9.46;5;2.2;13132
99095;50.26417;4.96796;257;20200501;13.1;5.9;9.5;4.3;9.4;5;2.3;16400
99095;50.26417;4.96796;257;20200502;13.4;6.3;9.8;3.5;8.65;2;2.51;15900
99095;50.26417;4.96796;257;20200503;16;1.3;8.6;1.6;9.2;0;2.05;13700
99095;50.26417;4.96796;257;20200504;13.7;9.6;11.7;2.4;10.75;0;1.91;10350
99095;50.26417;4.96796;257;20200505;14.4;4.4;9.4;4.3;6.96;0;3.2;18684
99095;50.26417;4.96796;257;20200506;17;3.7;10.4;3;6.06;0;3.6;20660
99095;50.26417;4.96796;257;20200507;20.4;4.6;12.5;1.7;7.16;0;3.83;24054
99095;50.26417;4.96796;257;20200508;21.3;7.2;14.3;2.3;8.56;0;3.73;19553
99095;50.26417;4.96796;257;20200509;21.3;12.2;16.8;1.9;11.46;2;3.04;14027
99095;50.26417;4.96796;257;20200510;18.7;12.7;15.7;3.4;13.41;8;2.52;11671
99095;50.26417;4.96796;257;20200511;11.2;4.4;7.8;8.1;5.86;0;3.38;18357
99095;50.26417;4.96796;257;20200512;11.6;-0.1;5.7;2.5;5.61;0;2.94;24269
99095;50.26417;4.96796;257;20200513;13.1;1.1;7.1;3.4;6.11;0;3;20919
99095;50.26417;4.96796;257;20200514;12.6;1.2;6.9;5.2;5.71;0;3.55;26355
99095;50.26417;4.96796;257;20200515;14.4;2.1;8.3;4.1;6.16;0;3.67;25565
99095;50.26417;4.96796;257;20200516;16.4;2.7;9.6;1.8;7.06;0;3.2;22072
99095;50.26417;4.96796;257;20200517;18;4;11;1.7;7.76;0;3.65;25505
99095;50.26417;4.96796;257;20200518;21.4;6.8;14.1;2.5;8.71;0;4.38;25375
99095;50.26417;4.96796;257;20200519;22.4;5.9;14.2;2.3;9.76;0;4.42;27050
99095;50.26417;4.96796;257;20200520;22.2;10;16.1;2.5;11.86;0;4.12;23576
99095;50.26417;4.96796;257;20200521;26.6;11;18.8;1.8;12.56;0;4.68;25063
99095;50.26417;4.96796;257;20200522;25.2;15.7;20.5;3.5;13.71;4;4.14;14086
99095;50.26417;4.96796;257;20200523;17;10.4;13.7;4.9;9.31;2;3.38;12957
99095;50.26417;4.96796;257;20200524;15.7;7.9;11.8;4;10.16;0;2.68;15349
99095;50.26417;4.96796;257;20200525;20.3;9.3;14.8;2.2;10.81;0;3.64;20822
99095;50.26417;4.96796;257;20200526;21.9;8;14.9;2.5;9.91;0;4.28;24143
99095;50.26417;4.96796;257;20200527;22.7;9;15.8;2.5;9.91;0;4.22;21594
99095;50.26417;4.96796;257;20200528;20.4;9.3;14.8;4.9;8.21;0;5.39;28071
99095;50.26417;4.96796;257;20200529;21.8;8.3;15;3.7;7.46;0;5.37;27619
99095;50.26417;4.96796;257;20200530;22.9;7.7;15.3;2.7;8.05;0;5.16;27850
99095;50.26417;4.96796;257;20200531;21.2;9.6;15.4;3.3;7.81;0;4.71;21741
99095;50.26417;4.96796;257;20200601;25.8;10.8;18.3;3.5;9.36;0;5.55;23593
99095;50.26417;4.96796;257;20200602;26.9;12.9;19.9;2.1;9.76;0;5.15;24162
99095;50.26417;4.96796;257;20200603;22;11.2;16.6;1.8;11.06;1;3.63;18400
99095;50.26417;4.96796;257;20200604;13.7;12.2;12.9;2.5;11.41;6;1.85;8165
99095;50.26417;4.96796;257;20200605;14.8;7.6;11.2;4.3;9.81;11;2.32;11429
99095;50.26417;4.96796;257;20200606;15.5;6.2;10.8;5.2;8.56;1;3.14;16548
99095;50.26417;4.96796;257;20200607;17.8;8.2;13;3.5;8.71;0;3.58;17938
99095;50.26417;4.96796;257;20200608;16.5;8.1;12.3;2.6;11.01;2;2.67;16369
99095;50.26417;4.96796;257;20200609;14;10.4;12.2;2.9;11.56;0;1.74;8449
99095;50.26417;4.96796;257;20200610;16.1;9.5;12.8;1.8;12.11;2;2.09;11796
99095;50.26417;4.96796;257;20200611;20.3;11.7;16;2.4;12.71;0;3.34;17719
99095;50.26417;4.96796;257;20200612;20.4;10.9;15.7;2.9;13.66;8;2.86;14571
99095;50.26417;4.96796;257;20200613;23.8;11.5;17.7;2.3;14.06;0;4.31;24040
99095;50.26417;4.96796;257;20200614;20.8;13.9;17.3;3;13.16;0;3.56;17144
99095;50.26417;4.96796;257;20200615;22.4;12.4;17.4;2.2;13.06;0;3.57;17583
99095;50.26417;4.96796;257;20200616;21.7;12.2;16.9;1.6;13.96;3;3.33;18393
99095;50.26417;4.96796;257;20200617;20.3;12.8;16.5;2.1;15.01;27;2.48;12561
99095;50.26417;4.96796;257;20200618;20.5;12.4;16.5;3.2;13.51;2;3.9;22546
99095;50.26417;4.96796;257;20200619;20;11.2;15.6;2.5;13.01;0;3.47;20254
99095;50.26417;4.96796;257;20200620;20.7;11.5;16.1;1.4;11.86;0;3.37;18671
99095;50.26417;4.96796;257;20200621;22.4;12.4;17.4;3.5;12.81;2;4.12;19718
99095;50.26417;4.96796;257;20200622;21.1;10.3;15.7;1.9;12.91;0;3.43;19590
99095;50.26417;4.96796;257;20200623;25.2;11.4;18.3;1.8;13.06;0;4.99;28329
99095;50.26417;4.96796;257;20200624;28.7;14.9;21.8;3.3;12.86;0;6.23;27482
99095;50.26417;4.96796;257;20200625;28.1;15;21.5;3.6;12.91;0;6.38;29337
99095;50.26417;4.96796;257;20200626;26.6;17.2;21.9;2.9;16.91;4;4.4;18703
99095;50.26417;4.96796;257;20200627;23.6;16.3;20;5.2;16.31;1;3.99;16159
99095;50.26417;4.96796;257;20200628;19.6;14.2;16.9;4.8;13.06;6;3.7;16851
99095;50.26417;4.96796;257;20200629;18.7;11.5;15.1;4.2;11.01;0;3.61;17303
99095;50.26417;4.96796;257;20200630;19.7;10.1;14.9;5.3;12.31;0;3.25;15291
99095;50.26417;4.96796;257;20200701;19.8;16;17.9;4.5;16.56;3;2.37;9926
99095;50.26417;4.96796;257;20200702;19.2;14.3;16.7;3.7;13.26;1;3.23;14843
99095;50.26417;4.96796;257;20200703;19.4;9.8;14.6;3.5;12.11;0;3.32;18375
99095;50.26417;4.96796;257;20200704;19.8;12.2;16;5.8;14.36;1;2.77;13013
99095;50.26417;4.96796;257;20200705;21.5;17.1;19.3;6.8;16.01;1;3.35;10496
99095;50.26417;4.96796;257;20200706;18.4;10.6;14.5;5;10.01;0;4.02;19728
99095;50.26417;4.96796;257;20200707;20.5;8;14.2;2.6;10.26;0;3.65;19525
99095;50.26417;4.96796;257;20200708;16.8;12.1;14.4;4;14.41;6;1.46;6206
99095;50.26417;4.96796;257;20200709;24.8;15.5;20.2;3.9;15.86;0;4.44;20451
99095;50.26417;4.96796;257;20200710;19.2;15.4;17.3;4.1;13.16;1;3.12;11685
99095;50.26417;4.96796;257;20200711;19.4;7;13.2;1.8;10.41;0;3.59;22967
99095;50.26417;4.96796;257;20200712;21;8.4;14.7;2.6;10.61;0;4.18;24818
99095;50.26417;4.96796;257;20200713;23.8;10.3;17.1;1.8;10.36;0;4.45;24333
99095;50.26417;4.96796;257;20200714;19.7;10.5;15.1;1.8;12.81;4;2.63;14030
99095;50.26417;4.96796;257;20200715;18.9;12.7;15.8;1.5;13.31;1;2.62;14142
99095;50.26417;4.96796;257;20200716;16.2;13;14.6;2.9;14.56;3;1.48;6913
99095;50.26417;4.96796;257;20200717;19.9;13.3;16.6;1.1;15.31;0;2.13;10878
99095;50.26417;4.96796;257;20200718;25.6;12.3;19;1.9;15.01;0;4.02;21058
99095;50.26417;4.96796;257;20200719;26.3;12.7;19.5;2.7;13.21;0;4.89;23857
99095;50.26417;4.96796;257;20200720;20.4;14.2;17.3;3.5;12.76;0;3.35;13977
99095;50.26417;4.96796;257;20200721;21;8.8;14.9;3.3;10.21;0;4.4;25247
99095;50.26417;4.96796;257;20200722;21.2;8.5;14.9;2.6;10.26;0;4.17;24311
99095;50.26417;4.96796;257;20200723;25.1;9.6;17.4;1.6;10.11;0;4.36;23659
99095;50.26417;4.96796;257;20200724;21.8;14.1;18;2.9;13.46;0;3.35;14752
99095;50.26417;4.96796;257;20200725;23.7;14.1;18.9;3.9;14.51;14;3.51;13050
99095;50.26417;4.96796;257;20200726;21.6;14.8;18.2;3.7;14.11;2;3.34;13857
99095;50.26417;4.96796;257;20200727;28.4;12.4;20.4;4.6;11.71;0;5.98;21822
99095;50.26417;4.96796;257;20200728;21;16.6;18.8;4.6;12.31;0;4.38;17415
99095;50.26417;4.96796;257;20200729;22.5;9.9;16.2;2.1;11.46;0;3.75;20559
99095;50.26417;4.96796;257;20200730;28.2;11.5;19.8;2;10.96;0;5.1;25437
99095;50.26417;4.96796;257;20200731;34.8;15.9;25.4;2.9;12.01;0;7.03;27450
101095;50.71245;4.9198;111;20200301;9.1;4.6;6.9;7.1;7;2;1.67;5829
101095;50.71245;4.9198;111;20200302;8.4;3.6;6;4.4;8;7;0.89;5549
101095;50.71245;4.9198;111;20200303;6.5;1.4;4;4.1;6.9;1;0.86;7716
101095;50.71245;4.9198;111;20200304;9;2.3;5.7;4;7.7;2;0.98;7483
101095;50.71245;4.9198;111;20200305;7.5;4.7;6.1;3.3;8.9;13;0.54;2703
101095;50.71245;4.9198;111;20200306;7.1;3.5;5.3;4.2;8.2;6;0.66;5099
101095;50.71245;4.9198;111;20200307;10.1;1.6;5.9;4.4;7.2;0;1.29;7507
101095;50.71245;4.9198;111;20200308;9.5;6.6;8.1;6.8;8.9;5;1.19;5079
101095;50.71245;4.9198;111;20200309;10.3;5.6;8;5.8;7.9;7;1.58;6665
101095;50.71245;4.9198;111;20200310;13;5.9;9.5;9.6;11.3;9;0.79;5901
101095;50.71245;4.9198;111;20200311;13.6;11.5;12.6;7.9;12.7;6;1.19;3777
101095;50.71245;4.9198;111;20200312;11.3;8.9;10.1;8.9;7.7;1;2.64;7589
101095;50.71245;4.9198;111;20200313;10.6;4.9;7.8;5.3;7.3;0;1.81;8748
101095;50.71245;4.9198;111;20200314;10.3;3.6;7;4;7.8;0;1.35;8439
101095;50.71245;4.9198;111;20200315;14;7;10.5;4.4;8.9;0;1.94;8889
101095;50.71245;4.9198;111;20200316;12.9;4.1;8.5;1.7;9.2;0;1.2;9170
101095;50.71245;4.9198;111;20200317;14;4.3;9.2;2.8;7.1;0;2;11712
101095;50.71245;4.9198;111;20200318;16.4;6.4;11.4;3.2;8.8;0;2.26;13379
101095;50.71245;4.9198;111;20200319;12.8;4.1;8.5;1.4;9.4;0;1.15;8793
101095;50.71245;4.9198;111;20200320;8.3;6;7.2;4.9;8.8;3;0.96;4987
101095;50.71245;4.9198;111;20200321;9.3;3.3;6.3;6.9;6.3;0;2.01;8443
101095;50.71245;4.9198;111;20200322;9.6;0;4.8;6;4.3;0;2.58;11978
101095;50.71245;4.9198;111;20200323;11.3;-1.1;5.1;3.7;3.6;0;2.59;13797
101095;50.71245;4.9198;111;20200324;11.5;-1.4;5.1;2.7;3.2;0;2.42;14250
101095;50.71245;4.9198;111;20200325;10.5;-1.2;4.7;2.7;3.5;0;2.25;13733
101095;50.71245;4.9198;111;20200326;10.3;-0.9;4.7;3.9;4;0;2.43;13597
101095;50.71245;4.9198;111;20200327;13.3;0.6;7;2.4;5.7;0;2.16;14658
101095;50.71245;4.9198;111;20200328;14.1;3;8.6;5.1;6.6;0;2.73;13859
101095;50.71245;4.9198;111;20200329;7.2;2.1;4.7;7.7;4.6;0;2.44;9453
101095;50.71245;4.9198;111;20200330;7.9;-3.9;2;3;5;0;1.59;14116
101095;50.71245;4.9198;111;20200331;9.6;0.6;5.1;2.8;5.3;0;1.9;12906
101095;50.71245;4.9198;111;20200401;9.9;-1;4.5;1.1;4.7;0;1.83;17831
101095;50.71245;4.9198;111;20200402;9.3;0.2;4.8;2.4;6.2;0;1.63;13268
101095;50.71245;4.9198;111;20200403;11.4;4.6;8;3.3;6.5;0;2.16;11994
101095;50.71245;4.9198;111;20200404;14.8;5.4;10.1;2.1;6;0;2.47;13780
101095;50.71245;4.9198;111;20200405;21.5;4.6;13.1;2.8;6.3;0;3.76;18705
101095;50.71245;4.9198;111;20200406;21.6;10.8;16.2;4.5;8.5;0;4.37;17030
101095;50.71245;4.9198;111;20200407;19.5;8.7;14.1;1.9;11.1;0;2.52;15245
101095;50.71245;4.9198;111;20200408;24.2;9.5;16.9;1.6;8.5;1;3.36;17982
101095;50.71245;4.9198;111;20200409;21.5;8.7;15.1;1.9;9.9;0;3.26;20094
101095;50.71245;4.9198;111;20200410;20.1;7.9;14;2.9;9.3;0;3.22;16699
101095;50.71245;4.9198;111;20200411;22.4;6.5;14.5;1.7;8.5;0;3.27;19261
101095;50.71245;4.9198;111;20200412;22.5;10.1;16.3;2;8.9;0;3.41;17161
101095;50.71245;4.9198;111;20200413;10.9;7.6;9.3;5.1;7;0;2.44;8890
101095;50.71245;4.9198;111;20200414;9.7;0.8;5.3;2.1;5.6;0;1.91;13713
101095;50.71245;4.9198;111;20200415;16.6;0.8;8.7;1.8;6.2;0;2.81;19925
101095;50.71245;4.9198;111;20200416;23.5;6;14.8;1.9;8.3;0;3.65;20281
101095;50.71245;4.9198;111;20200417;20.4;6.6;13.5;2.5;9.6;0;3.31;19543
101095;50.71245;4.9198;111;20200418;16.5;8.3;12.4;2.1;10.6;3;2.34;14707
101095;50.71245;4.9198;111;20200419;14.7;5.8;10.3;2.4;10;0;1.81;11007
101095;50.71245;4.9198;111;20200420;18.7;5.4;12.1;5.8;6.1;0;4.81;22390
101095;50.71245;4.9198;111;20200421;20.3;5.9;13.1;6.1;5.7;0;5.31;20017
101095;50.71245;4.9198;111;20200422;21.3;6.9;14.1;4.5;6.8;0;4.99;23182
101095;50.71245;4.9198;111;20200423;22.7;7.8;15.3;1.4;7.3;0;3.76;22919
101095;50.71245;4.9198;111;20200424;19.6;8.2;13.9;2.3;8.6;0;3.2;16069
101095;50.71245;4.9198;111;20200425;15.1;5.5;10.3;2.1;7.8;0;2.65;16846
101095;50.71245;4.9198;111;20200426;17.7;3.1;10.4;1;7.8;0;2.83;20953
101095;50.71245;4.9198;111;20200427;22.2;5.1;13.7;2.2;8.7;0;3.84;22220
101095;50.71245;4.9198;111;20200428;16.5;8.8;12.7;2.9;11.6;6;2.28;13684
101095;50.71245;4.9198;111;20200429;16.4;10.1;13.3;5.1;10.9;3;2.84;14351
101095;50.71245;4.9198;111;20200430;14.9;8.3;11.6;5.3;9.2;2;2.99;16043
101095;50.71245;4.9198;111;20200501;14.7;7.5;11.1;5.1;9.5;3;2.79;17200
101095;50.71245;4.9198;111;20200502;14.2;7.1;10.7;3.8;8.94;3;2.63;15966
101095;50.71245;4.9198;111;20200503;16.7;4;10.4;2.1;9.1;0;2.44;14900
101095;50.71245;4.9198;111;20200504;15.8;10.7;13.3;3.5;10.04;0;2.74;12933
101095;50.71245;4.9198;111;20200505;15;4.9;10;4.1;6.6;0;3.56;20418
101095;50.71245;4.9198;111;20200506;17.1;3;10.1;2.2;6.4;0;3.69;25268
101095;50.71245;4.9198;111;20200507;20.6;5.1;12.9;1.1;7.6;0;3.54;23528
101095;50.71245;4.9198;111;20200508;22.1;9.1;15.6;1.4;8.7;0;3.59;19936
101095;50.71245;4.9198;111;20200509;23.7;11.2;17.5;1.8;11.1;1;4.14;22713
101095;50.71245;4.9198;111;20200510;19;14.1;16.6;3.2;13.1;2;2.64;10230
101095;50.71245;4.9198;111;20200511;11.4;5;8.2;7.1;6;0;3.26;15234
101095;50.71245;4.9198;111;20200512;11.9;1.7;6.8;1.5;6.1;0;2.5;18732
101095;50.71245;4.9198;111;20200513;13.6;3;8.3;2.5;6.5;0;2.85;18415
101095;50.71245;4.9198;111;20200514;13.8;1;7.4;4.8;5.8;0;3.48;21920
101095;50.71245;4.9198;111;20200515;15.4;1.7;8.6;3.2;6.5;0;3.64;25612
101095;50.71245;4.9198;111;20200516;17.8;5.6;11.7;2;7.4;0;3.53;21605
101095;50.71245;4.9198;111;20200517;19.4;5.7;12.6;1.5;8;0;3.62;23007
101095;50.71245;4.9198;111;20200518;22.9;8.8;15.9;3.1;8.7;0;4.96;25149
101095;50.71245;4.9198;111;20200519;23.3;8.6;16;2.6;10.2;0;4.66;25527
101095;50.71245;4.9198;111;20200520;23.1;11.5;17.3;1.9;12.5;0;4.12;23073
101095;50.71245;4.9198;111;20200521;27.3;11.5;19.4;1.1;13.1;0;4.49;25142
101095;50.71245;4.9198;111;20200522;25.5;18.4;22;4.8;13.2;1;5.5;17783
101095;50.71245;4.9198;111;20200523;19.8;12.3;16.1;6.5;8.5;1;5.2;17790
101095;50.71245;4.9198;111;20200524;17.2;9.3;13.3;3.8;11.2;0;2.82;14901
101095;50.71245;4.9198;111;20200525;21.9;11.1;16.5;2.3;11.8;0;4.12;22864
101095;50.71245;4.9198;111;20200526;22.9;10.1;16.5;1.8;11.3;0;4.18;23594
101095;50.71245;4.9198;111;20200527;23.1;10.6;16.9;2.3;10.5;0;4.68;25472
101095;50.71245;4.9198;111;20200528;20.8;7.8;14.3;3.7;8.2;0;5.01;27020
101095;50.71245;4.9198;111;20200529;22;7;14.5;2.9;8.2;0;4.98;27648
101095;50.71245;4.9198;111;20200530;23.8;9.3;16.6;3.5;7.87;0;5.9;29433
101095;50.71245;4.9198;111;20200531;21.6;11.1;16.4;3.4;8.5;0;4.79;21176
101095;50.71245;4.9198;111;20200601;25.7;10.9;18.3;3;9.7;0;5.49;25225
101095;50.71245;4.9198;111;20200602;27.9;11.7;19.8;1.4;10.2;0;4.87;24744
101095;50.71245;4.9198;111;20200603;23.6;12.1;17.9;2.4;11.7;0;4.32;21050
101095;50.71245;4.9198;111;20200604;14;13;13.5;3.3;11.9;5;1.55;3497
101095;50.71245;4.9198;111;20200605;15;8.2;11.6;4.9;10.3;11;2.63;14685
101095;50.71245;4.9198;111;20200606;16.8;7.3;12.1;6.3;8.6;1;4.06;21567
101095;50.71245;4.9198;111;20200607;17.8;9.2;13.5;3.3;9.8;0;3.54;18894
101095;50.71245;4.9198;111;20200608;16;10.8;13.4;2.4;12.3;3;2.42;14103
101095;50.71245;4.9198;111;20200609;15.2;10.8;13;2.8;11.4;0;2.12;9933
101095;50.71245;4.9198;111;20200610;17.1;7.8;12.5;1.3;12;1;2.22;13392
101095;50.71245;4.9198;111;20200611;20.6;12.5;16.6;1.9;13.8;0;3.07;16212
101095;50.71245;4.9198;111;20200612;22.8;11.6;17.2;2.4;14.7;8;3.81;21207
101095;50.71245;4.9198;111;20200613;25.1;13.1;19.1;1.9;14.8;0;4.53;24488
101095;50.71245;4.9198;111;20200614;23;15.1;19.1;3.1;14.5;1;4;18257
101095;50.71245;4.9198;111;20200615;24.6;15;19.8;2.6;14.5;0;4.53;21872
101095;50.71245;4.9198;111;20200616;23.6;14.5;19.1;2.2;14.8;3;3.99;20072
101095;50.71245;4.9198;111;20200617;23.5;15.1;19.3;2.3;15.9;15;3.7;18228
101095;50.71245;4.9198;111;20200618;22.1;13.5;17.8;2.4;14.7;2;3.46;17539
101095;50.71245;4.9198;111;20200619;22.1;12.8;17.5;3.1;13.7;0;4.22;22671
101095;50.71245;4.9198;111;20200620;22.3;11.6;17;1.9;12.6;0;4.01;22103
101095;50.71245;4.9198;111;20200621;24.4;14.1;19.3;4.2;13.8;4;4.61;18970
101095;50.71245;4.9198;111;20200622;23;11.1;17.1;2.1;13.3;0;4.21;23726
101095;50.71245;4.9198;111;20200623;25.7;12.6;19.2;2.2;13.47;0;5.34;29333
101095;50.71245;4.9198;111;20200624;29;16.1;22.6;3.3;14.5;0;6.2;26965
101095;50.71245;4.9198;111;20200625;29.3;14.8;22.1;3.4;14.37;0;6.57;29533
101095;50.71245;4.9198;111;20200626;29.1;17.6;23.4;3.1;17.14;1;5.34;22500
101095;50.71245;4.9198;111;20200627;25.2;18;21.6;4.7;17.2;1;4.58;17900
101095;50.71245;4.9198;111;20200628;22;15.2;18.6;4.2;12.24;1;4.53;19133
101095;50.71245;4.9198;111;20200629;20.3;12;16.2;4.8;11.04;0;4.53;21466
101095;50.71245;4.9198;111;20200630;20.4;11.1;15.8;5.3;13.17;8;3.35;13166
101095;50.71245;4.9198;111;20200701;20.5;16.3;18.4;4.7;18.1;6;2.32;10760
101095;50.71245;4.9198;111;20200702;20.9;13.3;17.1;4.7;13;0;4.03;18621
101095;50.71245;4.9198;111;20200703;21.8;12.1;17;4.6;13.1;0;4.07;19175
101095;50.71245;4.9198;111;20200704;20.2;14.1;17.2;6.8;15.5;1;2.8;11211
101095;50.71245;4.9198;111;20200705;22.6;17.2;19.9;8;16.4;1;4.15;14644
101095;50.71245;4.9198;111;20200706;19.8;11;15.4;4.7;11.1;0;4.17;20764
101095;50.71245;4.9198;111;20200707;21.5;11.5;16.5;2.7;11.6;1;3.98;20210
101095;50.71245;4.9198;111;20200708;16.8;11.5;14.2;3.1;15.6;12;1.35;8114
101095;50.71245;4.9198;111;20200709;24.5;16;20.3;4.7;16.6;0;4.22;17847
101095;50.71245;4.9198;111;20200710;20.2;15.8;18;4;13.6;1;3.67;15622
101095;50.71245;4.9198;111;20200711;20.1;10.1;15.1;2;11.4;0;3.55;20314
101095;50.71245;4.9198;111;20200712;21.3;9.8;15.6;1.9;11.1;0;3.86;22012
101095;50.71245;4.9198;111;20200713;24.7;10.8;17.8;1.4;10.9;0;4.52;25539
101095;50.71245;4.9198;111;20200714;19.6;12.1;15.9;2;14.2;6;2.7;14781
101095;50.71245;4.9198;111;20200715;20.6;12.8;16.7;1.6;13.4;0;3.1;16718
101095;50.71245;4.9198;111;20200716;16.8;13.6;15.2;2.5;15.3;2;1.67;8480
101095;50.71245;4.9198;111;20200717;21.8;14;17.9;1.1;16.1;0;2.6;13638
101095;50.71245;4.9198;111;20200718;26.2;15.8;21;1.8;16.4;0;4.14;20505
101095;50.71245;4.9198;111;20200719;25.2;14.3;19.8;2.8;14.3;0;4.45;20914
101095;50.71245;4.9198;111;20200720;21.6;13.3;17.5;3;12.5;0;4.13;21096
101095;50.71245;4.9198;111;20200721;22;9.8;15.9;2.4;10.7;0;4.08;21952
101095;50.71245;4.9198;111;20200722;22.2;9.3;15.8;1.8;10.5;0;4.05;23334
101095;50.71245;4.9198;111;20200723;26.1;10.8;18.5;1.5;11;0;4.53;24544
101095;50.71245;4.9198;111;20200724;23.8;14.3;19.1;3.4;14.6;1;3.71;15367
101095;50.71245;4.9198;111;20200725;25;15.3;20.2;4.2;15.9;6;3.99;15404
101095;50.71245;4.9198;111;20200726;22.7;15.8;19.3;4.1;14.9;2;3.8;15607
101095;50.71245;4.9198;111;20200727;28.7;15.1;21.9;4.5;12.9;0;5.89;19576
101095;50.71245;4.9198;111;20200728;22.8;16.5;19.7;4.9;13.1;0;4.64;17109
101095;50.71245;4.9198;111;20200729;23.2;11;17.1;2.2;11.8;0;4.19;23005
101095;50.71245;4.9198;111;20200730;28.3;12.9;20.6;1.4;11.4;0;4.71;24604
101095;50.71245;4.9198;111;20200731;36.3;16.9;26.6;2.5;12.7;0;6.87;26395
101095;50.71245;4.9198;111;20200801;28.1;20;24.1;3.1;17.6;0;4.65;17554
101095;50.71245;4.9198;111;20200802;23;14.3;18.7;3.1;14.1;0;3.53;15127
101095;50.71245;4.9198;111;20200803;23.1;12.3;17.7;2.1;12.5;0;3.41;16115
101095;50.71245;4.9198;111;20200804;23.5;11;17.3;1.7;11.1;0;4.13;23632
101095;50.71245;4.9198;111;20200805;29.2;13.6;21.4;3.1;10.1;0;6.06;25418
101095;50.71245;4.9198;111;20200806;32;15.2;23.6;1.5;11.6;0;4.88;22235
101095;50.71245;4.9198;111;20200807;33.8;21.7;27.8;1.8;13.5;0;5.7;24053
101095;50.71245;4.9198;111;20200808;35.9;20.6;28.3;1.5;14;0;5.34;22324
101094;50.69632;4.56668;130;20200501;14.5;7.6;11.1;5.3;9.4;3;2.86;17650
101094;50.69632;4.56668;130;20200502;14.5;6.9;10.7;3.8;8.75;2;2.78;16850
101095;50.71245;4.9198;111;20200101;5.5;-1;2.3;2;6.6;0;0.3;1535
101095;50.71245;4.9198;111;20200102;5.5;0;2.8;4.7;7.5;0;0.05;2637
101095;50.71245;4.9198;111;20200103;9.8;5.3;7.6;5.6;9.5;2;0.47;2037
101095;50.71245;4.9198;111;20200104;7.2;2.9;5.1;3.9;7.7;0;0.36;3019
101095;50.71245;4.9198;111;20200105;6.8;5;5.9;2.8;7.7;0;0.6;1239
101095;50.71245;4.9198;111;20200106;7.9;3.7;5.8;3.8;6.7;1;0.73;3679
101095;50.71245;4.9198;111;20200107;8.3;4;6.2;5.6;8.8;0;0.39;1941
101095;50.71245;4.9198;111;20200108;11.6;6.1;8.9;5.2;12;2;0;1958
101095;50.71245;4.9198;111;20200109;12.1;10.6;11.4;6.7;11.8;8;0.87;753
101095;50.71245;4.9198;111;20200110;8.1;7.1;7.6;3.7;8.9;2;0.63;1540
101095;50.71245;4.9198;111;20200111;6.5;4.2;5.4;5.2;7;0;0.8;2743
101095;50.71245;4.9198;111;20200112;8.3;3.6;6;6.8;8.1;0;0.61;3174
101095;50.71245;4.9198;111;20200113;8.6;5.8;7.2;5.7;8.9;2;0.61;2301
101095;50.71245;4.9198;111;20200114;11.1;8.1;9.6;10.4;9.7;0;1.3;1665
101095;50.71245;4.9198;111;20200115;11.5;9.7;10.6;7.9;8.9;1;1.77;2763
101095;50.71245;4.9198;111;20200116;11.6;4.3;8;3.5;8.7;0;0.59;4503
101095;50.71245;4.9198;111;20200117;9.9;9;9.5;5.7;8.3;1;1.47;2034
101095;50.71245;4.9198;111;20200118;6.9;2.9;4.9;3.7;6.7;0;0.68;3526
101095;50.71245;4.9198;111;20200119;6.3;0.3;3.3;2.3;6.5;0;0.38;3490
101095;50.71245;4.9198;111;20200120;4.7;0.8;2.8;1;7.1;0;0.22;2404
101095;50.71245;4.9198;111;20200121;5.2;-4.3;0.5;1;5.5;0;0.1;5211
101095;50.71245;4.9198;111;20200122;2.4;-4.5;-1;1.1;6;0;0.12;2612
101095;50.71245;4.9198;111;20200123;2.5;1;1.8;2.1;6.8;0;0.27;932
101095;50.71245;4.9198;111;20200124;1.1;1.1;1.1;1.3;6.1;0;0.4;0
101095;50.71245;4.9198;111;20200125;3.2;-0.2;1.5;1.6;6.6;0;0.26;1566
101095;50.71245;4.9198;111;20200126;10.4;0.4;5.4;3.9;8.17;2;0.45;5166
101095;50.71245;4.9198;111;20200127;8.9;6.8;7.9;6.1;9.34;7;0.71;1633
101095;50.71245;4.9198;111;20200128;5.8;3.6;4.7;8;7.1;1;0.83;3071
101095;50.71245;4.9198;111;20200129;7.5;1.9;4.7;6;6.7;0;0.92;4472
101095;50.71245;4.9198;111;20200130;10.3;4.4;7.3;6.4;9.5;2;0.53;3433
101095;50.71245;4.9198;111;20200131;12.3;9;10.6;6.3;11.7;3;0.65;2000
101095;50.71245;4.9198;111;20200201;11.6;10.5;11.1;7;10.6;11;1.25;2516
101095;50.71245;4.9198;111;20200202;12.8;6.3;9.6;7.2;10.4;4;0.93;3074
101095;50.71245;4.9198;111;20200203;10.8;9.8;10.3;6.1;9.8;10;1.28;2076
101095;50.71245;4.9198;111;20200204;5.9;3.8;4.9;4.9;7.6;3;0.59;2752
101095;50.71245;4.9198;111;20200205;7.8;2.7;5.3;1.5;7.2;0;0.5;4445
101095;50.71245;4.9198;111;20200206;7;1.5;4.3;1.5;6.4;0;0.47;6534
101095;50.71245;4.9198;111;20200207;10.8;0;5.4;2.5;5.8;0;0.96;7775
101095;50.71245;4.9198;111;20200208;10.8;4.5;7.7;4.6;8.4;1;0.98;4715
101095;50.71245;4.9198;111;20200209;12.2;6.6;9.4;12.8;9.4;8;1.59;4198
101095;50.71245;4.9198;111;20200210;9.1;7.3;8.2;10.4;7.5;3;1.95;3282
101095;50.71245;4.9198;111;20200211;7.8;3.2;5.5;8.6;5.7;0;1.85;6071
101095;50.71245;4.9198;111;20200212;7.5;2.8;5.2;6.7;6.2;1;1.38;5580
101095;50.71245;4.9198;111;20200213;9;3.5;6.3;6.5;7.9;6;0.96;5089
101095;50.71245;4.9198;111;20200214;9.3;5.3;7.3;4.4;7.9;0;1.06;4623
101095;50.71245;4.9198;111;20200215;12.6;7.1;9.9;8.6;9.1;1;1.72;5827
101095;50.71245;4.9198;111;20200216;17;10.5;13.8;12.9;10.7;6;3.01;3094
101095;50.71245;4.9198;111;20200217;10.6;6.8;8.7;8.4;7.9;2;1.83;5808
101095;50.71245;4.9198;111;20200218;8.7;4.8;6.8;7.9;7.6;3;1.32;5475
101095;50.71245;4.9198;111;20200219;7.3;3.2;5.3;6.5;7.3;1;0.97;6426
101095;50.71245;4.9198;111;20200220;10.4;5;7.7;8.1;8.5;5;1.27;4813
101095;50.71245;4.9198;111;20200221;8.9;2.4;5.7;7.1;6.9;0;1.35;6038
101095;50.71245;4.9198;111;20200222;9.4;4.6;7;9;8.5;2;1.06;5565
101095;50.71245;4.9198;111;20200223;12.2;8.8;10.5;8.2;10.3;4;1.39;2500
101095;50.71245;4.9198;111;20200224;11.6;5.1;8.4;6.2;9.4;3;1.04;3547
101095;50.71245;4.9198;111;20200225;9.7;6.5;8.1;7.3;7.6;5;1.73;5434
101095;50.71245;4.9198;111;20200226;4.8;0.4;2.6;6;6.5;6;0.68;5220
101095;50.71245;4.9198;111;20200227;2.4;1.6;2;4.3;6.4;10;0.51;2261
101095;50.71245;4.9198;111;20200228;7.2;0.6;3.9;6.4;6.8;3;0.94;5866
101095;50.71245;4.9198;111;20200229;12.9;4.4;8.7;9.2;8.3;3;1.96;8510
101094;50.69632;4.56668;130;20201101;17.2;10.2;13.7;6;14.73;3;0.75;2908
101094;50.69632;4.56668;130;20201102;18.9;16.5;17.7;7.3;14.47;4;2.35;2706
101094;50.69632;4.56668;130;20201103;11.9;6.7;9.3;4.8;8.73;0;1.22;6125
101094;50.69632;4.56668;130;20201104;11;2.9;7;1.7;7.77;0;0.56;6930
101094;50.69632;4.56668;130;20201105;10.6;1.2;5.9;1.3;7.27;0;0.46;6668
101094;50.69632;4.56668;130;20201106;11.8;0.8;6.3;2.3;6.7;0;0.84;6988
101094;50.69632;4.56668;130;20201107;16.7;2.3;9.5;2.5;9.43;0;0.89;6568
101094;50.69632;4.56668;130;20201108;17.9;7.6;12.8;3.2;11.4;0;1.14;4941
101094;50.69632;4.56668;130;20201109;17.1;9.8;13.4;2.3;12.17;0;0.83;4131
101094;50.69632;4.56668;130;20201110;13.9;9.6;11.7;1.7;12.6;3;0.46;2730
101094;50.69632;4.56668;130;20201111;13;8.6;10.8;3.2;11.77;1;0.54;3260
101094;50.69632;4.56668;130;20201112;12.5;10;11.2;4.9;10.03;0;1.22;3758
101094;50.69632;4.56668;130;20201113;13.9;5.6;9.7;4.5;11.17;0;0.61;2890
101094;50.69632;4.56668;130;20201114;15;11.7;13.4;4.9;11.9;0;1.2;4273
101094;50.69632;4.56668;130;20201115;15.2;12.8;14;7.5;10.87;8;2.22;2204
101094;50.69632;4.56668;130;20201116;11.3;7.8;9.5;5.5;10.53;1;0.71;2254
101094;50.69632;4.56668;130;20201117;12.1;9.3;10.7;5.3;10.9;0;0.93;1806
101094;50.69632;4.56668;130;20201118;15.9;8.5;12.2;5;10.13;0;1.37;5699
101094;50.69632;4.56668;130;20201119;10.4;8.1;9.3;4.4;9.03;1;1;2830
101094;50.69632;4.56668;130;20201120;7.4;1.8;4.6;2.5;6.6;0;0.46;4779
101094;50.69632;4.56668;130;20201121;9.6;2.5;6.1;5.6;7.97;0;0.71;3736
101094;50.69632;4.56668;130;20201122;8.7;7.6;8.1;3.7;10.1;1;0.46;1173
101094;50.69632;4.56668;130;20201123;9.8;7.2;8.5;2;9.93;0;0.34;2938
101094;50.69632;4.56668;130;20201124;10.4;7.3;8.9;3.5;8.87;0;0.69;4249
101094;50.69632;4.56668;130;20201125;9.9;3.9;6.9;3.8;8.07;0;0.63;3852
101094;50.69632;4.56668;130;20201126;11.9;5.4;8.7;1.7;8.83;0;0.44;3430
101094;50.69632;4.56668;130;20201127;8;3.6;5.8;1.5;8.7;0;0.23;2431
101094;50.69632;4.56668;130;20201128;11.4;3;7.2;2.6;8.17;0;0.5;4289
101094;50.69632;4.56668;130;20201129;2.9;2;2.4;2.4;6.4;0;0.37;1617
101094;50.69632;4.56668;130;20201130;2.8;-2.2;0.3;3.9;6.57;6;0.07;1397
101094;50.69632;4.56668;130;20201201;8.4;2.8;5.6;4.6;8.73;4;0.33;1646
101094;50.69632;4.56668;130;20201202;6.3;6;6.1;2.3;8.65;0;0.44;600
101094;50.69632;4.56668;130;20201203;5.5;5;5.2;5.6;8;3;0.55;550
101094;50.69632;4.56668;130;20201204;6.9;5.1;6;6.4;6.85;0;1.15;2050
101094;50.69632;4.56668;130;20201205;4.8;1.1;2.9;3.5;6.05;0;0.64;1250
101094;50.69632;4.56668;130;20201206;2;-1.4;0.3;1.4;6.05;0;0.22;1700
101094;50.69632;4.56668;130;20201207;3.5;-0.4;1.5;2.6;6.3;0;0.23;2050
101094;50.69632;4.56668;130;20201208;4.3;0.2;2.2;1.7;6.2;0;0.17;3161
101094;50.69632;4.56668;130;20201209;3;-0.5;1.3;3.6;6.27;0;0.28;1529
101094;50.69632;4.56668;130;20201210;4.6;1.8;3.2;3.7;6.1;0;0.56;2429
101094;50.69632;4.56668;130;20201211;5.9;0.5;3.2;5.1;7.53;5;0.27;1156
101094;50.69632;4.56668;130;20201212;8.5;5.9;7.2;3;9.93;2;0.27;1195
101094;50.69632;4.56668;130;20201213;7;5.8;6.4;5.1;8.33;1;0.52;2462
101094;50.69632;4.56668;130;20201214;10.4;5.9;8.1;5.5;10.2;6;0.39;1875
101094;50.69632;4.56668;130;20201215;10.1;8.6;9.3;3.4;10.27;3;0.56;1542
101094;50.69632;4.56668;130;20201216;10.5;4.7;7.6;4.3;9.57;2;0.32;3115
101094;50.69632;4.56668;130;20201217;10.3;8.2;9.2;4.6;9.53;1;0.71;2640
101094;50.69632;4.56668;130;20201218;11.1;6.4;8.7;5.3;9.07;0;0.77;3412
101094;50.69632;4.56668;130;20201219;11.2;6.8;9;5.7;9.73;0;0.85;1433
101094;50.69632;4.56668;130;20201220;10.4;8.6;9.5;4.4;9.37;0;0.91;1714
101094;50.69632;4.56668;130;20201221;8.9;5.7;7.3;6.3;10.1;4;0.32;850
101094;50.69632;4.56668;130;20201222;13.2;9.3;11.3;5.2;13.05;7;0.3;1200
101094;50.69632;4.56668;130;20201223;12.2;11;11.6;4.9;11.65;9;0.97;150
101094;50.69632;4.56668;130;20201224;7;6.6;6.8;4.7;7.95;3;0.92;600
101094;50.69632;4.56668;130;20201225;5.4;0.9;3.2;2.8;6.6;0;0.27;2941
101094;50.69632;4.56668;130;20201226;4.7;1;2.8;6;6.7;1;0.44;1956
101094;50.69632;4.56668;130;20201227;4.8;3.1;4;9.1;7.3;12;0.6;614
101094;50.69632;4.56668;130;20201228;4.4;2.7;3.6;3;6.77;1;0.5;1140
101094;50.69632;4.56668;130;20201229;4.2;-0.3;2;2.7;6.6;0;0.24;1812
101094;50.69632;4.56668;130;20201230;4.6;1.2;2.9;2.9;6.9;4;0.27;1960
101094;50.69632;4.56668;130;20201231;3.2;1.7;2.4;1.7;6.77;1;0.29;1141
101095;50.71245;4.9198;111;20201220;10.6;8.6;9.6;4.9;9.4;0;0.95;1943
101095;50.71245;4.9198;111;20201221;8.6;5.7;7.2;6.3;9.94;4;0.39;833
101095;50.71245;4.9198;111;20201222;13.4;9.3;11.4;5.2;13.07;8;0.31;1300
101095;50.71245;4.9198;111;20201223;12.3;11;11.7;4.8;11.7;9;0.92;266
101095;50.71245;4.9198;111;20201224;6.9;6.5;6.7;4.4;7.97;4;0.91;600
101095;50.71245;4.9198;111;20201225;5.5;1;3.3;2.2;6.5;0;0.23;3124
101095;50.71245;4.9198;111;20201226;4.8;1;2.9;6.7;6.7;0;0.43;2370
101095;50.71245;4.9198;111;20201227;4.7;3;3.9;10.5;7.2;9;0.58;1143
101095;50.71245;4.9198;111;20201228;4.3;3;3.7;2.5;6.8;1;0.45;1220
101095;50.71245;4.9198;111;20201229;4.3;-0.6;1.9;2.9;6.5;0;0.23;2036
101095;50.71245;4.9198;111;20201230;4.8;1.6;3.2;3.1;6.9;4;0.34;1781
101095;50.71245;4.9198;111;20201231;3.5;1.7;2.6;1.2;6.8;1;0.23;1624
101094;50.69632;4.56668;130;20200401;10;-1.5;4.2;1.8;4.7;0;2.03;18810
101094;50.69632;4.56668;130;20200402;9.3;-0.8;4.3;2.6;6.17;0;1.55;12356
101094;50.69632;4.56668;130;20200403;11;4.3;7.6;3.1;6.47;0;2.07;11964
101094;50.69632;4.56668;130;20200404;15.1;5;10;2.7;5.97;0;2.84;16660
101094;50.69632;4.56668;130;20200405;21.6;4.7;13.2;3.7;6.27;0;4.31;20035
101094;50.69632;4.56668;130;20200406;21.2;10.7;15.9;4.4;8.27;0;4.37;18110
101094;50.69632;4.56668;130;20200407;19.9;7.4;13.7;2.3;10.6;0;2.89;18315
101094;50.69632;4.56668;130;20200408;24;9.5;16.8;2;8.53;1;3.64;18427
101094;50.69632;4.56668;130;20200409;21.8;8.8;15.3;2.6;9.67;0;3.62;20031
101094;50.69632;4.56668;130;20200410;20.6;8;14.3;3.4;9.07;0;3.71;19433
101094;50.69632;4.56668;130;20200411;22.5;7;14.8;2.1;8.3;0;3.63;20387
101094;50.69632;4.56668;130;20200412;22.9;8.5;15.7;2;8.87;0;3.39;17553
101094;50.69632;4.56668;130;20200413;11;8.1;9.6;5.3;6.93;0;2.81;12963
101094;50.69632;4.56668;130;20200414;9.8;1.5;5.7;2.8;5.3;0;2.28;15637
101094;50.69632;4.56668;130;20200415;16.9;0.9;8.9;2.3;6.07;0;3.06;19975
101094;50.69632;4.56668;130;20200416;23.1;5.6;14.4;2.2;8.23;0;3.71;19693
101094;50.69632;4.56668;130;20200417;20.9;7.4;14.1;3;9.43;0;3.75;20514
101094;50.69632;4.56668;130;20200418;16.2;9;12.6;2.4;10.6;6;2.14;11169
101094;50.69632;4.56668;130;20200419;14.7;5.9;10.3;2.8;10;0;1.72;8969
101094;50.69632;4.56668;130;20200420;18.9;6;12.5;5.8;6.1;0;4.99;23496
101094;50.69632;4.56668;130;20200421;20.5;6.8;13.6;5.8;5.7;0;5.5;22705
101094;50.69632;4.56668;130;20200422;21.6;7.2;14.4;4.5;6.53;0;5.23;24194
101094;50.69632;4.56668;130;20200423;22.7;6.8;14.8;1.8;7.23;0;4.03;23639
101094;50.69632;4.56668;130;20200424;19.5;7.6;13.5;2.9;8.5;0;3.72;20923
101094;50.69632;4.56668;130;20200425;15;5.7;10.3;2.9;7.8;0;3.02;19948
101094;50.69632;4.56668;130;20200426;17.6;3.1;10.3;1.6;7.77;0;3.16;23251
101094;50.69632;4.56668;130;20200427;21.9;4.8;13.4;2.5;8.63;0;3.91;22240
101094;50.69632;4.56668;130;20200428;16.6;9.2;12.9;3.2;11.43;6;2.16;10428
101094;50.69632;4.56668;130;20200429;16.1;10.1;13.1;4.7;10.9;3;2.65;12850
101094;50.69632;4.56668;130;20200430;14.6;8.1;11.4;5.1;9.37;2;2.92;17314
101094;50.69632;4.56668;130;20200503;16.5;3.8;10.1;1.9;9.15;0;2.3;14300
101094;50.69632;4.56668;130;20200504;15.7;10.9;13.3;3.4;10.15;0;2.58;11500
101094;50.69632;4.56668;130;20200505;15.1;5.1;10.1;4.3;6.57;0;3.88;23739
101094;50.69632;4.56668;130;20200506;17.4;3.1;10.2;2.6;6.3;0;3.96;26322
101094;50.69632;4.56668;130;20200507;20.6;5;12.8;1.6;7.37;0;3.77;23742
101094;50.69632;4.56668;130;20200508;21.8;8;14.9;1.9;8.63;0;3.79;20845
101094;50.69632;4.56668;130;20200509;24;10.9;17.5;2;10.8;1;4.27;22371
101094;50.69632;4.56668;130;20200510;19.3;14.2;16.8;3.7;13.2;1;2.64;8443
101094;50.69632;4.56668;130;20200511;11.8;5.2;8.5;7.4;5.97;0;3.72;20778
101094;50.69632;4.56668;130;20200512;11.9;1.8;6.8;2.1;5.9;0;2.74;20044
101094;50.69632;4.56668;130;20200513;13.4;2.2;7.8;3.1;6.37;0;2.81;17338
101094;50.69632;4.56668;130;20200514;13.8;1.9;7.9;4.9;5.6;0;3.81;24273
101094;50.69632;4.56668;130;20200515;15.5;2.5;9;3.8;6.37;0;4;27470
101094;50.69632;4.56668;130;20200516;17.3;4;10.7;2.3;7.4;0;3.48;22368
101094;50.69632;4.56668;130;20200517;19.2;4.5;11.9;1.8;8;0;3.84;25435
101094;50.69632;4.56668;130;20200518;22.8;8.5;15.6;2.9;8.6;0;4.96;26183
101094;50.69632;4.56668;130;20200519;23.3;8.5;15.9;2.8;10.1;0;4.81;26342
101094;50.69632;4.56668;130;20200520;23.3;10.8;17;2.4;12.3;0;4.53;25724
101094;50.69632;4.56668;130;20200521;27.1;11;19.1;1.5;12.73;0;4.74;25814
101094;50.69632;4.56668;130;20200522;25;17.1;21;4.4;13.4;0;4.64;14194
101094;50.69632;4.56668;130;20200523;19.1;12.1;15.6;5.8;8.57;0;4.94;19530
101094;50.69632;4.56668;130;20200524;17.3;9.1;13.2;3.8;11;0;2.65;12533
101094;50.69632;4.56668;130;20200525;21.8;10.9;16.4;2.7;11.6;0;4.33;23988
101094;50.69632;4.56668;130;20200526;23.2;9.3;16.2;2.4;10.87;0;4.6;25664
101094;50.69632;4.56668;130;20200527;23;10.7;16.9;2.8;10.43;0;5;26890
101094;50.69632;4.56668;130;20200528;20.8;8.6;14.7;4.1;8.2;0;5.38;28973
101094;50.69632;4.56668;130;20200529;22.3;7.8;15;3.2;7.93;0;5.36;28949
101094;50.69632;4.56668;130;20200530;23.5;8.9;16.2;3;7.95;0;5.59;29350
101094;50.69632;4.56668;130;20200531;21.6;10.3;15.9;3.6;8.27;0;5.26;26292
101094;50.69632;4.56668;130;20200601;25.6;10.6;18.1;3.3;9.57;0;5.84;27708
101094;50.69632;4.56668;130;20200602;27.6;11.5;19.5;1.9;9.9;0;5.31;26214
101094;50.69632;4.56668;130;20200603;23.4;11.7;17.5;2.7;11.3;0;4.59;22883
101094;50.69632;4.56668;130;20200604;14.1;13;13.6;3.5;11.7;4;1.79;4965
101094;50.69632;4.56668;130;20200605;14.8;8.5;11.6;4.5;10.33;12;2.34;11328
101094;50.69632;4.56668;130;20200606;16.3;7.1;11.7;5.8;8.63;1;3.94;22789
101094;50.69632;4.56668;130;20200607;18.3;9.4;13.8;3.6;9.93;0;3.76;19731
101094;50.69632;4.56668;130;20200608;15.7;10.7;13.2;2.7;12.33;4;2.22;12534
101094;50.69632;4.56668;130;20200609;15.1;10.7;12.9;3.2;11.23;0;2.12;9277
101094;50.69632;4.56668;130;20200610;16.8;8.2;12.5;1.7;11.73;1;2.14;11997
101094;50.69632;4.56668;130;20200611;20.4;12.5;16.5;2.4;13.77;0;3.24;17137
101094;50.69632;4.56668;130;20200612;22.5;11.5;17;2.7;14.47;7;3.38;17069
101094;50.69632;4.56668;130;20200613;25;12.7;18.8;2.3;14.7;0;4.73;25696
101094;50.69632;4.56668;130;20200614;22.7;14.6;18.7;2.8;14.1;0;3.94;18652
101094;50.69632;4.56668;130;20200615;24.4;14;19.2;2.3;14.27;0;4.7;24824
101094;50.69632;4.56668;130;20200616;23.4;13.9;18.6;2.1;14.43;4;4.06;21224
101094;50.69632;4.56668;130;20200617;23;14;18.5;2.3;15.73;15;3.15;15042
101094;50.69632;4.56668;130;20200618;21.9;13.6;17.8;2.4;14.67;2;3.66;19146
101094;50.69632;4.56668;130;20200619;21.5;12.5;17;3.2;13.53;0;3.98;21657
101094;50.69632;4.56668;130;20200620;22;11.1;16.6;1.9;12.5;0;3.99;22501
101094;50.69632;4.56668;130;20200621;23.7;13.4;18.6;3.9;13.73;5;4.36;19356
101094;50.69632;4.56668;130;20200622;22.7;11.1;16.9;2.1;13.2;0;4.22;24175
101094;50.69632;4.56668;130;20200623;26;11.7;18.8;2.2;13.3;0;5.33;29150
101094;50.69632;4.56668;130;20200624;29.2;15.3;22.3;3;14.07;0;6.31;28755
101094;50.69632;4.56668;130;20200625;29.3;14.8;22.1;2.9;14;0;6.36;29450
101094;50.69632;4.56668;130;20200626;28.6;17.4;23;3.2;17.05;1;5.17;21700
101094;50.69632;4.56668;130;20200627;24.6;18;21.3;4.2;17.2;1;4.25;17850
101094;50.69632;4.56668;130;20200628;21.8;14.9;18.4;4;11.7;0;4.7;20550
101094;50.69632;4.56668;130;20200629;20;12.3;16.1;5.1;10.65;0;4.59;20800
101094;50.69632;4.56668;130;20200630;20.1;11.6;15.9;5;13.35;11;3.01;12050
101094;50.69632;4.56668;130;20200701;20.2;16.4;18.3;4.1;17.1;5;2.42;10086
101094;50.69632;4.56668;130;20200702;20.7;13.3;17;4.2;13.07;0;3.91;18473
101094;50.69632;4.56668;130;20200703;21.4;12.2;16.8;4.4;13.03;0;3.84;17558
101094;50.69632;4.56668;130;20200704;20.1;14.1;17.1;5.9;15.33;1;2.75;10937
101094;50.69632;4.56668;130;20200705;22.3;17.1;19.7;7.2;16.3;1;3.86;13414
101094;50.69632;4.56668;130;20200706;19.5;10.8;15.1;4.5;10.97;0;4.21;22221
101094;50.69632;4.56668;130;20200707;21.2;11.2;16.2;2.9;11.43;2;3.97;20236
101094;50.69632;4.56668;130;20200708;16.8;11.9;14.3;3.3;15.4;10;1.26;6171
101094;50.69632;4.56668;130;20200709;24.3;15.9;20.1;4.1;16.57;0;3.89;16149
101094;50.69632;4.56668;130;20200710;19.6;15.8;17.7;4.1;13.57;1;3.67;16440
101094;50.69632;4.56668;130;20200711;20.3;8.9;14.6;2.2;11.37;0;3.6;20904
101094;50.69632;4.56668;130;20200712;21.1;10.1;15.6;2.5;11.07;0;4.22;24237
101094;50.69632;4.56668;130;20200713;24.5;10.6;17.6;1.9;10.8;0;4.84;26779
101094;50.69632;4.56668;130;20200714;19.3;12.3;15.8;2.3;14.07;4;2.36;11393
101094;50.69632;4.56668;130;20200715;20.3;12.9;16.6;1.5;13.47;1;2.79;14239
101094;50.69632;4.56668;130;20200716;17.1;13.7;15.4;2.6;15.07;2;1.68;7460
101094;50.69632;4.56668;130;20200717;21.5;14.2;17.9;1.4;15.8;0;2.46;11846
101094;50.69632;4.56668;130;20200718;25.5;14;19.7;2.2;15.93;0;4.23;22368
101094;50.69632;4.56668;130;20200719;25;12.9;18.9;2.8;13.97;0;4.6;23571
101094;50.69632;4.56668;130;20200720;21.3;13.5;17.4;3.4;12.13;0;4.41;22565
101094;50.69632;4.56668;130;20200721;21.7;9.4;15.6;3;10.37;0;4.49;25117
101094;50.69632;4.56668;130;20200722;21.5;8.9;15.2;2.3;10.17;0;4.23;24778
101094;50.69632;4.56668;130;20200723;25.9;9.8;17.9;1.8;10.6;0;4.58;24148
101094;50.69632;4.56668;130;20200724;23.3;14.2;18.8;3.1;14.3;2;3.4;13355
101094;50.69632;4.56668;130;20200725;24.5;15.4;20;3.8;15.57;6;3.46;11368
101094;50.69632;4.56668;130;20200726;22.6;15.7;19.2;3.9;14.53;2;3.96;17235
101094;50.69632;4.56668;130;20200727;28.7;14.4;21.5;4.3;12.63;0;5.66;18425
101094;50.69632;4.56668;130;20200728;22.4;16.4;19.4;4.8;12.93;0;4.72;18936
101094;50.69632;4.56668;130;20200729;22.9;10.9;16.9;2.3;11.5;0;4.22;23068
101094;50.69632;4.56668;130;20200730;28.3;12.1;20.2;1.9;11.17;0;5.05;25134
101094;50.69632;4.56668;130;20200731;36.3;15.8;26;2.5;12.47;0;6.73;25598
101094;50.69632;4.56668;130;20200801;27.9;19.6;23.7;3;17;0;4.59;17351
101094;50.69632;4.56668;130;20200802;23.1;14.5;18.8;3.1;13.7;0;3.65;15042
101094;50.69632;4.56668;130;20200803;22.9;11.6;17.2;2.3;12.33;1;3.34;15438
101094;50.69632;4.56668;130;20200804;23.3;10.5;16.9;1.9;11;0;4.06;22544
101094;50.69632;4.56668;130;20200805;28.9;12.6;20.8;2.8;9.9;0;5.79;25272
101094;50.69632;4.56668;130;20200806;31.8;14.3;23.1;1.7;11.4;0;5.1;23278
101094;50.69632;4.56668;130;20200807;33.7;19.6;26.7;1.9;13.17;0;5.7;24084
101094;50.69632;4.56668;130;20200808;35.8;19;27.4;1.8;13.43;0;5.57;21841
101094;50.69632;4.56668;130;20200809;33.1;22.1;27.6;2.5;16.87;0;5.24;17363
101094;50.69632;4.56668;130;20200810;34.3;19.8;27;2.1;17.17;0;5.21;19829
101094;50.69632;4.56668;130;20200811;33;21.6;27.3;2;18.53;0;4.48;15747
101094;50.69632;4.56668;130;20200812;33.5;19;26.2;2;19.33;0;4.97;20890
101094;50.69632;4.56668;130;20200813;31.3;20.6;25.9;3;20.3;1;4.64;16775
101094;50.69632;4.56668;130;20200814;26.8;18.6;22.7;3;19.2;1;3.64;14843
101094;50.69632;4.56668;130;20200815;26;17;21.5;1.7;19.87;1;2.89;13929
101094;50.69632;4.56668;130;20200816;30;17.1;23.5;1.9;19.17;7;3.8;16596
101094;50.69632;4.56668;130;20200817;24.7;16.4;20.5;3;16.27;1;3.7;17163
101094;50.69632;4.56668;130;20200818;24;14.6;19.3;2.2;16;1;3.3;17126
101094;50.69632;4.56668;130;20200819;26.9;14.9;20.9;3.8;16.2;3;3.89;14259
101094;50.69632;4.56668;130;20200820;32.1;18.1;25.1;3.5;18.83;1;4.62;13858
101094;50.69632;4.56668;130;20200821;28.4;19.2;23.8;4.7;15.97;2;5.25;16916
101094;50.69632;4.56668;130;20200822;23.2;16.5;19.8;4.4;14.07;0;3.79;12618
101094;50.69632;4.56668;130;20200823;20.2;14.8;17.5;4.7;14.5;1;2.82;11155
101094;50.69632;4.56668;130;20200824;19.8;13.7;16.8;3.9;14.03;0;2.71;12311
101094;50.69632;4.56668;130;20200825;24.1;13.1;18.6;5.1;14.83;2;3.27;9583
101094;50.69632;4.56668;130;20200826;19.9;15.9;17.9;6.4;13.53;0;3.25;8238
101094;50.69632;4.56668;130;20200827;22.4;11.7;17;3;13.53;2;2.94;13812
101094;50.69632;4.56668;130;20200828;20.7;14.6;17.6;5.3;13.57;2;3.2;11096
101094;50.69632;4.56668;130;20200829;18.2;11.9;15;3;12.97;1;1.99;8167
101094;50.69632;4.56668;130;20200830;19.8;10.8;15.3;3;13.67;9;2.31;12034
101094;50.69632;4.56668;130;20200831;18.8;12.9;15.9;2.7;11.9;0;2.48;10684
101094;50.69632;4.56668;130;20200901;18.9;9.5;14.2;2.2;10.77;0;2.47;13030
101094;50.69632;4.56668;130;20200902;20.4;9.7;15;1.4;11.03;0;2.51;15111
101094;50.69632;4.56668;130;20200903;21.5;12;16.8;3.8;14.4;0;2.18;6515
101094;50.69632;4.56668;130;20200904;20.4;17.6;19;3.1;17.17;3;1.89;6321
101094;50.69632;4.56668;130;20200905;18.8;13.3;16.1;2.7;12.2;1;2.57;12655
101094;50.69632;4.56668;130;20200906;19.3;8.9;14.1;2.1;10.6;0;2.38;12762
101094;50.69632;4.56668;130;20200907;21.1;8.2;14.7;2.1;11.13;0;2.73;16244
101094;50.69632;4.56668;130;20200908;19.1;13.2;16.1;3;15.33;1;1.57;6005
101094;50.69632;4.56668;130;20200909;24;15.9;19.9;3.3;17.2;0;2.61;10505
101094;50.69632;4.56668;130;20200910;20.8;12.8;16.8;2;11.2;0;2.8;14851
101094;50.69632;4.56668;130;20200911;23.3;8.4;15.8;1.5;11.9;0;2.51;14798
101094;50.69632;4.56668;130;20200912;21.2;10.8;16;2.2;12.3;0;2.59;14761
101094;50.69632;4.56668;130;20200913;24.7;10.7;17.7;1.8;13.4;0;2.66;14102
101094;50.69632;4.56668;130;20200914;31.6;12.2;21.9;1.7;13.4;0;3.47;15077
101094;50.69632;4.56668;130;20200915;34.5;17.7;26.1;1.8;13.6;0;3.77;12994
101094;50.69632;4.56668;130;20200916;27.9;16.3;22.1;3.3;16;0;3.52;11911
101094;50.69632;4.56668;130;20200917;20;10.6;15.3;4.5;10.53;0;3.27;14539
101094;50.69632;4.56668;130;20200918;23.8;8.2;16;3.7;10.53;0;3.47;14001
101094;50.69632;4.56668;130;20200919;27.7;11.5;19.6;2.4;12.37;0;3.35;13522
101094;50.69632;4.56668;130;20200920;25;13.7;19.3;2.4;9.93;0;3.26;11787
101094;50.69632;4.56668;130;20200921;24.6;7.2;15.9;1.4;10.23;0;2.41;13705
101094;50.69632;4.56668;130;20200922;24.1;8.9;16.5;1.5;11.4;0;2.32;13386
101094;50.69632;4.56668;130;20200923;21.9;12.3;17.1;5.1;13;8;2.92;8513
101094;50.69632;4.56668;130;20200924;17.3;11;14.2;5.7;11.67;3;2.32;8886
101094;50.69632;4.56668;130;20200925;12.7;8.1;10.4;6.3;10.37;13;1.44;6554
101094;50.69632;4.56668;130;20200926;12.6;8.7;10.6;5.7;11.53;34;1.09;7912
101094;50.69632;4.56668;130;20200927;15;10.6;12.8;4.1;12.8;6;1.27;6340
101094;50.69632;4.56668;130;20200928;14.2;10.9;12.6;3.2;13.43;15;0.75;1725
101094;50.69632;4.56668;130;20200929;17.5;11.3;14.4;2.7;14.57;1;1.34;9637
101094;50.69632;4.56668;130;20200930;18.8;13;15.9;3.2;15.1;1;1.48;7222
101094;50.69632;4.56668;130;20201001;14.8;13.7;14.2;4;13.03;7;1.38;3766
101094;50.69632;4.56668;130;20201002;15.1;8.8;12;3.7;12.45;8;1;3800
101094;50.69632;4.56668;130;20201003;14;11.6;12.8;3;12;2;1.24;5519
101094;50.69632;4.56668;130;20201004;14.1;9.2;11.6;6.7;10.5;2;1.81;7779
101094;50.69632;4.56668;130;20201005;13.9;9.2;11.6;5.9;11.87;3;1.17;5489
101094;50.69632;4.56668;130;20200101;5.5;1;3.3;2.2;6.53;0;0.24;3311
101094;50.69632;4.56668;130;20200102;5.4;0.2;2.8;4.2;7.57;0;0.12;1745
101094;50.69632;4.56668;130;20200103;9.6;5.3;7.4;5.5;9.5;3;0.52;1179
101094;50.69632;4.56668;130;20200104;7.1;2.6;4.9;3.6;7.73;0;0.26;3439
101094;50.69632;4.56668;130;20200105;6.8;5;5.9;2.5;7.8;0;0.57;1146
101094;50.69632;4.56668;130;20200106;8;3.7;5.9;3.9;6.8;1;0.68;4259
101094;50.69632;4.56668;130;20200107;8.1;4;6;4.9;8.87;0;0.35;1713
101094;50.69632;4.56668;130;20200108;11.5;6.1;8.8;4.7;12.03;2;0.04;1119
101094;50.69632;4.56668;130;20200109;12;10.5;11.3;6.3;11.93;8;0.78;784
101094;50.69632;4.56668;130;20200110;7.9;7.3;7.6;3.7;9.03;2;0.59;1646
101094;50.69632;4.56668;130;20200111;6.6;4.1;5.3;4.9;7.03;0;0.77;2881
101094;50.69632;4.56668;130;20200112;8.3;3.8;6.1;6.3;8.17;0;0.7;1991
101094;50.69632;4.56668;130;20200113;8.6;5.8;7.2;5.6;9.1;2;0.54;2167
101094;50.69632;4.56668;130;20200114;11;8;9.5;9.6;9.73;1;1.26;1321
101094;50.69632;4.56668;130;20200115;11.4;9.7;10.6;7;8.9;1;1.7;2454
101094;50.69632;4.56668;130;20200116;11.5;3.6;7.6;4.3;8.77;0;0.58;4801
101094;50.69632;4.56668;130;20200117;9.9;9;9.4;5.6;8.3;1;1.5;1678
101094;50.69632;4.56668;130;20200118;6.7;3;4.9;3.6;6.77;0;0.61;4075
101094;50.69632;4.56668;130;20200119;6.4;-0.1;3.1;2.8;6.53;0;0.39;3730
101094;50.69632;4.56668;130;20200120;4.6;0.6;2.6;1.5;7.1;0;0.22;2468
101094;50.69632;4.56668;130;20200121;5.1;-3.1;1;1.3;5.57;0;0.12;5803
101094;50.69632;4.56668;130;20200122;2.7;-3.8;-0.5;1.5;6.1;0;0.13;2837
101094;50.69632;4.56668;130;20200123;2.5;1.2;1.9;2.4;6.8;0;0.27;1210
101094;50.69632;4.56668;130;20200124;1;1;1;1.6;6.13;0;0.35;533
101094;50.69632;4.56668;130;20200125;3.1;-0.3;1.4;1.7;6.6;0;0.26;1650
101094;50.69632;4.56668;130;20200126;10.3;0.4;5.3;4.1;8.3;2;0.42;5200
101094;50.69632;4.56668;130;20200127;8.8;6.8;7.8;5.8;9.45;6;0.64;1750
101094;50.69632;4.56668;130;20200128;5.8;3.4;4.6;7.1;7.13;1;0.73;3790
101094;50.69632;4.56668;130;20200129;7.4;1.9;4.7;5.3;6.8;0;0.81;5057
101094;50.69632;4.56668;130;20200130;10;4.5;7.2;6;9.55;2;0.48;3150
101094;50.69632;4.56668;130;20200131;12;9.1;10.5;6.3;11.75;5;0.62;1950
101094;50.69632;4.56668;130;20200201;11.6;10.6;11.1;6.2;10.67;10;1.19;2138
101094;50.69632;4.56668;130;20200202;12.6;6.3;9.5;6.2;10.57;4;0.82;2391
101094;50.69632;4.56668;130;20200203;10.7;9.7;10.2;5.6;9.97;10;1.14;2325
101094;50.69632;4.56668;130;20200204;5.9;3.8;4.8;5.2;7.6;3;0.61;2517
101094;50.69632;4.56668;130;20200205;7.8;2.3;5.1;1.7;7.1;0;0.51;4848
101094;50.69632;4.56668;130;20200206;7.3;0.8;4.1;1.5;6.5;0;0.45;7044
101094;50.69632;4.56668;130;20200207;10.6;-0.4;5.1;3.4;5.8;0;1.11;8225
101094;50.69632;4.56668;130;20200208;10.6;4.8;7.7;4.2;8.53;2;0.95;3305
101094;50.69632;4.56668;130;20200209;12;6.6;9.3;11.3;9.43;9;1.49;3399
101094;50.69632;4.56668;130;20200210;9.1;7.3;8.2;10.5;7.57;3;1.89;4060
101094;50.69632;4.56668;130;20200211;7.5;3.2;5.4;8.3;5.83;0;1.71;5923
101094;50.69632;4.56668;130;20200212;7.4;2.9;5.1;6;6.27;1;1.29;6160
101094;50.69632;4.56668;130;20200213;9;3.5;6.2;6.4;7.9;7;0.98;4029
101094;50.69632;4.56668;130;20200214;9.3;5.2;7.3;4.5;7.93;0;1.07;4374
101094;50.69632;4.56668;130;20200215;12.3;7.2;9.7;7.7;9.1;2;1.61;5909
101094;50.69632;4.56668;130;20200216;16.7;10.6;13.7;11.4;10.67;6;2.84;3131
101094;50.69632;4.56668;130;20200217;10.3;6.8;8.5;7.5;7.93;2;1.68;6202
101094;50.69632;4.56668;130;20200218;8.6;4.8;6.7;7.2;7.63;3;1.26;5091
101094;50.69632;4.56668;130;20200219;7.4;3.6;5.5;6;7.43;1;0.96;7508
101094;50.69632;4.56668;130;20200220;10.2;5.1;7.7;7.1;8.57;5;1.18;4037
101094;50.69632;4.56668;130;20200221;8.7;2.4;5.6;6.3;6.93;0;1.26;6679
101094;50.69632;4.56668;130;20200222;9.2;4.7;7;8.1;8.5;2;1.01;3088
101094;50.69632;4.56668;130;20200223;12.1;8.9;10.5;7.5;10.3;4;1.35;1466
101094;50.69632;4.56668;130;20200224;11.5;4.8;8.1;6;9.37;3;0.98;2582
101094;50.69632;4.56668;130;20200225;9.5;6.5;8;6.6;7.73;6;1.59;6511
101094;50.69632;4.56668;130;20200226;5;1;3;5.9;6.5;5;0.81;5106
101094;50.69632;4.56668;130;20200227;2.5;1.6;2.1;4.3;6.4;9;0.53;2020
101094;50.69632;4.56668;130;20200228;7;0.3;3.7;6;6.9;3;0.85;6455
101094;50.69632;4.56668;130;20200229;12.6;4.4;8.5;8.1;8.33;3;1.77;6303
101094;50.69632;4.56668;130;20200301;8.9;4.4;6.7;6.7;7.07;0;1.57;6309
101094;50.69632;4.56668;130;20200302;7.9;3.6;5.8;4.6;8.07;5;0.78;4116
101094;50.69632;4.56668;130;20200303;6.6;1.4;4;3.7;7;1;0.83;7405
101094;50.69632;4.56668;130;20200304;8.5;2.4;5.5;3.8;7.73;3;0.91;7294
101094;50.69632;4.56668;130;20200305;7.5;4.7;6.1;3.6;9.03;15;0.49;2067
101094;50.69632;4.56668;130;20200306;6.9;3.5;5.2;4.4;8.17;5;0.62;3699
101094;50.69632;4.56668;130;20200307;9.8;1.1;5.5;4.1;7.17;0;1.25;9835
101094;50.69632;4.56668;130;20200308;9.1;6.7;7.9;6.2;8.93;6;1.09;4159
101094;50.69632;4.56668;130;20200309;10;5.6;7.8;5.4;8;6;1.49;7488
101094;50.69632;4.56668;130;20200310;12.7;5.9;9.3;8.4;11.4;11;0.62;3467
101094;50.69632;4.56668;130;20200311;13.8;11.3;12.6;7.5;12.7;7;1.27;5359
101094;50.69632;4.56668;130;20200312;11.1;8.9;10;7.9;7.8;1;2.56;11896
101094;50.69632;4.56668;130;20200313;10.3;4.7;7.5;4.9;7.23;0;1.72;8316
101094;50.69632;4.56668;130;20200314;10.1;3.3;6.7;4.1;7.9;0;1.27;8646
101094;50.69632;4.56668;130;20200315;13.8;6.9;10.3;4.4;9;0;1.84;8229
101094;50.69632;4.56668;130;20200316;12.4;3.6;8;1.8;9.17;0;1.12;8590
101094;50.69632;4.56668;130;20200317;13.8;3.8;8.8;2.7;7.27;0;2.02;14870
101094;50.69632;4.56668;130;20200318;16.3;6.2;11.3;3.1;8.73;0;2.31;15226
101094;50.69632;4.56668;130;20200319;12.8;4.2;8.5;1.9;9.53;0;1.11;7231
101094;50.69632;4.56668;130;20200320;8.4;6.7;7.5;5.1;8.9;4;1.02;4129
101094;50.69632;4.56668;130;20200321;9;3.3;6.1;6.3;6.37;0;1.9;9281
101094;50.69632;4.56668;130;20200322;10;0.2;5.1;5.8;4.33;0;2.74;16359
101094;50.69632;4.56668;130;20200323;11.4;-0.9;5.3;4.3;3.53;0;2.9;17032
101094;50.69632;4.56668;130;20200324;11.8;-1.5;5.1;3;3.23;0;2.65;17216
101094;50.69632;4.56668;130;20200325;10.7;-1.7;4.5;3.4;3.4;0;2.58;17277
101094;50.69632;4.56668;130;20200326;10.3;0;5.1;4.3;3.9;0;2.72;16599
101094;50.69632;4.56668;130;20200327;13.4;1;7.2;3.4;5.7;0;2.51;16452
101094;50.69632;4.56668;130;20200328;14;3.9;8.9;5.6;6.6;0;2.97;16053
101094;50.69632;4.56668;130;20200329;7;2.4;4.7;7.7;4.53;0;2.51;10784
101094;50.69632;4.56668;130;20200330;8;-2.8;2.6;3.4;4.9;0;1.82;15505
101094;50.69632;4.56668;130;20200331;9.3;1.3;5.3;3.5;5.37;0;2.12;15268
101094;50.69632;4.56668;130;20201006;14.6;10.6;12.6;6.3;12.13;9;1.44;6308
101094;50.69632;4.56668;130;20201007;15;10.3;12.6;4.8;10.97;0;1.7;7081
101094;50.69632;4.56668;130;20201008;16.6;10;13.3;5.5;13.77;6;1.06;4572
101094;50.69632;4.56668;130;20201009;16.1;10.6;13.4;1.9;11.87;1;1.23;7006
101094;50.69632;4.56668;130;20201010;12.6;6.7;9.6;3.9;9.63;1;1.27;9505
101094;50.69632;4.56668;130;20201011;13;6.8;9.9;2.6;10;2;1.06;7568
101094;50.69632;4.56668;130;20201012;13.8;6.9;10.4;2.6;10.17;0;1.13;8320
101094;50.69632;4.56668;130;20201013;12.2;7.9;10.1;3.4;9.57;1;1.17;4982
101094;50.69632;4.56668;130;20201014;11.3;4;7.6;3.4;9;0;0.91;5235
101094;50.69632;4.56668;130;20201015;10.8;7.1;8.9;3.9;8.93;0;1.16;5116
101094;50.69632;4.56668;130;20201016;10.5;6.8;8.6;2.6;9.23;0;0.87;4447
101094;50.69632;4.56668;130;20201017;11;4.6;7.8;1.1;8.73;0;0.7;5181
101094;50.69632;4.56668;130;20201018;11.8;7;9.4;2;10.1;0;0.76;4129
101094;50.69632;4.56668;130;20201019;13.8;7;10.4;2.6;9.37;0;1.16;6784
101094;50.69632;4.56668;130;20201020;15.6;7.3;11.4;5.2;11.63;4;1.13;3718
101094;50.69632;4.56668;130;20201021;20.1;11.8;15.9;6.9;13.5;2;2.26;6876
101094;50.69632;4.56668;130;20201022;17.4;13.7;15.6;3.3;14.23;2;1.21;3829
101094;50.69632;4.56668;130;20201023;16.8;11.8;14.3;2.9;13.87;1;1;4886
101094;50.69632;4.56668;130;20201024;14.8;11.6;13.2;6.7;12.8;2;1.25;3444
101094;50.69632;4.56668;130;20201025;12.2;11.6;11.9;5.4;11.67;3;1.08;1378
101094;50.69632;4.56668;130;20201026;12.5;8.3;10.4;5.3;9.77;0;1.32;5934
101094;50.69632;4.56668;130;20201027;11.2;7.6;9.4;6.3;10.27;2;0.9;3811
101094;50.69632;4.56668;130;20201028;13.1;10.1;11.6;5.9;10.97;8;1.26;4716
101094;50.69632;4.56668;130;20201029;12.2;7.9;10;5.6;11.5;2;0.62;3404
101094;50.69632;4.56668;130;20201030;15.3;11;13.2;5.8;13.13;0;1.04;3185
101094;50.69632;4.56668;130;20201031;16.6;11.3;14;4.9;12.4;1;1.41;6764
101095;50.71245;4.9198;111;20200809;33;22.8;27.9;2.3;17.4;0;5.14;18090
101095;50.71245;4.9198;111;20200810;34.4;19.7;27.1;2;17.7;0;5.33;21589
101095;50.71245;4.9198;111;20200811;33.1;22;27.6;1.5;19.1;0;4.06;15442
101095;50.71245;4.9198;111;20200812;33.8;19;26.4;1.7;20;0;4.9;21672
101095;50.71245;4.9198;111;20200813;32;20.7;26.4;3.1;20.7;1;4.88;17525
101095;50.71245;4.9198;111;20200814;27.4;19.3;23.4;3;19.7;0;3.88;16129
101095;50.71245;4.9198;111;20200815;25.7;17.4;21.6;1.5;20.9;2;2.56;12388
101095;50.71245;4.9198;111;20200816;30.6;17.3;24;1.3;19.9;3;3.9;19190
101095;50.71245;4.9198;111;20200817;25.2;16.8;21;3;16.6;0;3.79;17090
101095;50.71245;4.9198;111;20200818;23.9;14.9;19.4;2.5;16.1;2;3.44;17879
101095;50.71245;4.9198;111;20200819;27.1;15.8;21.5;3.7;16.3;2;4.04;14977
101095;50.71245;4.9198;111;20200820;32.5;18.2;25.4;3.5;18.7;1;5;16375
101095;50.71245;4.9198;111;20200821;28.7;19.2;24;5.1;16.3;1;5.42;16850
101095;50.71245;4.9198;111;20200822;23.2;16.3;19.8;5;14.4;0;3.95;13756
101095;50.71245;4.9198;111;20200823;20.9;15;18;5.4;14.7;1;3.09;11566
101095;50.71245;4.9198;111;20200824;20.1;13.6;16.9;4.1;14.2;0;2.72;12134
101095;50.71245;4.9198;111;20200825;24.2;13.8;19;5.3;15.1;1;3.67;13351
101095;50.71245;4.9198;111;20200826;20.1;16.3;18.2;7.3;13.7;0;3.58;9614
101095;50.71245;4.9198;111;20200827;22.9;12;17.5;2.8;13.8;2;2.91;13136
101095;50.71245;4.9198;111;20200828;21.4;14.6;18;6;13.8;1;3.54;12590
101095;50.71245;4.9198;111;20200829;18.4;12;15.2;3;13.2;0;2.1;9603
101095;50.71245;4.9198;111;20200830;19.9;10.2;15.1;2.4;13.9;13;2.29;13802
101095;50.71245;4.9198;111;20200831;19.1;12.8;16;2.2;12.2;1;2.35;10952
101095;50.71245;4.9198;111;20200901;19.2;9;14.1;1.4;11.1;0;2.35;14691
101095;50.71245;4.9198;111;20200902;20.8;9.9;15.4;1;11.3;0;2.45;15835
101095;50.71245;4.9198;111;20200903;21.4;12.8;17.1;4.3;14.5;0;2.6;10146
101095;50.71245;4.9198;111;20200904;20.8;18.2;19.5;3.1;17.8;3;1.85;5563
101095;50.71245;4.9198;111;20200905;19.3;13.1;16.2;2.5;12.3;1;2.46;11467
101095;50.71245;4.9198;111;20200906;19.3;9.4;14.4;1.9;10.8;0;2.42;13987
101095;50.71245;4.9198;111;20200907;21.1;9.7;15.4;2.4;11.4;0;2.82;15733
101095;50.71245;4.9198;111;20200908;18.7;12.9;15.8;3.4;15.6;0;1.4;5617
101095;50.71245;4.9198;111;20200909;24.1;16;20.1;3.3;17.3;0;2.75;11816
101095;50.71245;4.9198;111;20200910;20.5;12.3;16.4;1.8;11.2;0;2.64;14955
101095;50.71245;4.9198;111;20200911;23.4;8.8;16.1;1.3;12.2;0;2.54;16096
101095;50.71245;4.9198;111;20200912;21.2;11;16.1;2.2;12.6;0;2.45;13285
101095;50.71245;4.9198;111;20200913;24.6;12;18.3;1.7;13.9;0;2.67;14606
101095;50.71245;4.9198;111;20200914;31.8;12.6;22.2;1.5;13.6;0;3.59;18432
101095;50.71245;4.9198;111;20200915;34.7;18.3;26.5;1.3;13.8;0;3.53;15682
101095;50.71245;4.9198;111;20200916;28.1;17.8;23;3.1;16.7;0;3.56;12733
101095;50.71245;4.9198;111;20200917;19.9;9.7;14.8;4.4;10.7;0;3.12;15717
101095;50.71245;4.9198;111;20200918;23.8;8;15.9;3.5;10.7;0;3.46;16703
101095;50.71245;4.9198;111;20200919;27.1;11.2;19.2;2.1;12.5;0;3.15;15268
101095;50.71245;4.9198;111;20200920;25.3;12.6;19;2;10;0;3.04;13463
101095;50.71245;4.9198;111;20200921;24.4;7.1;15.8;1;10.7;0;2.33;17015
101095;50.71245;4.9198;111;20200922;24.3;10.3;17.3;1.3;12.1;0;2.37;15058
101095;50.71245;4.9198;111;20200923;22.1;12.9;17.5;5.5;13.2;6;3.14;10339
101095;50.71245;4.9198;111;20200924;17.5;11;14.3;6.6;11.8;3;2.47;10158
101095;50.71245;4.9198;111;20200925;13.2;8.3;10.8;6.6;10.5;11;1.56;7362
101095;50.71245;4.9198;111;20200926;13.2;8.6;10.9;5.7;11.5;29;1.21;7837
101095;50.71245;4.9198;111;20200927;14.8;10.3;12.6;3.8;12.8;5;1.17;6720
101095;50.71245;4.9198;111;20200928;14.1;10.8;12.5;3.3;13.4;15;0.79;3275
101095;50.71245;4.9198;111;20200929;17.9;11.6;14.8;3;14.8;1;1.38;9412
101095;50.71245;4.9198;111;20200930;18.8;13.3;16.1;3;15.4;1;1.46;7968
101095;50.71245;4.9198;111;20201001;15;13.8;14.4;4;13.1;5;1.39;3499
101095;50.71245;4.9198;111;20201002;14.8;9.3;12.1;3.9;12.37;6;1.07;3733
101095;50.71245;4.9198;111;20201003;14;11.6;12.8;2.5;12;2;1.18;5658
101095;50.71245;4.9198;111;20201004;14.3;9.3;11.8;6.8;10.6;2;1.84;7839
101095;50.71245;4.9198;111;20201005;13.9;9.3;11.6;6.4;12;2;1.16;6267
101095;50.71245;4.9198;111;20201006;14.6;10.6;12.6;7.4;12.2;8;1.48;6726
101095;50.71245;4.9198;111;20201007;15.3;10.3;12.8;5.3;11;0;1.81;6643
101095;50.71245;4.9198;111;20201008;17;9.8;13.4;6.2;13.9;7;1.17;6618
101095;50.71245;4.9198;111;20201009;16.4;10.6;13.5;2.1;11.9;1;1.26;6518
101095;50.71245;4.9198;111;20201010;12.7;6.9;9.8;4.1;9.7;1;1.26;6817
101095;50.71245;4.9198;111;20201011;13.3;6.7;10;2.5;10;2;1.08;7405
101095;50.71245;4.9198;111;20201012;14.1;6.9;10.5;2.7;10.2;1;1.15;7460
101095;50.71245;4.9198;111;20201013;13.4;7.8;10.6;3.1;9.4;0;1.33;5648
101095;50.71245;4.9198;111;20201014;11.5;3.2;7.4;2.8;9;0;0.83;6307
101095;50.71245;4.9198;111;20201015;10.9;6.8;8.9;3.3;9.1;0;1.03;4750
101095;50.71245;4.9198;111;20201016;10.8;6.5;8.7;1.8;9.4;0;0.77;4742
101095;50.71245;4.9198;111;20201017;11.3;5;8.2;1.1;8.7;0;0.74;6045
101095;50.71245;4.9198;111;20201018;12.1;6.9;9.5;2;10.1;0;0.79;5087
101095;50.71245;4.9198;111;20201019;13.9;7.1;10.5;2.3;9.3;0;1.13;6554
101095;50.71245;4.9198;111;20201020;15.7;7.6;11.7;5.1;11.7;4;1.17;5856
101095;50.71245;4.9198;111;20201021;19.9;11.8;15.9;7.3;13.6;2;2.21;7329
101095;50.71245;4.9198;111;20201022;17.9;13.8;15.9;3.5;14.3;3;1.32;5087
101095;50.71245;4.9198;111;20201023;16.8;11.8;14.3;2.8;14.1;1;0.93;5659
101095;50.71245;4.9198;111;20201024;14.8;11.8;13.3;7.1;12.9;1;1.25;3233
101095;50.71245;4.9198;111;20201025;12.1;12.1;12.1;5.9;11.8;5;1.14;1334
101095;50.71245;4.9198;111;20201026;12.4;8.3;10.4;6.1;9.8;0;1.35;5004
101095;50.71245;4.9198;111;20201027;11.5;7.5;9.5;7.1;10.3;2;0.94;4034
101095;50.71245;4.9198;111;20201028;13.3;10.3;11.8;6.2;11.1;7;1.3;4249
101095;50.71245;4.9198;111;20201029;12.1;7.9;10;6.5;11.5;3;0.6;4114
101095;50.71245;4.9198;111;20201030;15.3;10.9;13.1;6.6;13.2;0;1.02;3557
101095;50.71245;4.9198;111;20201031;16.6;11.1;13.9;4.9;12.5;1;1.35;4993
101095;50.71245;4.9198;111;20201101;17.1;10.1;13.6;6.4;14.9;3;0.64;4025
101095;50.71245;4.9198;111;20201102;19;16.7;17.9;8.1;14.7;3;2.45;3119
101095;50.71245;4.9198;111;20201103;11.9;6.8;9.4;5.2;8.8;0;1.25;5777
101095;50.71245;4.9198;111;20201104;11.3;3;7.2;1.9;7.9;0;0.58;7090
101095;50.71245;4.9198;111;20201105;10.3;2.5;6.4;1.1;7.5;0;0.47;5105
101095;50.71245;4.9198;111;20201106;11.2;0.6;5.9;2;6.8;0;0.7;5864
101095;50.71245;4.9198;111;20201107;16.6;1.9;9.3;1.8;9.4;0;0.67;6804
101095;50.71245;4.9198;111;20201108;17.8;7.4;12.6;2.5;11.4;0;0.92;5323
101095;50.71245;4.9198;111;20201109;18.2;10.3;14.3;1.9;12.4;0;0.81;5093
101095;50.71245;4.9198;111;20201110;14.2;11.1;12.7;1.7;13;2;0.51;3192
101095;50.71245;4.9198;111;20201111;13;9.1;11.1;2.9;11.8;0;0.56;3081
101095;50.71245;4.9198;111;20201112;13;10;11.5;5.1;10;0;1.33;3875
101095;50.71245;4.9198;111;20201113;14;6;10;4.7;11.2;0;0.59;4370
101095;50.71245;4.9198;111;20201114;15.2;11.8;13.5;5;12;0;1.22;4120
101095;50.71245;4.9198;111;20201115;15.5;12.9;14.2;7.7;11;7;2.24;2912
101095;50.71245;4.9198;111;20201116;11.5;7.9;9.7;5.8;10.6;1;0.68;3462
101095;50.71245;4.9198;111;20201117;12.1;9.2;10.7;5.6;11;0;0.9;1320
101095;50.71245;4.9198;111;20201118;15.8;8.4;12.1;5;10.4;0;1.29;5197
101095;50.71245;4.9198;111;20201119;10.3;8.3;9.3;4.7;9;1;1.02;2990
101095;50.71245;4.9198;111;20201120;7.5;2.2;4.9;2.6;6.5;0;0.53;4539
101095;50.71245;4.9198;111;20201121;9.7;2.7;6.2;6.6;7.9;0;0.89;2610
101095;50.71245;4.9198;111;20201122;8.8;7.5;8.2;4.1;10.1;1;0.42;1819
101095;50.71245;4.9198;111;20201123;9.8;7;8.4;2;9.8;0;0.37;2615
101095;50.71245;4.9198;111;20201124;10.3;7.2;8.8;2.9;8.9;0;0.62;3549
101095;50.71245;4.9198;111;20201125;10.1;3.9;7;3.3;8.2;0;0.57;3657
101095;50.71245;4.9198;111;20201126;12.3;6;9.2;1.8;8.8;0;0.51;3492
101095;50.71245;4.9198;111;20201127;7.6;4;5.8;1.3;8.7;0;0.17;2795
101095;50.71245;4.9198;111;20201128;10.3;2;6.2;2.4;8.1;0;0.36;3667
101095;50.71245;4.9198;111;20201129;3.2;1.8;2.5;2.2;6.3;0;0.34;2151
101095;50.71245;4.9198;111;20201130;2.8;-2.4;0.2;4.2;6.5;6;0;2291
101095;50.71245;4.9198;111;20201201;8.4;2.7;5.6;4.3;8.6;5;0.29;2338
101095;50.71245;4.9198;111;20201202;6.2;5.9;6;2.3;8.64;0;0.42;600
101095;50.71245;4.9198;111;20201203;5.6;5.1;5.3;5.5;7.8;1;0.62;733
101095;50.71245;4.9198;111;20201204;7.2;5.1;6.2;6.1;6.8;0;1.15;2433
101095;50.71245;4.9198;111;20201205;4.8;1.5;3.2;3.4;5.97;0;0.6;2066
101095;50.71245;4.9198;111;20201206;1.1;-1.8;-0.3;1.7;6.2;1;0.22;1566
101095;50.71245;4.9198;111;20201207;3.9;-0.6;1.7;2.8;6.37;0;0.31;2000
101095;50.71245;4.9198;111;20201208;3.7;-0.1;1.8;1.4;6.1;0;0.11;3085
101095;50.71245;4.9198;111;20201209;3;-0.4;1.3;3.8;6.2;0;0.29;1689
101095;50.71245;4.9198;111;20201210;4.6;1.7;3.2;2.7;6.1;0;0.44;2489
101095;50.71245;4.9198;111;20201211;5.9;0.5;3.2;4.9;7.4;4;0.28;1370
101095;50.71245;4.9198;111;20201212;8.5;5.7;7.1;3.2;9.9;2;0.19;1685
101095;50.71245;4.9198;111;20201213;7.2;5.9;6.6;5.2;8.3;1;0.64;1688
101095;50.71245;4.9198;111;20201214;10.4;5.9;8.2;5.6;10.2;8;0.33;2326
101095;50.71245;4.9198;111;20201215;10.1;8.6;9.4;3.3;10.3;4;0.43;2328
101095;50.71245;4.9198;111;20201216;10.6;4.8;7.7;3.7;9.7;2;0.24;3147
101095;50.71245;4.9198;111;20201217;10.5;8.3;9.4;4.9;9.6;1;0.78;2422
101095;50.71245;4.9198;111;20201218;11.1;6.6;8.9;5.7;9.1;0;0.86;2936
101095;50.71245;4.9198;111;20201219;11.3;6.8;9.1;5.8;9.8;0;0.73;2301
101095;50.71245;4.9198;111;20210104;2.5;0.8;1.7;4.1;6.3;1;0.39;764
101095;50.71245;4.9198;111;20210105;2;1.1;1.6;3.7;6.3;0;0.35;981
101095;50.71245;4.9198;111;20210106;2.5;1.2;1.9;2.5;6.6;1;0.28;1118
101095;50.71245;4.9198;111;20210107;3.2;0.1;1.7;3.5;6.3;3;0.32;1732
101095;50.71245;4.9198;111;20210108;2.6;0.6;1.6;2.7;6.3;1;0.3;1517
101095;50.71245;4.9198;111;20210109;0.6;-4;-1.7;1.2;5.4;0;0.17;1382
101095;50.71245;4.9198;111;20210110;3.9;-2;1;1.8;6;0;0.17;2955
101095;50.71245;4.9198;111;20210111;4.1;-1.1;1.5;5.4;6.7;5;0.21;1511
101095;50.71245;4.9198;111;20210112;7.8;4;5.9;5.2;7.7;8;0.75;1133
101095;50.71245;4.9198;111;20210113;4.3;0.4;2.4;2.9;6.6;2;0.24;2566
101095;50.71245;4.9198;111;20210114;1.8;0;0.9;3.3;6;4;0.36;891
101095;50.71245;4.9198;111;20210115;0.6;-1.3;-0.3;2.6;5.1;0;0.39;1634
101095;50.71245;4.9198;111;20210116;0.2;-0.5;-0.1;3.2;5.2;4;0.42;1548
101095;50.71245;4.9198;111;20210117;5.9;-1.2;2.4;3.3;7.1;1;0.19;2819
101095;50.71245;4.9198;111;20210118;5.5;1.4;3.5;5.1;7.1;1;0.4;2844
101095;50.71245;4.9198;111;20210119;8;3.4;5.7;9.2;8;6;0.78;1589
101095;50.71245;4.9198;111;20210120;10.4;5.3;7.9;8.8;7.4;4;1.68;3475
101095;50.71245;4.9198;111;20210121;7.7;3.4;5.6;9.3;8.3;7;0.53;2733
101095;50.71245;4.9198;111;20210122;6.6;3.2;4.9;4.3;7;0;0.68;3368
101095;50.71245;4.9198;111;20210123;5.4;2.1;3.8;3.9;6.6;7;0.56;3516
101095;50.71245;4.9198;111;20210124;1.3;-0.1;0.6;3.9;5.9;2;0.27;3114
101095;50.71245;4.9198;111;20210125;3.5;0.4;2;3.1;6;0;0.44;3058
101095;50.71245;4.9198;111;20210126;5.4;1.2;3.3;5.2;5.8;2;0.86;4326
101095;50.71245;4.9198;111;20210127;5.2;0.4;2.8;5;7.3;5;0.22;3317
101095;50.71245;4.9198;111;20210128;10.7;4.3;7.5;5.5;10.4;15;0.24;2799
101095;50.71245;4.9198;111;20210129;10.3;8.9;9.6;6.5;10;8;0.97;2631
101095;50.71245;4.9198;111;20210130;2.5;2.4;2.5;5.1;7.1;8;0.3;210
101095;50.71245;4.9198;111;20210131;2.4;-1.6;0.4;3.7;6.1;3;0.22;3557
101095;50.71245;4.9198;111;20210201;4.8;2;3.4;2;7.6;1;0.31;1527
101095;50.71245;4.9198;111;20210202;11.1;3;7.1;4.8;9.7;5;0.44;3364
101095;50.71245;4.9198;111;20210203;11.8;9.3;10.6;5;10.2;15;1.1;2835
101095;50.71245;4.9198;111;20210204;10;5.2;7.6;3.8;8.7;1;0.75;4188
101095;50.71245;4.9198;111;20210205;9.8;6.4;8.1;2.4;8.8;0;0.68;3904
101095;50.71245;4.9198;111;20210206;7.6;5;6.3;4.3;8.2;11;0.69;2834
101095;50.71245;4.9198;111;20210207;-0.2;-0.2;-0.2;5;5.27;1;0.61;1033
101095;50.71245;4.9198;111;20210208;-4.7;-4.7;-4.7;5.3;3.7;1;0.45;0
101095;50.71245;4.9198;111;20210209;-3.5;-7.9;-5.7;4.5;2.8;0;0.63;6249
101095;50.71245;4.9198;111;20210210;-3;-9.5;-6.2;4.5;3.1;0;0.47;5721
101095;50.71245;4.9198;111;20210211;-1;-8.5;-4.7;2.2;3.3;0;0.43;7868
101095;50.71245;4.9198;111;20210212;-2.5;-7.9;-5.2;4.8;2.9;0;0.7;7265
101095;50.71245;4.9198;111;20210213;0.8;-8;-3.6;3.8;2.7;0;0.97;6407
101095;50.71245;4.9198;111;20210214;5.5;-6.3;-0.4;3.4;2.8;0;1.34;7564
101095;50.71245;4.9198;111;20210215;5.9;1.7;3.8;5.8;6.3;2;0.98;3596
101095;50.71245;4.9198;111;20210216;12.6;4.6;8.6;6.1;8.6;2;1.41;7106
101095;50.71245;4.9198;111;20210217;11.9;7.1;9.5;6.1;9.1;0;1.41;5259
101095;50.71245;4.9198;111;20210218;11.8;6.8;9.3;5.6;8.2;4;1.64;5549
101095;50.71245;4.9198;111;20210219;10.8;3.4;7.1;4.7;8.4;0;0.99;6965
101095;50.71245;4.9198;111;20210220;16.4;8.5;12.5;5.4;9.3;0;2.21;6842
101095;50.71245;4.9198;111;20210221;17.7;9.9;13.8;3.5;8.1;0;2.34;6913
101095;50.71245;4.9198;111;20210222;17.1;9.7;13.4;4;8;0;2.47;6036
101095;50.71245;4.9198;111;20210223;17.8;11.5;14.7;5;10.6;0;2.35;7093
101095;50.71245;4.9198;111;20210224;18.6;11.1;14.9;4.9;10.6;0;2.45;9293
101095;50.71245;4.9198;111;20210225;18.1;9.8;14;3.2;10.4;4;1.86;7324
101095;50.71245;4.9198;111;20210226;10.7;6;8.4;2.3;7.9;0;1.13;7965
101095;50.71245;4.9198;111;20210227;6.4;2;4.2;1.8;7.1;0;0.66;5521
101095;50.71245;4.9198;111;20210228;10.8;1.6;6.2;3.7;7.1;0;1.28;8430
101095;50.71245;4.9198;111;20210301;11;0.8;5.9;2.5;7.4;0;1.06;9833
101095;50.71245;4.9198;111;20210302;17.3;1.6;9.5;1.7;7.3;0;1.57;12809
101095;50.71245;4.9198;111;20210303;16.2;8.3;12.3;1.8;8.6;4;1.57;9537
101095;50.71245;4.9198;111;20210304;7.5;6.8;7.2;2.1;8.6;8;0.74;2809
101095;50.71245;4.9198;111;20210305;5.7;1.7;3.7;3.3;4.6;0;1.46;9259
101095;50.71245;4.9198;111;20210306;6.7;-2.2;2.3;2;4.3;0;1.17;9103
101095;50.71245;4.9198;111;20210307;5.8;-2;1.9;1.5;5;0;0.91;8645
101095;50.71245;4.9198;111;20210308;7.9;0.6;4.3;1.2;5.5;1;1.02;9463
101095;50.71245;4.9198;111;20210309;7.7;2.5;5.1;2.5;7.8;2;0.74;5062
101095;50.71245;4.9198;111;20210310;10.1;2.9;6.5;7.1;7.2;1;1.61;6721
101095;50.71245;4.9198;111;20210311;13.1;5.6;9.4;12.6;8.1;2;2.6;9809
101095;50.71245;4.9198;111;20210312;8.7;4.8;6.8;8.3;7.5;4;1.54;6510
101095;50.71245;4.9198;111;20210313;9.7;5.9;7.8;9.7;7.5;5;1.97;6291
101095;50.71245;4.9198;111;20210314;9.1;2.4;5.8;5.1;7.2;6;1.33;8323
101095;50.71245;4.9198;111;20210315;8.8;4.6;6.7;4.7;7.9;2;1.24;7844
101095;50.71245;4.9198;111;20210316;5.6;3.9;4.8;2.4;7.8;7;0.65;3718
101095;50.71245;4.9198;111;20210317;7.8;3.2;5.5;3;7.5;1;1.01;7031
101095;50.71245;4.9198;111;20210318;6.1;0.4;3.3;2.1;7;0;0.78;7292
101095;50.71245;4.9198;111;20210319;8.4;1;4.7;4.6;5.8;0;1.73;12495
101095;50.71245;4.9198;111;20210320;8.6;-0.8;3.9;1.8;5.8;0;1.29;11404
101095;50.71245;4.9198;111;20210321;8.1;3.2;5.7;3.4;7.1;0;1.2;6858
101095;50.71245;4.9198;111;20210322;7.5;2.5;5;1.8;6.6;0;1.12;7999
101095;50.71245;4.9198;111;20210323;12.3;5;8.7;2.8;7.2;0;1.92;12111
101095;50.71245;4.9198;111;20210324;15.6;4.3;10;2.9;7.5;0;2.37;15277
101095;50.71245;4.9198;111;20210325;12;5.6;8.8;3.2;8.9;0;1.46;8630
101095;50.71245;4.9198;111;20210326;13.5;6;9.8;6.3;8.1;3;2.45;11971
101095;50.71245;4.9198;111;20210327;10.9;3.5;7.2;6.2;6.4;1;2.33;11507
101095;50.71245;4.9198;111;20210328;13.4;4.9;9.2;6.1;7.3;0;2.6;11975
101095;50.71245;4.9198;111;20210329;19.8;8;13.9;4.2;7.4;0;3.82;16847
101095;50.71245;4.9198;111;20210330;21.8;9.9;15.9;1.6;7.8;0;2.94;16947
101095;50.71245;4.9198;111;20210331;24.1;12.6;18.4;1.6;7.8;0;3.09;14437
101095;50.71245;4.9198;111;20210426;13.8;0.3;7.1;3;5.8;0;3.01;21683
101095;50.71245;4.9198;111;20210427;16;2.4;9.2;2.1;5.7;0;3.21;21322
101095;50.71245;4.9198;111;20210428;18.8;3.9;11.4;1.8;6.8;1;3.3;20532
101095;50.71245;4.9198;111;20210429;9;6.5;7.8;3.4;7.5;1;1.68;7571
101095;50.71245;4.9198;111;20210430;11.7;1.8;6.8;2.1;7;0;2.1;15286
101095;50.71245;4.9198;111;20210501;11.9;2.4;7.2;1.8;6.9;0;2.21;16203
101095;50.71245;4.9198;111;20210502;11.2;2.7;7;2.4;6.6;0;2.25;15479
101095;50.71245;4.9198;111;20210503;14.3;2.7;8.5;5.6;6.1;1;3.42;17427
101095;50.71245;4.9198;111;20210504;12.8;7.4;10.1;9.8;7.7;3;3.18;11885
101095;50.71245;4.9198;111;20210505;12.2;4.5;8.4;5.5;6.8;2;3.02;18353
101095;50.71245;4.9198;111;20210506;10.6;3.7;7.2;3.4;7.3;2;2.1;13868
101095;50.71245;4.9198;111;20210507;13.1;2.8;8;3.1;6.8;0;2.86;19964
101095;50.71245;4.9198;111;20210508;18.2;6.6;12.4;4.8;9.2;0;3.34;15138
101095;50.71245;4.9198;111;20210509;25.8;12.6;19.2;5;12.8;0;5.02;18482
101095;50.71245;4.9198;111;20210510;19.8;13.8;16.8;5.4;11.5;1;3.94;14400
101095;50.71245;4.9198;111;20210511;17.1;11.3;14.2;1.8;11.4;1;2.47;13137
101095;50.71245;4.9198;111;20210512;16.7;7.8;12.3;2.1;9.4;1;2.98;18234
101095;50.71245;4.9198;111;20210513;16.8;7.1;12;2.5;9.2;1;2.92;16825
101095;50.71245;4.9198;111;20210514;17.8;6;11.9;2.3;10.2;5;2.95;18846
101095;50.71245;4.9198;111;20210515;13.7;8.3;11;3.9;10.5;4;2.08;12127
101095;50.71245;4.9198;111;20210516;15.5;7.9;11.7;4.3;10.3;4;2.89;18416
101095;50.71245;4.9198;111;20210517;14.6;9.6;12.1;5.3;11.1;4;2.41;13825
101095;50.71245;4.9198;111;20210518;15.9;8.8;12.4;3.7;10.2;5;2.89;16445
101095;50.71245;4.9198;111;20210519;14.5;6.4;10.5;3;10.2;6;2.42;16781
101095;50.71245;4.9198;111;20210520;15.2;6.2;10.7;4.6;9.8;0;2.75;17732
101095;50.71245;4.9198;111;20210521;16.7;10.9;13.8;8.2;8.8;1;4.49;18702
101095;50.71245;4.9198;111;20210522;12.4;8;10.2;7.8;9.9;3;2.04;10384
101095;50.71245;4.9198;111;20210523;15.2;7.3;11.3;5.6;9.1;1;3.21;18130
101095;50.71245;4.9198;111;20210524;15.8;10;12.9;5.2;9.9;3;3.05;13455
101095;50.71245;4.9198;111;20210525;13;6.5;9.8;4.6;10;7;2.18;15381
101095;50.71245;4.9198;111;20210526;14.6;7.5;11.1;4.7;10;3;2.65;16240
101095;50.71245;4.9198;111;20210527;15.8;9;12.4;3.8;10.7;0;2.87;17190
101095;50.71245;4.9198;111;20210528;18.3;5.5;11.9;1.8;10;0;3.41;23116
101095;50.71245;4.9198;111;20210529;20.5;7.9;14.2;2.2;9.9;0;3.94;23007
101095;50.71245;4.9198;111;20210530;21.4;8.2;14.8;2.9;10.6;0;4.21;23621
101095;50.71245;4.9198;111;20210531;22.7;10.5;16.6;2.4;10.5;0;4.82;26976
101095;50.71245;4.9198;111;20210601;24.8;12.8;18.8;2.8;10.1;0;5.55;27331
101095;50.71245;4.9198;111;20210602;27.7;12.5;20.1;2.1;12.8;7;5.31;26695
101095;50.71245;4.9198;111;20210603;25.2;16.3;20.8;2.9;17.8;3;3.69;16440
101095;50.71245;4.9198;111;20210604;25.9;15.3;20.6;1.8;17.9;10;3.76;18779
101095;50.71245;4.9198;111;20210605;15.1;14.1;14.6;2.9;15.2;0;1.47;7680
101095;50.71245;4.9198;111;20210606;21.2;11.3;16.3;1.6;12.9;0;2.99;15399
101095;50.71245;4.9198;111;20210607;22.2;10.4;16.3;1.5;13;0;4.17;25547
101095;50.71245;4.9198;111;20210608;24.5;13.1;18.8;1.2;14.2;0;4.56;26448
101095;50.71245;4.9198;111;20210609;24.9;14;19.5;1.4;14.1;0;4.42;23993
101095;50.71245;4.9198;111;20210610;25.5;12.6;19.1;2;14.4;0;4.84;26462
101095;50.71245;4.9198;111;20210611;25.5;14.6;20.1;2.5;16.1;0;4.63;23817
101095;50.71245;4.9198;111;20210612;21.7;14.1;17.9;3.3;14.3;0;3.64;17234
101095;50.71245;4.9198;111;20210613;22.7;10.5;16.6;1.4;11.5;0;4.08;23352
101095;50.71245;4.9198;111;20210614;28.1;13.6;20.9;1.6;12.7;0;5.42;28226
101095;50.71245;4.9198;111;20210615;25.1;13.5;19.3;2.3;15.1;0;4.31;21783
101095;50.71245;4.9198;111;20210616;30;16.6;23.3;1.7;16.6;0;5.51;26880
101095;50.71245;4.9198;111;20210617;29.3;20.4;24.9;2.9;18.6;5;5.13;19994
101095;50.71245;4.9198;111;20210618;29.7;18.8;24.3;3.7;20.6;2;5.39;22911
101095;50.71245;4.9198;111;20210619;22.7;16.3;19.5;3.5;18.07;9;3.94;18533
101095;50.71245;4.9198;111;20210620;24.5;16.7;20.6;3.5;17.27;20;4.57;21866
101095;50.71245;4.9198;111;20210621;17.4;15.1;16.3;3.7;16.5;11;1.41;5439
101095;50.71245;4.9198;111;20210622;14.5;11.8;13.2;4.1;13.5;9;1.34;5900
101095;50.71245;4.9198;111;20210623;16.2;11;13.6;2.8;13.3;1;2.06;11690
101095;50.71245;4.9198;111;20210624;18;13.1;15.6;2.3;14.2;0;2.56;13984
101095;50.71245;4.9198;111;20210625;19.5;11.1;15.3;2.8;13.9;0;2.65;13928
101095;50.71245;4.9198;111;20210626;22.8;13.5;18.2;1.3;17;0;3.09;17007
101095;50.71245;4.9198;111;20210627;24.6;15.2;19.9;2.1;17.5;10;3.6;17981
101095;50.71245;4.9198;111;20210628;22.6;14.8;18.7;1.3;18.6;8;2.91;16046
101095;50.71245;4.9198;111;20210629;23.2;15.6;19.4;2.8;17;32;3.8;19689
101095;50.71245;4.9198;111;20210630;15.3;12.2;13.8;2.8;14.5;13;1.63;9744
101095;50.71245;4.9198;111;20210701;17.9;11.9;14.9;2.6;12.9;1;2.88;16089
101095;50.71245;4.9198;111;20210702;23.2;12.1;17.7;2;13.7;0;4.14;22836
101095;50.71245;4.9198;111;20210703;22;15.5;18.8;1.9;17.2;10;2.63;12546
101095;50.71245;4.9198;111;20210704;21;15.1;18.1;2.2;16.57;15;2.79;14000
101095;50.71245;4.9198;111;20210705;19.1;12.8;16;2.4;16.4;3;2.14;12359
101095;50.71245;4.9198;111;20210706;19.8;16.2;18;5.9;14.7;1;3.43;13115
101095;50.71245;4.9198;111;20210707;22.2;13.6;17.9;3.2;14.4;0;3.85;19434
101095;50.71245;4.9198;111;20210708;23.2;13.3;18.3;1.5;15.1;5;3.7;20470
101095;50.71245;4.9198;111;20210709;21.5;13;17.3;2.1;15;0;3.61;20765
101095;50.71245;4.9198;111;20210710;22.4;13.9;18.2;1.4;15.8;6;3.05;16139
101095;50.71245;4.9198;111;20210711;21.9;12.6;17.3;1.7;15.4;0;3.37;19333
101095;50.71245;4.9198;111;20210712;22.6;15.3;19;1.3;16.4;1;2.85;14226
101095;50.71245;4.9198;111;20210713;19.6;15.3;17.5;2.8;18.5;34;1.79;9596
101095;50.71245;4.9198;111;20210714;16.6;15;15.8;5.4;17.5;48;0.86;4358
101095;50.71245;4.9198;111;20210715;16.6;15.8;16.2;4.1;17.7;26;0.84;3047
101095;50.71245;4.9198;111;20210716;19.3;14.3;16.8;2.9;15.6;0;2.21;10070
101095;50.71245;4.9198;111;20210717;24.5;13.5;19;2.5;16.8;0;3.93;21256
101095;50.71245;4.9198;111;20210718;26.6;14;20.3;2;17.1;0;4.33;22664
101095;50.71245;4.9198;111;20210719;23.8;14.5;19.2;1.6;16.3;0;4.12;23609
101095;50.71245;4.9198;111;20210720;23.2;12.8;18;1.7;15;0;4.14;24524
101095;50.71245;4.9198;111;20210721;24.1;13;18.6;1.4;14.6;0;3.8;21021
101095;50.71245;4.9198;111;20210722;24.6;14.3;19.5;1.8;15.6;0;4.37;24469
101095;50.71245;4.9198;111;20210723;23.9;11.8;17.9;2.3;14.5;0;4.36;25279
101095;50.71245;4.9198;111;20210724;24.1;15;19.6;2.3;17.3;13;3.16;15215
101095;50.71245;4.9198;111;20210725;24.1;14.4;19.3;2.9;17.5;0;3.67;19621
101095;50.71245;4.9198;111;20210726;22.6;15.8;19.2;4.1;17.2;4;3.32;15798
101095;50.71245;4.9198;111;20210727;21.3;15.8;18.6;3.8;16.5;2;2.82;12234
101095;50.71245;4.9198;111;20210728;21;15.5;18.3;4.8;14.9;1;3.81;18430
101095;50.71245;4.9198;111;20210729;21.3;13.1;17.2;5.1;12.8;0;4.03;17702
101095;50.71245;4.9198;111;20210730;23.1;13.6;18.4;5.8;13.2;0;4.53;17714
101095;50.71245;4.9198;111;20210731;20.6;14.1;17.4;4.6;14.9;4;2.9;12063
101095;50.71245;4.9198;111;20210801;20;12;16;3;15.4;11;2.64;15682
101095;50.71245;4.9198;111;20210802;19.9;13.3;16.6;1.2;14.5;8;2.72;15768
101095;50.71245;4.9198;111;20210803;20.7;11.8;16.3;1.2;14;5;3;18170
101095;50.71245;4.9198;111;20210804;21.5;12.7;17.1;1.4;14.8;2;3.01;17454
101095;50.71245;4.9198;111;20210805;23.6;14.3;19;2.3;15.1;1;3.58;18167
101095;50.71245;4.9198;111;20210806;20.7;14.8;17.8;5.4;16.6;9;3.05;16861
101095;50.71245;4.9198;111;20210807;21.1;13.7;17.4;4.8;15.1;4;3.43;18143
101095;50.71245;4.9198;111;20210808;19.6;13.8;16.7;5.7;13.7;2;3;11064
101095;50.71245;4.9198;111;20210809;20.7;13.3;17;4.2;15;9;3.02;15575
101095;50.71245;4.9198;111;20210810;22.2;13.1;17.7;3.1;16.3;4;3.01;16677
101095;50.71245;4.9198;111;20210811;22.4;13.1;17.8;1.9;14.8;0;3.14;17216
101095;50.71245;4.9198;111;20210812;25.7;15.6;20.7;1.1;16.7;0;3.19;16651
101095;50.71245;4.9198;111;20210813;24;16;20;2.6;15.6;0;3.46;15681
101095;50.71245;4.9198;111;20210814;23.9;12.8;18.4;2.2;14.3;0;3.52;18355
101095;50.71245;4.9198;111;20210815;27;14.5;20.8;3.4;15.8;0;4.42;19814
101095;50.71245;4.9198;111;20210816;17.7;13.7;15.7;4.7;14.1;2;2.36;11074
101095;50.71245;4.9198;111;20210817;15.5;10.8;13.2;3.7;14.2;3;1.57;11481
101095;50.71245;4.9198;111;20210818;18.5;13.8;16.2;4.1;16.3;1;1.66;8170
101095;50.71245;4.9198;111;20210819;18.8;15.5;17.2;3.9;15.1;0;2.36;9910
101095;50.71245;4.9198;111;20210820;22.3;13.8;18.1;2.7;16.4;0;2.84;15462
101095;50.71245;4.9198;111;20210821;24.7;15.1;19.9;1.5;17.1;6;2.98;15856
101095;50.71245;4.9198;111;20210822;19.9;15.8;17.9;4.1;17.2;8;2.06;9403
101095;50.71245;4.9198;111;20210823;20.1;15.9;18;3;17.2;1;2.01;9392
101095;50.71245;4.9198;111;20210824;21.2;11;16.1;2.9;12.8;0;3.31;19129
101095;50.71245;4.9198;111;20210825;21.7;10.4;16.1;1.9;13.1;1;3.14;19670
101095;50.71245;4.9198;111;20210826;17.8;13.6;15.7;3;14.4;0;1.93;9150
101095;50.71245;4.9198;111;20210827;20.1;10;15.1;3.6;12.9;1;2.46;12833
101095;50.71245;4.9198;111;20210828;21.4;11.6;16.5;3.7;14.4;1;2.4;11433
101095;50.71245;4.9198;111;20210829;17.3;11.1;14.2;3.6;14.94;1;1.1;4433
101095;50.71245;4.9198;111;20210830;20.6;14.5;17.6;3.9;16.34;2;1.88;7700
101095;50.71245;4.9198;111;20210831;21.2;14.6;17.9;2.7;14.8;0;2.66;12892
101095;50.71245;4.9198;111;20210101;3.9;0.9;2.4;2.5;6.4;0;0.29;2227
101095;50.71245;4.9198;111;20210102;2.9;-0.5;1.2;2.4;6.4;0;0.17;1958
101095;50.71245;4.9198;111;20210103;2.6;1.3;2;2.9;6.4;0;0.4;651
101094;50.69632;4.56668;130;20210313;9.5;6;7.8;8.4;7.33;4;1.97;7763
101094;50.69632;4.56668;130;20210314;9;2.2;5.6;5;7.2;4;1.27;7607
101094;50.69632;4.56668;130;20210315;8.6;4.8;6.7;5;7.77;1;1.3;7714
101094;50.69632;4.56668;130;20210316;5.5;4;4.8;2.6;7.87;6;0.64;3539
101094;50.69632;4.56668;130;20210317;7.5;3.4;5.5;3.9;7.67;1;0.95;5877
101094;50.69632;4.56668;130;20210318;6.1;1.1;3.6;2.5;6.97;0;0.81;5797
101094;50.69632;4.56668;130;20210319;8.1;1.3;4.7;4.8;5.73;0;1.82;14498
101094;50.69632;4.56668;130;20210320;8.6;-0.1;4.2;2.4;5.93;0;1.48;13901
101094;50.69632;4.56668;130;20210321;7.8;3.5;5.7;3.7;7.13;0;1.18;6019
101094;50.69632;4.56668;130;20210322;7.4;2.6;5;2.3;6.67;0;1.09;5999
101094;50.69632;4.56668;130;20210323;12.1;4.5;8.3;2.7;7.13;0;1.96;14270
101094;50.69632;4.56668;130;20210324;15.3;3.6;9.5;2.8;7.43;0;2.32;16259
101094;50.69632;4.56668;130;20210325;11.7;5.2;8.4;2.9;8.83;0;1.3;7043
101094;50.69632;4.56668;130;20210326;13;5.5;9.3;5.5;7.97;3;2.19;10690
101094;50.69632;4.56668;130;20210327;10.2;3.2;6.7;5.6;6.57;1;2.07;12202
101094;50.69632;4.56668;130;20210328;13.4;5.3;9.3;5.4;7.37;0;2.66;14858
101094;50.69632;4.56668;130;20210329;19.4;8.4;13.9;3.9;7.43;0;3.75;18049
101094;50.69632;4.56668;130;20210330;22.7;7.2;15;1.9;7.47;0;3.23;17782
101094;50.69632;4.56668;130;20210331;23.8;10;16.9;1.7;8.13;0;3.15;16879
101094;50.69632;4.56668;130;20210401;20.5;11;15.7;3.1;9.23;0;3.36;15715
101094;50.69632;4.56668;130;20210402;9.9;2.1;6;4.6;6.97;0;1.85;13736
101094;50.69632;4.56668;130;20210403;8.6;3.8;6.2;4;6.35;0;2.16;11800
101094;50.69632;4.56668;130;20210404;9.1;2.5;5.8;2.6;6.4;0;1.67;11800
101094;50.69632;4.56668;130;20210405;6.8;2.8;4.8;5.8;6.1;2;1.67;9250
101094;50.69632;4.56668;130;20210406;4.8;-1;1.9;5.1;5.67;5;1.27;11750
101094;50.69632;4.56668;130;20210407;6;-1.4;2.3;5;5.07;0;1.48;8056
101094;50.69632;4.56668;130;20210408;8.3;-0.2;4;3.1;4.77;0;2.03;14751
101094;50.69632;4.56668;130;20210409;13.6;3.3;8.4;3;6.53;0;2.4;13723
101094;50.69632;4.56668;130;20210410;9.1;6.2;7.7;2.3;9.33;16;0.92;4575
101094;50.69632;4.56668;130;20210411;7.3;2.3;4.8;4.1;6.43;1;1.43;7819
101094;50.69632;4.56668;130;20210412;6.9;-0.5;3.2;2.5;5.73;1;1.5;12932
101094;50.69632;4.56668;130;20210413;9.5;-1.5;4;1.6;5;0;1.98;17310
101094;50.69632;4.56668;130;20210414;8.8;0.5;4.7;2.1;5.23;0;1.78;12126
101094;50.69632;4.56668;130;20210415;8.7;-0.1;4.3;2.6;5.67;0;1.8;13576
101094;50.69632;4.56668;130;20210416;10.3;0.3;5.3;3;5.57;0;2.18;15400
101094;50.69632;4.56668;130;20210417;12;1.4;6.7;3.6;6.27;0;2.59;19278
101094;50.69632;4.56668;130;20210418;13.9;2;7.9;2.4;7.3;0;2.59;20545
101094;50.69632;4.56668;130;20210419;13.1;3.1;8.1;2;8.33;1;2;14933
101094;50.69632;4.56668;130;20210420;16.6;2.9;9.8;1.4;8.57;0;2.48;18383
101094;50.69632;4.56668;130;20210421;15.9;6.5;11.2;3.4;8.17;0;3.05;17724
101094;50.69632;4.56668;130;20210422;12.3;0.9;6.6;3.7;6.1;0;2.92;22706
101094;50.69632;4.56668;130;20210423;14.3;1.1;7.7;3.3;6.43;0;3.16;23692
101094;50.69632;4.56668;130;20210424;13.6;2.9;8.3;4.2;6.3;0;3.28;22241
101094;50.69632;4.56668;130;20210425;11.9;1.6;6.8;4.3;5.97;0;3.03;22409
101094;50.69632;4.56668;130;20210426;13.9;1;7.5;3.7;5.7;0;3.36;23494
101094;50.69632;4.56668;130;20210427;16.2;2.7;9.5;2.6;5.57;0;3.55;22707
101094;50.69632;4.56668;130;20210428;18.9;4.6;11.8;2.6;6.53;1;3.77;21144
101094;50.69632;4.56668;130;20210429;9;6.6;7.8;3.6;7.5;1;1.63;6023
101094;50.69632;4.56668;130;20210430;11.2;0.9;6;2.3;6.7;0;1.96;13862
101094;50.69632;4.56668;130;20210501;12.1;1;6.6;2.1;6.6;0;2.36;18001
101094;50.69632;4.56668;130;20210502;11.1;2.2;6.7;2.3;6.43;0;2.24;15726
101094;50.69632;4.56668;130;20210503;14.1;1.7;7.9;5.3;6.1;1;3.29;18375
101094;50.69632;4.56668;130;20210504;12.9;7.4;10.1;8.9;7.63;3;3.26;13628
101094;50.69632;4.56668;130;20210505;11.7;4.5;8.1;4.8;6.77;2;2.84;17851
101094;50.69632;4.56668;130;20210506;10.4;3.7;7;3.2;7.33;2;2.06;13889
101094;50.69632;4.56668;130;20210507;13.1;2.7;7.9;3.1;6.7;0;2.92;20521
101094;50.69632;4.56668;130;20210508;18;5.3;11.6;5.1;9.23;0;2.97;12012
101094;50.69632;4.56668;130;20210509;25.8;12.1;18.9;5.2;12.6;0;4.91;16594
101094;50.69632;4.56668;130;20210510;19.3;13.8;16.6;5.2;11.33;1;3.91;15133
101094;50.69632;4.56668;130;20210511;17.4;9.9;13.6;1.9;11.27;1;2.3;11912
101094;50.69632;4.56668;130;20210512;16.6;7.5;12.1;2.1;9.4;1;2.92;17811
101094;50.69632;4.56668;130;20210513;16;6.5;11.3;2.8;9.2;0;2.61;14608
101094;50.69632;4.56668;130;20210514;17.2;5.4;11.3;2.6;10.1;5;2.9;19515
101094;50.69632;4.56668;130;20210515;13.4;8.2;10.8;3.7;10.53;4;1.92;11042
101094;50.69632;4.56668;130;20210516;15.2;7.9;11.6;3.9;10.37;4;2.73;17505
101094;50.69632;4.56668;130;20210517;14.6;9.5;12;4.8;11.03;5;2.29;12308
101094;50.69632;4.56668;130;20210518;16;8.8;12.4;3.5;10.27;6;2.96;17415
101094;50.69632;4.56668;130;20210519;14.4;6.4;10.4;3;10.1;6;2.31;15193
101094;50.69632;4.56668;130;20210520;14.8;5.9;10.4;4.3;9.77;0;2.6;17144
101094;50.69632;4.56668;130;20210521;16.5;10.9;13.7;7.5;8.73;1;4.48;20167
101094;50.69632;4.56668;130;20210522;12.1;8.4;10.2;7;9.97;5;1.92;9094
101094;50.69632;4.56668;130;20210523;15.2;7.2;11.2;5.3;9.1;1;3.22;18710
101094;50.69632;4.56668;130;20210524;15.6;9.9;12.8;5.1;9.87;3;2.94;12551
101094;50.69632;4.56668;130;20210525;13;6.6;9.8;5.1;9.8;7;2.09;12727
101094;50.69632;4.56668;130;20210526;14.3;7.6;10.9;4.3;10.03;3;2.49;15080
101094;50.69632;4.56668;130;20210527;15.6;9;12.3;3.9;10.53;0;2.77;15596
101094;50.69632;4.56668;130;20210528;18.2;5.3;11.7;2.1;9.9;0;3.4;22738
101094;50.69632;4.56668;130;20210529;20.3;8.3;14.3;2.8;9.93;0;4.29;25369
101094;50.69632;4.56668;130;20210530;21.3;8.5;14.9;3.2;10.37;0;4.63;26740
101094;50.69632;4.56668;130;20210531;22.6;10.2;16.4;2.7;10.33;0;4.96;27525
101094;50.69632;4.56668;130;20210601;24.7;11.4;18.1;2.9;9.8;0;5.61;28543
101094;50.69632;4.56668;130;20210602;27.8;11.6;19.7;2.1;12.73;8;5.1;25065
101094;50.69632;4.56668;130;20210603;25;16.1;20.6;2.8;17.4;0;3.81;17513
101094;50.69632;4.56668;130;20210604;25.5;15.4;20.4;1.9;17.43;17;3.56;16959
101094;50.69632;4.56668;130;20210605;14.8;13.8;14.3;3;14.83;0;1.14;4560
101094;50.69632;4.56668;130;20210606;21.2;10.7;15.9;2;12.47;0;3.68;21099
101094;50.69632;4.56668;130;20210607;22.1;10.7;16.4;1.9;12.67;0;4.36;26115
101094;50.69632;4.56668;130;20210608;24.2;12.4;18.3;1.4;13.77;0;4.22;23649
101094;50.69632;4.56668;130;20210609;24.6;13.2;18.9;1.6;13.63;0;4.63;25831
101094;50.69632;4.56668;130;20210610;25.2;12.8;19;2.2;14.1;0;4.93;26787
101094;50.69632;4.56668;130;20210611;25;13.9;19.5;2.5;15.83;0;4.75;26005
101094;50.69632;4.56668;130;20210612;21.8;14.1;17.9;3.4;14.13;0;3.61;16278
101094;50.69632;4.56668;130;20210613;22.6;9.9;16.3;1.7;11.33;0;4.52;27050
101094;50.69632;4.56668;130;20210614;27.7;12.6;20.2;2.1;12.5;0;5.57;28408
101094;50.69632;4.56668;130;20210615;24.9;14.2;19.5;2.7;14.97;0;4.68;23894
101094;50.69632;4.56668;130;20210616;29.5;16.4;23;1.9;16.23;0;5.54;27026
101094;50.69632;4.56668;130;20210617;28.6;20.1;24.4;3.2;18.37;8;5.3;21631
101094;50.69632;4.56668;130;20210618;29.5;18.9;24.2;4;19.83;2;5.72;24037
101094;50.69632;4.56668;130;20210619;22.3;16.4;19.3;3.4;17.65;7;3.1;14750
101094;50.69632;4.56668;130;20210620;24.1;16.6;20.4;3.3;17;19;4.35;21850
101094;50.69632;4.56668;130;20210621;17.5;15.4;16.4;3.7;16.37;14;1.76;7746
101094;50.69632;4.56668;130;20210622;14.5;11.9;13.2;4.4;13.3;8;1.4;5700
101094;50.69632;4.56668;130;20210623;16;11;13.5;3;13.03;0;1.85;9063
101094;50.69632;4.56668;130;20210624;17.9;13.3;15.6;2.4;13.83;0;2.39;11594
101094;50.69632;4.56668;130;20210625;19.3;10.9;15.1;2.6;13.83;1;2.63;14142
101094;50.69632;4.56668;130;20210626;22.4;14;18.2;1.5;16.8;0;2.84;14635
101094;50.69632;4.56668;130;20210627;24.2;15;19.6;2.2;17.53;6;3.15;14760
101094;50.69632;4.56668;130;20210628;22.4;14.9;18.7;1.5;18.49;1;2.76;14373
101094;50.69632;4.56668;130;20210629;22.9;15.2;19;2.6;16.79;32;3.53;17994
101094;50.69632;4.56668;130;20210630;15;12.3;13.6;2.8;14.29;14;1.42;7072
101094;50.69632;4.56668;130;20210701;18;12;15;2.5;12.69;0;2.81;14644
101094;50.69632;4.56668;130;20210702;23;11.3;17.2;2;13.54;0;4.27;24318
101094;50.69632;4.56668;130;20210703;22.6;14.7;18.6;2.2;16.94;14;2.5;9973
101094;50.69632;4.56668;130;20210704;20.5;14.9;17.7;1.8;16.45;14;2.63;13750
101094;50.69632;4.56668;130;20210705;19.5;13.1;16.3;2.8;16;3;2.34;12186
101094;50.69632;4.56668;130;20210706;19.5;16.4;18;5.6;14.33;1;3.65;14838
101094;50.69632;4.56668;130;20210707;22;13.5;17.7;3;14.27;0;3.8;19544
101094;50.69632;4.56668;130;20210708;22.9;13.1;18;1.3;14.69;3;3.5;19185
101094;50.69632;4.56668;130;20210709;21.3;13.2;17.3;1.8;14.69;0;3.34;18332
101094;50.69632;4.56668;130;20210710;22.1;13.5;17.8;1.5;15.7;6;2.6;12613
101094;50.69632;4.56668;130;20210711;21.4;12.4;16.9;1.7;15.14;0;3.07;17066
101094;50.69632;4.56668;130;20210712;22.2;14.8;18.5;1.5;16.34;1;2.62;12113
101094;50.69632;4.56668;130;20210713;19.7;14.8;17.3;2.9;17.89;24;1.67;7098
101094;50.69632;4.56668;130;20210714;16.4;14.9;15.7;5.5;17.13;19;0.78;2819
101094;50.69632;4.56668;130;20210715;16.4;15.7;16;4.6;17.47;29;0.78;2282
101094;50.69632;4.56668;130;20210716;19;14.3;16.7;3.2;15.47;0;2.16;9556
101094;50.69632;4.56668;130;20210717;24.7;13.2;18.9;3;15.97;0;4.37;23318
101094;50.69632;4.56668;130;20210718;26.6;14;20.3;2.7;16.6;0;4.79;24621
101094;50.69632;4.56668;130;20210719;24.1;14.2;19.1;2.1;16.03;0;4.33;24369
101094;50.69632;4.56668;130;20210720;23.6;13.2;18.4;1.9;14.8;0;4.31;24541
101094;50.69632;4.56668;130;20210721;24.5;12.8;18.6;1.7;14.13;0;4.32;24073
101094;50.69632;4.56668;130;20210722;24.6;13.8;19.2;2.2;15.03;0;4.45;24123
101094;50.69632;4.56668;130;20210723;24.3;12.4;18.3;2.9;14.13;0;4.7;25593
101094;50.69632;4.56668;130;20210724;23.7;15.4;19.5;2.5;17.1;5;2.44;8671
101094;50.69632;4.56668;130;20210725;23.8;14.6;19.2;2.9;17.47;6;3.59;19040
101094;50.69632;4.56668;130;20210726;22.1;15.8;18.9;3.5;17.13;4;3.04;14566
101094;50.69632;4.56668;130;20210727;21.1;15.6;18.4;3.7;16.4;2;2.72;11744
101094;50.69632;4.56668;130;20210728;20.9;15.6;18.2;4.6;14.63;1;3.84;18310
101094;50.69632;4.56668;130;20210729;20.9;13.5;17.2;4.4;12.63;0;4;18534
101094;50.69632;4.56668;130;20210730;22.5;12.5;17.5;5.3;13.1;0;4.03;16571
101094;50.69632;4.56668;130;20210731;20;14.1;17.1;4.4;14.6;4;2.81;11921
101094;50.69632;4.56668;130;20210801;19.3;12;15.6;2.8;15.27;12;2.14;11794
101094;50.69632;4.56668;130;20210802;19.7;13.6;16.6;1.6;14.3;9;2.67;14489
101094;50.69632;4.56668;130;20210803;20.5;12;16.3;1.5;13.6;4;2.96;16990
101094;50.69632;4.56668;130;20210804;21.1;12.3;16.7;1.5;14.5;3;2.79;15684
101094;50.69632;4.56668;130;20210805;23.3;14.4;18.9;2.5;14.97;1;3.61;18089
101094;50.69632;4.56668;130;20210806;20.4;16.1;18.2;4.9;16.13;9;3.17;15087
101094;50.69632;4.56668;130;20210807;20.5;13.5;17;4.6;14.93;4;3.13;16247
101094;50.69632;4.56668;130;20210808;19.1;13.8;16.4;5.2;13.53;2;3.1;13621
101094;50.69632;4.56668;130;20210809;20.2;13.3;16.8;3.7;14.77;7;2.8;14091
101094;50.69632;4.56668;130;20210810;21.7;13.1;17.4;2.7;16.17;5;2.73;14892
101094;50.69632;4.56668;130;20210811;22.2;12.8;17.5;1.9;14.53;0;3.32;19038
101094;50.69632;4.56668;130;20210812;25.9;14.5;20.2;1.5;16.37;0;3.24;16217
101094;50.69632;4.56668;130;20210813;24.1;15.8;19.9;2.6;15.3;0;3.83;18760
101094;50.69632;4.56668;130;20210814;24.1;12.3;18.2;2.1;14.23;0;3.82;21685
101094;50.69632;4.56668;130;20210815;26.9;14;20.5;3.4;15.43;0;4.38;19604
101095;50.71245;4.9198;111;20210401;20.5;12.9;16.7;2.7;9.2;0;3.36;15846
101095;50.71245;4.9198;111;20210402;10.1;1.2;5.7;4;7;0;1.67;12510
101095;50.71245;4.9198;111;20210403;6.5;3.3;4.9;3.9;6.47;0;2.21;12766
101095;50.71245;4.9198;111;20210404;9.3;2.5;5.9;2.5;6.44;0;1.65;11466
101095;50.71245;4.9198;111;20210405;6.9;3.2;5;5.7;6.1;3;1.7;8900
101095;50.71245;4.9198;111;20210406;4.4;-0.8;1.8;4.7;5.8;6;1.12;10550
101095;50.71245;4.9198;111;20210407;6;-1.5;2.3;4.9;5.2;0;1.48;9670
101095;50.71245;4.9198;111;20210408;8.3;0.4;4.4;3.4;4.8;0;2.05;13254
101095;50.71245;4.9198;111;20210409;13.8;3.7;8.8;3.1;6.7;1;2.4;12871
101095;50.71245;4.9198;111;20210410;9;6;7.5;2.3;9.4;15;1.01;6826
101095;50.71245;4.9198;111;20210411;7.5;2.1;4.8;3.7;6.5;2;1.46;9457
101095;50.71245;4.9198;111;20210412;7.2;-0.4;3.4;2;5.8;1;1.56;13997
101095;50.71245;4.9198;111;20210413;9.4;-0.4;4.5;1.3;4.9;0;1.96;17132
101095;50.71245;4.9198;111;20210414;8.9;1.1;5;1.7;5.2;0;1.81;13079
101095;50.71245;4.9198;111;20210415;8.8;-0.4;4.2;1.8;5.8;0;1.83;16230
101095;50.71245;4.9198;111;20210416;10.6;0.2;5.4;2.1;5.5;0;2.18;17102
101095;50.71245;4.9198;111;20210417;12.2;1.1;6.7;3;6.3;0;2.38;16834
101095;50.71245;4.9198;111;20210418;14.1;2;8.1;1.8;7.4;0;2.33;17735
101095;50.71245;4.9198;111;20210419;12.8;2.9;7.9;1.8;8.6;0;1.97;16001
101095;50.71245;4.9198;111;20210420;17.1;2.5;9.8;1;8.8;0;2.58;20551
101095;50.71245;4.9198;111;20210421;15.9;6.1;11;3.1;8.4;0;3.01;19473
101095;50.71245;4.9198;111;20210422;12.2;0;6.1;3;6.2;0;2.57;20318
101095;50.71245;4.9198;111;20210423;14.2;0.6;7.4;2.5;6.6;0;2.84;22078
101095;50.71245;4.9198;111;20210424;13.4;2.2;7.8;4;6.4;0;2.86;17925
101095;50.71245;4.9198;111;20210425;11.9;0.5;6.2;3.4;6.1;0;2.54;18227
100094;50.47228;4.59257;155;20210501;12.1;-0.1;6;2.1;6.35;0;2.51;20392
100094;50.47228;4.59257;155;20210502;11.3;1.4;6.4;2.3;6.3;0;2.33;17135
100094;50.47228;4.59257;155;20210503;13.7;1.2;7.4;5.4;6.05;1;3.25;19252
100094;50.47228;4.59257;155;20210504;13.2;7.2;10.2;9.7;7.5;2;3.48;16148
100094;50.47228;4.59257;155;20210505;11.1;4.3;7.7;5.1;6.75;2;2.73;17277
100094;50.47228;4.59257;155;20210506;9.5;3.8;6.7;3.4;7.25;1;1.98;13992
100094;50.47228;4.59257;155;20210507;13.3;2.4;7.8;3.2;6.5;0;3;21001
100094;50.47228;4.59257;155;20210508;17.9;3.9;10.9;4.7;9.05;0;3.03;14599
100094;50.47228;4.59257;155;20210509;25.9;11.4;18.6;4.8;12.25;1;4.91;17929
100094;50.47228;4.59257;155;20210510;19.1;13.7;16.4;5.6;11.2;1;3.95;15609
100094;50.47228;4.59257;155;20210511;17;9.4;13.2;2.2;11.05;3;2.46;13266
100094;50.47228;4.59257;155;20210512;16.6;7.3;12;2.6;8.95;0;3.25;20085
100094;50.47228;4.59257;155;20210513;15.1;6.1;10.6;2.9;8.6;1;2.61;14211
100094;50.47228;4.59257;155;20210514;16.8;4.7;10.7;2.9;9.65;4;3.13;21893
100094;50.47228;4.59257;155;20210515;13.6;8.1;10.9;4.5;10.4;4;2.15;13036
100094;50.47228;4.59257;155;20210516;15.2;7.9;11.5;4.2;10.35;5;2.84;18585
100094;50.47228;4.59257;155;20210517;14.3;9.2;11.7;5;10.95;11;2.13;11620
100094;50.47228;4.59257;155;20210518;15.3;8.7;12;4;10.3;7;2.79;16996
100094;50.47228;4.59257;155;20210519;14.4;6;10.2;3.1;9.95;6;2.44;17019
100094;50.47228;4.59257;155;20210520;14.4;5.7;10.1;4.6;9.5;0;2.52;16326
100094;50.47228;4.59257;155;20210521;16.4;10.4;13.4;8.1;8.5;2;4.55;20681
100094;50.47228;4.59257;155;20210522;12.4;8.3;10.4;7;9.85;5;2.16;11876
100094;50.47228;4.59257;155;20210523;15.3;6.8;11;6;8.85;1;3.36;19699
100094;50.47228;4.59257;155;20210524;15.3;9.9;12.6;5.5;9.7;6;3.06;14024
100094;50.47228;4.59257;155;20210525;13.5;6.7;10.1;6.2;9.45;5;2.39;13676
100094;50.47228;4.59257;155;20210526;14.1;7.5;10.8;4.3;10.05;7;2.42;15076
100094;50.47228;4.59257;155;20210527;16.2;8.6;12.4;3.8;10.3;0;2.98;17484
100094;50.47228;4.59257;155;20210528;17.7;4.7;11.2;2.6;9.95;0;3.21;21514
100094;50.47228;4.59257;155;20210529;19.9;7.6;13.8;3.1;10;0;4.44;27864
100094;50.47228;4.59257;155;20210530;21.2;8.2;14.7;3.7;10.2;0;4.84;28583
100094;50.47228;4.59257;155;20210531;22.3;9.3;15.8;3;10.4;0;4.97;28458
100094;50.47228;4.59257;155;20210601;24.5;10;17.3;3.1;9.15;0;5.79;29750
100094;50.47228;4.59257;155;20210602;27.7;11.7;19.7;2.1;13.1;9;5.09;25187
100094;50.47228;4.59257;155;20210603;24.7;16.2;20.5;2.8;17.8;2;3.68;17142
100094;50.47228;4.59257;155;20210604;25.2;15.6;20.4;2.4;17.85;14;3.81;18883
100094;50.47228;4.59257;155;20210605;14;13.4;13.7;3;14.6;1;0.8;2351
100094;50.47228;4.59257;155;20210606;21.3;10.6;15.9;2;12.7;0;3.76;21903
100094;50.47228;4.59257;155;20210607;21.6;10.5;16.1;2.1;12.95;0;4.34;26718
100094;50.47228;4.59257;155;20210608;23.7;11.7;17.7;1.4;13.95;0;4.32;25327
100094;50.47228;4.59257;155;20210609;24.3;12.6;18.5;1.9;13.6;0;4.68;26058
100094;50.47228;4.59257;155;20210610;25;13.1;19;2.3;14.15;0;4.77;25454
100094;50.47228;4.59257;155;20210611;25;13.4;19.2;2.6;15.95;0;4.78;26350
100094;50.47228;4.59257;155;20210612;22.2;13.6;17.9;3.4;14.3;0;3.69;17626
100094;50.47228;4.59257;155;20210613;22.3;9.5;15.9;2.2;11.35;0;4.88;29723
100094;50.47228;4.59257;155;20210614;27.6;11.9;19.8;2.3;12.7;0;5.68;29203
100094;50.47228;4.59257;155;20210615;24.9;13.9;19.4;3.3;15.05;0;4.78;23783
100094;50.47228;4.59257;155;20210616;29.5;15.9;22.7;2.2;16.4;0;5.76;28038
100094;50.47228;4.59257;155;20210617;28.8;19.8;24.3;3.3;18.1;6;5.53;22485
100094;50.47228;4.59257;155;20210618;29.4;19.1;24.2;4.3;19.4;2;5.95;24994
100094;50.47228;4.59257;155;20210619;23.2;16.1;19.6;3.8;17.95;8;3.53;17547
100094;50.47228;4.59257;155;20210620;24;16.6;20.3;3.8;17;21;4.39;21721
100094;50.47228;4.59257;155;20210621;19.1;16.2;17.6;4.3;16.6;19;2.52;11837
100094;50.47228;4.59257;155;20210622;14.1;11.8;13;5.1;13.35;9;1.41;7054
100094;50.47228;4.59257;155;20210623;15.4;11.2;13.3;3.4;13.1;0;1.76;9286
100094;50.47228;4.59257;155;20210624;18;13.1;15.6;2.8;13.9;0;2.36;11291
100094;50.47228;4.59257;155;20210625;19.6;10.6;15.1;2.9;13.55;0;2.95;16448
100094;50.47228;4.59257;155;20210626;21.9;14.4;18.1;1.6;16.6;0;2.82;14780
100094;50.47228;4.59257;155;20210627;23.3;14.2;18.7;2.4;17.35;2;3.09;15530
100094;50.47228;4.59257;155;20210628;22.3;14.9;18.6;2.1;17.71;4;3.23;16995
100094;50.47228;4.59257;155;20210629;23;14.3;18.7;2.3;15.71;35;3.88;20938
100094;50.47228;4.59257;155;20210630;14.6;12.2;13.4;2.4;13.71;13;1.73;10233
100094;50.47228;4.59257;155;20210701;18.7;12;15.3;2.3;12.41;0;3.17;17137
100094;50.47228;4.59257;155;20210702;23.3;10.5;16.9;2.2;13.91;0;4.14;23104
100094;50.47228;4.59257;155;20210703;23.3;13.9;18.6;2.7;16.71;10;3.42;15795
100094;50.47228;4.59257;155;20210704;21.3;15;18.1;1.9;16.15;14;3.03;15865
100094;50.47228;4.59257;155;20210705;20.1;13.1;16.6;2.6;15.6;2;2.4;12064
100094;50.47228;4.59257;155;20210706;19.7;16.6;18.1;5.9;14.15;0;3.81;15373
100094;50.47228;4.59257;155;20210707;22;13.4;17.7;3.4;14.05;0;4.13;21490
100094;50.47228;4.59257;155;20210708;23.1;12.9;18;1.8;14.11;1;4.01;21618
100094;50.47228;4.59257;155;20210709;22.2;12.7;17.4;2.1;14.11;0;3.84;21653
100094;50.47228;4.59257;155;20210710;22.5;13.1;17.8;1.9;15.25;6;2.79;12953
100094;50.47228;4.59257;155;20210711;21.2;12.6;16.9;2.1;14.81;0;3.27;18206
100094;50.47228;4.59257;155;20210712;21.9;14.4;18.1;2.4;15.71;0;3.15;15028
100094;50.47228;4.59257;155;20210713;19.4;14.1;16.8;2.7;17.11;32;2.01;10021
100094;50.47228;4.59257;155;20210714;16;14.6;15.3;5.3;16.6;21;0.74;2722
100094;50.47228;4.59257;155;20210715;16.3;15.5;15.9;4.5;16.9;35;0.82;2373
100094;50.47228;4.59257;155;20210716;18.8;14.2;16.5;3.6;15.3;0;2.35;11449
100094;50.47228;4.59257;155;20210717;24.8;13.1;19;3.3;15.8;0;4.5;24069
100094;50.47228;4.59257;155;20210718;26.8;13.3;20.1;3;16.55;0;5.07;26944
100094;50.47228;4.59257;155;20210719;24.5;13.7;19.1;2.7;15.85;0;4.69;26303
100094;50.47228;4.59257;155;20210720;24;13.3;18.6;2;15.15;0;4.4;25193
100094;50.47228;4.59257;155;20210721;24.8;12.5;18.6;2.1;14;0;4.77;26786
100094;50.47228;4.59257;155;20210722;25.2;13.1;19.2;2.1;14.6;0;4.6;25124
100094;50.47228;4.59257;155;20210723;24.9;12.3;18.6;3.6;14.5;0;4.87;25625
100094;50.47228;4.59257;155;20210724;23.4;15.2;19.3;2.8;17.05;7;2.6;9485
100094;50.47228;4.59257;155;20210725;23.8;14.8;19.3;3.2;17;1;3.71;19118
100094;50.47228;4.59257;155;20210726;22.1;15.9;19;3.8;16.9;3;3.07;14278
100094;50.47228;4.59257;155;20210727;21;15.6;18.3;3.9;16.25;1;2.74;11887
100094;50.47228;4.59257;155;20210728;21.3;15.7;18.5;5.3;14.45;1;4.12;18906
100094;50.47228;4.59257;155;20210729;20.6;13.7;17.2;4.9;12.65;0;4.09;19011
100094;50.47228;4.59257;155;20210730;22.3;11.6;16.9;5.9;12.9;0;4.1;16986
100094;50.47228;4.59257;155;20210731;19.5;13.6;16.5;4.9;14.45;4;2.95;14577
100094;50.47228;4.59257;155;20210801;19.2;11.7;15.4;3.1;14.9;6;2.27;12563
100094;50.47228;4.59257;155;20210802;19.9;13.8;16.8;2;14.4;11;2.75;14684
100094;50.47228;4.59257;155;20210803;20.2;12;16.1;1.9;13.85;5;2.96;17115
100094;50.47228;4.59257;155;20210804;20.7;11.4;16;1.3;14;2;2.58;14497
100094;50.47228;4.59257;155;20210805;23.4;14.2;18.8;2.8;14.8;1;3.75;18690
100094;50.47228;4.59257;155;20210806;20;16.4;18.2;5.1;16.2;11;2.84;13001
100094;50.47228;4.59257;155;20210807;20;13.4;16.7;4.6;14.9;4;2.92;15112
100094;50.47228;4.59257;155;20210808;19.1;13.4;16.3;5.6;13.45;2;3.21;14985
100094;50.47228;4.59257;155;20210809;20;13.2;16.6;3.7;14.5;10;2.72;13296
100094;50.47228;4.59257;155;20210810;21.3;13.1;17.2;3.3;15.8;3;2.86;15779
100094;50.47228;4.59257;155;20210811;22.4;12.8;17.6;2.1;14.65;0;3.42;19542
100094;50.47228;4.59257;155;20210812;26.9;13.4;20.2;1.8;16.45;0;3.62;18021
100094;50.47228;4.59257;155;20210813;24.8;15.6;20.2;2.9;15.75;0;4.05;20122
100094;50.47228;4.59257;155;20210814;24.6;11.9;18.2;2.2;14;0;4.15;23883
100094;50.47228;4.59257;155;20210815;27.1;13.2;20.1;3.6;15.35;0;4.34;18680
100094;50.47228;4.59257;155;20210816;17.8;13.4;15.6;4.3;13.65;3;2.24;9300
100094;50.47228;4.59257;155;20210817;15.9;10.4;13.2;4;13.85;4;1.54;9909
100094;50.47228;4.59257;155;20210818;18.5;13.7;16.1;4;16.1;1;1.73;8743
100094;50.47228;4.59257;155;20210819;18.6;15.1;16.9;4.5;14.9;0;2.39;10309
100094;50.47228;4.59257;155;20210820;21.1;13.8;17.5;2.7;16.1;0;2.36;11998
100094;50.47228;4.59257;155;20210821;24.8;13;18.9;2.3;16.65;5;3.13;16419
100094;50.47228;4.59257;155;20210822;19.5;16;17.8;4.1;16.8;6;2.2;10693
100094;50.47228;4.59257;155;20210823;19.6;15.7;17.7;4;16.8;2;2;8870
100094;50.47228;4.59257;155;20210824;21;11.6;16.3;4.3;12.6;0;3.71;20341
100094;50.47228;4.59257;155;20210825;21.7;9.2;15.5;2.9;12.5;1;3.4;20681
100094;50.47228;4.59257;155;20210826;17.2;13.2;15.2;3.3;13.95;1;1.88;8994
100094;50.47228;4.59257;155;20210827;19.2;9.8;14.5;3.5;12.75;1;2.68;16032
100094;50.47228;4.59257;155;20210828;20.2;12.5;16.4;3.8;14.05;1;2.72;13953
100094;50.47228;4.59257;155;20210829;17.6;11.3;14.4;3.6;14.45;1;1.52;7724
100094;50.47228;4.59257;155;20210830;20;14;17;4.1;16.1;1;2;9303
100094;50.47228;4.59257;155;20210831;20.7;14.4;17.6;3.3;14.7;0;2.78;13954
100094;50.47228;4.59257;155;20210901;16.8;13.5;15.2;2.7;13.3;0;1.66;6029
100094;50.47228;4.59257;155;20210902;21.5;9.6;15.6;3.5;13.15;0;3.22;20093
100094;50.47228;4.59257;155;20210903;24.8;11;17.9;2.5;14.45;0;3.46;19971
100094;50.47228;4.59257;155;20210904;22.8;12.4;17.6;3.1;16;0;2.97;17761
100094;50.47228;4.59257;155;20210905;25.6;14.1;19.9;1.9;15.35;0;3.42;19073
100094;50.47228;4.59257;155;20210906;25.8;11.4;18.6;1.7;14.4;0;3.1;17268
100094;50.47228;4.59257;155;20210907;27;12.5;19.7;2;14.4;0;3.44;17445
100094;50.47228;4.59257;155;20210908;27.1;14.2;20.6;2.6;13.55;0;4;18828
100094;50.47228;4.59257;155;20210909;23.5;17;20.3;3.5;18.3;1;2.47;9826
100094;50.47228;4.59257;155;20210910;22.6;17.2;19.9;3.4;18.85;11;2.11;8974
100094;50.47228;4.59257;155;20210911;19.1;14.4;16.8;3;16.05;0;1.72;8719
100094;50.47228;4.59257;155;20210912;21.3;11.4;16.3;2.3;14.25;0;2.41;14791
100094;50.47228;4.59257;155;20210913;21.4;11.2;16.3;2.9;14.65;0;2.32;13400
100094;50.47228;4.59257;155;20210914;20.8;12.2;16.5;2.3;17.1;5;1.48;8176
100094;50.47228;4.59257;155;20210915;19.8;17.7;18.7;2.6;17.4;3;1.5;4529
100094;50.47228;4.59257;155;20210916;21;10.7;15.9;1.9;13.7;0;2.18;13608
100094;50.47228;4.59257;155;20210917;20.7;11.4;16.1;1.6;14.1;0;1.93;11499
100094;50.47228;4.59257;155;20210918;22.5;10.2;16.3;2.1;13.65;0;2.46;15087
100094;50.47228;4.59257;155;20210919;20.9;11.3;16.1;1.9;13.75;0;1.99;11074
100094;50.47228;4.59257;155;20210920;19.3;11.1;15.2;2.5;12.25;0;2.24;12672
100094;50.47228;4.59257;155;20210921;18;9.8;13.9;2.5;9.6;0;2.33;12309
100094;50.47228;4.59257;155;20210922;19.9;6.6;13.3;1.2;10.55;0;1.89;13234
100094;50.47228;4.59257;155;20210923;20.1;9.2;14.7;3.2;12.75;0;2.3;14637
100094;50.47228;4.59257;155;20210924;19.1;13.2;16.1;3.6;15.05;1;1.65;7496
100094;50.47228;4.59257;155;20210925;22.1;11.3;16.7;2.1;14.05;0;2.27;14777
100094;50.47228;4.59257;155;20210926;20.4;15.1;17.7;3.5;16.65;0;1.73;8005
100094;50.47228;4.59257;155;20210927;18.7;15.2;16.9;4.2;14.45;4;1.94;6337
100094;50.47228;4.59257;155;20210928;17.4;9.1;13.3;3.4;11.5;1;1.87;10467
100094;50.47228;4.59257;155;20210929;15;11.1;13.1;4.8;10.5;7;2.12;9680
100094;50.47228;4.59257;155;20210930;14.1;6.2;10.1;4.1;9.3;0;1.61;7920
100094;50.47228;4.59257;155;20211001;16.2;9.9;13;5.7;10.8;2;2.13;8818
100094;50.47228;4.59257;155;20211002;16;11.2;13.6;5.8;13.75;8;1.23;5998
100094;50.47228;4.59257;155;20211003;15.9;15;15.4;5.8;13.8;26;1.64;2933
100094;50.47228;4.59257;155;20211004;16.8;9.9;13.4;5;11.05;0;2.14;10879
99095;50.26417;4.96796;257;20210708;21.1;12;16.5;1.8;13.71;1;3.11;16840
99095;50.26417;4.96796;257;20210709;21;11.8;16.4;1.9;14.26;0;3.21;18294
99095;50.26417;4.96796;257;20210710;22.1;13.6;17.8;1.6;14.71;8;3.2;16796
99095;50.26417;4.96796;257;20210711;20.2;11.6;15.9;1.4;14.76;0;2.99;17809
99095;50.26417;4.96796;257;20210712;20.1;13;16.5;1.7;15.56;2;2.3;12008
99095;50.26417;4.96796;257;20210713;17.6;14.7;16.1;2.6;17.11;37;1.26;6095
99095;50.26417;4.96796;257;20210714;15.4;14.2;14.8;5.7;16.61;56;0.54;2669
99095;50.26417;4.96796;257;20210715;16.2;15;15.6;4;16.75;19;0.83;2873
99095;50.26417;4.96796;257;20210716;16.6;13.9;15.3;3.1;15.2;0;1.82;8749
99095;50.26417;4.96796;257;20210717;23.6;13.6;18.6;2.9;15.65;0;4.14;21919
99095;50.26417;4.96796;257;20210718;25.1;13.2;19.2;3.3;16.15;0;5.01;27394
99095;50.26417;4.96796;257;20210719;23.5;13.6;18.5;2.3;16;0;4.42;25998
99095;50.26417;4.96796;257;20210720;22.7;12.7;17.7;1.9;14.41;0;4.21;25151
99095;50.26417;4.96796;257;20210721;23.7;12.4;18;2.1;13.71;0;4.21;23380
99095;50.26417;4.96796;257;20210722;24;13.2;18.6;2.1;14.06;0;4.3;23679
99095;50.26417;4.96796;257;20210723;24.7;12.3;18.5;2.9;15.21;0;4.61;26112
99095;50.26417;4.96796;257;20210724;23;15.4;19.2;2.5;16.36;9;2.73;11284
99095;50.26417;4.96796;257;20210725;22.1;13.9;18;3.4;16.36;2;3.42;19289
99095;50.26417;4.96796;257;20210726;21.8;15;18.4;3.7;15.96;3;3.11;14640
99095;50.26417;4.96796;257;20210727;20.4;14.8;17.6;3.9;16.06;2;2.63;12793
99095;50.26417;4.96796;257;20210728;20.5;15.2;17.9;5;14.11;1;3.73;17378
99095;50.26417;4.96796;257;20210729;19.4;13.6;16.5;4;12.36;0;3.38;15414
99095;50.26417;4.96796;257;20210730;21.8;12.1;17;5.2;12.41;0;4.12;18199
99095;50.26417;4.96796;257;20210731;19.3;13.3;16.3;4.4;13.31;1;2.76;10913
99095;50.26417;4.96796;257;20210801;19.5;10.5;15;2.5;13.91;3;2.33;12748
99095;50.26417;4.96796;257;20210802;18.8;12.1;15.4;2.3;13.66;9;2.57;14538
99095;50.26417;4.96796;257;20210803;18.8;12.7;15.8;2.1;13.96;4;2.76;16313
99095;50.26417;4.96796;257;20210804;19.1;11.6;15.4;1.2;14.01;0;2.27;13021
99095;50.26417;4.96796;257;20210805;22.1;12.8;17.4;2.3;14.61;2;3.34;18672
99095;50.26417;4.96796;257;20210806;18.8;15.3;17.1;4.7;15.16;5;2.6;12102
99095;50.26417;4.96796;257;20210807;19.1;12.7;15.9;4.1;14.01;4;2.68;13978
99095;50.26417;4.96796;257;20210808;18.4;12.4;15.4;5.3;12.71;3;3.02;14754
99095;50.26417;4.96796;257;20210809;19.3;12.6;15.9;4.2;13.51;4;2.72;12869
99095;50.26417;4.96796;257;20210810;20.3;13.1;16.7;2.8;15.26;1;2.6;14271
99095;50.26417;4.96796;257;20210811;22.4;11.9;17.2;1.7;15.06;0;3.03;17694
99095;50.26417;4.96796;257;20210812;26.7;13.2;19.9;1.3;16.41;0;3.44;18459
99095;50.26417;4.96796;257;20210813;24.6;14.9;19.7;2.3;15.66;0;3.78;19903
99095;50.26417;4.96796;257;20210814;24.7;11.6;18.2;1.9;13.41;0;3.9;21937
99095;50.26417;4.96796;257;20210815;25.9;12.7;19.3;3.1;15.01;0;4.02;19320
99095;50.26417;4.96796;257;20210816;16.9;13.1;15;4.2;13.01;3;2.01;7195
99095;50.26417;4.96796;257;20210817;15.7;10;12.9;3.5;13.51;5;1.44;8889
99095;50.26417;4.96796;257;20210818;18.1;12.8;15.4;3.6;15.51;2;1.59;8220
99095;50.26417;4.96796;257;20210819;16.8;14.2;15.5;3.6;15.46;1;1.4;6327
99095;50.26417;4.96796;257;20210820;20.4;13.5;17;1.9;15.41;0;2.24;11872
99095;50.26417;4.96796;257;20210821;24.1;11.8;17.9;2.2;16.06;4;3.07;17500
99095;50.26417;4.96796;257;20210822;18.9;15.2;17.1;4;16.21;7;2.03;9913
99095;50.26417;4.96796;257;20210823;19.1;14.9;17;3.9;16.36;2;1.9;9102
99095;50.26417;4.96796;257;20210824;19.6;11.3;15.5;3.8;12.66;0;3.35;20836
99095;50.26417;4.96796;257;20210825;20.5;9.7;15.1;2.9;12.26;1;3.19;19812
99095;50.26417;4.96796;257;20210826;16.7;12.7;14.7;3.3;13.21;0;1.94;9448
99095;50.26417;4.96796;257;20210827;17.7;9.4;13.6;2.9;12.51;1;2.06;12053
99095;50.26417;4.96796;257;20210828;18.8;12.1;15.5;3;14.21;2;1.97;9831
99095;50.26417;4.96796;257;20210829;16.5;11.1;13.8;3.5;14.06;2;1.32;6892
99095;50.26417;4.96796;257;20210830;18.2;13.4;15.8;3.4;15.86;2;1.43;6849
99095;50.26417;4.96796;257;20210831;19;13.3;16.1;3.4;14.46;0;2.45;14312
99095;50.26417;4.96796;257;20210901;15.6;12.6;14.1;3;12.91;0;1.5;5851
99095;50.26417;4.96796;257;20210902;21.4;9.4;15.4;3;13.36;0;2.97;18850
99095;50.26417;4.96796;257;20210903;24.8;10.6;17.7;2.1;13.76;0;3.35;19225
99095;50.26417;4.96796;257;20210904;24.4;11.9;18.2;1.9;14.96;0;2.9;16190
99095;50.26417;4.96796;257;20210905;24.9;13.4;19.2;1.4;15.61;0;2.88;16635
99095;50.26417;4.96796;257;20210906;24.8;12.4;18.6;1.8;15.16;0;2.98;17199
99095;50.26417;4.96796;257;20210907;25.6;12.2;18.9;1.8;14.46;0;3.02;16068
99095;50.26417;4.96796;257;20210908;25.3;13.6;19.4;2.8;12.96;0;3.6;16062
99095;50.26417;4.96796;257;20210909;21.7;16.6;19.2;2.8;17.56;7;1.98;8337
99095;50.26417;4.96796;257;20210910;20.9;16.6;18.7;2.6;18.46;16;1.74;8785
99095;50.26417;4.96796;257;20210911;20.1;13.9;17;2.6;14.81;0;2.01;9510
99095;50.26417;4.96796;257;20210912;20;10.8;15.4;1.4;13.16;0;2.11;13887
99095;50.26417;4.96796;257;20210913;21.1;10;15.6;1.9;14.06;0;2.13;13379
99095;50.26417;4.96796;257;20210914;20.7;12.3;16.5;2.4;16.31;5;1.58;8658
99095;50.26417;4.96796;257;20210915;19.3;17.3;18.3;2.4;17.61;5;1.24;3522
99095;50.26417;4.96796;257;20210916;18.9;9.8;14.3;1.7;13.06;0;1.71;10240
99095;50.26417;4.96796;257;20210917;20.5;8.8;14.7;1.2;12.81;0;1.96;13558
99095;50.26417;4.96796;257;20210918;21.4;9.1;15.2;1.9;13.01;0;2.24;14543
99095;50.26417;4.96796;257;20210919;20.1;11.7;15.9;1.9;12.91;0;2.13;12842
99095;50.26417;4.96796;257;20210920;18.5;9.7;14.1;2;12.06;0;1.88;11594
99095;50.26417;4.96796;257;20210921;16.1;9.4;12.7;2.2;9.81;0;1.93;11311
99095;50.26417;4.96796;257;20210922;19.2;5;12.1;1.2;10.7;0;1.87;14500
99095;50.26417;4.96796;257;20210923;19.9;7.6;13.7;3.2;12.11;0;2.23;14941
99095;50.26417;4.96796;257;20210924;17.1;12.5;14.8;2.7;14.46;0;1.2;5459
99095;50.26417;4.96796;257;20210925;21.4;8.7;15;1.4;14.16;0;1.81;13053
99095;50.26417;4.96796;257;20210926;19;14.5;16.7;2.8;16.16;0;1.36;6126
99095;50.26417;4.96796;257;20210927;17.5;14.6;16.1;3.8;14.36;5;1.56;4980
99095;50.26417;4.96796;257;20210928;16;8.5;12.2;2.8;11.31;1;1.56;10402
99095;50.26417;4.96796;257;20210929;14.4;10.4;12.4;4.5;10.06;6;1.99;9412
99095;50.26417;4.96796;257;20210930;13.6;5.2;9.4;3.7;8.86;0;1.55;8787
99095;50.26417;4.96796;257;20211001;15.4;8.2;11.8;5.2;10.26;3;1.9;9244
99095;50.26417;4.96796;257;20211002;15.3;11.1;13.2;6.2;13.51;8;1.13;6404
99095;50.26417;4.96796;257;20211003;16.1;14.3;15.2;6.4;13.61;11;1.66;3326
99095;50.26417;4.96796;257;20211004;15.6;9.2;12.4;4.6;10.81;0;1.84;11138
99095;50.26417;4.96796;257;20211005;13.8;9.8;11.8;5.5;11.16;5;1.43;6769
99095;50.26417;4.96796;257;20211006;10.3;9;9.6;5.4;11.11;8;0.64;2892
99095;50.26417;4.96796;257;20211007;14.8;8.5;11.6;1.9;12.06;0;1.07;9101
99095;50.26417;4.96796;257;20211008;16.3;4.4;10.4;2.2;10.66;0;1.32;12892
99095;50.26417;4.96796;257;20211009;16.6;6.4;11.5;2.1;10.06;0;1.45;11032
99095;50.26417;4.96796;257;20211010;15.6;3.8;9.7;1.3;9.66;0;1.14;11007
99095;50.26417;4.96796;257;20211011;12.8;6.6;9.7;2.3;10.76;0;0.79;5523
99095;50.26417;4.96796;257;20211012;12.2;7.1;9.6;3;10.41;6;0.84;3803
99095;50.26417;4.96796;257;20211013;11.1;2.4;6.7;1.5;9.16;0;0.69;6731
99095;50.26417;4.96796;257;20211014;15;6;10.5;2.5;9.16;0;1.34;9139
99095;50.26417;4.96796;257;20211015;13.1;6.2;9.7;2;9.76;1;0.94;5611
99095;50.26417;4.96796;257;20211016;11.7;3;7.4;1.2;8.61;0;0.74;6046
99095;50.26417;4.96796;257;20211017;13.5;1.4;7.5;1.4;8.26;0;0.89;9112
99095;50.26417;4.96796;257;20211018;15.5;5;10.2;3.1;10.31;3;1.13;8444
99095;50.26417;4.96796;257;20211019;17.9;12.3;15.1;5.5;14.16;1;1.38;4784
99095;50.26417;4.96796;257;20211020;15.7;13.2;14.5;8.1;12.81;5;1.75;2752
99095;50.26417;4.96796;257;20211021;11.3;8.5;9.9;7.3;9.51;5;1.38;4231
99095;50.26417;4.96796;257;20211022;10.2;2.6;6.4;4.2;8.06;0;0.88;7234
99095;50.26417;4.96796;257;20211023;12.1;6;9.1;1.9;9.11;0;0.82;5383
99095;50.26417;4.96796;257;20211024;13.1;2.8;8;3.3;7.91;0;1.18;8948
99095;50.26417;4.96796;257;20211025;11.3;5.1;8.2;3.6;9.71;0;0.68;4432
99095;50.26417;4.96796;257;20211026;12.7;9.5;11.1;4.5;11.46;0;0.85;4975
99095;50.26417;4.96796;257;20211027;13.2;9.5;11.3;3.2;11.31;0;0.84;4283
99095;50.26417;4.96796;257;20211028;14.7;6.2;10.4;4.1;10.11;0;1.13;7860
99095;50.26417;4.96796;257;20211029;16.8;9.4;13.1;5.5;10.71;5;1.78;7060
99095;50.26417;4.96796;257;20211030;12.5;11;11.7;4.4;12.16;5;0.76;2167
99095;50.26417;4.96796;257;20211031;16.5;8.8;12.6;5.2;11.81;13;1.26;5627
99095;50.26417;4.96796;257;20211101;11.7;7.9;9.8;5.4;9.26;0;1.19;5836
99095;50.26417;4.96796;257;20211102;9;5.1;7.1;3;8.81;2;0.59;3049
99095;50.26417;4.96796;257;20211103;6.1;3.4;4.7;2.7;8.2;4;0.42;2323
99095;50.26417;4.96796;257;20211104;7.2;3.8;5.5;3.1;8.7;2;0.41;2341
99095;50.26417;4.96796;257;20211105;10;5.9;8;2.1;9.35;1;0.55;3945
99095;50.26417;4.96796;257;20211106;9.7;2.8;6.2;4.1;8.16;1;0.63;5832
99095;50.26417;4.96796;257;20211107;9.9;6.6;8.2;4.7;8.91;0;0.88;2773
99095;50.26417;4.96796;257;20211108;9.7;3.3;6.5;1.8;7.96;0;0.5;4816
99095;50.26417;4.96796;257;20211109;11.1;0.5;5.8;1.4;7.11;0;0.42;7044
99095;50.26417;4.96796;257;20211110;10.2;-0.6;4.8;1.3;6.71;0;0.41;6325
99095;50.26417;4.96796;257;20211111;8.9;-2.7;3.1;0.8;6.65;0;0.23;6250
99095;50.26417;4.96796;257;20211112;10.2;-1.5;4.3;3.6;7.2;1;0.74;6178
99095;50.26417;4.96796;257;20211113;10.1;5;7.5;3.7;10.9;3;0.17;1948
99095;50.26417;4.96796;257;20211114;10;8.4;9.2;3;9.96;0;0.63;2165
99095;50.26417;4.96796;257;20211115;6.1;3.6;4.8;2.5;8.51;0;0.26;1684
99095;50.26417;4.96796;257;20211116;4.8;4.3;4.5;1.3;7.76;0;0.41;612
99095;50.26417;4.96796;257;20211117;7.6;3.7;5.6;2.2;8.86;0;0.28;1729
99095;50.26417;4.96796;257;20211118;9.3;3.8;6.6;2.6;8.76;0;0.31;4386
99095;50.26417;4.96796;257;20211119;8.8;5.4;7.1;2;10.26;0;0.2;1784
99095;50.26417;4.96796;257;20211120;8.4;7.3;7.8;1.8;9.16;0;0.5;1501
99095;50.26417;4.96796;257;20211121;6.7;4.4;5.6;2.8;8.56;2;0.31;1769
99095;50.26417;4.96796;257;20211122;4.9;2.6;3.8;4.6;6.76;0;0.47;4037
99095;50.26417;4.96796;257;20211123;6.9;-1.2;2.9;2.3;6.66;0;0.24;4387
99095;50.26417;4.96796;257;20211124;5.7;0.1;2.9;1.6;6.51;0;0.16;4745
99095;50.26417;4.96796;257;20211125;3.6;-1.6;1;1.7;6.71;0;0.11;2603
99095;50.26417;4.96796;257;20211126;3.3;2.2;2.8;5.3;6.96;7;0.33;1309
99095;50.26417;4.96796;257;20211127;3.2;0;1.6;3.2;6.36;1;0.21;2899
99095;50.26417;4.96796;257;20211128;2.5;0.7;1.6;2.8;6.46;1;0.28;1225
99095;50.26417;4.96796;257;20211129;4;0.2;2.1;4.5;6.21;1;0.41;2388
99095;50.26417;4.96796;257;20211130;7.7;0.8;4.2;7.1;8.61;7;0.02;1224
99095;50.26417;4.96796;257;20211201;8.3;6.2;7.2;7.5;8.56;8;0.83;1392
99095;50.26417;4.96796;257;20211202;2.5;1.9;2.2;4.3;6.56;3;0.33;1379
99095;50.26417;4.96796;257;20211203;2.7;-0.1;1.3;5.6;6.31;2;0.27;1464
99095;50.26417;4.96796;257;20211204;5.1;2;3.5;4;7.21;4;0.37;1320
99095;50.26417;4.96796;257;20211205;2.5;2;2.2;3.5;6.56;2;0.38;826
99095;50.26417;4.96796;257;20211206;3;-0.5;1.3;4.1;6.46;5;0.09;3217
99095;50.26417;4.96796;257;20211207;4.4;1;2.7;5.8;6.86;1;0.24;2955
99095;50.26417;4.96796;257;20211208;4.6;3.9;4.2;4.6;6.71;0;0.63;2045
99095;50.26417;4.96796;257;20211209;2.8;0.3;1.5;5;6.46;2;0.24;1289
99095;50.26417;4.96796;257;20211210;2.6;1.4;2;4.9;6.31;6;0.41;1170
99095;50.26417;4.96796;257;20211211;4.3;0.1;2.2;3.3;6.86;1;0.18;1976
100095;50.48832;4.94402;172;20210409;13.7;3.4;8.6;3.7;6.5;4;2.55;12901
100095;50.48832;4.94402;172;20210410;9.8;6.6;8.2;2.9;9.7;17;0.93;4730
100095;50.48832;4.94402;172;20210411;6.4;2.1;4.2;4;6.6;2;1.25;8289
100095;50.48832;4.94402;172;20210412;6.9;-0.8;3.1;2.8;5.84;1;1.52;13583
100095;50.48832;4.94402;172;20210413;8.8;-2.2;3.3;1.6;5.34;0;1.84;17557
100095;50.48832;4.94402;172;20210414;8.6;-0.8;3.9;2.4;5.27;0;1.86;14564
100095;50.48832;4.94402;172;20210415;8.4;-0.8;3.8;3;5.5;0;1.94;16201
100095;50.48832;4.94402;172;20210416;9.7;-0.7;4.5;3;5.5;0;2.05;15412
100095;50.48832;4.94402;172;20210417;11.6;0.9;6.3;3.5;6.2;0;2.49;18969
100095;50.48832;4.94402;172;20210418;13.7;1.7;7.7;2.6;7.17;0;2.62;20809
100095;50.48832;4.94402;172;20210419;12.7;3.3;8;2.1;8.3;0;1.99;15294
100095;50.48832;4.94402;172;20210420;16;3.3;9.7;1.4;8.24;0;2.64;20114
100095;50.48832;4.94402;172;20210421;15.6;6;10.8;3.2;8.3;0;2.87;17672
100095;50.48832;4.94402;172;20210422;12.2;0.7;6.4;4.2;6.04;0;2.83;21222
100095;50.48832;4.94402;172;20210423;14;1;7.5;3.6;6.37;0;3.14;23823
100095;50.48832;4.94402;172;20210424;13.3;2.7;8;4.7;6.37;0;3.15;20626
100095;50.48832;4.94402;172;20210425;11.8;1.6;6.7;4.9;5.9;0;3.07;22831
100095;50.48832;4.94402;172;20210426;13.9;0.6;7.3;4.4;5.57;0;3.45;23742
100095;50.48832;4.94402;172;20210427;15.9;2.3;9.1;3;5.64;0;3.6;23236
100095;50.48832;4.94402;172;20210428;19;4.6;11.8;2.8;6.4;1;3.82;20871
100095;50.48832;4.94402;172;20210429;9;6.2;7.6;3.7;7.7;1;1.68;8426
100095;50.48832;4.94402;172;20210430;10.9;0;5.5;2.2;6.54;0;2.04;15535
100095;50.48832;4.94402;172;20210501;12;0.5;6.2;2.1;6.47;0;2.48;19717
100095;50.48832;4.94402;172;20210502;11.2;1.6;6.4;2.5;6.37;0;2.34;17164
100095;50.48832;4.94402;172;20210503;13.6;1.5;7.5;5.4;6.1;1;3.19;18243
100095;50.48832;4.94402;172;20210504;13.2;7.1;10.2;9.8;7.44;1;3.55;16254
100095;50.48832;4.94402;172;20210505;11;4.3;7.6;5.1;6.77;2;2.68;16857
100095;50.48832;4.94402;172;20210506;9.7;3.5;6.6;3.5;7.34;2;1.96;13992
100095;50.48832;4.94402;172;20210507;13.1;2.4;7.8;3.5;6.5;0;2.95;20062
100095;50.48832;4.94402;172;20210508;18;4.2;11.1;4.8;8.9;0;3.22;15489
100095;50.48832;4.94402;172;20210509;26;11.7;18.8;5;12.1;0;5.15;18545
100095;50.48832;4.94402;172;20210510;19.2;14.1;16.6;5.7;11.34;1;4.05;15124
100095;50.48832;4.94402;172;20210511;16.6;10.1;13.4;2.4;11.47;2;2.37;12733
100095;50.48832;4.94402;172;20210512;16.5;7.5;12;2.7;9.14;0;3.18;19396
100095;50.48832;4.94402;172;20210513;15.7;6.5;11.1;3;8.74;1;2.82;15326
100095;50.48832;4.94402;172;20210514;16.8;5.5;11.2;3.1;9.64;5;3.19;21081
100095;50.48832;4.94402;172;20210515;13.7;8.2;11;4.6;10.24;5;2.32;13760
100095;50.48832;4.94402;172;20210516;15.3;7.9;11.6;4.2;10.37;5;2.82;18207
100095;50.48832;4.94402;172;20210517;14.5;9.1;11.8;5.2;10.9;10;2.29;12483
100095;50.48832;4.94402;172;20210518;15.5;8.7;12.1;4.1;10.3;7;2.85;16784
100095;50.48832;4.94402;172;20210519;14.5;6;10.3;3.4;9.84;5;2.52;16990
100095;50.48832;4.94402;172;20210520;14.6;5.8;10.2;4.6;9.54;0;2.57;16187
100095;50.48832;4.94402;172;20210521;16.5;10.6;13.5;8;8.67;1;4.5;19955
100095;50.48832;4.94402;172;20210522;12.2;8.3;10.3;7.3;9.77;3;2.13;11289
100095;50.48832;4.94402;172;20210523;15.3;6.9;11.1;6.1;8.77;1;3.45;19924
100095;50.48832;4.94402;172;20210524;15.1;10.1;12.6;5.9;9.67;5;3.09;13400
100095;50.48832;4.94402;172;20210525;13.3;6.7;10;6.2;9.44;7;2.4;14214
100095;50.48832;4.94402;172;20210526;14.1;7.4;10.8;4.5;10.04;5;2.48;15485
100095;50.48832;4.94402;172;20210527;16.1;8.5;12.3;3.9;10.34;0;2.94;17029
100095;50.48832;4.94402;172;20210528;17.8;4.9;11.4;2.6;9.9;0;3.25;21243
100095;50.48832;4.94402;172;20210529;19.7;7.7;13.7;3;9.94;0;4.36;27246
100095;50.48832;4.94402;172;20210530;21.3;8;14.7;3.6;10.07;0;4.85;28387
100095;50.48832;4.94402;172;20210531;22.3;9.7;16;3.2;10.37;0;5.04;27883
100095;50.48832;4.94402;172;20210601;24.6;10.7;17.6;3.2;9;0;5.88;29261
100095;50.48832;4.94402;172;20210602;27.8;12.6;20.2;2.4;12.67;8;5.37;25005
100095;50.48832;4.94402;172;20210603;24.6;16.4;20.5;2.8;17.84;14;3.59;16437
100095;50.48832;4.94402;172;20210604;25.1;15.8;20.4;2.3;17.9;11;3.9;19671
100095;50.48832;4.94402;172;20210605;14.3;13.8;14;3.1;14.87;1;0.83;1798
100095;50.48832;4.94402;172;20210606;20.7;10.8;15.8;2.1;13.14;0;3.43;19780
100095;50.48832;4.94402;172;20210607;21.3;10.5;15.9;2.1;13.2;0;4.06;25011
100095;50.48832;4.94402;172;20210608;23.9;11.9;17.9;1.4;13.94;0;4.38;25284
100095;50.48832;4.94402;172;20210609;24.3;13;18.7;1.9;13.84;0;4.62;25358
100095;50.48832;4.94402;172;20210610;25.1;13.6;19.4;2.5;14.2;0;4.95;25696
100095;50.48832;4.94402;172;20210611;25.1;13.8;19.5;2.7;16.04;0;4.8;25812
100095;50.48832;4.94402;172;20210612;22;13.9;17.9;3.6;14.34;0;3.74;17743
100095;50.48832;4.94402;172;20210613;22.4;9.1;15.8;2.2;11.24;0;4.87;29637
100095;50.48832;4.94402;172;20210614;27.5;12.5;20;2.4;12.57;0;5.74;28995
100095;50.48832;4.94402;172;20210615;25;13.9;19.5;3.3;14.94;0;4.73;22965
100095;50.48832;4.94402;172;20210616;29.7;16;22.9;2.3;16.3;0;5.89;28125
100095;50.48832;4.94402;172;20210617;29.3;20.2;24.8;3.4;17.87;6;5.78;22259
100095;50.48832;4.94402;172;20210618;30;19.4;24.7;4.5;19.1;0;6.24;24341
100095;50.48832;4.94402;172;20210619;23.8;16.3;20.1;3.6;18.27;8;3.78;18471
100095;50.48832;4.94402;172;20210620;24.3;16.8;20.5;3.9;17.14;18;4.47;21242
100095;50.48832;4.94402;172;20210621;19.2;16;17.6;4.2;16.44;13;2.54;11774
100095;50.48832;4.94402;172;20210622;14.1;11.6;12.8;4.9;13.4;11;1.42;7772
100095;50.48832;4.94402;172;20210623;15.4;11.1;13.3;3.1;13.2;1;1.8;9714
100095;50.48832;4.94402;172;20210624;18.4;13.1;15.7;2.6;14.07;0;2.54;12807
100095;50.48832;4.94402;172;20210625;20;10.9;15.5;3;13.5;0;3.14;16840
100095;50.48832;4.94402;172;20210626;22.4;14.7;18.6;1.8;16.17;0;3.22;16248
100095;50.48832;4.94402;172;20210627;23.9;14.7;19.3;2.4;17.34;7;3.34;16134
100095;50.48832;4.94402;172;20210628;22.2;15.4;18.8;2;18.56;11;3.13;16743
100095;50.48832;4.94402;172;20210629;23;14.4;18.7;2.8;16.26;31;3.82;20269
100095;50.48832;4.94402;172;20210630;14.8;12.2;13.5;3;14.06;11;1.48;7545
100095;50.48832;4.94402;172;20210701;18.1;11.8;15;2.7;12.56;1;2.76;14770
100095;50.48832;4.94402;172;20210702;23.1;10.7;16.9;2.5;13.76;0;4.05;22312
100095;50.48832;4.94402;172;20210703;23.4;14.2;18.8;2.9;16.41;8;3.62;16939
100095;50.48832;4.94402;172;20210704;21.1;15.3;18.2;2.2;16.37;14;3.1;16366
100095;50.48832;4.94402;172;20210705;19.7;13.1;16.4;2.8;15.8;3;2.35;12420
100095;50.48832;4.94402;172;20210706;20;16.7;18.4;6.2;14.14;0;3.99;15032
100095;50.48832;4.94402;172;20210707;22;13.6;17.8;3.7;13.9;0;4.2;20961
100095;50.48832;4.94402;172;20210708;23;13.2;18.1;2;14.56;2;3.82;19997
100095;50.48832;4.94402;172;20210709;22;13.3;17.6;1.9;14.76;0;3.68;20731
100095;50.48832;4.94402;172;20210710;22.7;13.6;18.2;2;15.37;7;2.92;13474
100095;50.48832;4.94402;172;20210711;21.5;12.7;17.1;2.1;15.21;0;3.26;17510
100095;50.48832;4.94402;172;20210712;22.3;14.7;18.5;2.5;15.91;2;3.29;15316
100095;50.48832;4.94402;172;20210713;19.1;14.7;16.9;2.7;17.56;36;1.9;9680
100095;50.48832;4.94402;172;20210714;16;14.7;15.4;5.2;16.87;54;0.89;4334
100095;50.48832;4.94402;172;20210715;16.5;15.5;16;4.3;17.14;24;1.05;4562
100095;50.48832;4.94402;172;20210716;18.5;14.2;16.4;3.3;15.47;0;2.22;10974
100095;50.48832;4.94402;172;20210717;24.7;13.4;19.1;3.2;16;0;4.44;23586
100095;50.48832;4.94402;172;20210718;26.8;13.3;20;2.8;16.74;0;4.99;26804
100095;50.48832;4.94402;172;20210719;24;13.7;18.8;2.6;15.77;0;4.42;24928
100095;50.48832;4.94402;172;20210720;23.7;13.2;18.4;2.1;14.9;0;4.34;24823
100095;50.48832;4.94402;172;20210721;24.6;12.7;18.7;2.1;13.94;0;4.73;26577
100095;50.48832;4.94402;172;20210722;25;13.3;19.2;2;14.7;0;4.55;25035
100095;50.48832;4.94402;172;20210723;24.7;12.3;18.5;3.4;14.57;0;4.76;25565
100095;50.48832;4.94402;172;20210724;22.9;15.2;19;3;17.07;9;2.56;10137
100095;50.48832;4.94402;172;20210725;24.1;14.9;19.5;3.4;17;0;3.86;19406
100095;50.48832;4.94402;172;20210726;22.3;15.9;19.1;4;16.8;4;3.25;14797
100095;50.48832;4.94402;172;20210727;21.3;15.5;18.4;4.2;16.37;1;2.94;12946
100095;50.48832;4.94402;172;20210728;21.5;15.7;18.6;5.5;14.44;1;4.17;18361
100095;50.48832;4.94402;172;20210729;20.7;13.7;17.2;5.1;12.8;0;4.07;18549
100095;50.48832;4.94402;172;20210730;22.6;12.2;17.4;6.1;12.87;0;4.42;17593
100095;50.48832;4.94402;172;20210731;19.6;13.6;16.6;5.3;14.4;3;3.05;14637
100095;50.48832;4.94402;172;20210801;18.9;11.7;15.3;3.2;14.87;6;2.21;12442
100095;50.48832;4.94402;172;20210802;19.6;13.7;16.7;2;14.27;9;2.7;14325
100095;50.48832;4.94402;172;20210803;19.9;12.1;16;2;13.97;5;2.84;16416
100095;50.48832;4.94402;172;20210804;20.6;11.7;16.2;1.5;13.97;3;2.66;14726
100095;50.48832;4.94402;172;20210805;23.4;14.4;18.9;2.6;14.8;2;3.72;18435
100095;50.48832;4.94402;172;20210806;20.4;16.1;18.2;5.2;16.14;9;3;13495
100095;50.48832;4.94402;172;20210807;20.4;13.5;17;4.8;14.8;3;3.09;15028
100095;50.48832;4.94402;172;20210808;19.3;13.5;16.4;5.7;13.4;2;3.28;14645
100095;50.48832;4.94402;172;20210809;20;13.5;16.7;4.3;14.4;8;2.82;12683
100095;50.48832;4.94402;172;20210810;21.5;13.2;17.3;3.5;15.77;2;3;16143
100095;50.48832;4.94402;172;20210811;22.7;13.2;17.9;2.1;15;0;3.38;18746
100095;50.48832;4.94402;172;20210812;26.9;13.8;20.4;2.1;16.54;0;3.64;17140
100095;50.48832;4.94402;172;20210813;25;15.7;20.4;2.9;15.94;0;3.97;18953
100095;50.48832;4.94402;172;20210814;24.6;12.3;18.5;2.5;14.04;0;4.22;23372
100095;50.48832;4.94402;172;20210815;27.1;13.8;20.4;3.8;15.47;0;4.4;18054
100095;50.48832;4.94402;172;20210816;17.9;13.4;15.7;4.6;13.67;3;2.39;10142
100095;50.48832;4.94402;172;20210817;15.8;10.4;13.1;4.2;13.8;4;1.6;10707
100095;50.48832;4.94402;172;20210818;18.4;13.6;16;4.2;16;1;1.82;9728
100095;50.48832;4.94402;172;20210819;18.4;15.1;16.8;4.5;15;0;2.29;9670
100095;50.48832;4.94402;172;20210820;21.2;13.6;17.4;2.9;16.04;0;2.47;12765
100095;50.48832;4.94402;172;20210821;24.8;13.4;19.1;2.5;16.64;6;3.24;16609
100095;50.48832;4.94402;172;20210822;19.7;15.8;17.8;4.4;16.8;7;2.29;11101
100095;50.48832;4.94402;172;20210823;19.7;15.6;17.6;3.7;16.7;2;2.02;8999
100095;50.48832;4.94402;172;20210824;21;11.5;16.2;4.1;12.5;0;3.65;19837
100095;50.48832;4.94402;172;20210825;21.6;9.4;15.5;2.6;12.5;1;3.3;20077
100095;50.48832;4.94402;172;20210826;17.1;13.2;15.2;3.2;13.87;1;1.96;9666
100095;50.48832;4.94402;172;20210827;19;9.7;14.4;3.2;12.9;1;2.53;15262
100095;50.48832;4.94402;172;20210828;20.1;12.5;16.3;3.5;14.2;1;2.58;13240
100095;50.48832;4.94402;172;20210829;17.1;11.3;14.2;3.5;14.57;2;1.32;6599
100095;50.48832;4.94402;172;20210830;19.9;14;16.9;3.7;16.14;2;1.99;9541
100095;50.48832;4.94402;172;20210831;20.4;14.2;17.3;2.9;14.74;0;2.65;13881
100095;50.48832;4.94402;172;20210901;16.6;13.4;15;2.6;13.1;0;1.62;5837
100095;50.48832;4.94402;172;20210902;21.4;9.7;15.6;3.4;13.3;0;3.13;19495
100095;50.48832;4.94402;172;20210903;25;11.2;18.1;2.3;14.44;0;3.47;19993
100095;50.48832;4.94402;172;20210904;22.4;12.3;17.4;2.8;15.94;0;2.88;17893
100095;50.48832;4.94402;172;20210905;25.4;13.7;19.5;1.8;15.64;0;3.27;18896
100095;50.48832;4.94402;172;20210906;25.4;11.7;18.6;1.9;14.7;0;3.04;16642
100095;50.48832;4.94402;172;20210907;26.8;12.9;19.8;2.2;14.4;0;3.45;17067
100095;50.48832;4.94402;172;20210908;26.9;15;21;2.8;13.54;0;4.1;18356
100095;50.48832;4.94402;172;20210909;23.9;17.3;20.6;3.8;18;3;2.8;10745
100095;50.48832;4.94402;172;20210910;22.3;17.3;19.8;3.6;18.94;11;2.09;9152
100094;50.47228;4.59257;155;20210101;3.1;0.7;1.9;2.1;6.3;0;0.24;2051
100094;50.47228;4.59257;155;20210102;2.2;-1.1;0.5;2.4;6.1;0;0.2;1550
100094;50.47228;4.59257;155;20210103;2.3;1.2;1.8;3.8;6.2;0;0.39;1128
100094;50.47228;4.59257;155;20210104;1.7;0.7;1.2;4.6;6.1;0;0.34;1136
100094;50.47228;4.59257;155;20210105;1.8;0.9;1.4;4.5;6.2;0;0.36;908
100094;50.47228;4.59257;155;20210106;2.3;1;1.7;3.3;6.45;1;0.33;687
100094;50.47228;4.59257;155;20210107;2.6;0;1.3;3.5;6.2;2;0.28;1676
100094;50.47228;4.59257;155;20210108;2;0;1;3.3;5.95;1;0.31;1695
100094;50.47228;4.59257;155;20210109;1.1;-2.8;-0.8;1.2;5.5;0;0.11;2561
100094;50.47228;4.59257;155;20210110;3.4;-1.9;0.8;1.3;5.85;0;0.14;3053
100094;50.47228;4.59257;155;20210111;3.2;-1;1.1;5.5;6.45;5;0.21;1271
100094;50.47228;4.59257;155;20210112;7.4;3.2;5.3;5.6;7.55;12;0.67;2091
100094;50.47228;4.59257;155;20210113;3.9;0.4;2.1;3.2;6.6;5;0.3;2022
100094;50.47228;4.59257;155;20210114;0.7;0.7;0.7;3.8;6;9;0.34;550
100094;50.47228;4.59257;155;20210115;-0.1;-2.1;-1.1;3.1;5;1;0.31;1955
100094;50.47228;4.59257;155;20210116;-0.7;-1.1;-0.9;3.7;5.05;4;0.37;1508
100094;50.47228;4.59257;155;20210117;4.6;-1.3;1.7;3.3;6.75;1;0.16;2756
100094;50.47228;4.59257;155;20210118;4.8;1.3;3;5;6.95;1;0.34;2834
100094;50.47228;4.59257;155;20210119;6.4;3;4.7;8.3;7.6;7;0.63;1064
100094;50.47228;4.59257;155;20210120;9.8;4.7;7.3;8.2;6.95;3;1.67;2935
100094;50.47228;4.59257;155;20210121;7.3;3.3;5.3;8.8;8.15;8;0.49;2801
100094;50.47228;4.59257;155;20210122;6.4;3;4.7;4;7.05;0;0.54;4554
100094;50.47228;4.59257;155;20210123;4.7;1.8;3.2;3.7;6.5;6;0.52;2808
100094;50.47228;4.59257;155;20210124;1.2;-0.2;0.5;4;5.65;2;0.31;3752
100094;50.47228;4.59257;155;20210125;2.9;0.2;1.6;3.3;5.9;0;0.41;3228
100094;50.47228;4.59257;155;20210126;4.1;0.4;2.3;5.3;5.5;1;0.75;4542
100094;50.47228;4.59257;155;20210127;3.9;0.1;2;4.8;6.85;6;0.27;1477
100094;50.47228;4.59257;155;20210128;10.2;3.8;7;5.6;10.25;15;0.18;1848
100094;50.47228;4.59257;155;20210129;9.6;8.5;9;7;9.9;10;0.83;2848
100094;50.47228;4.59257;155;20210130;6.1;6.1;6.1;5.8;7.55;9;0.95;882
100094;50.47228;4.59257;155;20210131;3.1;-0.6;1.2;4.4;6.35;2;0.31;2323
100094;50.47228;4.59257;155;20210201;5;2.5;3.7;2.3;7.7;2;0.33;1501
100094;50.47228;4.59257;155;20210202;10.6;3.2;6.9;5;9.65;5;0.4;2651
100094;50.47228;4.59257;155;20210203;11.8;8.8;10.3;5.9;10.1;15;1.13;2745
100094;50.47228;4.59257;155;20210204;9.2;4.4;6.8;3.9;8.55;1;0.59;5408
100094;50.47228;4.59257;155;20210205;8.9;6.1;7.5;2.6;8.65;0;0.67;2677
100094;50.47228;4.59257;155;20210206;7.5;5.1;6.3;4.5;8.2;10;0.7;2582
100094;50.47228;4.59257;155;20210207;0.5;0.1;0.3;4.3;5.4;1;0.5;1321
100094;50.47228;4.59257;155;20210208;-4.4;-4.4;-4.4;5.1;3.75;1;0.43;1550
100094;50.47228;4.59257;155;20210209;-4.7;-7.8;-6.2;5.4;2.8;0;0.58;6330
100094;50.47228;4.59257;155;20210210;-3.7;-9.9;-6.8;5.4;3;0;0.45;6459
100094;50.47228;4.59257;155;20210211;-1.9;-10.2;-6.1;3.5;3.25;0;0.39;9329
100094;50.47228;4.59257;155;20210212;-3;-8.6;-5.8;5.9;2.85;0;0.67;8991
100094;50.47228;4.59257;155;20210213;-0.1;-8.9;-4.5;5;2.4;0;1.06;9548
100094;50.47228;4.59257;155;20210214;4.3;-7.2;-1.4;5;2.55;0;1.6;8206
100094;50.47228;4.59257;155;20210215;5.3;1.4;3.3;6;6.25;2;0.87;3901
100094;50.47228;4.59257;155;20210216;11.6;4.5;8.1;6.2;8.4;2;1.29;6719
100094;50.47228;4.59257;155;20210217;11.3;7;9.2;5.7;9;0;1.28;5085
100094;50.47228;4.59257;155;20210218;11.4;6.1;8.8;5.3;8.05;6;1.51;3342
100094;50.47228;4.59257;155;20210219;10.6;3.6;7.1;4.6;8.45;0;0.95;6784
100094;50.47228;4.59257;155;20210220;15.8;8.5;12.2;5.5;9;0;2.24;8720
100094;50.47228;4.59257;155;20210221;16.7;9.6;13.2;4.3;7.85;0;2.49;9205
100094;50.47228;4.59257;155;20210222;16.8;8.2;12.5;4.3;7.8;0;2.47;6153
100094;50.47228;4.59257;155;20210223;17.3;11.1;14.2;5.5;10.2;0;2.44;7813
100094;50.47228;4.59257;155;20210224;18.1;10.1;14.1;4.4;10.55;0;2.19;10723
100094;50.47228;4.59257;155;20210225;17.9;9.1;13.5;3.2;10.1;3;1.87;8137
100094;50.47228;4.59257;155;20210226;10;6.2;8.1;3.4;7.6;1;1.31;8465
100094;50.47228;4.59257;155;20210227;6;1.3;3.7;3.3;6.95;0;0.68;6446
100094;50.47228;4.59257;155;20210228;9.9;1.6;5.8;4.5;6.95;0;1.32;12289
100094;50.47228;4.59257;155;20210301;10.4;0.5;5.4;3.2;7.1;0;1.14;10981
100094;50.47228;4.59257;155;20210302;17.6;0.8;9.2;2.3;6.8;0;1.87;12855
100094;50.47228;4.59257;155;20210303;15.8;5.2;10.5;1.7;8.35;5;1.43;9896
100094;50.47228;4.59257;155;20210304;8;6.8;7.4;2.6;8.7;7;0.74;1224
100094;50.47228;4.59257;155;20210305;5.1;1.7;3.4;4.8;4.7;0;1.6;12027
100094;50.47228;4.59257;155;20210306;6.2;-2.8;1.7;3.5;4.4;0;1.38;13623
100094;50.47228;4.59257;155;20210307;5;-2.7;1.2;2.7;4.85;0;1.06;12607
100094;50.47228;4.59257;155;20210308;7;-0.1;3.4;2;5.35;1;1.14;11140
100094;50.47228;4.59257;155;20210309;6.9;2.5;4.7;2.6;7.65;1;0.71;5406
100094;50.47228;4.59257;155;20210310;9.7;2.5;6.1;6;7;1;1.51;7214
100094;50.47228;4.59257;155;20210311;12.4;5.4;8.9;11.1;8.35;3;2.18;9999
100094;50.47228;4.59257;155;20210312;8.6;4.6;6.6;8.3;7.4;6;1.5;5935
100094;50.47228;4.59257;155;20210313;9;5.9;7.5;8.9;7.3;5;1.88;7617
100094;50.47228;4.59257;155;20210314;9;1.8;5.4;5.8;7.1;4;1.32;8611
100094;50.47228;4.59257;155;20210315;8.8;5.1;7;5.3;7.4;1;1.53;9287
100094;50.47228;4.59257;155;20210316;5.4;3.7;4.6;2.9;7.75;6;0.62;3484
100094;50.47228;4.59257;155;20210317;6.8;3.4;5.1;4.6;7.7;2;0.83;5526
100094;50.47228;4.59257;155;20210318;5.6;0.9;3.3;2.4;6.95;0;0.77;6901
100094;50.47228;4.59257;155;20210319;7.4;1.5;4.5;5.2;5.7;0;1.75;13803
100094;50.47228;4.59257;155;20210320;8.4;0.3;4.4;2.5;5.9;0;1.47;13221
100094;50.47228;4.59257;155;20210321;7.8;3.2;5.5;3.8;7.1;0;1.17;6605
100094;50.47228;4.59257;155;20210322;7.3;1.9;4.6;2.4;6.55;0;1.07;6393
100094;50.47228;4.59257;155;20210323;11.5;3.9;7.7;2.4;6.95;0;1.84;14381
100094;50.47228;4.59257;155;20210324;15.2;3.3;9.2;3;7.4;0;2.38;16754
100094;50.47228;4.59257;155;20210325;11.4;4.2;7.8;3.1;8.8;0;1.3;8843
100094;50.47228;4.59257;155;20210326;12.7;5.1;8.9;5.5;7.85;4;2.18;11658
100094;50.47228;4.59257;155;20210327;9.6;2.4;6;6.2;6.75;2;1.86;12337
100094;50.47228;4.59257;155;20210328;13.5;5.3;9.4;5.5;7.25;0;2.73;15162
100094;50.47228;4.59257;155;20210329;19.2;7.9;13.6;3.9;7.25;0;3.72;18617
100094;50.47228;4.59257;155;20210330;23.5;4.7;14.1;1.9;7.2;0;3.3;18999
100094;50.47228;4.59257;155;20210331;23.6;7.8;15.7;1.6;8.5;0;3.19;18850
100094;50.47228;4.59257;155;20210401;20.7;9.4;15.1;3.2;9.55;0;3.17;13913
100094;50.47228;4.59257;155;20210402;10.1;2.9;6.5;5.2;6.95;0;2;14130
100094;50.47228;4.59257;155;20210403;10.5;3.5;7;4.1;6.3;0;2.15;12667
100094;50.47228;4.59257;155;20210404;9.4;1.3;5.3;2.5;6.35;0;1.67;13209
100094;50.47228;4.59257;155;20210405;6.8;2.3;4.5;5.9;6;2;1.64;9509
100094;50.47228;4.59257;155;20210406;5.5;-2.4;1.6;5.1;5.25;3;1.42;13545
100094;50.47228;4.59257;155;20210407;6.4;-1.7;2.3;5.3;4.85;0;1.67;10136
100094;50.47228;4.59257;155;20210408;7.9;-1.1;3.4;3.1;4.65;0;1.99;15148
100094;50.47228;4.59257;155;20210409;13.7;3.3;8.5;3.6;6.45;2;2.58;13873
100094;50.47228;4.59257;155;20210410;10;6.6;8.3;2.6;9.65;16;0.94;4335
100094;50.47228;4.59257;155;20210411;6.6;2.3;4.5;4.4;6.45;1;1.36;8310
100094;50.47228;4.59257;155;20210412;7;-0.6;3.2;2.9;5.85;1;1.57;13917
100094;50.47228;4.59257;155;20210413;9.1;-2.2;3.5;1.5;5.35;0;1.88;17957
100094;50.47228;4.59257;155;20210414;8.8;-1.1;3.9;2.3;5.3;0;1.81;14228
100094;50.47228;4.59257;155;20210415;8.4;-0.4;4;3.3;5.5;0;1.95;15705
100094;50.47228;4.59257;155;20210416;9.5;-0.6;4.5;3.3;5.55;0;2.06;15548
100094;50.47228;4.59257;155;20210417;11.6;1;6.3;3.8;6.25;0;2.54;19855
100094;50.47228;4.59257;155;20210418;13.6;1.8;7.7;2.8;7.25;0;2.69;22164
100094;50.47228;4.59257;155;20210419;13.1;3.2;8.1;2.2;8.15;0;2.08;15473
100094;50.47228;4.59257;155;20210420;16.2;2.7;9.5;1.4;8.2;0;2.64;20470
100094;50.47228;4.59257;155;20210421;15.5;6.3;10.9;3.3;8.35;0;2.82;16582
100094;50.47228;4.59257;155;20210422;12.2;1;6.6;4.5;6.05;0;2.97;22576
100094;50.47228;4.59257;155;20210423;14;1;7.5;4;6.35;0;3.25;24583
100094;50.47228;4.59257;155;20210424;13.3;2.7;8;4.9;6.35;0;3.26;22183
100094;50.47228;4.59257;155;20210425;11.9;2;6.9;5.3;5.85;0;3.23;23871
100094;50.47228;4.59257;155;20210426;13.9;0.9;7.4;4.9;5.6;0;3.55;24031
100094;50.47228;4.59257;155;20210427;16;2.1;9.1;3;5.7;0;3.61;23608
100094;50.47228;4.59257;155;20210428;19;4.7;11.8;2.9;6.45;0;3.88;21267
100094;50.47228;4.59257;155;20210429;8.9;6.4;7.6;3.4;7.65;1;1.61;7603
100094;50.47228;4.59257;155;20210430;11;-0.2;5.4;2.3;6.4;0;2.08;15958
100096;50.50328;5.29569;226;20210101;3;0.2;1.6;2.1;6.3;0;0.25;1782
100096;50.50328;5.29569;226;20210102;1.5;-1.7;-0.1;1.7;5.87;0;0.24;1264
100096;50.50328;5.29569;226;20210103;1.7;0.5;1.1;2.7;6.2;0;0.35;622
100096;50.50328;5.29569;226;20210104;1.2;0.2;0.7;3.2;6.1;0;0.3;834
100096;50.50328;5.29569;226;20210105;1.5;0.5;1;3.1;6.17;0;0.35;557
100096;50.50328;5.29569;226;20210106;2.2;0.7;1.5;2.5;6.37;0;0.34;820
100096;50.50328;5.29569;226;20210107;1.8;-0.2;0.8;3.7;6.1;3;0.32;772
100096;50.50328;5.29569;226;20210108;1.4;-0.4;0.5;2.9;6.03;1;0.21;1764
100096;50.50328;5.29569;226;20210109;0.4;-1.9;-0.8;1.3;5.73;0;0.14;1878
100096;50.50328;5.29569;226;20210110;2.6;-1.1;0.8;1.6;5.57;0;0.17;3473
100096;50.50328;5.29569;226;20210111;2.4;-2.1;0.2;5.8;5.87;6;0.29;1420
100096;50.50328;5.29569;226;20210112;6.7;2.4;4.6;5.4;7.53;9;0.57;1522
100096;50.50328;5.29569;226;20210113;4.2;-0.5;1.9;3.8;6.57;3;0.3;2458
100096;50.50328;5.29569;226;20210114;1.5;-0.2;0.7;3.4;5.8;3;0.4;1214
100096;50.50328;5.29569;226;20210115;-0.2;-2.3;-1.3;2.4;5.1;0;0.29;1586
100096;50.50328;5.29569;226;20210116;0.2;-1.9;-0.8;3.3;4.87;3;0.44;1501
100096;50.50328;5.29569;226;20210117;4.2;-1.8;1.2;3.3;6.67;2;0.21;1601
100096;50.50328;5.29569;226;20210118;5.2;1.5;3.3;5.4;7.1;1;0.41;2738
100096;50.50328;5.29569;226;20210119;5.9;2.7;4.3;8.6;7.5;6;0.6;629
100096;50.50328;5.29569;226;20210120;10.2;4;7.1;8.8;7.13;6;1.55;3855
100096;50.50328;5.29569;226;20210121;7.1;2.9;5;9.8;8.3;9;0.37;3212
100096;50.50328;5.29569;226;20210122;6.4;2.8;4.6;4.2;7.27;0;0.56;3390
100096;50.50328;5.29569;226;20210123;5.2;1.2;3.2;3.7;6.53;8;0.55;2651
100096;50.50328;5.29569;226;20210124;0.8;-0.5;0.1;4.3;5.67;3;0.3;3319
100096;50.50328;5.29569;226;20210125;0.9;-0.7;0.1;3.2;5.87;0;0.24;2699
100096;50.50328;5.29569;226;20210126;3.4;-0.7;1.4;5.5;5.73;2;0.54;3762
100096;50.50328;5.29569;226;20210127;3.5;-0.1;1.7;5.1;6.67;5;0.32;1415
100096;50.50328;5.29569;226;20210128;10;3.1;6.6;5.5;10;17;0.24;1445
100096;50.50328;5.29569;226;20210129;9.2;7.6;8.4;6.7;9.93;9;0.69;2313
100096;50.50328;5.29569;226;20210130;2.8;2.4;2.6;4.8;7.33;8;0.29;1436
100096;50.50328;5.29569;226;20210131;2.4;-0.3;1.1;4;6.23;2;0.37;2635
100096;50.50328;5.29569;226;20210201;5.4;1.6;3.5;2.8;7.6;1;0.36;1324
100096;50.50328;5.29569;226;20210202;10.4;2.5;6.4;5.1;9.53;6;0.41;2468
100096;50.50328;5.29569;226;20210203;11.4;8.8;10.1;6.5;10.23;14;1.1;2314
100096;50.50328;5.29569;226;20210204;9.4;4.7;7;3.8;8.53;0;0.66;5457
100096;50.50328;5.29569;226;20210205;10.6;6.3;8.4;2.7;9.13;1;0.74;3199
100096;50.50328;5.29569;226;20210206;7;5.5;6.2;4.3;8.4;13;0.64;1729
100096;50.50328;5.29569;226;20210207;1.1;0.9;1;3.9;5.87;1;0.49;732
100096;50.50328;5.29569;226;20210208;-3.4;-3.8;-3.6;3.9;4.03;0;0.47;1530
100096;50.50328;5.29569;226;20210209;-5.1;-8.3;-6.7;3.9;2.9;0;0.45;5894
100096;50.50328;5.29569;226;20210210;-4.1;-10.6;-7.3;4;2.9;0;0.4;7214
100096;50.50328;5.29569;226;20210211;-1.1;-8.5;-4.8;2.7;3.2;0;0.49;8694
100096;50.50328;5.29569;226;20210212;-2.4;-8.4;-5.4;4.8;2.87;0;0.67;8455
100096;50.50328;5.29569;226;20210213;1.4;-8.6;-3.6;4.9;2.43;0;1.13;9737
100096;50.50328;5.29569;226;20210214;5.9;-5;0.4;5.4;2.27;0;2.01;8735
100096;50.50328;5.29569;226;20210215;6.1;2;4;6;5.97;2;1.22;2343
100096;50.50328;5.29569;226;20210216;12.2;4.2;8.2;6.1;8.5;2;1.38;6748
100096;50.50328;5.29569;226;20210217;11.2;6.7;8.9;6.1;9.17;0;1.23;5721
100096;50.50328;5.29569;226;20210218;11.8;6;8.9;5.6;7.95;5;1.64;3831
100096;50.50328;5.29569;226;20210219;10.5;3.3;6.9;5;8.2;0;1.02;6835
100096;50.50328;5.29569;226;20210220;15.9;8.5;12.2;6.1;8.78;0;2.38;8130
100096;50.50328;5.29569;226;20210221;17.3;10.2;13.7;4.9;7.43;0;2.87;9497
100096;50.50328;5.29569;226;20210222;16.9;10.3;13.6;5;7.2;0;3.03;6348
100096;50.50328;5.29569;226;20210223;17;11.1;14.1;5.8;10.03;0;2.5;7014
100096;50.50328;5.29569;226;20210224;18.3;11.4;14.8;5;10.43;0;2.51;10246
100096;50.50328;5.29569;226;20210225;18.3;10.4;14.4;3.4;9.75;1;2.14;8780
100096;50.50328;5.29569;226;20210226;9.9;5.4;7.7;3;7.53;0;1.2;6890
100096;50.50328;5.29569;226;20210227;7.2;0.5;3.9;3;6.68;0;0.85;8327
100096;50.50328;5.29569;226;20210228;10.2;1;5.6;4.3;6.5;0;1.45;11855
99094;50.24822;4.61816;248;20210801;20.1;11.1;15.6;2.4;14.21;3;2.45;13297
99094;50.24822;4.61816;248;20210802;18.6;12.6;15.6;2.1;14.01;11;2.28;12276
99094;50.24822;4.61816;248;20210803;19.4;12.3;15.8;2.2;14.01;4;2.67;15326
99094;50.24822;4.61816;248;20210804;19.3;11.1;15.2;1.2;14.01;1;2.46;14942
99094;50.24822;4.61816;248;20210805;22.8;12.6;17.7;2.5;14.61;2;3.52;19445
99094;50.24822;4.61816;248;20210806;19.3;15.5;17.4;4.7;15.71;5;2.63;13005
99094;50.24822;4.61816;248;20210807;19.4;12.5;15.9;4.1;14.21;3;2.76;15256
99094;50.24822;4.61816;248;20210808;18.9;12.6;15.7;5.2;12.91;1;2.92;13108
99094;50.24822;4.61816;248;20210809;19.9;12.8;16.3;4;13.91;7;2.62;11739
99094;50.24822;4.61816;248;20210810;20.4;13.3;16.8;2.7;15.71;2;2.65;15443
99094;50.24822;4.61816;248;20210811;22.2;12.4;17.3;1.5;15.11;0;2.8;15889
99094;50.24822;4.61816;248;20210812;27.1;13.9;20.5;1.1;16.61;0;3.49;18919
99094;50.24822;4.61816;248;20210813;24.5;15.9;20.2;2.2;15.81;0;3.63;18307
99094;50.24822;4.61816;248;20210814;24.4;11.6;18;1.5;13.61;0;3.5;19874
99094;50.24822;4.61816;248;20210815;26.5;13.3;19.9;3.4;15.41;0;4.24;20040
99094;50.24822;4.61816;248;20210816;17.5;13.1;15.3;4.1;13.31;3;2.06;7990
99094;50.24822;4.61816;248;20210817;15.8;9.9;12.8;3.5;13.61;5;1.52;10479
99094;50.24822;4.61816;248;20210818;18.8;13.1;15.9;3.7;15.71;1;1.71;8640
99094;50.24822;4.61816;248;20210819;17.3;14.3;15.8;3.7;15.41;1;1.58;7354
99094;50.24822;4.61816;248;20210820;20.9;13.6;17.2;1.8;15.81;0;2.29;12545
99094;50.24822;4.61816;248;20210821;24.5;12.4;18.4;2;16.51;3;3.06;17301
99094;50.24822;4.61816;248;20210822;19.7;15.6;17.6;4.2;16.41;8;2.13;9627
99094;50.24822;4.61816;248;20210823;19.4;15.1;17.2;4.4;16.51;3;1.88;8404
99094;50.24822;4.61816;248;20210824;19.7;11.1;15.4;3.4;12.51;0;3.25;20172
99094;50.24822;4.61816;248;20210825;20.4;9.8;15.1;2.7;12.61;1;2.98;18425
99094;50.24822;4.61816;248;20210826;17;13;15;3.3;13.61;0;1.97;10197
99094;50.24822;4.61816;248;20210827;18.1;9.6;13.8;3.3;12.61;1;2.42;15606
99094;50.24822;4.61816;248;20210828;19.4;12.4;15.9;3.3;14.51;3;2.1;10662
99094;50.24822;4.61816;248;20210829;17;11.5;14.2;3.8;14.21;1;1.47;7784
99094;50.24822;4.61816;248;20210830;18.5;13.6;16;3.9;15.81;2;1.55;7399
99094;50.24822;4.61816;248;20210831;19.3;13.9;16.6;3.5;14.51;0;2.45;13124
99094;50.24822;4.61816;248;20210901;15.2;12.8;14;3;13.01;0;1.27;3702
99094;50.24822;4.61816;248;20210902;21.3;9.7;15.5;2.7;13.61;0;2.95;19701
99094;50.24822;4.61816;248;20210903;24.5;11.7;18.1;1.6;14.31;0;3.28;20551
99094;50.24822;4.61816;248;20210904;24.6;12.4;18.5;1.6;15.41;0;2.81;16180
99094;50.24822;4.61816;248;20210905;25;14;19.5;1.3;16.11;0;2.87;16971
99094;50.24822;4.61816;248;20210906;24.7;13.1;18.9;1.5;15.51;0;2.98;18099
99094;50.24822;4.61816;248;20210907;25.7;12.8;19.2;1.5;15.11;0;2.88;16137
99094;50.24822;4.61816;248;20210908;25.6;13.7;19.6;2.6;13.41;0;3.41;15325
99094;50.24822;4.61816;248;20210909;22;17.5;19.7;2.7;18.51;4;2.07;9874
99094;50.24822;4.61816;248;20210910;21.6;16.9;19.2;2.7;18.61;17;1.94;9870
99094;50.24822;4.61816;248;20210911;20.4;14.1;17.2;2.7;14.81;0;2.06;9420
99094;50.24822;4.61816;248;20210912;20.4;11.5;15.9;1.2;13.71;0;1.92;11674
99094;50.24822;4.61816;248;20210913;21.3;11.4;16.3;1.8;14.81;0;1.95;11258
99094;50.24822;4.61816;248;20210914;20.6;12.1;16.3;2.7;16.81;7;1.62;10316
99094;50.24822;4.61816;248;20210915;19;17.5;18.2;2.2;17.61;4;1.09;2545
99094;50.24822;4.61816;248;20210916;19;9.3;14.1;1.5;13.41;0;1.63;10481
99094;50.24822;4.61816;248;20210917;21.1;8.9;15;1.1;13.21;0;2.03;14517
99094;50.24822;4.61816;248;20210918;21.8;9.4;15.6;1.8;13.41;0;2.13;13186
99094;50.24822;4.61816;248;20210919;20.3;11.8;16;1.6;13.31;0;2.01;12384
99094;50.24822;4.61816;248;20210920;19.1;9.8;14.4;1.9;12.21;0;1.8;10189
99094;50.24822;4.61816;248;20210921;16.5;9.4;12.9;2;9.91;0;1.77;9023
99094;50.24822;4.61816;248;20210922;19.1;5.3;12.2;1;10.89;0;1.79;12934
99094;50.24822;4.61816;248;20210923;19.8;8.9;14.3;3.4;12.61;0;2.16;13482
99094;50.24822;4.61816;248;20210924;17.3;12.9;15.1;2.8;14.81;0;1.18;5419
99094;50.24822;4.61816;248;20210925;21.5;8.2;14.8;1.4;14.21;0;1.7;12106
99094;50.24822;4.61816;248;20210926;19.5;14.7;17.1;3.1;16.41;0;1.46;6953
99094;50.24822;4.61816;248;20210927;17.9;14.9;16.4;3.7;14.41;5;1.67;6061
99094;50.24822;4.61816;248;20210928;16.4;9.1;12.7;2.8;11.51;2;1.61;10305
99094;50.24822;4.61816;248;20210929;14.9;10.8;12.8;4.6;10.31;7;2.01;8724
99094;50.24822;4.61816;248;20210930;13.9;6;9.9;3.6;9.11;0;1.55;8275
99094;50.24822;4.61816;248;20211001;15.6;8.2;11.9;5.7;10.51;1;1.84;8289
99094;50.24822;4.61816;248;20211002;15.6;11.4;13.5;6.5;13.81;10;1.12;6808
99094;50.24822;4.61816;248;20211003;16.3;14.4;15.3;6.7;13.91;19;1.66;4652
99094;50.24822;4.61816;248;20211004;16.1;9;12.5;5.1;11.11;0;1.82;10476
99094;50.24822;4.61816;248;20211005;13.4;9.8;11.6;5.9;11.31;7;1.32;7238
99094;50.24822;4.61816;248;20211006;10.6;8.9;9.7;6.1;11.21;8;0.63;3384
99094;50.24822;4.61816;248;20211007;14.8;7.4;11.1;1.9;11.91;0;1.02;9603
99094;50.24822;4.61816;248;20211008;16.4;4.4;10.4;1.8;10.81;0;1.25;12785
99094;50.24822;4.61816;248;20211009;16.4;6.8;11.6;1.6;10.41;0;1.24;9165
99094;50.24822;4.61816;248;20211010;15.5;4.2;9.8;1.3;10.11;0;1.05;9814
99094;50.24822;4.61816;248;20211011;13.4;6.9;10.1;2.5;11.21;0;0.81;6147
99094;50.24822;4.61816;248;20211012;12.6;6.9;9.7;3.5;10.41;3;0.92;5506
99094;50.24822;4.61816;248;20211013;11.7;2.8;7.2;1.7;9.11;0;0.79;8463
99094;50.24822;4.61816;248;20211014;15;6.7;10.8;2.5;9.11;0;1.37;7679
99094;50.24822;4.61816;248;20211015;13.4;7.3;10.3;2.3;10.01;2;1.02;6822
99094;50.24822;4.61816;248;20211016;11.9;3.2;7.5;1.2;8.61;0;0.76;6492
99094;50.24822;4.61816;248;20211017;13.8;1.1;7.4;1.2;8.11;0;0.88;9325
99094;50.24822;4.61816;248;20211018;15.6;5.2;10.4;3.1;10.61;2;1.08;8289
99094;50.24822;4.61816;248;20211019;17.8;12.6;15.2;5.7;14.71;1;1.26;6168
99094;50.24822;4.61816;248;20211020;16;13.6;14.8;7.8;13.31;9;1.64;4104
99094;50.24822;4.61816;248;20211021;11.2;8.6;9.9;7;9.71;5;1.25;4362
99094;50.24822;4.61816;248;20211022;10.4;3.5;6.9;4.3;8.01;0;0.99;7569
99094;50.24822;4.61816;248;20211023;12.7;6.2;9.4;1.3;9.21;0;0.77;6267
99094;50.24822;4.61816;248;20211024;13.2;2.5;7.8;3.4;8.11;0;1.13;7597
99094;50.24822;4.61816;248;20211025;11;5.8;8.4;3.7;10.01;0;0.61;4364
99094;50.24822;4.61816;248;20211026;13.2;9.6;11.4;4.7;11.71;0;0.84;4550
99094;50.24822;4.61816;248;20211027;13.6;10.3;11.9;3.1;11.71;0;0.86;3567
99094;50.24822;4.61816;248;20211028;14.9;5.8;10.3;3.6;10.41;0;0.97;6520
99094;50.24822;4.61816;248;20211029;16.6;9.3;12.9;4.8;11.01;2;1.52;6721
99094;50.24822;4.61816;248;20211030;12.6;10.9;11.7;4.2;12.51;7;0.63;2334
99094;50.24822;4.61816;248;20211031;16.5;9.1;12.8;5.6;11.91;12;1.29;4755
99094;50.24822;4.61816;248;20211101;11.7;7.8;9.7;5.4;9.41;1;1.14;4372
99094;50.24822;4.61816;248;20211102;9.4;5.3;7.3;3;8.91;1;0.6;3299
99094;50.24822;4.61816;248;20211103;6.4;3.2;4.8;2.6;8.26;1;0.51;3045
99094;50.24822;4.61816;248;20211104;8;3.4;5.7;2.8;8.86;2;0.4;3003
99094;50.24822;4.61816;248;20211105;10.2;5.9;8;2.1;9.33;0;0.58;3827
99094;50.24822;4.61816;248;20211106;9.5;3;6.2;4.1;8.01;1;0.68;4565
99094;50.24822;4.61816;248;20211107;9.9;6.8;8.3;5;9.01;1;0.86;3046
99094;50.24822;4.61816;248;20211108;9.6;3.3;6.4;1.8;8.01;0;0.5;4433
99094;50.24822;4.61816;248;20211109;11.2;0.4;5.8;1.1;7.11;0;0.35;7488
99094;50.24822;4.61816;248;20211110;10.3;-1.1;4.6;1;6.71;0;0.33;6450
99094;50.24822;4.61816;248;20211111;9.6;-2.8;3.4;1.2;7.14;0;0.3;5280
99094;50.24822;4.61816;248;20211112;9.3;-1.4;3.9;3.7;7.33;1;0.58;5669
99094;50.24822;4.61816;248;20211113;10.2;5.7;7.9;3.7;11.13;5;0.17;2325
99094;50.24822;4.61816;248;20211114;9.6;8.6;9.1;2.8;9.91;0;0.62;1431
99094;50.24822;4.61816;248;20211115;5.8;2.5;4.1;2.5;8.41;0;0.11;2769
99094;50.24822;4.61816;248;20211116;4.8;4.3;4.5;1.3;7.81;0;0.39;625
99094;50.24822;4.61816;248;20211117;8.1;3.8;5.9;1.9;8.81;0;0.3;2358
99094;50.24822;4.61816;248;20211118;9.3;3.5;6.4;2.5;8.71;0;0.28;4472
99094;50.24822;4.61816;248;20211119;9.1;5.8;7.4;1.9;10.31;0;0.19;2568
99094;50.24822;4.61816;248;20211120;7.5;7.4;7.4;1.9;9.11;0;0.47;1202
99094;50.24822;4.61816;248;20211121;7;4.5;5.7;3.1;8.41;2;0.32;2638
99094;50.24822;4.61816;248;20211122;4.6;2.4;3.5;4.6;6.61;0;0.46;3774
99094;50.24822;4.61816;248;20211123;7.6;-0.5;3.5;2.1;6.81;0;0.26;4475
99094;50.24822;4.61816;248;20211124;5.9;2;3.9;1.5;6.81;0;0.22;4090
99094;50.24822;4.61816;248;20211125;4.8;-2.2;1.3;1.8;7.01;1;0.03;3307
99094;50.24822;4.61816;248;20211126;3.3;2.1;2.7;5.6;6.91;7;0.34;818
99094;50.24822;4.61816;248;20211127;2.8;0;1.4;3.2;6.31;1;0.21;2498
99094;50.24822;4.61816;248;20211128;2.8;0.6;1.7;3.1;6.41;1;0.24;2051
99094;50.24822;4.61816;248;20211129;4.3;0.3;2.3;4.8;6.21;1;0.42;2776
99094;50.24822;4.61816;248;20211130;8.3;0.9;4.6;7.4;8.71;6;0.04;1849
99094;50.24822;4.61816;248;20211201;8.4;6.3;7.3;7.9;8.61;7;0.81;1784
99094;50.24822;4.61816;248;20211202;2.5;1.3;1.9;4.9;6.51;3;0.25;1859
99094;50.24822;4.61816;248;20211203;2.8;-0.2;1.3;5.3;6.31;1;0.22;1928
99094;50.24822;4.61816;248;20211204;5.4;2.1;3.7;4.4;7.21;6;0.37;1741
99094;50.24822;4.61816;248;20211205;2.5;1.6;2;3.3;6.71;2;0.29;653
99094;50.24822;4.61816;248;20211206;2.7;-0.2;1.2;3.7;6.61;6;0.02;2935
99094;50.24822;4.61816;248;20211207;4.6;1;2.8;5.8;6.91;1;0.2;3310
99094;50.24822;4.61816;248;20211208;4.7;3.8;4.2;4.6;6.81;0;0.56;2190
99094;50.24822;4.61816;248;20211209;3;0.3;1.6;4.9;6.51;3;0.2;1779
99094;50.24822;4.61816;248;20211210;3.3;1.2;2.2;5.7;6.41;14;0.4;1440
99094;50.24822;4.61816;248;20211211;4.6;0.2;2.4;3.7;6.91;2;0.14;2552
99094;50.24822;4.61816;248;20211212;7.3;2.1;4.7;4.7;8.81;1;0;2646
99094;50.24822;4.61816;248;20211213;7.7;6.6;7.1;2.5;9.41;0;0.27;1682
99094;50.24822;4.61816;248;20211214;7.1;4.8;5.9;1.8;8.91;0;0.29;951
99094;50.24822;4.61816;248;20211215;7.3;6;6.6;2.3;9.41;0;0.22;1430
99094;50.24822;4.61816;248;20211216;9.3;6.9;8.1;1.2;9.61;0;0.17;2606
99094;50.24822;4.61816;248;20211217;7.4;4.9;6.1;3.5;9.01;0;0.21;1678
99094;50.24822;4.61816;248;20211218;4.7;2.7;3.7;3.1;7.81;0;0.2;881
99094;50.24822;4.61816;248;20211219;4.8;3.3;4;3.3;7.81;0;0.27;770
99094;50.24822;4.61816;248;20211220;4.7;4;4.3;2.8;6.11;0;0.8;545
99094;50.24822;4.61816;248;20211221;2.5;-3.3;-0.4;1;4.61;0;0;4523
99094;50.24822;4.61816;248;20211222;1.9;-5.1;-1.6;2.1;4.21;0;0.23;3558
99094;50.24822;4.61816;248;20211223;3.9;-3.2;0.3;4.6;6.51;1;0;2588
99094;50.24822;4.61816;248;20211224;7.8;3.8;5.8;3.4;9.41;5;0.09;1221
99094;50.24822;4.61816;248;20211225;7.6;6.3;6.9;3;8.21;2;0.66;724
99094;50.24822;4.61816;248;20211226;6.3;2;4.1;2.8;8.51;2;0.07;1270
99094;50.24822;4.61816;248;20211227;8.6;5.9;7.2;3.9;10.01;2;0.16;1520
99094;50.24822;4.61816;248;20211228;9.9;7.9;8.9;7.3;10.01;7;0.63;1757
99094;50.24822;4.61816;248;20211229;12.6;8;10.3;5.9;11.51;3;0.51;1327
99094;50.24822;4.61816;248;20211230;13.2;11.4;12.3;3.8;14.1;0;0.33;1000
99094;50.24822;4.61816;248;20211231;13.9;9.1;11.5;4.3;11.99;0;0.53;2600
99094;50.24822;4.61816;248;20210226;9.2;5.7;7.4;3.1;7.71;1;1.08;5667
99094;50.24822;4.61816;248;20210227;6.9;0.4;3.6;3.5;6.81;0;0.73;6462
99094;50.24822;4.61816;248;20210228;10.3;1.3;5.8;4;6.21;0;1.45;7647
99094;50.24822;4.61816;248;20210301;13.1;1.5;7.3;2.6;6.21;0;1.59;12580
99094;50.24822;4.61816;248;20210302;17.4;2;9.7;2;6.41;0;1.82;13425
99094;50.24822;4.61816;248;20210303;16.1;4.9;10.5;1.2;7.81;4;1.32;10704
99094;50.24822;4.61816;248;20210304;7.7;6.7;7.2;2.5;8.61;6;0.78;4660
99094;50.24822;4.61816;248;20210305;4.3;0.6;2.4;3.8;4.81;0;1.22;8585
99094;50.24822;4.61816;248;20210306;6.2;-2.7;1.7;2.3;4.11;0;1.21;9871
99094;50.24822;4.61816;248;20210307;5.2;-3;1.1;1.9;4.51;0;0.97;8942
99094;50.24822;4.61816;248;20210308;5.9;-3.9;1;1.7;5.11;1;0.9;10477
99094;50.24822;4.61816;248;20210309;6.7;1.1;3.9;2.1;7.21;1;0.67;5223
99094;50.24822;4.61816;248;20210310;9.4;2;5.7;5.9;6.81;1;1.36;4489
99094;50.24822;4.61816;248;20210311;12.4;5.1;8.7;9.4;8.11;4;2.04;8733
99094;50.24822;4.61816;248;20210312;8;3.8;5.9;7.5;7.31;8;1.27;6979
99094;50.24822;4.61816;248;20210313;8.8;5.1;6.9;8.7;7.01;6;1.77;6212
99094;50.24822;4.61816;248;20210314;8;2;5;6;7.01;6;1.13;6345
99094;50.24822;4.61816;248;20210315;8.8;4;6.4;6.1;7.01;1;1.56;9229
99094;50.24822;4.61816;248;20210316;5.1;3.2;4.1;3.3;7.51;6;0.54;2497
99094;50.24822;4.61816;248;20210317;6.3;2.8;4.5;4.4;7.41;1;0.78;5566
99094;50.24822;4.61816;248;20210318;5.3;0.4;2.8;2.4;6.61;1;0.72;5621
99094;50.24822;4.61816;248;20210319;6.6;1.4;4;4.9;5.51;0;1.53;9668
99094;50.24822;4.61816;248;20210320;7;0.3;3.6;2.5;5.61;0;1.08;4880
99094;50.24822;4.61816;248;20210321;7.7;1.6;4.6;3.9;6.81;0;1.12;7495
99094;50.24822;4.61816;248;20210322;6.7;1;3.8;2.2;6.21;0;1.1;8915
99094;50.24822;4.61816;248;20210323;11.2;1.6;6.4;1.2;6.61;0;1.45;12624
99094;50.24822;4.61816;248;20210324;15.3;0.9;8.1;2.5;7.11;0;2.1;15290
99094;50.24822;4.61816;248;20210325;10.3;2.9;6.6;2.7;8.61;0;1.07;8816
99094;50.24822;4.61816;248;20210326;12.6;4.2;8.4;5.5;7.81;3;2.06;12469
99094;50.24822;4.61816;248;20210327;8.1;3.1;5.6;5.7;6.61;2;1.53;8043
99094;50.24822;4.61816;248;20210328;13.8;5;9.4;5.3;6.91;0;2.53;9167
99094;50.24822;4.61816;248;20210329;19.5;7.4;13.4;3.4;7.01;0;3.51;17567
99094;50.24822;4.61816;248;20210330;23.5;6;14.7;1.4;6.21;0;3.06;19397
99094;50.24822;4.61816;248;20210331;23.6;7.9;15.7;1.7;7.61;0;3.29;19738
99094;50.24822;4.61816;248;20210401;20.5;10.3;15.4;2.8;9.11;0;3.12;14545
99094;50.24822;4.61816;248;20210402;9.3;3.1;6.2;5.3;6.71;0;1.83;11851
99094;50.24822;4.61816;248;20210403;5.4;3;4.2;4.4;6.16;0;2.26;13138
99094;50.24822;4.61816;248;20210404;8.9;0.5;4.7;2.3;6.26;0;1.68;14398
99094;50.24822;4.61816;248;20210405;6.2;0.7;3.5;4.9;5.83;2;1.5;9027
99094;50.24822;4.61816;248;20210406;5.2;-3.2;1;4.3;4.51;3;1.57;13813
99094;50.24822;4.61816;248;20210407;6.4;-2.3;2;5.6;4.71;0;1.78;13531
99094;50.24822;4.61816;248;20210408;7.9;-0.9;3.5;2.8;4.41;0;2.01;15683
99094;50.24822;4.61816;248;20210409;14.1;3.2;8.6;3.3;6.21;8;2.6;14328
99094;50.24822;4.61816;248;20210410;9.4;6.3;7.8;2.9;9.91;20;0.92;7034
99094;50.24822;4.61816;248;20210411;5.5;1.6;3.5;3.7;6.61;1;1.05;8252
99094;50.24822;4.61816;248;20210412;6.9;-1.2;2.8;2.7;5.61;1;1.57;14785
99094;50.24822;4.61816;248;20210413;7.8;-1.5;3.1;1.8;5.01;0;1.9;18335
99094;50.24822;4.61816;248;20210414;8.2;-0.5;3.8;2.1;4.91;0;1.87;15038
99094;50.24822;4.61816;248;20210415;8.4;-1;3.7;3.1;5.43;0;2.01;16726
99094;50.24822;4.61816;248;20210416;7.8;0;3.9;2.4;5.31;0;1.84;15195
99094;50.24822;4.61816;248;20210417;10.7;1.3;6;3.2;6.11;0;2.04;13394
99094;50.24822;4.61816;248;20210418;13.4;2.3;7.8;2.2;7.11;0;2.16;14761
99094;50.24822;4.61816;248;20210419;13.7;2.8;8.2;1.7;7.81;0;2.34;18888
99094;50.24822;4.61816;248;20210420;15.6;3;9.3;1.3;8.01;0;2.59;20559
99094;50.24822;4.61816;248;20210421;14.7;5.3;10;2.9;8.31;0;2.49;15964
99094;50.24822;4.61816;248;20210422;12;0.8;6.4;4.1;6.01;0;2.59;17976
99094;50.24822;4.61816;248;20210423;14.5;1.9;8.2;3.4;6.21;0;3.07;20617
99094;50.24822;4.61816;248;20210424;12.9;2.8;7.8;4.8;6.31;0;2.93;18342
99094;50.24822;4.61816;248;20210425;11.1;1.4;6.2;5.2;5.91;0;2.6;16922
99094;50.24822;4.61816;248;20210426;13.7;0.2;6.9;3.9;5.51;0;3.25;23132
99094;50.24822;4.61816;248;20210427;16.1;2.8;9.4;1.9;5.41;0;3.27;22398
99094;50.24822;4.61816;248;20210428;18.9;3.6;11.2;2.8;6.21;0;3.69;20060
99094;50.24822;4.61816;248;20210429;8;5.2;6.6;3.3;7.71;1;1.36;7982
99094;50.24822;4.61816;248;20210430;10.5;-0.2;5.1;1.3;6.01;0;2.09;17635
99094;50.24822;4.61816;248;20210501;11.6;1.6;6.6;2.1;6.31;0;2.33;17450
99094;50.24822;4.61816;248;20210502;10.8;1.9;6.3;2.1;6.21;0;2.08;14300
99094;50.24822;4.61816;248;20210503;12.9;1;6.9;5.1;6.01;2;3.03;19738
99094;50.24822;4.61816;248;20210504;13.4;6.1;9.7;9.4;7.21;1;3.39;15783
99094;50.24822;4.61816;248;20210505;10.4;3.8;7.1;5.2;6.51;1;2.57;16856
99094;50.24822;4.61816;248;20210506;9.7;3.3;6.5;3.3;7.01;3;1.56;7352
99094;50.24822;4.61816;248;20210507;12.2;2.4;7.3;3.1;6.31;0;2.68;18364
99094;50.24822;4.61816;248;20210508;17.7;5.3;11.5;4.3;9.11;0;2.9;13838
99094;50.24822;4.61816;248;20210509;25;12.2;18.6;5.2;12.31;1;4.86;18442
99094;50.24822;4.61816;248;20210510;18.1;13;15.5;4.7;11.31;0;3.29;13817
99094;50.24822;4.61816;248;20210511;15.8;8.6;12.2;2.2;11.01;2;2.25;13658
99094;50.24822;4.61816;248;20210512;16.2;6.8;11.5;2.2;8.71;0;2.88;17610
99094;50.24822;4.61816;248;20210513;14.1;5.4;9.7;2.4;8.61;1;2.28;13997
99094;50.24822;4.61816;248;20210514;16.6;6.6;11.6;2.7;9.51;3;2.49;13207
99094;50.24822;4.61816;248;20210515;14.4;7.1;10.7;4.6;9.81;4;2.26;12697
99094;50.24822;4.61816;248;20210516;13.6;8;10.8;3.5;10.21;9;2.06;12431
99094;50.24822;4.61816;248;20210517;12.5;8.6;10.5;5.2;10.51;12;1.64;8693
99094;50.24822;4.61816;248;20210518;14.8;7.9;11.3;3.7;9.91;9;2.56;15506
99094;50.24822;4.61816;248;20210519;13.1;6.2;9.6;3;9.61;8;2.12;14580
99094;50.24822;4.61816;248;20210520;13.9;4.7;9.3;4.2;9.61;0;2.31;17350
99094;50.24822;4.61816;248;20210521;16;9.9;12.9;7.4;8.71;1;3.97;18314
99094;50.24822;4.61816;248;20210522;12;7.7;9.8;6.4;9.41;5;2.07;11842
99094;50.24822;4.61816;248;20210523;15;6.1;10.5;5.2;8.71;1;2.81;14737
99094;50.24822;4.61816;248;20210524;13.6;9;11.3;5.4;9.41;6;2.52;12155
99094;50.24822;4.61816;248;20210525;12.8;6.2;9.5;5.9;9.21;6;2.23;14171
99094;50.24822;4.61816;248;20210526;14.3;6.8;10.5;4.1;9.71;2;2.48;15861
99094;50.24822;4.61816;248;20210527;15.8;7.8;11.8;3.4;10.21;0;2.85;18012
99094;50.24822;4.61816;248;20210528;18;4;11;2.1;9.81;0;2.97;19657
99094;50.24822;4.61816;248;20210529;19.4;8.8;14.1;2.8;9.81;0;3.77;21005
99094;50.24822;4.61816;248;20210530;21.1;7.8;14.4;2.8;9.31;0;4.18;22668
99094;50.24822;4.61816;248;20210531;22.2;10.4;16.3;2.7;10.51;0;4.78;27059
99094;50.24822;4.61816;248;20210601;24;9.4;16.7;3;8.81;0;5.59;29729
99094;50.24822;4.61816;248;20210602;27.2;12;19.6;1.9;14.51;4;4.59;23664
99094;50.24822;4.61816;248;20210603;24.3;16.8;20.5;1.4;18.11;3;2.99;14449
99094;50.24822;4.61816;248;20210604;24.6;13.1;18.8;2.3;17.81;16;3.33;17843
99094;50.24822;4.61816;248;20210605;13.4;13.1;13.2;3;14.41;1;1.05;5760
99094;50.24822;4.61816;248;20210606;20;9.9;14.9;1.7;13.31;0;3.03;18274
99094;50.24822;4.61816;248;20210607;21.2;11.3;16.2;1.8;13.11;0;4.11;25440
99094;50.24822;4.61816;248;20210608;22.9;12.5;17.7;1.5;13.71;0;4.33;25613
99094;50.24822;4.61816;248;20210609;23.9;12.9;18.4;1.5;14.31;0;4.08;22769
99094;50.24822;4.61816;248;20210610;24.8;11.4;18.1;2.1;14.11;0;4.65;26324
99094;50.24822;4.61816;248;20210611;25.1;14.6;19.8;2.3;16.01;0;4.51;23984
99094;50.24822;4.61816;248;20210612;21.7;12.6;17.1;2.8;14.31;0;3.17;15594
99094;50.24822;4.61816;248;20210613;23;9.9;16.4;1.9;10.91;0;4.37;24528
99094;50.24822;4.61816;248;20210614;27.9;11.7;19.8;1.4;12.31;0;5.43;30177
99094;50.24822;4.61816;248;20210615;25.7;13.9;19.8;2.3;14.81;0;4.23;20285
99094;50.24822;4.61816;248;20210616;29.7;15.4;22.5;1.9;15.81;0;5.63;27950
99094;50.24822;4.61816;248;20210617;29.1;19.8;24.4;3.4;17.91;3;5.3;20534
99094;50.24822;4.61816;248;20210618;29.2;18.3;23.7;4.7;18.31;0;5.98;24763
99094;50.24822;4.61816;248;20210619;25.3;16.8;21;3.7;18.51;13;4.42;22292
99094;50.24822;4.61816;248;20210620;24.6;16.9;20.7;3.5;16.91;10;4.12;18677
99094;50.24822;4.61816;248;20210621;20.7;15.4;18;3.3;16.31;10;2.9;14574
99094;50.24822;4.61816;248;20210622;14.2;11.8;13;4.8;13.31;12;1.65;10308
99094;50.24822;4.61816;248;20210623;14.1;11;12.5;2.9;13.31;0;1.17;5886
99094;50.24822;4.61816;248;20210624;17.1;12.8;14.9;2.4;14.01;0;1.65;6918
99094;50.24822;4.61816;248;20210625;19.5;10.1;14.8;2.4;12.81;0;3.07;17894
99094;50.24822;4.61816;248;20210626;21.4;13.6;17.5;1.2;15.81;0;3.25;18766
99094;50.24822;4.61816;248;20210627;22.4;14.9;18.6;1.4;16.91;0;3.32;18382
99094;50.24822;4.61816;248;20210628;22.9;15.2;19;2.2;17.49;11;3.3;16861
99094;50.24822;4.61816;248;20210629;21.7;12.8;17.3;2.6;15.33;26;3.5;19287
99094;50.24822;4.61816;248;20210630;14;12.2;13.1;2.6;13.99;6;1.48;8452
99094;50.24822;4.61816;248;20210701;18.9;11.4;15.1;2.9;12.11;0;3.01;15311
99094;50.24822;4.61816;248;20210702;22.7;10.9;16.8;1.8;13.51;0;3.81;21777
99094;50.24822;4.61816;248;20210703;23;13.9;18.4;2;16.61;3;3.59;20124
99094;50.24822;4.61816;248;20210704;20.3;14.8;17.5;2.2;15.81;14;2.89;15559
99094;50.24822;4.61816;248;20210705;20.4;13;16.7;2.9;15.71;2;2.35;11719
99094;50.24822;4.61816;248;20210706;19.1;15.9;17.5;5.4;14.01;0;3.5;15689
99094;50.24822;4.61816;248;20210707;20.8;12.9;16.8;3;13.81;1;3.66;20264
99094;50.24822;4.61816;248;20210708;21.7;12.4;17;1.9;13.91;0;3.59;20281
99094;50.24822;4.61816;248;20210709;21;11.8;16.4;2;14.71;0;3.34;19989
99094;50.24822;4.61816;248;20210710;22;13.9;17.9;1.4;15.11;3;3.36;18692
99094;50.24822;4.61816;248;20210711;20;11.4;15.7;1.1;14.91;0;3.07;19218
99094;50.24822;4.61816;248;20210712;20.4;13;16.7;1.6;15.91;1;2.4;13117
99094;50.24822;4.61816;248;20210713;18.3;14.3;16.3;2.9;16.91;31;1.67;9190
99094;50.24822;4.61816;248;20210714;15.4;14;14.7;6.2;16.31;23;0.66;3839
99094;50.24822;4.61816;248;20210715;16;15.1;15.5;4.2;16.76;26;0.97;4345
99094;50.24822;4.61816;248;20210716;17.3;13.8;15.5;3.3;15.23;0;2;10032
99094;50.24822;4.61816;248;20210717;24.3;13.1;18.7;3;16.06;0;4.15;21980
99094;50.24822;4.61816;248;20210718;25.8;13;19.4;3.3;16.66;0;4.83;25923
99094;50.24822;4.61816;248;20210719;24.4;13.5;19;2.3;16.49;0;4.54;25551
99094;50.24822;4.61816;248;20210720;22.8;14;18.4;1.5;15.31;0;4.11;24503
99094;50.24822;4.61816;248;20210721;23.6;13.4;18.5;2;14.41;0;3.81;20260
99094;50.24822;4.61816;248;20210722;24.2;14.3;19.2;2;14.41;0;4.57;25658
99094;50.24822;4.61816;248;20210723;24.5;12.1;18.3;2.5;15.51;0;4.42;25924
99094;50.24822;4.61816;248;20210724;23.8;15.7;19.7;2;16.81;9;3.32;16668
99094;50.24822;4.61816;248;20210725;22.2;13.9;18;3.2;17.31;1;3.13;18279
99094;50.24822;4.61816;248;20210726;22.4;15.4;18.9;3.3;16.41;5;3.08;14481
99094;50.24822;4.61816;248;20210727;20.5;15.1;17.8;4;16.11;1;2.67;12886
99094;50.24822;4.61816;248;20210728;20.8;15.4;18.1;4.9;14.31;1;3.72;17356
99094;50.24822;4.61816;248;20210729;19.8;13.4;16.6;3.9;12.81;0;3.47;17229
99094;50.24822;4.61816;248;20210730;21.5;12.4;16.9;5.1;12.91;0;3.93;18598
99094;50.24822;4.61816;248;20210731;19.3;13.3;16.3;4.7;13.81;2;2.64;10926
99095;50.26417;4.96796;257;20210301;13.7;2;7.8;3.1;5.71;0;1.97;12940
99095;50.26417;4.96796;257;20210302;16.9;2.7;9.8;2.6;6.31;0;2.05;13112
99095;50.26417;4.96796;257;20210303;16.3;5.3;10.8;1.3;7.26;5;1.42;10552
99095;50.26417;4.96796;257;20210304;7.7;6.5;7.1;2.5;8.46;7;0.77;3330
99095;50.26417;4.96796;257;20210305;4.1;0.5;2.3;3.8;4.96;0;1.17;9342
99095;50.26417;4.96796;257;20210306;6.9;-3.5;1.7;2.9;3.91;0;1.44;12285
99095;50.26417;4.96796;257;20210307;5.5;-3.7;0.9;2.3;4.26;0;1.15;11771
99095;50.26417;4.96796;257;20210308;6.1;-4.4;0.9;2;4.96;0;0.97;11238
99095;50.26417;4.96796;257;20210309;6.4;0.6;3.5;2.1;7.01;1;0.64;4261
99095;50.26417;4.96796;257;20210310;9.1;2.1;5.6;5.8;6.96;1;1.31;6144
99095;50.26417;4.96796;257;20210311;12.2;5.2;8.7;9.6;8.11;6;2.03;8366
99095;50.26417;4.96796;257;20210312;8.1;3.7;5.9;7.9;7.16;8;1.38;6639
99095;50.26417;4.96796;257;20210313;8.7;5.1;6.9;8.9;6.91;7;1.83;6606
99095;50.26417;4.96796;257;20210314;7.5;1.7;4.6;5.3;6.91;7;1.06;6072
99095;50.26417;4.96796;257;20210315;8.4;3.8;6.1;5.7;7.01;1;1.48;9564
99095;50.26417;4.96796;257;20210316;5.1;3;4;3;7.36;7;0.61;3448
99095;50.26417;4.96796;257;20210317;5.9;2.6;4.2;3.9;7.26;1;0.76;5283
99095;50.26417;4.96796;257;20210318;5.6;0.3;3;2.4;6.41;1;0.88;7910
99095;50.26417;4.96796;257;20210319;6.3;1.1;3.7;4.9;5.36;0;1.59;11784
99095;50.26417;4.96796;257;20210320;6.9;-0.5;3.2;2.4;5.21;0;1.28;9740
99095;50.26417;4.96796;257;20210321;7.6;1;4.3;3.8;6.46;0;1.16;6947
99095;50.26417;4.96796;257;20210322;6.5;1.2;3.8;2.3;6.16;0;1.08;7807
99095;50.26417;4.96796;257;20210323;11.3;1.5;6.4;1.5;6.56;0;1.55;13462
99095;50.26417;4.96796;257;20210324;15.2;0.8;8;2.6;6.86;0;2.23;16595
99095;50.26417;4.96796;257;20210325;10.2;2.6;6.4;2.4;8.26;0;1.09;8158
99095;50.26417;4.96796;257;20210326;12.3;4;8.2;5.5;7.71;3;2.05;12534
99095;50.26417;4.96796;257;20210327;7.8;3.1;5.5;5.3;6.66;2;1.48;8221
99095;50.26417;4.96796;257;20210328;13.7;4.2;8.9;5.1;6.76;0;2.63;13433
99095;50.26417;4.96796;257;20210329;19.5;6.3;12.9;3.3;6.56;0;3.54;18533
99095;50.26417;4.96796;257;20210330;23.1;5.2;14.1;1.7;6.06;0;3.25;19248
99095;50.26417;4.96796;257;20210331;23.5;8.3;15.9;1.9;7.16;0;3.45;19519
99095;50.26417;4.96796;257;20210401;20.5;8.9;14.7;2.6;8.76;0;3.09;15322
99095;50.26417;4.96796;257;20210402;9.1;3.1;6.1;5.2;6.46;0;1.95;13425
99095;50.26417;4.96796;257;20210403;7.4;3;5.2;4;5.95;0;2.26;14067
99095;50.26417;4.96796;257;20210404;9;0.4;4.7;2.1;6.1;0;1.72;14959
99095;50.26417;4.96796;257;20210405;5.6;0.7;3.1;5.2;5.7;2;1.48;8409
99095;50.26417;4.96796;257;20210406;4.7;-3;0.9;4.2;4.66;3;1.43;12206
99095;50.26417;4.96796;257;20210407;5.6;-2.1;1.7;5;4.71;0;1.52;9465
99095;50.26417;4.96796;257;20210408;8;-1.9;3;2.8;4.36;0;2;16341
99095;50.26417;4.96796;257;20210409;14;2.6;8.3;3.3;6.01;8;2.66;15764
99095;50.26417;4.96796;257;20210410;9.2;5.9;7.6;2.9;9.91;20;0.74;4867
99095;50.26417;4.96796;257;20210411;4.9;2.1;3.5;3.8;6.86;2;0.89;6526
99095;50.26417;4.96796;257;20210412;6.7;-1.6;2.6;2.5;5.66;1;1.44;13142
99095;50.26417;4.96796;257;20210413;7.7;-2.8;2.5;1.8;5.06;0;1.8;17817
99095;50.26417;4.96796;257;20210414;8.2;-1.4;3.4;2.3;4.76;0;1.94;16219
99095;50.26417;4.96796;257;20210415;7.9;-1.3;3.3;3;5.2;0;2.02;17455
99095;50.26417;4.96796;257;20210416;7.8;-0.8;3.5;2.6;5.06;0;1.74;12547
99095;50.26417;4.96796;257;20210417;10.7;0.7;5.7;3.1;5.71;0;2.31;17497
99095;50.26417;4.96796;257;20210418;13.1;2.6;7.8;2.2;6.86;0;2.33;16730
99095;50.26417;4.96796;257;20210419;13.6;2.7;8.2;1.9;7.66;0;2.44;19694
99095;50.26417;4.96796;257;20210420;15.6;3.1;9.3;1.5;7.76;0;2.5;18329
99095;50.26417;4.96796;257;20210421;14.9;4.5;9.7;3.1;7.96;0;2.51;15032
99095;50.26417;4.96796;257;20210422;11.9;0.8;6.3;4;5.81;0;2.83;21438
99095;50.26417;4.96796;257;20210423;14.2;1.7;8;3.7;5.81;0;3.31;23158
99095;50.26417;4.96796;257;20210424;13.2;2.7;7.9;4.8;6.11;0;3.24;21621
99095;50.26417;4.96796;257;20210425;11.2;1.2;6.2;5.3;5.76;0;2.9;21461
99095;50.26417;4.96796;257;20210426;13.9;0.3;7.1;4.4;5.26;0;3.52;24566
99095;50.26417;4.96796;257;20210427;16.4;2.6;9.5;2.4;5.06;0;3.61;23499
99095;50.26417;4.96796;257;20210428;18.7;4.5;11.6;3.1;6.01;1;3.92;20430
99095;50.26417;4.96796;257;20210429;8.4;6.2;7.3;3.4;7.61;1;1.57;7941
99095;50.26417;4.96796;257;20210430;10.7;-0.8;5;1.4;5.96;0;2.14;18117
99095;50.26417;4.96796;257;20210501;11.4;0.6;6;2.2;6.11;0;2.4;18875
99095;50.26417;4.96796;257;20210502;10.6;1.9;6.2;2.4;6.06;0;2.15;14250
99095;50.26417;4.96796;257;20210503;12.5;-0.3;6.1;5.1;5.96;2;2.79;18119
99095;50.26417;4.96796;257;20210504;13.4;5.8;9.6;9.6;6.96;1;3.46;14591
99095;50.26417;4.96796;257;20210505;10.4;4;7.2;5.3;6.46;1;2.61;16528
99095;50.26417;4.96796;257;20210506;9.3;2.7;6;3.3;7.01;3;1.63;9826
99095;50.26417;4.96796;257;20210507;12.1;2.3;7.2;3.1;6.26;0;2.71;18682
99095;50.26417;4.96796;257;20210508;17.2;4.6;10.9;4.6;8.71;0;2.91;13669
99095;50.26417;4.96796;257;20210509;24.6;11.7;18.2;5.4;11.66;0;5.15;20771
99095;50.26417;4.96796;257;20210510;17.8;13.2;15.5;4.9;11.06;1;3.41;13908
99095;50.26417;4.96796;257;20210511;15.4;9.6;12.5;2.3;11.21;2;2.05;11179
99095;50.26417;4.96796;257;20210512;15.6;6.7;11.2;2.8;8.71;1;3.02;19205
99095;50.26417;4.96796;257;20210513;14.3;5.2;9.8;2.7;8.41;1;2.41;14198
99095;50.26417;4.96796;257;20210514;16.7;6.1;11.4;2.9;9.06;3;2.8;15703
99095;50.26417;4.96796;257;20210515;13.1;7;10.1;4.5;9.71;6;2;11648
99095;50.26417;4.96796;257;20210516;13.4;7.4;10.4;3.6;10.11;7;2.02;12665
99095;50.26417;4.96796;257;20210517;12.4;8.4;10.4;5;10.41;8;1.68;9146
99095;50.26417;4.96796;257;20210518;14.2;7.6;10.9;3.5;9.86;8;2.4;14853
99095;50.26417;4.96796;257;20210519;13;5.1;9;2.5;9.51;7;2.06;14790
99095;50.26417;4.96796;257;20210520;13.7;5.7;9.7;4.3;9.56;0;2.38;16675
99095;50.26417;4.96796;257;20210521;15.5;10;12.7;7.8;8.56;1;4;18157
99095;50.26417;4.96796;257;20210522;12;7.6;9.8;6.5;9.26;4;2.05;10321
99095;50.26417;4.96796;257;20210523;14.5;6.1;10.3;5.3;8.61;1;2.94;17018
99095;50.26417;4.96796;257;20210524;13.2;9.1;11.1;5.6;9.36;6;2.53;12377
99095;50.26417;4.96796;257;20210525;12.2;5.7;8.9;5.8;9.21;6;1.94;12285
99095;50.26417;4.96796;257;20210526;13.8;6.6;10.2;3.9;9.56;3;2.34;14630
99095;50.26417;4.96796;257;20210527;15.3;7.6;11.5;3.5;9.91;0;2.59;14856
99095;50.26417;4.96796;257;20210528;18.2;4.2;11.2;2.3;9.46;0;3.38;22578
99095;50.26417;4.96796;257;20210529;19.1;8.9;14;3.2;9.31;0;4.26;24802
99095;50.26417;4.96796;257;20210530;21;7.9;14.4;3.1;9.01;0;4.65;26334
99095;50.26417;4.96796;257;20210531;22.2;10.2;16.2;3.1;9.66;0;5.14;28229
99095;50.26417;4.96796;257;20210601;23.7;9.2;16.5;3.5;8.76;0;5.74;30064
99095;50.26417;4.96796;257;20210602;26.9;11;19;2.3;13.21;5;4.89;24632
99095;50.26417;4.96796;257;20210603;24.4;16.2;20.3;1.8;17.31;5;3.38;16324
99095;50.26417;4.96796;257;20210604;23.9;13.3;18.6;1.9;17.41;10;3.24;17421
99095;50.26417;4.96796;257;20210605;13.8;13.6;13.7;2.8;14.76;1;1;4680
99095;50.26417;4.96796;257;20210606;18.9;10.5;14.7;1.9;13.31;0;2.47;13587
99095;50.26417;4.96796;257;20210607;20.8;11;15.9;2;13.06;0;4.08;25520
99095;50.26417;4.96796;257;20210608;22.9;12.8;17.9;1.8;13.46;0;4.35;24706
99095;50.26417;4.96796;257;20210609;23.9;11.8;17.9;1.6;13.71;0;4.27;24334
99095;50.26417;4.96796;257;20210610;24.7;11.1;17.9;2.3;13.56;0;4.54;24712
99095;50.26417;4.96796;257;20210611;25.3;13.4;19.3;2.2;15.26;0;4.75;25942
99095;50.26417;4.96796;257;20210612;21.3;13.1;17.2;2.9;14.01;0;3.01;13497
99095;50.26417;4.96796;257;20210613;22.7;9.3;16;2.2;10.71;0;4.67;27264
99095;50.26417;4.96796;257;20210614;27.6;11.9;19.8;1.8;11.66;0;5.63;29788
99095;50.26417;4.96796;257;20210615;25.4;13.2;19.3;2.7;14.51;0;4.64;23442
99095;50.26417;4.96796;257;20210616;29.1;15.2;22.1;2.4;15.41;0;5.68;27375
99095;50.26417;4.96796;257;20210617;28.9;19.4;24.2;3.6;17.06;3;5.77;23267
99095;50.26417;4.96796;257;20210618;28.7;18.7;23.7;4.6;17.46;0;6.01;24131
99095;50.26417;4.96796;257;20210619;26.1;16.1;21.1;3.9;17.76;11;4.74;22796
99095;50.26417;4.96796;257;20210620;24.1;16.8;20.4;3.6;16.51;8;4.23;19638
99095;50.26417;4.96796;257;20210621;20.4;15.6;18;3.4;16.11;12;3.15;16437
99095;50.26417;4.96796;257;20210622;13.7;11.8;12.8;4.8;13.51;13;1.32;7804
99095;50.26417;4.96796;257;20210623;14.4;11.2;12.8;3;13.61;0;1.25;6593
99095;50.26417;4.96796;257;20210624;17;12.8;14.9;2.4;14.01;1;1.66;7059
99095;50.26417;4.96796;257;20210625;19.7;10.3;15;2.7;12.76;0;3.52;21397
99095;50.26417;4.96796;257;20210626;21.9;14.1;18;1.6;15.06;0;3.33;17333
99095;50.26417;4.96796;257;20210627;22.3;14.3;18.3;1.8;16.71;4;2.94;15141
99095;50.26417;4.96796;257;20210628;21.7;15;18.4;2.3;17.45;19;2.92;15097
99095;50.26417;4.96796;257;20210629;21.5;12.6;17.1;2.5;15.25;23;3.55;19569
99095;50.26417;4.96796;257;20210630;13.8;12.3;13.1;2.5;13.75;9;1.49;8266
99095;50.26417;4.96796;257;20210701;18.3;11.2;14.7;2.7;12.36;1;2.71;13855
99095;50.26417;4.96796;257;20210702;22.4;10.1;16.2;1.9;13.31;0;3.6;20288
99095;50.26417;4.96796;257;20210703;22.9;13.5;18.2;2.3;15.96;3;3.27;16762
99095;50.26417;4.96796;257;20210704;20.3;14.6;17.4;2.2;15.71;13;2.93;15779
99095;50.26417;4.96796;257;20210705;20.1;12.8;16.5;2.7;15.56;4;2.35;11959
99095;50.26417;4.96796;257;20210706;19.1;15.6;17.3;5.8;13.66;0;3.8;17694
99095;50.26417;4.96796;257;20210707;20.6;12.5;16.6;3.4;13.31;1;3.71;19932
99095;50.26417;4.96796;257;20210101;1.6;0.2;0.9;1.2;6.11;0;0.3;673
99095;50.26417;4.96796;257;20210102;0.7;-2.6;-0.9;1.2;5.81;0;0.1;1885
99095;50.26417;4.96796;257;20210103;1.4;0;0.7;2.9;6.01;0;0.29;837
99095;50.26417;4.96796;257;20210104;1.5;0.2;0.8;3.8;6.01;0;0.28;1253
99095;50.26417;4.96796;257;20210105;1.3;0.4;0.9;3.8;6.01;0;0.33;771
99095;50.26417;4.96796;257;20210106;2.1;0.6;1.3;2.7;6.36;0;0.28;801
99095;50.26417;4.96796;257;20210107;1.8;-0.4;0.7;3.6;6.06;2;0.26;1109
99095;50.26417;4.96796;257;20210108;0.9;-0.7;0.1;3.1;5.91;1;0.19;1601
99095;50.26417;4.96796;257;20210109;0.7;-2.9;-1.1;1.4;5.71;0;0.08;2367
99095;50.26417;4.96796;257;20210110;3.2;-1;1.1;1.3;5.51;0;0.16;3730
99095;50.26417;4.96796;257;20210111;1.4;-3.5;-1;5.1;5.66;7;0.11;1639
99095;50.26417;4.96796;257;20210112;6.7;1.5;4.1;5.4;7.26;10;0.52;1543
99095;50.26417;4.96796;257;20210113;3.9;-0.1;1.9;2.8;6.56;6;0.22;2581
99095;50.26417;4.96796;257;20210114;0.4;0.2;0.3;3.6;5.96;8;0.24;1118
99095;50.26417;4.96796;257;20210115;-0.8;-3.3;-2.1;2.9;4.91;1;0.2;2223
99095;50.26417;4.96796;257;20210116;-1.5;-2.6;-2;2.8;4.81;4;0.23;2130
99095;50.26417;4.96796;257;20210117;2.8;-2.2;0.3;3.3;6.51;2;0.05;2030
99095;50.26417;4.96796;257;20210118;3.6;1.3;2.4;4.9;6.81;1;0.27;2531
99095;50.26417;4.96796;257;20210119;4.5;2.2;3.4;8;7.01;6;0.5;921
99095;50.26417;4.96796;257;20210120;10;3.3;6.6;8;6.61;5;1.61;3354
99095;50.26417;4.96796;257;20210121;6.8;3.8;5.3;9.5;8.11;11;0.48;2702
99095;50.26417;4.96796;257;20210122;5.5;2.7;4.1;3.5;7.06;0;0.47;2569
99095;50.26417;4.96796;257;20210123;4.3;0.7;2.5;4;6.46;8;0.44;1996
99095;50.26417;4.96796;257;20210124;0.6;-1;-0.2;4.3;5.61;2;0.2;4027
99095;50.26417;4.96796;257;20210125;0.6;-0.2;0.2;2.8;5.76;1;0.26;2685
99095;50.26417;4.96796;257;20210126;2.7;-1.2;0.8;4.7;5.51;2;0.44;4241
99095;50.26417;4.96796;257;20210127;2.4;-0.2;1.1;4.1;6.46;7;0.22;1498
99095;50.26417;4.96796;257;20210128;10.1;2.3;6.2;5.5;9.91;18;0.08;2234
99095;50.26417;4.96796;257;20210129;9;8.1;8.5;6.7;9.51;8;0.81;2302
99095;50.26417;4.96796;257;20210130;5.8;5.6;5.7;5;7.91;8;0.65;1321
99095;50.26417;4.96796;257;20210131;2.9;0.8;1.9;4;6.41;2;0.36;2247
99095;50.26417;4.96796;257;20210201;6;2.2;4.1;2.8;7.76;1;0.33;2446
99095;50.26417;4.96796;257;20210202;10.6;2.7;6.6;5.1;9.46;7;0.39;2831
99095;50.26417;4.96796;257;20210203;11.1;8.3;9.7;7;9.91;14;1.05;2613
99095;50.26417;4.96796;257;20210204;8.4;4.5;6.5;3.9;8.26;0;0.64;4195
99095;50.26417;4.96796;257;20210205;9.3;6.2;7.8;2.5;8.66;1;0.67;3315
99095;50.26417;4.96796;257;20210206;7.2;5;6.1;3.4;8.41;12;0.52;2126
99095;50.26417;4.96796;257;20210207;1.1;0.8;1;2.9;6.36;2;0.29;1689
99095;50.26417;4.96796;257;20210208;-2;-2.4;-2.2;2.5;4.51;1;0.41;1050
99095;50.26417;4.96796;257;20210209;-5.1;-7.4;-6.2;3.8;3.11;0;0.41;3643
99095;50.26417;4.96796;257;20210210;-4.6;-10.6;-7.6;4.9;2.81;0;0.41;8062
99095;50.26417;4.96796;257;20210211;-1.8;-8.8;-5.3;2.9;3.01;0;0.5;9495
99095;50.26417;4.96796;257;20210212;-2.7;-8.6;-5.6;4.9;2.71;0;0.71;9100
99095;50.26417;4.96796;257;20210213;-0.7;-8.6;-4.6;5.7;2.26;0;1.15;8564
99095;50.26417;4.96796;257;20210214;3.7;-6.2;-1.3;6.2;2.46;0;1.71;8242
99095;50.26417;4.96796;257;20210215;5.5;0.9;3.2;5.5;5.91;1;0.95;3756
99095;50.26417;4.96796;257;20210216;11;3.8;7.4;5.5;8.11;2;1.14;6850
99095;50.26417;4.96796;257;20210217;10.1;6.6;8.3;5.3;8.76;0;1.07;4192
99095;50.26417;4.96796;257;20210218;11.2;5.1;8.1;5.3;7.81;6;1.44;4374
99095;50.26417;4.96796;257;20210219;10.2;3.2;6.7;4.3;8.41;0;0.83;6575
99095;50.26417;4.96796;257;20210220;15.1;8.2;11.6;5.5;8.81;0;2.07;7378
99095;50.26417;4.96796;257;20210221;16.2;9.1;12.7;4.3;7.16;0;2.54;8412
99095;50.26417;4.96796;257;20210222;16.1;10.3;13.2;4.1;7.16;0;2.61;6596
99095;50.26417;4.96796;257;20210223;16.5;11;13.7;5;9.91;0;2.23;6608
99095;50.26417;4.96796;257;20210224;17.6;9.9;13.7;4.1;10.16;0;2.06;10183
99095;50.26417;4.96796;257;20210225;17.8;9.2;13.5;2.9;9.16;3;1.94;8593
99095;50.26417;4.96796;257;20210226;9.1;5.3;7.2;3.1;7.61;1;1.08;5583
99095;50.26417;4.96796;257;20210227;7.4;0.4;3.9;3.4;6.56;0;0.9;8581
99095;50.26417;4.96796;257;20210228;10.9;1.4;6.2;3.9;6.06;0;1.61;10323
99094;50.24822;4.61816;248;20210101;1.6;0.3;0.9;1.2;6.01;0;0.3;746
99094;50.24822;4.61816;248;20210102;0.8;-3;-1.1;1.2;5.71;0;0.06;2270
99094;50.24822;4.61816;248;20210103;1.4;0.1;0.7;2.8;6.01;0;0.25;1275
99094;50.24822;4.61816;248;20210104;1.4;0.3;0.8;4;6.01;0;0.31;706
99094;50.24822;4.61816;248;20210105;1.1;0.5;0.8;3.7;6.11;0;0.28;542
99094;50.24822;4.61816;248;20210106;2;0.6;1.3;2.8;6.41;0;0.25;802
99094;50.24822;4.61816;248;20210107;2;-0.3;0.8;4.1;6.11;1;0.27;1019
99094;50.24822;4.61816;248;20210108;1.1;-0.7;0.2;3.4;5.81;1;0.19;2003
99094;50.24822;4.61816;248;20210109;0.6;-3.7;-1.6;1.1;5.61;0;0.01;3134
99094;50.24822;4.61816;248;20210110;3.3;-1.3;1;1;5.51;0;0.14;3460
99094;50.24822;4.61816;248;20210111;1.9;-2.9;-0.5;5.3;6.01;9;0;2478
99094;50.24822;4.61816;248;20210112;7.1;1.9;4.5;5.7;7.41;12;0.49;2387
99094;50.24822;4.61816;248;20210113;4.6;0.6;2.6;3.1;6.71;9;0.27;2563
99094;50.24822;4.61816;248;20210114;0.6;0.3;0.4;4.1;6.01;11;0.27;436
99094;50.24822;4.61816;248;20210115;-0.9;-3.6;-2.3;3;4.91;1;0.14;2646
99094;50.24822;4.61816;248;20210116;-1.3;-2.3;-1.8;3.1;4.91;5;0.23;1960
99094;50.24822;4.61816;248;20210117;3.1;-1.9;0.6;3.6;6.61;2;0.03;2260
99094;50.24822;4.61816;248;20210118;3.5;1.6;2.5;5;6.81;1;0.27;2563
99094;50.24822;4.61816;248;20210119;4.9;2.3;3.6;8;7.21;6;0.43;1243
99094;50.24822;4.61816;248;20210120;9.6;3.4;6.5;8.1;6.81;3;1.47;2808
99094;50.24822;4.61816;248;20210121;6.8;3.8;5.3;9.1;8.31;11;0.33;3005
99094;50.24822;4.61816;248;20210122;6.2;2.6;4.4;3.6;7.11;0;0.48;3239
99094;50.24822;4.61816;248;20210123;4.3;1.2;2.7;3.9;6.51;7;0.45;2093
99094;50.24822;4.61816;248;20210124;0.6;-1.4;-0.4;4.8;5.71;2;0.14;3555
99094;50.24822;4.61816;248;20210125;0.8;-0.1;0.3;3.1;5.81;0;0.24;2871
99094;50.24822;4.61816;248;20210126;2.6;-0.6;1;4.8;5.51;4;0.49;3482
99094;50.24822;4.61816;248;20210127;2.9;-0.1;1.4;4.1;6.61;8;0.21;1497
99094;50.24822;4.61816;248;20210128;10.2;2.8;6.5;6.1;10.01;15;0.06;3068
99094;50.24822;4.61816;248;20210129;9.1;8.4;8.7;7.4;9.51;8;0.87;2405
99094;50.24822;4.61816;248;20210130;5.6;5.6;5.6;4.7;8.01;7;0.56;1343
99094;50.24822;4.61816;248;20210131;3.3;0.5;1.9;3.9;6.61;2;0.29;2294
99094;50.24822;4.61816;248;20210201;5.9;2.3;4.1;2.7;7.71;2;0.31;3093
99094;50.24822;4.61816;248;20210202;10.6;2.8;6.7;5.6;9.61;7;0.3;3962
99094;50.24822;4.61816;248;20210203;11.4;8.5;9.9;6.9;10.11;14;1;3227
99094;50.24822;4.61816;248;20210204;8.3;4.3;6.3;3.7;8.41;1;0.55;3090
99094;50.24822;4.61816;248;20210205;9.1;6.1;7.6;2;8.71;1;0.57;3730
99094;50.24822;4.61816;248;20210206;7.2;4.8;6;3.1;8.41;12;0.48;2753
99094;50.24822;4.61816;248;20210207;0.1;-0.1;0;2.9;5.91;2;0.24;2578
99094;50.24822;4.61816;248;20210208;-2.9;-3.3;-3.1;2.9;4.11;1;0.42;701
99094;50.24822;4.61816;248;20210209;-5.1;-7.7;-6.4;4.1;2.81;0;0.51;4487
99094;50.24822;4.61816;248;20210210;-4.5;-10.6;-7.6;5.1;2.81;0;0.42;6625
99094;50.24822;4.61816;248;20210211;-1.8;-9.1;-5.5;2.3;3.01;0;0.45;8290
99094;50.24822;4.61816;248;20210212;-2.7;-8.8;-5.8;4.8;2.71;0;0.69;8100
99094;50.24822;4.61816;248;20210213;-0.4;-9.1;-4.8;5.3;2.21;0;1.15;6429
99094;50.24822;4.61816;248;20210214;3.5;-6.1;-1.3;6.3;2.51;0;1.69;6885
99094;50.24822;4.61816;248;20210215;5.3;0.9;3.1;5.8;6.21;1;0.79;4612
99094;50.24822;4.61816;248;20210216;10.9;4;7.4;6.1;8.21;2;1.14;5300
99094;50.24822;4.61816;248;20210217;10.5;6.6;8.5;5.3;8.91;0;1.06;4385
99094;50.24822;4.61816;248;20210218;10.9;4.8;7.8;5;7.91;7;1.27;5049
99094;50.24822;4.61816;248;20210219;10.3;3.9;7.1;4.3;8.61;0;0.82;6151
99094;50.24822;4.61816;248;20210220;15;8.1;11.5;4.9;9.11;0;1.83;5657
99094;50.24822;4.61816;248;20210221;16.4;9.6;13;4.2;7.41;0;2.52;5025
99094;50.24822;4.61816;248;20210222;16.5;10.7;13.6;3.7;7.51;0;2.43;6392
99094;50.24822;4.61816;248;20210223;17.1;11.6;14.3;5.1;10.21;0;2.31;7516
99094;50.24822;4.61816;248;20210224;17.9;9.7;13.8;4.1;10.41;0;2.01;9766
99094;50.24822;4.61816;248;20210225;18.1;9.6;13.8;3.1;9.61;5;1.93;7186
100096;50.50328;5.29569;226;20210301;12.3;1;6.6;3.6;6.43;0;1.65;12056
100096;50.50328;5.29569;226;20210302;17.1;2.9;10;2.9;6.6;0;2.13;12634
100096;50.50328;5.29569;226;20210303;16.1;7.3;11.7;2.2;7.63;7;1.78;10008
100096;50.50328;5.29569;226;20210304;8.1;6.9;7.5;2.5;8.38;7;0.86;1837
100096;50.50328;5.29569;226;20210305;4.7;1;2.8;3.9;4.75;0;1.36;10122
100096;50.50328;5.29569;226;20210306;6.4;-3;1.7;3;4.13;0;1.39;13113
100096;50.50328;5.29569;226;20210307;5.6;-3.4;1.1;2.4;4.53;0;1.15;12831
100096;50.50328;5.29569;226;20210308;7.8;-1.4;3.2;1.8;5.25;1;1.06;10237
100096;50.50328;5.29569;226;20210309;6.3;1.5;3.9;2.6;7.2;2;0.65;4110
100096;50.50328;5.29569;226;20210310;9.6;2.8;6.2;6.1;7.13;1;1.47;7473
100096;50.50328;5.29569;226;20210311;12.5;5.5;9;11.3;8.18;3;2.28;8719
100096;50.50328;5.29569;226;20210312;8.5;4;6.3;9;7.23;6;1.56;6775
100096;50.50328;5.29569;226;20210313;8.8;5.1;7;9.6;7.08;8;1.88;7024
100096;50.50328;5.29569;226;20210314;8.1;1.6;4.8;5.7;6.85;7;1.24;7340
100096;50.50328;5.29569;226;20210315;8;4;6;5.4;7.33;3;1.35;8798
100096;50.50328;5.29569;226;20210316;5.6;3.3;4.4;3.1;7.48;8;0.69;3847
100096;50.50328;5.29569;226;20210317;5.5;2.7;4.1;3.7;7.23;2;0.79;5371
100096;50.50328;5.29569;226;20210318;5.7;0.1;2.9;2.4;6.55;1;0.89;8225
100096;50.50328;5.29569;226;20210319;6.9;1;3.9;4.7;5.5;0;1.64;12648
100096;50.50328;5.29569;226;20210320;7.3;-1.2;3;2.3;5.2;0;1.47;13896
100096;50.50328;5.29569;226;20210321;7.4;1.4;4.4;3.8;6.7;0;1.12;6221
100096;50.50328;5.29569;226;20210322;6.7;1.6;4.2;2.3;6.43;0;1.05;6669
100096;50.50328;5.29569;226;20210323;11.1;2.5;6.8;2.4;6.85;0;1.68;13128
100096;50.50328;5.29569;226;20210324;15.5;2.9;9.2;3.3;7.23;0;2.46;16140
100096;50.50328;5.29569;226;20210325;11.4;3.5;7.5;3.1;8.43;0;1.33;9012
100096;50.50328;5.29569;226;20210326;13.3;5.5;9.4;5.9;7.8;4;2.43;12645
100096;50.50328;5.29569;226;20210327;9.3;2.3;5.8;6.5;6.63;2;1.84;10720
100096;50.50328;5.29569;226;20210328;14.2;4.3;9.2;5.9;6.98;0;2.86;14724
100096;50.50328;5.29569;226;20210329;19.7;7.5;13.6;4.3;6.78;0;3.97;17920
100096;50.50328;5.29569;226;20210330;22.9;6.9;14.9;2.5;6.45;0;3.7;18476
100096;50.50328;5.29569;226;20210331;23.6;11.2;17.4;2.4;7.7;0;3.79;18452
100096;50.50328;5.29569;226;20210401;20.6;10.4;15.5;2.9;8.93;0;3.29;15105
100096;50.50328;5.29569;226;20210402;9.5;2.8;6.2;4.6;6.7;0;1.84;11758
100096;50.50328;5.29569;226;20210403;10.3;3.4;6.9;3.8;6.2;0;2.13;13214
100096;50.50328;5.29569;226;20210404;8.6;1.1;4.8;2.4;6.23;0;1.62;13058
100096;50.50328;5.29569;226;20210405;6.3;2.3;4.3;6;5.8;3;1.58;8185
100096;50.50328;5.29569;226;20210406;2.8;-1.8;0.5;4.9;5.15;5;1.13;10484
100096;50.50328;5.29569;226;20210407;4.9;-1.9;1.5;5.5;4.88;0;1.39;8351
100096;50.50328;5.29569;226;20210408;8.4;-0.9;3.7;3.4;4.6;1;2.01;14848
100096;50.50328;5.29569;226;20210409;13.8;3.2;8.5;3.9;6.35;5;2.62;14176
100096;50.50328;5.29569;226;20210410;9.5;6;7.7;3.1;9.7;18;0.83;4372
100096;50.50328;5.29569;226;20210411;5.5;2;3.7;3.7;6.83;4;1.02;6967
100096;50.50328;5.29569;226;20210412;6.7;-1.4;2.7;2.8;5.73;1;1.49;12987
100096;50.50328;5.29569;226;20210413;8.2;-2.4;2.9;1.8;5.2;0;1.78;16242
100096;50.50328;5.29569;226;20210414;8.2;-0.8;3.7;2.3;4.98;0;1.9;15298
100096;50.50328;5.29569;226;20210415;8.4;-1.4;3.5;2.8;5.3;0;1.97;16775
100096;50.50328;5.29569;226;20210416;9.6;-0.8;4.4;2.8;5.23;0;1.99;13909
100096;50.50328;5.29569;226;20210417;11.6;0.5;6;3;5.9;0;2.48;18702
100096;50.50328;5.29569;226;20210418;13.4;2;7.7;2.4;6.98;0;2.42;17756
100096;50.50328;5.29569;226;20210419;11.8;3.4;7.6;2.2;8.23;0;1.93;14771
100096;50.50328;5.29569;226;20210420;15.8;4.5;10.1;1.4;8.03;0;2.53;18060
100096;50.50328;5.29569;226;20210421;15.9;5.2;10.5;3.1;8.03;0;2.82;16979
100096;50.50328;5.29569;226;20210422;12;0.5;6.2;3.8;5.88;0;2.83;21416
100096;50.50328;5.29569;226;20210423;13.7;1.1;7.4;3.4;6.1;0;3.17;23667
100096;50.50328;5.29569;226;20210424;13.2;2.2;7.7;4.6;6.2;0;3.13;20719
100096;50.50328;5.29569;226;20210425;11.4;0.9;6.2;4.8;5.8;0;2.99;22723
100096;50.50328;5.29569;226;20210426;13.8;0.2;7;4.3;5.3;0;3.48;23781
100096;50.50328;5.29569;226;20210427;15.9;2.2;9.1;3.2;5.3;0;3.71;23352
100096;50.50328;5.29569;226;20210428;18.9;4.6;11.8;3;6.25;0;3.88;20428
100096;50.50328;5.29569;226;20210429;9.7;5.8;7.8;4.2;7.68;1;1.85;8144
100096;50.50328;5.29569;226;20210430;11.1;0.4;5.7;2.1;6.48;0;2.12;16101
100096;50.50328;5.29569;226;20210501;11.7;1.3;6.5;2.3;6.4;0;2.51;19738
100096;50.50328;5.29569;226;20210502;10.9;1.9;6.4;2.6;6.25;0;2.31;16048
100096;50.50328;5.29569;226;20210503;13.3;0.9;7.1;5.4;6.05;1;3;16782
100096;50.50328;5.29569;226;20210504;13.4;6.6;10;10.3;7.2;1;3.62;15291
100096;50.50328;5.29569;226;20210505;10.7;4.1;7.4;5.5;6.7;2;2.63;16493
100096;50.50328;5.29569;226;20210506;9.7;2.9;6.3;3.6;7.2;2;1.9;13119
100096;50.50328;5.29569;226;20210507;12.8;1.8;7.3;3.2;6.63;0;2.65;17627
100096;50.50328;5.29569;226;20210508;17.9;4.2;11;5;8.63;0;3.2;15091
100096;50.50328;5.29569;226;20210509;25.8;12.3;19.1;5.9;11.75;0;5.66;20909
100096;50.50328;5.29569;226;20210510;19;15;17;5.8;11.18;1;4.06;13968
100096;50.50328;5.29569;226;20210511;15.3;11.3;13.3;2.5;11.68;2;2.15;10849
100096;50.50328;5.29569;226;20210512;16.2;8;12.1;3;9.33;0;3.18;19597
100096;50.50328;5.29569;226;20210513;16.3;6.6;11.5;2.9;8.88;1;2.69;14094
100096;50.50328;5.29569;226;20210514;16.7;6.7;11.7;3.2;9.4;6;3.14;19511
100096;50.50328;5.29569;226;20210515;13.5;7.8;10.7;5.1;9.88;5;2.31;13845
100096;50.50328;5.29569;226;20210516;15.1;7.6;11.3;4.5;10.18;4;2.7;16905
100096;50.50328;5.29569;226;20210517;14.1;8.8;11.5;5.4;10.68;10;2.18;12087
100096;50.50328;5.29569;226;20210518;15.3;8.4;11.8;4.1;10.08;6;2.68;15313
100096;50.50328;5.29569;226;20210519;14.1;5.8;9.9;3.2;9.68;6;2.35;16017
100096;50.50328;5.29569;226;20210520;14.7;6.5;10.6;4.7;9.48;0;2.72;16565
100096;50.50328;5.29569;226;20210521;16.5;10.6;13.5;8.1;8.6;1;4.45;19291
100096;50.50328;5.29569;226;20210522;11.6;8.2;9.9;7.6;9.53;4;2.03;10042
100096;50.50328;5.29569;226;20210523;15;6.9;10.9;6.2;8.63;1;3.39;19518
100096;50.50328;5.29569;226;20210524;14.4;10.1;12.2;6.3;9.45;4;3;13050
100096;50.50328;5.29569;226;20210525;12.7;6.3;9.5;6.2;9.28;6;2.16;12110
100096;50.50328;5.29569;226;20210526;14;7;10.5;4.3;9.88;6;2.35;14414
100096;50.50328;5.29569;226;20210527;15.3;8.3;11.8;4;10.08;1;2.58;13521
100096;50.50328;5.29569;226;20210528;17.8;5.4;11.6;2.7;9.65;0;3.42;22407
100096;50.50328;5.29569;226;20210529;19.1;7.9;13.5;3;9.58;0;4.38;27209
100096;50.50328;5.29569;226;20210530;21.1;7.6;14.3;3.6;9.68;0;4.84;28515
100096;50.50328;5.29569;226;20210531;22.2;10.2;16.2;3.3;9.98;0;5.13;27862
100096;50.50328;5.29569;226;20210601;24.2;10.9;17.6;3.7;9.1;0;5.85;29096
100096;50.50328;5.29569;226;20210602;27.8;12.7;20.2;2.8;12.08;5;5.59;25803
100096;50.50328;5.29569;226;20210603;24.6;16.8;20.7;2.7;17.45;3;3.59;15978
100096;50.50328;5.29569;226;20210604;24.4;15.3;19.9;2.2;17.73;12;3.52;17803
100096;50.50328;5.29569;226;20210605;15.2;14.7;15;2.9;15.13;0;0.92;2248
100096;50.50328;5.29569;226;20210606;18.8;11.4;15.1;2.1;13.58;0;2.53;13610
100096;50.50328;5.29569;226;20210607;20.3;10.9;15.6;2;13.43;0;3.72;22533
100096;50.50328;5.29569;226;20210608;24;11.8;17.9;1.6;13.55;0;4.41;25038
100096;50.50328;5.29569;226;20210609;24.5;12.9;18.7;1.8;13.6;0;4.59;25168
100096;50.50328;5.29569;226;20210610;25.1;13.7;19.4;2.6;13.73;0;4.87;24847
100096;50.50328;5.29569;226;20210611;25.3;14.2;19.8;2.6;15.65;0;4.85;25709
100096;50.50328;5.29569;226;20210612;21.4;14.4;17.9;3.5;14.1;0;3.5;15382
100096;50.50328;5.29569;226;20210613;22.4;8.6;15.5;2.2;10.83;0;4.87;29328
100096;50.50328;5.29569;226;20210614;27.3;12.9;20.1;2.3;12.03;0;5.73;28946
100096;50.50328;5.29569;226;20210615;25.1;14;19.5;3.2;14.58;0;4.84;23549
100096;50.50328;5.29569;226;20210616;29.8;15.6;22.7;2.6;15.95;0;5.9;27669
100096;50.50328;5.29569;226;20210617;30.3;20.2;25.3;3.6;17.3;3;6.08;23144
100096;50.50328;5.29569;226;20210618;30.5;19.7;25.1;4.4;18.3;0;6.1;22906
100096;50.50328;5.29569;226;20210619;25.9;16.7;21.3;3.6;18.08;12;4.48;21003
100096;50.50328;5.29569;226;20210620;24.4;17.3;20.9;4;16.85;13;4.52;20856
100096;50.50328;5.29569;226;20210621;19.3;15.6;17.5;4;16;9;2.76;13105
100096;50.50328;5.29569;226;20210622;13.8;11.2;12.5;4.5;13.38;12;1.26;6579
100096;50.50328;5.29569;226;20210623;15.5;11;13.2;2.8;13.38;1;1.69;9160
100096;50.50328;5.29569;226;20210624;18.8;12.6;15.7;2.4;14.03;1;2.49;12705
100096;50.50328;5.29569;226;20210625;20.8;11.3;16;3.1;13.23;0;3.72;21055
100096;50.50328;5.29569;226;20210626;23.4;14.4;18.9;2.1;15.1;0;3.74;19036
100096;50.50328;5.29569;226;20210627;24.5;15.1;19.8;2.6;17.03;15;3.33;15451
100096;50.50328;5.29569;226;20210628;22.4;16;19.2;2.5;18.3;19;3.13;16471
100096;50.50328;5.29569;226;20210629;22.6;14.1;18.4;3.3;15.9;28;3.79;20084
100096;50.50328;5.29569;226;20210630;14.8;12.5;13.6;3.1;14.1;14;1.41;7147
100096;50.50328;5.29569;226;20210701;17.1;11.4;14.2;2.9;12.6;2;2.51;12885
100096;50.50328;5.29569;226;20210702;22.5;10.5;16.5;2.4;13.48;0;3.91;21931
100096;50.50328;5.29569;226;20210703;23.7;14.1;18.9;2.6;16.15;4;3.4;16119
100096;50.50328;5.29569;226;20210704;20.8;15.5;18.1;2.3;16.2;16;3.07;15949
100096;50.50328;5.29569;226;20210705;19.3;13;16.2;2.8;15.65;5;2.36;12440
100096;50.50328;5.29569;226;20210706;20.7;16.5;18.6;6.4;13.88;0;4.2;17124
100096;50.50328;5.29569;226;20210707;21.8;13.4;17.6;3.9;13.48;0;4.2;21096
100096;50.50328;5.29569;226;20210708;21.8;13.4;17.6;1.9;14.4;2;3.18;16298
100096;50.50328;5.29569;226;20210709;21.5;13.3;17.4;2;14.6;0;3.48;19115
100096;50.50328;5.29569;226;20210710;22.8;14.1;18.4;2;15.1;7;3.05;14206
100096;50.50328;5.29569;226;20210711;21.7;13.1;17.4;2.1;15.13;0;3.21;17430
100096;50.50328;5.29569;226;20210712;22.4;14.4;18.4;2.3;15.9;2;2.9;13958
100096;50.50328;5.29569;226;20210713;18.2;15.9;17;2.5;17.8;36;1.42;6390
100096;50.50328;5.29569;226;20210714;16.1;15.2;15.6;5;17.23;30;0.77;3301
100096;50.50328;5.29569;226;20210715;17;15.4;16.2;3.8;17.53;22;1.02;4622
100096;50.50328;5.29569;226;20210716;17.4;14.2;15.8;2.9;15.5;1;1.85;9080
100096;50.50328;5.29569;226;20210717;24.2;14.1;19.1;2.9;16;0;4.22;22314
100096;50.50328;5.29569;226;20210718;26.1;13.3;19.7;2.9;16.5;0;4.92;27053
100096;50.50328;5.29569;226;20210719;22.6;13.5;18.1;2.2;15.87;0;3.98;22924
100096;50.50328;5.29569;226;20210720;22.8;12.4;17.6;2.1;14.15;0;4.34;25567
100096;50.50328;5.29569;226;20210721;24.1;12.4;18.3;2.3;13.48;0;4.6;25508
100096;50.50328;5.29569;226;20210722;24.4;13.2;18.8;1.9;14.38;0;4.43;24551
100096;50.50328;5.29569;226;20210723;24.7;11.8;18.2;3.3;14.58;0;4.79;25948
100096;50.50328;5.29569;226;20210724;22.2;14.8;18.5;3.1;16.78;8;2.54;10003
100096;50.50328;5.29569;226;20210725;24.3;14.7;19.5;3.4;16.4;1;3.91;19429
100096;50.50328;5.29569;226;20210726;22.4;15.6;19;4.2;16.38;3;3.37;15573
100096;50.50328;5.29569;226;20210727;21.9;15.2;18.5;4.2;16.25;2;3.1;13960
100096;50.50328;5.29569;226;20210728;21.5;15.3;18.4;5.5;14.3;2;4.02;17470
100096;50.50328;5.29569;226;20210729;20.3;13.8;17;5;12.65;0;3.85;16937
100096;50.50328;5.29569;226;20210730;23.3;13.2;18.2;5.2;13.23;0;4.45;18369
100096;50.50328;5.29569;226;20210731;19.9;13.8;16.9;5.1;13.9;3;3.16;14228
100096;50.50328;5.29569;226;20210801;18.3;11.6;14.9;3.1;14.35;6;2.26;12531
100096;50.50328;5.29569;226;20210802;18.9;13;16;2.1;13.78;7;2.61;14119
100096;50.50328;5.29569;226;20210803;18.6;12.1;15.4;2;13.98;5;2.56;14837
100096;50.50328;5.29569;226;20210804;20.3;12;16.2;1.4;13.9;2;2.61;14570
100096;50.50328;5.29569;226;20210805;23;13.8;18.4;2.1;15.1;2;3.24;16708
100096;50.50328;5.29569;226;20210806;20.9;15.6;18.2;5.1;15.6;9;2.92;12871
100096;50.50328;5.29569;226;20210807;20.7;13.6;17.2;4.7;14.33;4;3.2;15021
100096;50.50328;5.29569;226;20210808;19.3;13.2;16.2;5.7;13.03;2;3.36;15434
100096;50.50328;5.29569;226;20210809;20.1;13.9;17;4.6;13.88;6;2.98;13437
100096;50.50328;5.29569;226;20210810;21.6;13.3;17.4;3.4;15.58;2;2.92;15357
100096;50.50328;5.29569;226;20210811;23.2;13.4;18.3;1.8;16.03;0;3.29;18814
100096;50.50328;5.29569;226;20210812;26.8;14;20.4;2;16.43;0;3.64;17780
100096;50.50328;5.29569;226;20210813;25.1;16;20.5;2.9;16;0;3.92;19140
100096;50.50328;5.29569;226;20210814;24.6;12.9;18.8;2.7;13.9;0;4.35;23879
100096;50.50328;5.29569;226;20210815;26.9;14.3;20.6;3.3;15.73;0;4.18;18267
100096;50.50328;5.29569;226;20210816;17.6;13.4;15.5;5;13.38;3;2.31;8906
100096;50.50328;5.29569;226;20210817;15.7;10.4;13.1;4.2;13.58;4;1.6;9830
100096;50.50328;5.29569;226;20210818;18.1;13.1;15.6;4.2;15.68;2;1.76;9421
100096;50.50328;5.29569;226;20210819;17.7;14.9;16.3;4.3;15.2;1;1.95;8102
100096;50.50328;5.29569;226;20210820;21.1;13.4;17.2;2.8;15.73;1;2.44;12473
100096;50.50328;5.29569;226;20210821;24.6;13.4;19;2.4;16.38;6;3.27;17432
100096;50.50328;5.29569;226;20210822;19.5;15.3;17.4;3.7;17.1;8;2.07;10672
100096;50.50328;5.29569;226;20210823;19.7;15.1;17.4;2.8;16.87;2;1.85;8452
100096;50.50328;5.29569;226;20210824;20.6;11.1;15.9;4;12.38;0;3.59;20302
100096;50.50328;5.29569;226;20210825;21.1;9.7;15.4;2.6;12.3;1;3.33;20733
100096;50.50328;5.29569;226;20210826;17;12.9;14.9;3.2;13.5;1;1.96;9525
100096;50.50328;5.29569;226;20210827;18.3;9.5;13.9;2.8;12.93;1;2.16;12771
100096;50.50328;5.29569;226;20210828;19.2;12.4;15.8;2.6;14.93;3;1.87;9538
100096;50.50328;5.29569;226;20210829;15.9;11.3;13.6;3.2;14.55;3;1.12;5774
100096;50.50328;5.29569;226;20210830;19;14.1;16.5;3.1;15.98;2;1.7;8131
100096;50.50328;5.29569;226;20210831;19.6;13.4;16.5;2.9;14.6;0;2.43;13386
100096;50.50328;5.29569;226;20210901;15.8;13;14.4;2;13.2;0;1.51;6517
100096;50.50328;5.29569;226;20210902;21.4;9.5;15.4;2.6;13.83;0;2.97;19600
100096;50.50328;5.29569;226;20210903;25.1;11.2;18.1;2;14.73;0;3.28;19179
100096;50.50328;5.29569;226;20210904;22.2;12;17.1;2.8;15.4;0;2.92;17345
100096;50.50328;5.29569;226;20210905;25.1;12.6;18.9;1.3;16.23;0;3.02;18547
100096;50.50328;5.29569;226;20210906;24.8;12;18.4;1.6;15.23;0;2.94;17363
100096;50.50328;5.29569;226;20210907;26;13;19.5;2.3;14.63;0;3.43;17703
100096;50.50328;5.29569;226;20210908;26.3;15.5;20.9;3.3;13.43;0;4.16;18192
100096;50.50328;5.29569;226;20210909;24.6;17.6;21.1;3.9;17.4;3;2.97;11233
100096;50.50328;5.29569;226;20210910;21.5;17.6;19.6;3.6;18.63;9;2.06;9289
100096;50.50328;5.29569;226;20210911;20.3;14.8;17.6;2.9;16.07;0;2.07;10002
100096;50.50328;5.29569;226;20210912;20.5;12.4;16.5;2;13.8;0;2.36;14704
100096;50.50328;5.29569;226;20210913;21.2;11.2;16.2;2.5;14.2;0;2.31;13855
100096;50.50328;5.29569;226;20210914;22.2;13.6;17.9;2.7;16.53;1;1.99;9256
100096;50.50328;5.29569;226;20210915;19.9;17.7;18.8;2.9;17.65;5;1.62;5513
100096;50.50328;5.29569;226;20210916;19.5;10.7;15.1;2;13.5;0;1.93;11481
100096;50.50328;5.29569;226;20210917;20.8;11.1;15.9;1.8;13.73;0;2.06;12615
100096;50.50328;5.29569;226;20210918;21.4;11;16.2;2.1;13.55;0;2.41;15229
100096;50.50328;5.29569;226;20210919;20.2;11.4;15.8;2.3;13.13;0;2.19;12557
100096;50.50328;5.29569;226;20210920;17.8;10.2;14;2.4;11.85;0;2.03;12406
100096;50.50328;5.29569;226;20210921;16.6;9.9;13.2;1.7;10.13;0;1.94;11978
100096;50.50328;5.29569;226;20210922;19.5;7.1;13.3;1.3;10.93;0;1.88;13065
100096;50.50328;5.29569;226;20210923;20.3;9;14.6;3.3;12.5;0;2.34;14471
100096;50.50328;5.29569;226;20210924;19.3;12.6;15.9;3.3;15.13;0;1.61;7538
100096;50.50328;5.29569;226;20210925;22.5;11.6;17;2.3;13.98;0;2.39;14679
100096;50.50328;5.29569;226;20210926;20;15.3;17.7;3.8;16.28;0;1.79;7873
100096;50.50328;5.29569;226;20210927;18.6;15;16.8;4.5;14.5;3;1.99;6768
100096;50.50328;5.29569;226;20210928;16.7;9.5;13.1;3.2;11.33;1;1.83;10624
100096;50.50328;5.29569;226;20210929;14.7;11.4;13;4.7;10.83;6;2.05;9591
100096;50.50328;5.29569;226;20210930;14;6;10;4.6;9.1;0;1.71;9276
100096;50.50328;5.29569;226;20211001;16.7;9.4;13;5.7;10.9;2;2.22;9456
100096;50.50328;5.29569;226;20211002;16.4;11.5;14;5.8;13.73;3;1.44;6838
100096;50.50328;5.29569;226;20211003;17.1;15.2;16.2;7;13.65;9;2.1;3491
100096;50.50328;5.29569;226;20211004;16.3;10.3;13.3;5.1;10.75;0;2.21;11087
100096;50.50328;5.29569;226;20211005;15.4;10.4;12.9;5.8;11.73;5;1.75;7736
100096;50.50328;5.29569;226;20211006;11.5;9.4;10.5;5.6;11.28;5;0.86;3442
100096;50.50328;5.29569;226;20211007;15.6;9.3;12.4;1.5;12.1;0;1.12;8525
100096;50.50328;5.29569;226;20211008;16.3;5.5;10.9;2.4;10.78;0;1.39;12787
100096;50.50328;5.29569;226;20211009;16.8;5.8;11.3;2;10.23;0;1.42;12060
100096;50.50328;5.29569;226;20211010;15.7;4.2;9.9;1.5;9.95;0;1.18;11499
100096;50.50328;5.29569;226;20211011;13.3;8.1;10.7;2.2;11.2;0;0.9;5906
100096;50.50328;5.29569;226;20211012;11.8;7.9;9.9;3;10.55;7;0.9;4293
100096;50.50328;5.29569;226;20211013;12;3.9;7.9;2.1;9.65;0;0.81;6934
100096;50.50328;5.29569;226;20211014;15.1;7.1;11.1;3.4;10.27;0;1.31;7801
100096;50.50328;5.29569;226;20211015;13.1;7.3;10.2;2.8;10.03;1;1.07;5638
100096;50.50328;5.29569;226;20211016;12.1;4;8.1;1.5;8.53;0;0.87;7246
100096;50.50328;5.29569;226;20211017;13.5;2.6;8.1;1.8;8.63;0;0.98;7856
100096;50.50328;5.29569;226;20211018;16.1;5.9;11;3.9;10.4;2;1.38;7425
100096;50.50328;5.29569;226;20211019;17.6;12.9;15.2;6.4;14.5;1;1.43;4750
100096;50.50328;5.29569;226;20211020;16.4;14.4;15.4;8.3;13.8;4;1.87;3260
100096;50.50328;5.29569;226;20211021;11.5;8.9;10.2;8.2;9.78;4;1.49;4932
100096;50.50328;5.29569;226;20211022;11.2;3;7.1;5.2;8.33;1;1.03;7409
100096;50.50328;5.29569;226;20211023;12.3;6.5;9.4;2.4;9.35;0;0.92;5993
100096;50.50328;5.29569;226;20211024;14.3;3.7;9;3.5;8.05;0;1.38;9915
100096;50.50328;5.29569;226;20211025;12.8;6.5;9.6;4.5;9.85;0;1.07;4956
100096;50.50328;5.29569;226;20211026;13.5;9.4;11.4;5.4;11.55;0;1.02;5656
100096;50.50328;5.29569;226;20211027;15;9.9;12.4;4.4;11.93;0;1.16;6652
100096;50.50328;5.29569;226;20211028;16.2;7.4;11.8;4.5;10.05;0;1.46;9004
100096;50.50328;5.29569;226;20211029;17.7;10.6;14.2;6;10.75;3;2.13;7403
100096;50.50328;5.29569;226;20211030;13.4;11.4;12.4;5.6;12.05;4;1.09;2867
100096;50.50328;5.29569;226;20211031;16.7;9.3;13;5.4;11.88;10;1.4;5264
100096;50.50328;5.29569;226;20211101;12.4;8.2;10.3;6.2;9.25;0;1.39;7013
100096;50.50328;5.29569;226;20211102;9.7;5.9;7.8;3.7;8.9;2;0.79;4275
100096;50.50328;5.29569;226;20211103;6.3;3.7;5;2.6;8.33;5;0.39;2240
100096;50.50328;5.29569;226;20211104;7.8;4.2;6;3.1;8.9;2;0.39;2587
100096;50.50328;5.29569;226;20211105;10.3;5.3;7.8;2.6;9.45;1;0.53;4045
100096;50.50328;5.29569;226;20211106;10.1;3.1;6.6;5.4;8.23;1;0.82;5400
100096;50.50328;5.29569;226;20211107;10.9;7.1;9;5.1;9.3;0;0.98;3372
100096;50.50328;5.29569;226;20211108;10.2;4.2;7.2;2.6;8.23;0;0.63;5666
100096;50.50328;5.29569;226;20211109;11.7;1.8;6.7;2.2;7.35;0;0.68;6845
100096;50.50328;5.29569;226;20211110;10.4;1.6;6;1.8;7.03;0;0.53;6232
100096;50.50328;5.29569;226;20211111;9.9;-0.4;4.7;1.4;7.27;0;0.31;6515
100096;50.50328;5.29569;226;20211112;11.7;0.3;6;4.2;7.38;1;0.89;6393
100096;50.50328;5.29569;226;20211113;10.5;6.1;8.3;4.1;10.98;1;0.24;2028
100096;50.50328;5.29569;226;20211114;9.3;8.1;8.7;3.4;9.85;0;0.62;2736
100096;50.50328;5.29569;226;20211115;6.3;3.4;4.9;3;8.5;0;0.34;1187
100096;50.50328;5.29569;226;20211116;5;4.3;4.6;1.7;7.78;0;0.43;738
100096;50.50328;5.29569;226;20211117;8;3.7;5.9;2.9;9;0;0.34;1517
100096;50.50328;5.29569;226;20211118;9.7;3.7;6.7;3.9;9.07;0;0.37;4568
100096;50.50328;5.29569;226;20211119;9.7;6.9;8.3;3.3;10.6;0;0.34;1242
100096;50.50328;5.29569;226;20211120;8.8;8.2;8.5;2.4;9.25;0;0.66;1281
100096;50.50328;5.29569;226;20211121;7.4;4.3;5.8;2.9;8.5;2;0.42;1706
100096;50.50328;5.29569;226;20211122;5.5;1.8;3.7;4;6.68;0;0.49;4336
100096;50.50328;5.29569;226;20211123;5.8;-1.6;2.1;1.3;7.2;0;0.12;3523
100096;50.50328;5.29569;226;20211124;6.8;3.4;5.1;1.7;7.1;0;0.31;4042
100096;50.50328;5.29569;226;20211125;4.3;-1.3;1.5;1.9;6.63;1;0.19;2437
100096;50.50328;5.29569;226;20211126;3.9;1.3;2.6;5.7;6.97;7;0.34;1975
100096;50.50328;5.29569;226;20211127;3.9;0.6;2.3;3.9;6.3;1;0.32;3743
100096;50.50328;5.29569;226;20211128;3.2;0.7;1.9;2.5;6.5;1;0.34;1344
100096;50.50328;5.29569;226;20211129;4.1;-0.2;1.9;4.4;6.47;1;0.31;2270
100096;50.50328;5.29569;226;20211130;8.1;1;4.6;7.5;8.93;8;0.08;715
100096;50.50328;5.29569;226;20211201;8.2;6.5;7.4;7.8;8.8;9;0.82;1327
100096;50.50328;5.29569;226;20211202;2.7;2.4;2.5;4.2;6.58;3;0.41;1450
100096;50.50328;5.29569;226;20211203;3.3;-0.3;1.5;6.7;6.3;3;0.35;1821
100096;50.50328;5.29569;226;20211204;5.3;2.5;3.9;3.9;7.33;5;0.45;1345
100096;50.50328;5.29569;226;20211205;3.3;2.4;2.8;3.5;6.87;2;0.4;1147
100096;50.50328;5.29569;226;20211206;3.8;0.4;2.1;3.7;6.6;4;0.2;3449
100096;50.50328;5.29569;226;20211207;5.1;0.5;2.8;6.7;6.78;1;0.36;3371
100096;50.50328;5.29569;226;20211208;5.7;4.3;5;5.7;6.73;0;0.81;2426
100096;50.50328;5.29569;226;20211209;3.7;0.9;2.3;4.8;6.7;1;0.34;1508
100096;50.50328;5.29569;226;20211210;3.5;2.3;2.9;4;6.4;5;0.57;823
100096;50.50328;5.29569;226;20211211;4.9;-0.1;2.4;3.8;6.95;2;0.21;1974
100096;50.50328;5.29569;226;20211212;7.8;2.2;5;5.3;9.03;3;0.12;1197
100096;50.50328;5.29569;226;20211213;8.3;7.1;7.7;3.2;9.4;0;0.52;1192
100096;50.50328;5.29569;226;20211214;7.5;5.3;6.4;2.7;9.1;0;0.36;1008
100096;50.50328;5.29569;226;20211215;7.9;6.7;7.3;2.8;9.87;0;0.32;973
100096;50.50328;5.29569;226;20211216;10.2;7.1;8.6;1.4;9.83;0;0.19;2696
100096;50.50328;5.29569;226;20211217;7.8;6;6.9;2.5;9.37;0;0.36;1004
100096;50.50328;5.29569;226;20211218;5;2.1;3.5;2.7;8.03;0;0.17;907
100096;50.50328;5.29569;226;20211219;4.9;3.4;4.1;2;8.13;0;0.27;606
100096;50.50328;5.29569;226;20211220;5;4.1;4.6;1.8;6.7;0;0.49;1479
100096;50.50328;5.29569;226;20211221;3.2;-3.8;-0.3;1.6;4.77;0;0.08;4651
100096;50.50328;5.29569;226;20211222;3;-4.1;-0.6;2.1;4.3;0;0.27;3824
100096;50.50328;5.29569;226;20211223;5.6;-1.9;1.9;5.3;6.77;0;0.33;1834
100096;50.50328;5.29569;226;20211224;8.6;5.1;6.8;4;9.57;5;0.33;1124
100096;50.50328;5.29569;226;20211225;5;4.8;4.9;3.2;7.7;1;0.54;550
100096;50.50328;5.29569;226;20211226;6;0.8;3.4;2.5;7.87;3;0.19;1374
100096;50.50328;5.29569;226;20211227;9.4;5.2;7.3;4.1;9.8;3;0.32;1518
100096;50.50328;5.29569;226;20211228;10;8;9;6.9;10.23;10;0.68;1643
100096;50.50328;5.29569;226;20211229;11.8;7.5;9.7;5.5;11.2;4;0.54;1141
100096;50.50328;5.29569;226;20211230;13.6;11.1;12.3;6.4;13.47;1;0.52;1133
100096;50.50328;5.29569;226;20211231;13.3;10.2;11.7;5.5;11.83;0;0.72;2733
101095;50.71245;4.9198;111;20210901;17.4;13.3;15.4;2;13.6;0;1.48;5120
101095;50.71245;4.9198;111;20210902;21.6;11.1;16.4;2.4;13.6;0;2.95;17947
101095;50.71245;4.9198;111;20210903;24.4;11.6;18;2.3;15.1;0;3.29;19544
101095;50.71245;4.9198;111;20210904;20.8;11.8;16.3;2.5;15.9;0;2.17;13348
101095;50.71245;4.9198;111;20210905;24.7;12.8;18.8;1.3;15.5;0;2.71;15670
101095;50.71245;4.9198;111;20210906;25;12.3;18.7;1.1;15.4;0;2.7;16356
101095;50.71245;4.9198;111;20210907;26.1;13.3;19.7;1.9;14.8;0;3.18;16558
101095;50.71245;4.9198;111;20210908;27;13.4;20.2;2.2;14.4;1;3.64;18817
101095;50.71245;4.9198;111;20210909;24.1;18.2;21.2;3.4;18.7;1;2.63;10180
101095;50.71245;4.9198;111;20210910;22.7;17.7;20.2;3.7;19.1;8;2.35;10621
101095;50.71245;4.9198;111;20210911;19.1;14.5;16.8;2.8;16.8;0;1.54;8005
101095;50.71245;4.9198;111;20210912;20.4;11.9;16.2;2.2;14.8;0;2.14;13142
101095;50.71245;4.9198;111;20210913;21.2;11.3;16.3;2;14.8;0;2.23;14199
101095;50.71245;4.9198;111;20210914;21.2;11.8;16.5;2;17.2;0;1.71;11045
101095;50.71245;4.9198;111;20210915;20.3;17.3;18.8;2.3;17.6;2;1.57;5856
101095;50.71245;4.9198;111;20210916;20.8;11.6;16.2;2;14;0;2.03;11207
101095;50.71245;4.9198;111;20210917;21.4;12.3;16.9;1.5;14.4;0;2.15;13566
101095;50.71245;4.9198;111;20210918;22.6;12.3;17.5;1.8;14.2;0;2.26;12579
101095;50.71245;4.9198;111;20210919;21.4;11.4;16.4;1.8;13.7;0;2.1;12240
101095;50.71245;4.9198;111;20210920;18.1;11;14.6;2.2;11.9;0;1.95;10900
101095;50.71245;4.9198;111;20210921;17.8;8.3;13.1;1.5;9.7;0;1.89;11968
101095;50.71245;4.9198;111;20210922;19.8;7;13.4;1.4;10.7;0;1.96;13733
101095;50.71245;4.9198;111;20210923;20.1;9.9;15;3.8;13.3;0;2.2;12359
101095;50.71245;4.9198;111;20210924;19.9;13.5;16.7;3.7;15.3;0;1.88;8921
101095;50.71245;4.9198;111;20210925;22.6;11.8;17.2;1.9;14.1;0;2.1;11777
101095;50.71245;4.9198;111;20210926;21.2;15.7;18.5;3.4;16.6;0;1.96;8265
101095;50.71245;4.9198;111;20210927;19.4;15;17.2;4.4;14.7;3;2.14;8153
101095;50.71245;4.9198;111;20210928;17.9;9.6;13.8;3.9;11.6;1;2.09;11380
101095;50.71245;4.9198;111;20210929;15.3;11.8;13.6;4.9;10.8;6;2.16;8592
101095;50.71245;4.9198;111;20210930;14.1;6.8;10.5;4.6;9.6;0;1.68;8097
101095;50.71245;4.9198;111;20211001;17;10.3;13.7;6.3;11.1;2;2.35;8593
101095;50.71245;4.9198;111;20211002;16.3;11.5;13.9;5.9;13.9;4;1.31;6474
101095;50.71245;4.9198;111;20211003;16.1;15.1;15.6;6.2;13.8;16;1.84;4550
101095;50.71245;4.9198;111;20211004;17.1;10.2;13.7;5.7;11.2;0;2.26;10249
101095;50.71245;4.9198;111;20211005;15.1;10.8;13;6.3;11.7;4;1.77;7720
101095;50.71245;4.9198;111;20211006;11.5;9.8;10.7;5.7;12;4;0.74;4860
101095;50.71245;4.9198;111;20211007;17;9.3;13.2;1.4;12.7;0;1.15;8648
101095;50.71245;4.9198;111;20211008;16.7;4.5;10.6;1.5;11.2;0;1.19;12064
101095;50.71245;4.9198;111;20211009;17;5.1;11.1;1.3;10.8;0;1.16;10114
101095;50.71245;4.9198;111;20211010;15.4;5.8;10.6;1.2;10.9;0;0.99;8935
101095;50.71245;4.9198;111;20211011;14.2;9;11.6;2;11.6;0;1;7075
101095;50.71245;4.9198;111;20211012;13.6;8.2;10.9;3;11;6;1.04;6188
101095;50.71245;4.9198;111;20211013;13.6;5.4;9.5;2.3;10;0;0.98;6902
101095;50.71245;4.9198;111;20211014;13.6;8.6;11.1;3.7;10.3;0;1.29;5864
101095;50.71245;4.9198;111;20211015;13.5;8.1;10.8;2.8;10.5;1;1.07;5898
101095;50.71245;4.9198;111;20211016;13.4;5.5;9.5;1;8.3;0;0.91;7360
101095;50.71245;4.9198;111;20211017;13.6;4.5;9.1;1.3;9;0;0.88;7177
101095;50.71245;4.9198;111;20211018;16.1;3.4;9.8;3.5;11.2;1;0.95;8234
101095;50.71245;4.9198;111;20211019;18.3;13.7;16;5.1;15.47;1;1.22;2300
101095;50.71245;4.9198;111;20211020;17.1;14.9;16;7.7;13.9;6;2.01;4468
101095;50.71245;4.9198;111;20211021;12.4;9.1;10.8;7.1;10.1;4;1.48;4671
101095;50.71245;4.9198;111;20211022;12;4.4;8.2;4.6;8.7;1;1.14;7698
101095;50.71245;4.9198;111;20211023;13.8;5.9;9.9;2;9.8;0;0.88;6491
101095;50.71245;4.9198;111;20211024;14.2;4.8;9.5;3.1;8.4;0;1.31;7033
101095;50.71245;4.9198;111;20211025;13.4;7.2;10.3;4.4;10.5;0;1.02;4854
101095;50.71245;4.9198;111;20211026;14.3;9;11.7;5.2;12.1;0;0.91;4543
101095;50.71245;4.9198;111;20211027;15.9;11.5;13.7;4.3;12.3;0;1.32;5641
101095;50.71245;4.9198;111;20211028;16.4;8.8;12.6;4.1;10.7;0;1.46;7999
101095;50.71245;4.9198;111;20211029;17.8;10.3;14.1;5.4;11.3;2;1.92;6726
101095;50.71245;4.9198;111;20211030;13.6;11.6;12.6;4.7;12.7;4;0.91;1520
101095;50.71245;4.9198;111;20211031;16.8;10.1;13.5;4.8;12;9;1.41;5247
101095;50.71245;4.9198;111;20211101;12.6;8.6;10.6;5.9;9.5;0;1.47;4773
101095;50.71245;4.9198;111;20211102;9.7;6.3;8;3.1;9.1;2;0.68;4522
101095;50.71245;4.9198;111;20211103;7.5;3.5;5.5;2;8.6;1;0.41;2266
101095;50.71245;4.9198;111;20211104;8.7;3.4;6.1;2.8;9;2;0.37;3717
101095;50.71245;4.9198;111;20211105;11.3;5.2;8.3;2.5;9.64;1;0.54;4366
101095;50.71245;4.9198;111;20211106;9.4;4;6.7;5.6;8.5;0;0.73;4289
101095;50.71245;4.9198;111;20211107;11.3;7.9;9.6;4.9;9.6;0;1.03;3073
101095;50.71245;4.9198;111;20211108;11.1;5;8.1;1.9;8.6;0;0.6;4588
101095;50.71245;4.9198;111;20211109;11.6;3.8;7.7;2;7.9;0;0.61;6344
101095;50.71245;4.9198;111;20211110;10;1.8;5.9;1.1;7.5;0;0.3;6357
101095;50.71245;4.9198;111;20211111;9;1.1;5.1;1.7;7.57;0;0.52;3166
101095;50.71245;4.9198;111;20211112;11.6;1.4;6.5;4.1;8;1;0.78;5277
101095;50.71245;4.9198;111;20211113;11;7.1;9.1;3.8;11.8;3;0.16;2534
101095;50.71245;4.9198;111;20211114;9.7;8.6;9.2;2.6;10.3;0;0.6;838
101095;50.71245;4.9198;111;20211115;6.5;3.7;5.1;2.3;8.7;0;0.23;2374
101095;50.71245;4.9198;111;20211116;5.1;4.5;4.8;1.2;8.2;0;0.38;575
101095;50.71245;4.9198;111;20211117;9.3;4.4;6.9;3.4;9.2;0;0.36;3368
101095;50.71245;4.9198;111;20211118;10.7;4;7.4;4;9.2;0;0.47;4204
101095;50.71245;4.9198;111;20211119;10.8;8.2;9.5;3.2;11.3;0;0.35;2320
101095;50.71245;4.9198;111;20211120;9.1;9.1;9.1;2.7;9.7;0;0.69;1236
101095;50.71245;4.9198;111;20211121;8.1;6;7.1;3;8.8;2;0.5;2245
101095;50.71245;4.9198;111;20211122;6.5;2.4;4.5;3.1;6.6;0;0.51;4353
101095;50.71245;4.9198;111;20211123;6.3;-1.1;2.6;1;7.5;0;0.13;2889
101095;50.71245;4.9198;111;20211124;6.6;5.4;6;1.2;8.1;0;0.36;1987
101095;50.71245;4.9198;111;20211125;5.9;-0.6;2.7;1.8;7.4;1;0.13;2814
101095;50.71245;4.9198;111;20211126;4;2.2;3.1;5.6;7.2;7;0.36;900
101095;50.71245;4.9198;111;20211127;4.5;0.4;2.5;3.6;6.5;0;0.35;2672
101095;50.71245;4.9198;111;20211128;4.9;2;3.5;2.4;6.7;2;0.39;2210
101095;50.71245;4.9198;111;20211129;6.2;-0.6;2.8;4.1;6.3;1;0.47;3471
101095;50.71245;4.9198;111;20211130;9.1;2;5.6;7.3;9.4;5;0.04;2243
101095;50.71245;4.9198;111;20211201;8.8;7.4;8.1;7.6;9.2;7;0.87;1388
101095;50.71245;4.9198;111;20211202;2.6;2;2.3;3.4;6.7;4;0.28;1783
101095;50.71245;4.9198;111;20211203;4;0;2;6.3;6.7;2;0.27;1906
101095;50.71245;4.9198;111;20211204;5.5;3.2;4.4;4;7.5;6;0.39;1933
101095;50.71245;4.9198;111;20211205;4;2.7;3.4;3.3;7;2;0.37;1560
101095;50.71245;4.9198;111;20211206;4.3;0.6;2.5;3.3;6.7;6;0.26;2255
101095;50.71245;4.9198;111;20211207;5.4;0.8;3.1;6;7;1;0.29;3214
101095;50.71245;4.9198;111;20211208;6.3;4.2;5.3;5.8;6.9;0;0.79;3184
101095;50.71245;4.9198;111;20211209;4.9;1.3;3.1;5.3;6.8;1;0.43;1988
101095;50.71245;4.9198;111;20211210;2.9;2.7;2.8;3.6;6.4;5;0.54;804
101095;50.71245;4.9198;111;20211211;6.3;0;3.2;3.7;7.4;1;0.09;3298
101095;50.71245;4.9198;111;20211212;9.1;3;6.1;5.6;9.7;2;0.07;1462
101095;50.71245;4.9198;111;20211213;9.1;8.1;8.6;3.2;9.8;0;0.63;538
101095;50.71245;4.9198;111;20211214;8.1;6;7.1;3.4;9.5;0;0.3;1538
101095;50.71245;4.9198;111;20211215;8.5;7.3;7.9;3.1;10.2;0;0.38;592
101095;50.71245;4.9198;111;20211216;11.3;7.9;9.6;1.2;10.2;0;0.2;2735
101095;50.71245;4.9198;111;20211217;7.5;1.6;4.6;2;8.7;0;0.14;1405
101095;50.71245;4.9198;111;20211218;6.5;4.5;5.5;2.7;8.8;0;0.29;781
101095;50.71245;4.9198;111;20211219;6.1;4;5.1;1.5;8.4;0;0.31;801
101095;50.71245;4.9198;111;20211220;5.7;4.6;5.2;1.5;7.1;0;0.5;968
101095;50.71245;4.9198;111;20211221;1.5;-2.3;-0.4;1;5.3;0;0;3676
101095;50.71245;4.9198;111;20211222;1.2;-3.3;-1;1.2;4.7;0;0.1;3052
101095;50.71245;4.9198;111;20211223;5.3;-1.9;1.7;4.9;6.8;0;0.14;2478
101095;50.71245;4.9198;111;20211224;9.1;4.5;6.8;3.7;9.6;7;0.22;1813
101095;50.71245;4.9198;111;20211225;4.8;4.8;4.8;3.4;7.2;3;0.66;501
101095;50.71245;4.9198;111;20211226;6.5;0.2;3.4;2.1;7.8;1;0.12;1876
101095;50.71245;4.9198;111;20211227;9.8;6.4;8.1;3.3;10.1;1;0.3;1987
101095;50.71245;4.9198;111;20211228;10.6;8.3;9.5;7.2;10.4;10;0.74;1582
101095;50.71245;4.9198;111;20211229;12.7;8.5;10.6;5.3;11.3;3;0.64;2035
101095;50.71245;4.9198;111;20211230;14.2;11.5;12.8;5.4;14.4;0;0.4;950
101095;50.71245;4.9198;111;20211231;13.9;11;12.5;4.4;12.8;0;0.58;2600
101094;50.69632;4.56668;130;20210310;9.9;2.8;6.4;6.1;7.17;1;1.52;6673
101094;50.69632;4.56668;130;20210311;12.7;5.6;9.2;10.7;8.17;2;2.35;10236
101094;50.69632;4.56668;130;20210312;8.5;4.8;6.7;7.6;7.4;4;1.51;5903
101094;50.69632;4.56668;130;20210304;7.3;6.6;7;2.6;8.57;8;0.72;1703
101094;50.69632;4.56668;130;20210305;5.7;1.9;3.8;3.8;4.6;0;1.57;11653
101094;50.69632;4.56668;130;20210306;6.6;-2.4;2.1;2.8;4.3;0;1.35;12234
101094;50.69632;4.56668;130;20210307;5.6;-2.2;1.7;2.4;4.93;0;1.05;10548
101094;50.69632;4.56668;130;20210308;7.7;0.6;4.1;1.7;5.4;1;1.15;10687
101094;50.69632;4.56668;130;20210309;7.3;2.7;5;2.7;7.77;2;0.71;4187
101094;50.69632;4.56668;130;20210101;3.6;0.6;2.1;2.1;6.37;0;0.28;1909
101094;50.69632;4.56668;130;20210102;2.7;-0.6;1.1;2.1;6.37;0;0.22;1352
101094;50.69632;4.56668;130;20210103;2.6;1.5;2.1;3.2;6.33;0;0.46;550
101094;50.69632;4.56668;130;20210104;2.1;0.9;1.5;4.1;6.27;1;0.41;521
101094;50.69632;4.56668;130;20210105;2;1.1;1.6;3.9;6.27;0;0.41;593
101094;50.69632;4.56668;130;20210106;2.5;1.2;1.9;2.9;6.53;1;0.36;606
101094;50.69632;4.56668;130;20210107;3.1;0.2;1.6;3.5;6.33;3;0.32;1610
101094;50.69632;4.56668;130;20210108;2.6;0.4;1.5;2.9;6.2;1;0.35;1205
101094;50.69632;4.56668;130;20210109;0.3;-3.5;-1.6;1;5.43;0;0.15;1694
101094;50.69632;4.56668;130;20210110;3.4;-2;0.7;1.4;5.9;0;0.16;2685
101094;50.69632;4.56668;130;20210111;4;-1.2;1.4;5.3;6.7;6;0.22;1137
101094;50.69632;4.56668;130;20210112;7.6;3.9;5.8;5.2;7.75;10;0.75;950
101094;50.69632;4.56668;130;20210113;4;0;2;2.7;6.65;3;0.24;1950
101094;50.69632;4.56668;130;20210114;1.6;0.6;1.1;3.5;6.1;6;0.38;863
101094;50.69632;4.56668;130;20210115;0.7;-1.4;-0.3;2.8;5.1;0;0.42;1311
101094;50.69632;4.56668;130;20210116;0;-0.5;-0.3;3.3;5.17;4;0.44;1282
101094;50.69632;4.56668;130;20210117;5.6;-1.2;2.2;3.3;7.03;1;0.21;2606
101094;50.69632;4.56668;130;20210118;5.3;1.4;3.3;4.6;7.1;1;0.37;2648
101094;50.69632;4.56668;130;20210119;7.4;3.3;5.4;8;7.9;6;0.72;796
101094;50.69632;4.56668;130;20210120;10.1;5.2;7.6;8;7.27;3;1.64;2891
101094;50.69632;4.56668;130;20210121;7.6;3.9;5.7;8.6;8.23;8;0.62;2711
101094;50.69632;4.56668;130;20210122;6.7;3.1;4.9;4;7.03;0;0.59;4422
101094;50.69632;4.56668;130;20210123;5.1;1.8;3.5;3.7;6.6;6;0.53;2872
101094;50.69632;4.56668;130;20210124;1.4;-0.1;0.7;3.9;5.87;2;0.29;3538
101094;50.69632;4.56668;130;20210125;3.6;0.4;2;3;6.07;0;0.42;3252
101094;50.69632;4.56668;130;20210126;5;0.9;3;4.7;5.7;1;0.78;4475
101094;50.69632;4.56668;130;20210127;4.9;0.3;2.6;4.5;7.2;5;0.28;1605
101094;50.69632;4.56668;130;20210128;10.5;4.4;7.4;5.1;10.37;14;0.27;1666
101094;50.69632;4.56668;130;20210129;9.9;8.8;9.3;6.3;9.97;7;0.89;2477
101094;50.69632;4.56668;130;20210130;3.8;3.7;3.7;5;7.23;9;0.6;770
101094;50.69632;4.56668;130;20210131;2.4;-1.4;0.5;4;6.13;3;0.27;2552
101094;50.69632;4.56668;130;20210201;4.7;2.1;3.4;2.2;7.63;1;0.32;1142
101094;50.69632;4.56668;130;20210202;10.8;3.1;7;4.6;9.73;5;0.43;2188
101094;50.69632;4.56668;130;20210203;11.8;9.2;10.5;5.3;10.1;15;1.16;2545
101094;50.69632;4.56668;130;20210204;9.7;4.9;7.3;3.7;8.67;0;0.67;4662
101094;50.69632;4.56668;130;20210205;9.5;6.2;7.9;2.6;8.8;0;0.7;3034
101094;50.69632;4.56668;130;20210206;7.7;5.1;6.4;4.2;8.17;9;0.74;2244
101094;50.69632;4.56668;130;20210207;0.1;-0.2;-0.1;4.1;5.25;1;0.54;1050
101094;50.69632;4.56668;130;20210208;-4.7;-4.7;-4.7;4.8;3.73;1;0.42;1300
101094;50.69632;4.56668;130;20210209;-3.5;-7.9;-5.7;4.5;2.83;0;0.6;7416
101094;50.69632;4.56668;130;20210210;-3.1;-9.4;-6.2;4.6;3.1;0;0.48;5807
101094;50.69632;4.56668;130;20210211;-1;-8.8;-4.9;2.8;3.3;0;0.46;8856
101094;50.69632;4.56668;130;20210212;-2.4;-7.9;-5.1;5.1;2.9;0;0.72;8655
101094;50.69632;4.56668;130;20210213;0.6;-8.2;-3.8;4.4;2.57;0;1.05;8669
101094;50.69632;4.56668;130;20210214;5;-7;-1;4.8;2.67;0;1.55;8321
101094;50.69632;4.56668;130;20210215;5.6;1.6;3.6;5.8;6.3;2;0.94;2665
101094;50.69632;4.56668;130;20210216;12.6;4.7;8.7;5.7;8.5;2;1.43;7535
101094;50.69632;4.56668;130;20210217;11.7;7.1;9.4;5.6;9.03;0;1.36;5186
101094;50.69632;4.56668;130;20210218;11.6;6.6;9.1;5.6;8.17;6;1.61;3783
101094;50.69632;4.56668;130;20210219;10.6;3.4;7;4.7;8.4;0;0.97;7188
101094;50.69632;4.56668;130;20210220;16.2;8.5;12.4;5.9;9.2;0;2.33;8314
101094;50.69632;4.56668;130;20210221;17.3;10;13.7;4.3;8.03;0;2.59;8871
101094;50.69632;4.56668;130;20210222;16.8;8.7;12.8;4.2;7.9;0;2.44;5912
101094;50.69632;4.56668;130;20210223;17.6;11.4;14.5;5.1;10.4;0;2.41;7964
101094;50.69632;4.56668;130;20210224;18.4;10.7;14.5;4.6;10.47;0;2.34;10231
101094;50.69632;4.56668;130;20210225;17.9;9.4;13.7;3.2;10.3;4;1.84;7641
101094;50.69632;4.56668;130;20210226;10.3;6.1;8.2;3;7.73;1;1.26;8721
101094;50.69632;4.56668;130;20210227;6.2;1.5;3.9;2.4;7.03;0;0.65;5640
101094;50.69632;4.56668;130;20210228;10.8;1.7;6.2;3.7;7.13;0;1.31;10810
101094;50.69632;4.56668;130;20210301;11;0.9;6;2.9;7.3;0;1.16;10244
101094;50.69632;4.56668;130;20210302;17.3;1.4;9.3;2;7.13;0;1.71;12203
101094;50.69632;4.56668;130;20210303;16;6.7;11.4;1.8;8.6;3;1.49;9612
101094;50.69632;4.56668;130;20210816;17.7;13.7;15.7;4.2;13.9;2;2.17;8558
101094;50.69632;4.56668;130;20210817;15.5;10.8;13.1;3.4;14.07;2;1.3;7793
101094;50.69632;4.56668;130;20210818;18.4;13.8;16.1;3.6;16.2;1;1.57;7290
101094;50.69632;4.56668;130;20210819;18.8;15.4;17.1;3.6;14.83;0;2.3;9336
101094;50.69632;4.56668;130;20210820;22;13.9;17.9;2.5;16.17;0;2.57;13087
101094;50.69632;4.56668;130;20210821;24.7;14.1;19.4;1.9;16.8;9;3.01;15652
101094;50.69632;4.56668;130;20210822;19.4;15.9;17.6;3.8;17.1;5;2.01;9601
101094;50.69632;4.56668;130;20210823;19.7;15.9;17.8;3.6;16.9;1;1.9;7630
101094;50.69632;4.56668;130;20210824;21.2;11.6;16.4;3.4;12.73;0;3.57;19976
101094;50.69632;4.56668;130;20210825;21.7;10.3;16;2.7;12.73;1;3.39;20123
101094;50.69632;4.56668;130;20210826;17.4;13.7;15.6;3.4;14.17;0;1.96;8816
101094;50.69632;4.56668;130;20210827;19.6;9.9;14.8;3.8;12.7;1;2.59;13750
101094;50.69632;4.56668;130;20210828;20.6;12.2;16.4;3.6;14.2;1;2.53;12300
101094;50.69632;4.56668;130;20210829;17.2;11.5;14.3;3.7;14.65;1;1.26;4950
101094;50.69632;4.56668;130;20210830;20.2;14.4;17.3;4.1;16.1;1;1.97;8100
101094;50.69632;4.56668;130;20210831;20.9;14.5;17.7;3.2;14.7;0;2.73;12930
101094;50.69632;4.56668;130;20210901;17.6;13.7;15.7;2.3;13.23;0;1.76;6306
101094;50.69632;4.56668;130;20210902;21.5;10.7;16.1;2.8;13.37;0;3.09;18849
101094;50.69632;4.56668;130;20210903;24.5;11.6;18.1;2.6;14.77;0;3.42;19348
101094;50.69632;4.56668;130;20210904;21.3;12.3;16.8;2.8;15.9;0;2.51;15149
101094;50.69632;4.56668;130;20210905;25;13.4;19.2;1.7;15.23;0;3.06;17023
101094;50.69632;4.56668;130;20210906;25.3;11.9;18.6;1.5;14.63;0;2.96;16818
101094;50.69632;4.56668;130;20210907;26.4;12.9;19.7;2;14.43;0;3.32;17052
101094;50.69632;4.56668;130;20210908;27;13.5;20.2;2.3;14.03;1;3.72;18372
101094;50.69632;4.56668;130;20210909;24.2;17.5;20.8;3.3;18.27;1;2.66;10426
101094;50.69632;4.56668;130;20210910;22.4;17.2;19.8;3.1;19.03;7;1.96;8207
101094;50.69632;4.56668;130;20210911;19.3;14.7;17;2.8;16.37;0;1.6;7035
101094;50.69632;4.56668;130;20210912;20.7;11.7;16.2;2.2;14.6;0;2.22;13347
101094;50.69632;4.56668;130;20210913;21.1;11.4;16.3;2.4;14.6;0;2.3;13933
101094;50.69632;4.56668;130;20210914;21;12.1;16.5;2.5;16.97;3;1.55;8281
101094;50.69632;4.56668;130;20210915;20.1;17.5;18.8;2.6;17.4;2;1.59;5118
101094;50.69632;4.56668;130;20210916;20.9;11.1;16;2;13.83;0;2.11;12269
101094;50.69632;4.56668;130;20210917;21.2;11.7;16.5;1.6;14.13;0;2.04;12188
101094;50.69632;4.56668;130;20210918;22.6;11.4;17;2;13.97;0;2.38;13759
101094;50.69632;4.56668;130;20210919;21.2;11.5;16.4;1.8;13.87;0;2.01;11346
101094;50.69632;4.56668;130;20210920;18.5;11.2;14.8;2.6;11.8;0;2.21;12266
101094;50.69632;4.56668;130;20210921;17.8;8.9;13.3;2.1;9.73;0;2.17;13056
101094;50.69632;4.56668;130;20210922;19.7;7;13.4;1.3;10.7;0;1.94;13850
101094;50.69632;4.56668;130;20210923;20;9.2;14.6;3.2;13;0;2.13;12953
101094;50.69632;4.56668;130;20210924;19.7;13.5;16.6;3.4;15.17;0;1.75;7507
101094;50.69632;4.56668;130;20210925;22.3;11.7;17;2;14.1;0;2.19;13392
101094;50.69632;4.56668;130;20210926;20.9;15.3;18.1;3.2;16.57;0;1.82;7788
101094;50.69632;4.56668;130;20210927;19.1;15;17;4.1;14.6;3;1.96;6117
101094;50.69632;4.56668;130;20210928;17.9;9.1;13.5;3.6;11.53;1;2.01;11060
101094;50.69632;4.56668;130;20210929;15.1;11.6;13.4;4.6;10.67;5;2.11;9030
101094;50.69632;4.56668;130;20210930;14.2;6.6;10.4;4;9.5;0;1.59;6765
101094;50.69632;4.56668;130;20211001;16.5;10.4;13.4;5.7;11.1;2;2.15;7864
101094;50.69632;4.56668;130;20211002;16.1;11.3;13.7;5.8;13.9;9;1.23;6124
101094;50.69632;4.56668;130;20211003;15.2;14.5;14.9;5.4;13.7;26;1.46;2850
101094;50.69632;4.56668;130;20211004;17;10.1;13.5;5.3;11.1;0;2.21;10316
101094;50.69632;4.56668;130;20211005;15;10.8;12.9;6;11.63;5;1.72;6373
101094;50.69632;4.56668;130;20211006;11.3;9.8;10.6;4.9;11.9;5;0.7;3186
101094;50.69632;4.56668;130;20211007;16.6;8.4;12.5;1.5;12.2;0;1.11;8016
101094;50.69632;4.56668;130;20211008;16.5;5.1;10.8;1.9;11.13;0;1.28;12154
101094;50.69632;4.56668;130;20211009;17.1;5.5;11.3;1.7;10.63;0;1.34;11271
101094;50.69632;4.56668;130;20211010;15.4;4.9;10.1;1.5;10.8;1;1.03;9778
101094;50.69632;4.56668;130;20211011;14.2;9;11.6;1.9;11.63;0;0.94;5625
101094;50.69632;4.56668;130;20211012;13.7;8;10.8;2.9;10.93;4;1.01;4762
101094;50.69632;4.56668;130;20211013;13.2;4.7;9;2.1;9.97;0;0.86;5900
101094;50.69632;4.56668;130;20211014;13.7;8.1;10.9;3.2;10.13;0;1.23;5621
101094;50.69632;4.56668;130;20211015;13.3;8.1;10.7;2.7;10.3;1;1.06;4199
101094;50.69632;4.56668;130;20211016;13.5;4.6;9;1.3;8.37;0;0.99;8353
101094;50.69632;4.56668;130;20211017;13.6;3.5;8.6;1.5;8.85;0;0.89;7338
101094;50.69632;4.56668;130;20211018;16.3;4.7;10.5;3.8;11.13;1;1.16;7378
101094;50.69632;4.56668;130;20211019;18.4;13.8;16.1;5;15.65;1;1.25;2500
101094;50.69632;4.56668;130;20211020;17.1;15;16;7.1;13.83;8;2;2989
101094;50.69632;4.56668;130;20211021;12;9.3;10.6;6.7;10.07;4;1.42;4490
101094;50.69632;4.56668;130;20211022;11.7;4.2;7.9;4.3;8.63;1;1.07;7332
101094;50.69632;4.56668;130;20211023;14;5.7;9.8;2.2;9.8;0;0.92;6297
101094;50.69632;4.56668;130;20211024;14;4.1;9.1;3.5;8.4;0;1.32;8711
101094;50.69632;4.56668;130;20211025;13;6.8;9.9;3.9;10.5;0;0.88;3584
101094;50.69632;4.56668;130;20211026;14.1;9.1;11.6;4.4;12.07;0;0.87;5414
101094;50.69632;4.56668;130;20211027;15.8;11.5;13.6;4.1;12.2;0;1.3;6513
101094;50.69632;4.56668;130;20211028;16.5;8.3;12.4;4.6;10.7;0;1.51;8433
101094;50.69632;4.56668;130;20211029;17.7;10.3;14;5.6;11.2;2;1.99;6375
101094;50.69632;4.56668;130;20211030;13.5;11.2;12.3;4.7;12.77;4;0.82;1573
101094;50.69632;4.56668;130;20211031;16.6;9.6;13.1;4.7;12;7;1.33;4682
101094;50.69632;4.56668;130;20211101;12.5;8.6;10.5;5.3;9.53;0;1.36;5424
101094;50.69632;4.56668;130;20211102;9.8;6.1;7.9;3.1;9.03;1;0.73;3074
101094;50.69632;4.56668;130;20211103;8.1;3.2;5.6;1.8;8.6;1;0.43;2700
101094;50.69632;4.56668;130;20211104;8.8;2.8;5.8;2.8;9;2;0.36;2439
101094;50.69632;4.56668;130;20211105;11.3;5.2;8.3;2.6;9.6;1;0.57;4350
101094;50.69632;4.56668;130;20211106;9.4;4;6.7;4.8;8.5;0;0.73;2896
101094;50.69632;4.56668;130;20211107;11.3;8;9.6;4.6;9.53;0;1.02;3557
101094;50.69632;4.56668;130;20211108;10.9;4.2;7.6;1.8;8.5;0;0.53;5029
101094;50.69632;4.56668;130;20211109;11.7;2.8;7.3;1.9;7.77;0;0.58;6314
101094;50.69632;4.56668;130;20211110;10;1.3;5.7;1.3;7.27;0;0.41;5519
101094;50.69632;4.56668;130;20211111;9.2;0.8;5;1.4;7.7;0;0.51;1650
101094;50.69632;4.56668;130;20211112;11.6;0.7;6.1;3.8;7.8;1;0.75;5659
101094;50.69632;4.56668;130;20211113;11.1;7.2;9.2;3.7;11.77;3;0.24;1778
101094;50.69632;4.56668;130;20211114;9.8;8.9;9.4;2.8;10.4;0;0.63;1279
101094;50.69632;4.56668;130;20211115;6.5;4.3;5.4;2.8;8.7;0;0.36;958
101094;50.69632;4.56668;130;20211116;5.1;4.6;4.9;1.6;8.13;0;0.43;291
101094;50.69632;4.56668;130;20211117;9.4;4.4;6.9;3;9.17;0;0.47;1689
101094;50.69632;4.56668;130;20211118;10.7;3.8;7.2;3.5;9.2;0;0.42;4368
101094;50.69632;4.56668;130;20211119;10.8;8.3;9.5;2.7;11.4;0;0.41;1273
101094;50.69632;4.56668;130;20211120;9.1;9.1;9.1;2.5;9.73;0;0.72;645
101094;50.69632;4.56668;130;20211121;8;6;7;2.9;8.9;2;0.53;1415
101094;50.69632;4.56668;130;20211122;6.6;2.6;4.6;3.7;6.77;0;0.56;4484
101094;50.69632;4.56668;130;20211123;6.8;-1.1;2.8;1.1;7.53;0;0.18;2529
101094;50.69632;4.56668;130;20211124;6.9;5.4;6.2;1.3;8.17;0;0.39;1962
101094;50.69632;4.56668;130;20211125;6.1;-0.3;2.9;1.7;7.43;1;0.27;1404
101094;50.69632;4.56668;130;20211126;4.1;1.9;3;4.8;7.27;8;0.31;1066
101094;50.69632;4.56668;130;20211127;4.4;0.3;2.3;3.1;6.63;1;0.32;2190
101094;50.69632;4.56668;130;20211128;4.5;2;3.2;2.8;6.83;2;0.4;1636
101094;50.69632;4.56668;130;20211129;5.8;-0.3;2.7;3.9;6.47;1;0.36;3657
101094;50.69632;4.56668;130;20211130;9.1;1.8;5.4;6.6;9.47;5;0.08;1014
101094;50.69632;4.56668;130;20211201;8.7;7.4;8.1;6.6;9.3;7;0.8;1162
101094;50.69632;4.56668;130;20211202;2.5;2.2;2.4;3.3;6.73;4;0.32;1461
101094;50.69632;4.56668;130;20211203;3.8;0.1;2;5.4;6.73;2;0.25;1768
101094;50.69632;4.56668;130;20211204;5.5;3.1;4.3;3.9;7.6;6;0.44;977
101094;50.69632;4.56668;130;20211205;3.9;2.8;3.3;3.1;7.13;2;0.4;886
101094;50.69632;4.56668;130;20211206;4.6;0.6;2.6;3.4;6.77;7;0.24;2685
101094;50.69632;4.56668;130;20211207;5.1;0.7;2.9;5.9;7.13;1;0.21;3071
101094;50.69632;4.56668;130;20211208;6.1;4.3;5.2;5.3;6.97;0;0.79;2594
101094;50.69632;4.56668;130;20211209;4.9;1.4;3.1;4.7;6.9;1;0.47;1196
101094;50.69632;4.56668;130;20211210;2.6;2.5;2.5;4.3;6.47;6;0.5;701
101094;50.69632;4.56668;130;20211211;6;0;3;3.4;7.47;2;0.08;2932
101094;50.69632;4.56668;130;20211212;9.2;3.3;6.2;4.9;9.87;2;0.14;787
101094;50.69632;4.56668;130;20211213;9.1;8.2;8.6;3;9.93;0;0.61;512
101094;50.69632;4.56668;130;20211214;8;6;7;3.1;9.6;0;0.34;946
101094;50.69632;4.56668;130;20211215;8.5;7.3;7.9;2.9;10.3;0;0.36;530
101094;50.69632;4.56668;130;20211216;10.8;7.8;9.3;1.2;9.93;0;0.37;1711
101094;50.69632;4.56668;130;20211217;7.4;1.8;4.6;2.3;8.7;0;0.22;701
101094;50.69632;4.56668;130;20211218;6.4;4.4;5.4;3;8.73;0;0.3;593
101094;50.69632;4.56668;130;20211219;6;4;5;1.9;8.47;0;0.33;533
101094;50.69632;4.56668;130;20211220;5.7;4.9;5.3;1.9;6.9;0;0.66;689
101094;50.69632;4.56668;130;20211221;2.6;-2.4;0.1;1.5;5.23;0;0.11;3625
101094;50.69632;4.56668;130;20211222;2;-3.4;-0.7;2.1;4.67;0;0.23;3284
101094;50.69632;4.56668;130;20211223;5;-2;1.5;4.5;6.83;0;0.15;1659
101094;50.69632;4.56668;130;20211224;9.1;4.5;6.8;3.4;9.67;7;0.25;1437
101094;50.69632;4.56668;130;20211225;5.4;5.2;5.3;3.2;7.47;4;0.69;433
101094;50.69632;4.56668;130;20211226;6.6;0.5;3.6;2.5;8.07;1;0.17;1225
101094;50.69632;4.56668;130;20211227;9.6;6.5;8;3.8;10.33;1;0.33;1195
101094;50.69632;4.56668;130;20211228;10.5;8.3;9.4;6.8;10.47;10;0.72;1360
101094;50.69632;4.56668;130;20211229;12.6;8.3;10.5;5;11.47;3;0.66;945
101094;50.69632;4.56668;130;20211230;13.9;11.5;12.7;5.9;14.21;0;0.33;900
101094;50.69632;4.56668;130;20211231;13.7;10.7;12.2;4.8;12.51;0;0.53;2800
100095;50.48832;4.94402;172;20210120;10.1;4.6;7.3;8.3;6.94;5;1.73;3111
100095;50.48832;4.94402;172;20210121;7.3;3.1;5.2;9.2;8.2;9;0.45;2979
100095;50.48832;4.94402;172;20210122;6.4;3;4.7;4.2;7.07;0;0.57;4226
100095;50.48832;4.94402;172;20210123;4.9;1.6;3.2;3.8;6.47;7;0.55;2890
100095;50.48832;4.94402;172;20210124;1.1;-0.3;0.4;4.1;5.6;2;0.35;3254
100095;50.48832;4.94402;172;20210125;2.4;0.1;1.2;3.4;5.87;0;0.36;2984
100095;50.48832;4.94402;172;20210126;3.9;0.2;2.1;5.3;5.57;2;0.71;4290
100095;50.48832;4.94402;172;20210127;3.9;0;2;5.1;6.8;6;0.28;1633
100095;50.48832;4.94402;172;20210128;10.2;3.6;6.9;5.8;10.1;16;0.21;2044
100095;50.48832;4.94402;172;20210129;9.6;8.2;8.9;6.9;9.9;8;0.79;2679
100095;50.48832;4.94402;172;20210130;5.2;5;5.1;5.6;7.34;9;0.73;1224
100095;50.48832;4.94402;172;20210131;2.9;-0.6;1.1;4.4;6.2;2;0.33;2784
100095;50.48832;4.94402;172;20210201;5;2.3;3.6;2.5;7.64;1;0.34;1425
100095;50.48832;4.94402;172;20210202;10.5;3;6.7;5.1;9.54;6;0.41;2902
100095;50.48832;4.94402;172;20210203;11.7;8.8;10.3;6.1;10.07;15;1.15;2777
100095;50.48832;4.94402;172;20210204;9.3;4.5;6.9;4;8.5;1;0.67;5362
100095;50.48832;4.94402;172;20210205;9.4;6.1;7.8;2.8;8.74;1;0.73;2984
100095;50.48832;4.94402;172;20210206;7.4;5.3;6.4;4.5;8.2;12;0.73;2384
100095;50.48832;4.94402;172;20210207;0.7;0.4;0.6;4.3;5.5;1;0.54;1180
100095;50.48832;4.94402;172;20210208;-4.2;-4.3;-4.3;5.1;3.77;1;0.46;1530
100095;50.48832;4.94402;172;20210209;-4.7;-7.9;-6.3;5.1;2.8;0;0.57;6247
100095;50.48832;4.94402;172;20210210;-3.7;-10.1;-6.9;5.2;2.97;0;0.46;6287
100095;50.48832;4.94402;172;20210211;-1.7;-9.6;-5.6;3.4;3.24;0;0.47;8847
100095;50.48832;4.94402;172;20210212;-2.8;-8.5;-5.6;5.6;2.84;0;0.7;8416
100095;50.48832;4.94402;172;20210213;0.7;-8.8;-4.1;4.9;2.34;0;1.19;9302
100095;50.48832;4.94402;172;20210214;4.8;-6.2;-0.7;5.4;2.37;0;1.86;7973
100095;50.48832;4.94402;172;20210215;5.5;1.6;3.5;6.4;6.07;1;1.07;3511
100095;50.48832;4.94402;172;20210216;11.7;4.4;8.1;6.3;8.37;2;1.35;6394
100095;50.48832;4.94402;172;20210217;11.3;6.9;9.1;5.9;9.04;0;1.28;5245
100095;50.48832;4.94402;172;20210218;11.6;6.1;8.8;5.2;8.1;6;1.52;3709
100095;50.48832;4.94402;172;20210219;10.7;3.5;7.1;4.8;8.37;0;1;6614
100095;50.48832;4.94402;172;20210220;15.9;8.7;12.3;5.6;8.9;0;2.33;8107
100095;50.48832;4.94402;172;20210221;16.9;9.7;13.3;4.5;7.7;0;2.64;8896
100095;50.48832;4.94402;172;20210222;16.9;8.9;12.9;4.4;7.57;0;2.66;6398
100095;50.48832;4.94402;172;20210223;17.3;11.1;14.2;5.5;10.17;0;2.46;7919
100095;50.48832;4.94402;172;20210224;18.2;10.6;14.4;4.6;10.6;0;2.31;10429
100095;50.48832;4.94402;172;20210225;18.1;9.6;13.9;3.4;10.14;3;2.01;7907
100095;50.48832;4.94402;172;20210226;10.1;6;8;3.2;7.64;0;1.29;8087
100095;50.48832;4.94402;172;20210227;6.4;1.1;3.7;3.1;6.9;0;0.73;6970
100095;50.48832;4.94402;172;20210228;10;1.4;5.7;4.3;6.87;0;1.32;11840
100095;50.48832;4.94402;172;20210301;10.8;0.6;5.7;3;6.97;0;1.24;11275
100095;50.48832;4.94402;172;20210302;17.6;1.6;9.6;2.6;6.74;0;2.03;12779
100095;50.48832;4.94402;172;20210303;15.8;6.1;11;1.8;8.2;5;1.54;9744
100095;50.48832;4.94402;172;20210304;8;6.9;7.5;2.5;8.67;7;0.78;1616
100095;50.48832;4.94402;172;20210305;5.1;1.6;3.3;4.3;4.67;0;1.53;11030
100095;50.48832;4.94402;172;20210306;6.3;-2.7;1.8;3.1;4.34;0;1.35;13050
100095;50.48832;4.94402;172;20210307;5.1;-2.7;1.2;2.6;4.84;0;1.07;12308
100095;50.48832;4.94402;172;20210308;7.7;-0.3;3.7;1.8;5.44;1;1.15;10716
100095;50.48832;4.94402;172;20210309;6.9;2.3;4.6;2.8;7.6;2;0.71;5547
100095;50.48832;4.94402;172;20210310;9.8;2.8;6.3;6.1;7.14;1;1.54;7531
100095;50.48832;4.94402;172;20210311;12.5;5.5;9;11;8.4;2;2.2;9792
100095;50.48832;4.94402;172;20210312;8.6;4.4;6.5;8.5;7.37;6;1.54;6501
100095;50.48832;4.94402;172;20210313;9;5.7;7.3;9.2;7.27;7;1.9;7899
100095;50.48832;4.94402;172;20210314;8.8;1.7;5.3;5.9;7.04;7;1.32;8420
100095;50.48832;4.94402;172;20210315;8.6;4.8;6.7;5.2;7.54;2;1.39;8731
100095;50.48832;4.94402;172;20210316;5.4;3.6;4.5;3;7.7;7;0.6;3029
100095;50.48832;4.94402;172;20210317;6.4;3.2;4.8;4.1;7.57;2;0.8;5395
100095;50.48832;4.94402;172;20210318;5.7;0.7;3.2;2.4;6.87;0;0.79;7100
100095;50.48832;4.94402;172;20210319;7.3;1.4;4.4;4.9;5.7;0;1.68;12964
100095;50.48832;4.94402;172;20210320;8.1;-0.3;3.9;2.4;5.67;0;1.43;13394
100095;50.48832;4.94402;172;20210321;7.7;3;5.4;3.7;7.1;0;1.14;6695
100095;50.48832;4.94402;172;20210322;7.1;1.7;4.4;2.2;6.6;0;1.03;6659
100095;50.48832;4.94402;172;20210323;11.4;3.6;7.5;2.4;7;0;1.77;13671
100095;50.48832;4.94402;172;20210324;15.3;3.3;9.3;3.1;7.47;0;2.39;16054
100095;50.48832;4.94402;172;20210325;11.3;4.3;7.8;3.1;8.77;0;1.31;8916
100095;50.48832;4.94402;172;20210326;12.9;5.3;9.1;5.6;7.87;4;2.29;11693
100095;50.48832;4.94402;172;20210327;9.7;2.2;5.9;6.4;6.7;2;1.9;12226
100095;50.48832;4.94402;172;20210328;13.8;5.1;9.4;5.6;7.2;0;2.78;14632
100095;50.48832;4.94402;172;20210329;19.3;8;13.6;3.9;7.17;0;3.77;18026
100095;50.48832;4.94402;172;20210330;23.4;5.5;14.4;2.3;7.07;0;3.55;18635
100095;50.48832;4.94402;172;20210331;23.5;9.2;16.3;1.9;8.37;0;3.39;18436
100095;50.48832;4.94402;172;20210401;20.7;9.8;15.3;3.1;9.47;0;3.22;14640
100095;50.48832;4.94402;172;20210402;10.1;2.9;6.5;4.9;6.97;0;1.9;12778
100095;50.48832;4.94402;172;20210403;10.5;3.5;7;3.8;6.4;0;2.1;12753
100095;50.48832;4.94402;172;20210404;9.1;1.2;5.2;2.4;6.4;0;1.63;13144
100095;50.48832;4.94402;172;20210405;6.7;2.5;4.6;5.9;6;3;1.67;9380
100095;50.48832;4.94402;172;20210406;4.6;-2.1;1.3;5;5.3;5;1.25;11945
100095;50.48832;4.94402;172;20210407;6;-1.7;2.1;5.5;4.9;0;1.58;9735
100095;50.48832;4.94402;172;20210408;8.1;-1;3.5;3.3;4.67;0;2.03;14830
100095;50.48832;4.94402;172;20210911;19.2;14.6;16.9;3.2;16.14;0;1.8;8849
100095;50.48832;4.94402;172;20210912;21.1;11.8;16.5;2.3;14.3;0;2.39;14172
100095;50.48832;4.94402;172;20210913;21.2;11.4;16.3;2.6;14.6;0;2.26;12974
100095;50.48832;4.94402;172;20210914;21.2;13;17.1;2.6;16.94;2;1.74;8741
100095;50.48832;4.94402;172;20210915;19.7;17.6;18.7;2.7;17.54;4;1.56;5417
100095;50.48832;4.94402;172;20210916;20.6;10.7;15.7;1.9;13.7;0;2.07;12741
100095;50.48832;4.94402;172;20210917;20.9;11.5;16.2;1.7;14.2;0;2.03;12187
100095;50.48832;4.94402;172;20210918;22.2;10.7;16.4;2.1;13.9;0;2.39;14605
100095;50.48832;4.94402;172;20210919;20.8;11.5;16.1;2;13.64;0;2.01;10943
100095;50.48832;4.94402;172;20210920;18.8;11.1;14.9;2.5;12.14;0;2.14;12175
100095;50.48832;4.94402;172;20210921;17.6;9.9;13.8;2.4;9.67;0;2.21;11384
100095;50.48832;4.94402;172;20210922;19.9;7.1;13.5;1.4;10.64;0;1.92;12454
100095;50.48832;4.94402;172;20210923;20.2;9.5;14.9;3.5;12.74;0;2.37;13830
100095;50.48832;4.94402;172;20210924;19.2;13.1;16.2;3.7;15.07;1;1.73;7969
100095;50.48832;4.94402;172;20210925;22.3;11.5;16.9;2.4;13.97;0;2.4;14505
100095;50.48832;4.94402;172;20210926;20.4;15.4;17.9;3.9;16.6;0;1.9;8664
100095;50.48832;4.94402;172;20210927;18.7;15.2;17;4.5;14.57;3;2.03;6924
100095;50.48832;4.94402;172;20210928;17.3;9.3;13.3;3.3;11.47;1;1.86;10266
100095;50.48832;4.94402;172;20210929;14.9;11.2;13.1;5.1;10.54;6;2.16;9411
100095;50.48832;4.94402;172;20210930;14.1;6.2;10.1;4.6;9.3;0;1.7;8168
100095;50.48832;4.94402;172;20211001;16.3;9.7;13;6;10.77;2;2.21;8601
100095;50.48832;4.94402;172;20211002;16.1;11.4;13.7;6.1;13.77;5;1.3;6137
100095;50.48832;4.94402;172;20211003;16.3;15.2;15.7;6.3;13.9;22;1.86;3354
100095;50.48832;4.94402;172;20211004;16.7;10.1;13.4;5.3;11;0;2.2;10617
100095;50.48832;4.94402;172;20211005;14.8;10.5;12.7;6;11.54;5;1.71;7663
100095;50.48832;4.94402;172;20211006;11.4;9.6;10.5;5.7;11.57;6;0.85;3756
100095;50.48832;4.94402;172;20211007;16;8.3;12.2;1.5;12.07;0;1.12;8676
100095;50.48832;4.94402;172;20211008;16.3;4.9;10.6;2.1;10.94;0;1.3;12450
100095;50.48832;4.94402;172;20211009;17;5.3;11.1;2.1;10.4;0;1.44;12473
100095;50.48832;4.94402;172;20211010;15.4;3.9;9.7;1.5;10.44;0;1.09;10999
100095;50.48832;4.94402;172;20211011;13.9;9.1;11.5;2;11.67;0;0.92;5675
100095;50.48832;4.94402;172;20211012;13.2;7.7;10.5;3;10.77;6;0.98;5624
100095;50.48832;4.94402;172;20211013;12.6;4.1;8.3;2.2;9.84;0;0.82;7113
100095;50.48832;4.94402;172;20211014;14.9;7.6;11.2;3.5;9.94;0;1.47;7652
100095;50.48832;4.94402;172;20211015;13.4;7.8;10.6;2.9;10.3;1;1.09;5751
100095;50.48832;4.94402;172;20211016;12.6;3.5;8;1.4;8.47;0;0.88;7761
100095;50.48832;4.94402;172;20211017;13.6;3.1;8.4;2;8.67;0;1;7141
100095;50.48832;4.94402;172;20211018;16.2;5.6;10.9;3.9;10.8;2;1.28;7134
100095;50.48832;4.94402;172;20211019;17.8;13.3;15.6;5.9;15.17;1;1.28;4967
100095;50.48832;4.94402;172;20211020;16.7;14.5;15.6;8.1;13.67;10;1.93;3617
100095;50.48832;4.94402;172;20211021;11.5;9.2;10.4;7.9;10.07;4;1.37;5376
100095;50.48832;4.94402;172;20211022;11.3;3.9;7.6;5.1;8.44;1;1.12;7912
100095;50.48832;4.94402;172;20211023;13.2;6.3;9.7;2.1;9.64;0;0.89;6457
100095;50.48832;4.94402;172;20211024;13.9;3.5;8.7;3.3;8.27;0;1.28;9620
100095;50.48832;4.94402;172;20211025;12.5;6.6;9.5;4.3;10.14;0;0.95;4274
100095;50.48832;4.94402;172;20211026;13.9;9.3;11.6;5;11.84;0;0.95;5375
100095;50.48832;4.94402;172;20211027;15;10.7;12.9;4.4;11.94;0;1.19;6739
100095;50.48832;4.94402;172;20211028;16.3;7.5;11.9;4.3;10.4;0;1.44;8738
100095;50.48832;4.94402;172;20211029;17.5;10.3;13.9;5.5;10.97;3;1.99;6771
100095;50.48832;4.94402;172;20211030;13.2;11.2;12.2;4.9;12.47;4;0.9;2557
100095;50.48832;4.94402;172;20211031;16.7;9.6;13.2;5.1;11.97;10;1.4;4552
100095;50.48832;4.94402;172;20211101;12.3;8.2;10.3;5.7;9.44;0;1.34;6084
100095;50.48832;4.94402;172;20211102;9.8;6;7.9;3.7;8.97;2;0.74;4050
100095;50.48832;4.94402;172;20211103;7.3;3.3;5.3;2.1;8.47;3;0.38;2854
100095;50.48832;4.94402;172;20211104;8.6;3;5.8;3.3;8.9;2;0.39;2482
100095;50.48832;4.94402;172;20211105;11;5.1;8;2.7;9.4;1;0.55;4994
100095;50.48832;4.94402;172;20211106;9.4;3.6;6.5;5.2;8.2;0;0.78;4100
100095;50.48832;4.94402;172;20211107;11;7.5;9.2;5.3;9.34;0;1.02;3937
100095;50.48832;4.94402;172;20211108;10.5;3.9;7.2;2.3;8.34;0;0.57;5488
100095;50.48832;4.94402;172;20211109;11.7;2.2;6.9;2;7.47;0;0.62;6694
100095;50.48832;4.94402;172;20211110;10.2;0.5;5.4;1.4;7;0;0.45;5810
100095;50.48832;4.94402;172;20211111;9.3;-0.8;4.3;1.5;7.54;0;0.37;4235
100095;50.48832;4.94402;172;20211112;11.7;-0.4;5.6;4.4;7.47;1;0.86;6157
100095;50.48832;4.94402;172;20211113;10.8;6.6;8.7;4;11.27;3;0.23;2337
100095;50.48832;4.94402;172;20211114;10;8.7;9.4;3.3;10.07;0;0.63;2815
100095;50.48832;4.94402;172;20211115;6.3;3.8;5.1;3.2;8.57;0;0.3;1249
100095;50.48832;4.94402;172;20211116;5;4.5;4.7;1.8;8;0;0.41;450
100095;50.48832;4.94402;172;20211117;8.8;4;6.4;3.2;9.04;0;0.36;2389
100095;50.48832;4.94402;172;20211118;10.2;3.7;6.9;4.1;9;0;0.41;4551
100095;50.48832;4.94402;172;20211119;10.1;7.5;8.8;3.2;10.94;0;0.35;1423
100095;50.48832;4.94402;172;20211120;8.7;8.5;8.6;2.5;9.4;0;0.67;941
100095;50.48832;4.94402;172;20211121;7.6;5.1;6.4;3;8.57;2;0.45;1975
100095;50.48832;4.94402;172;20211122;5.9;2;4;4;6.67;0;0.5;4381
100095;50.48832;4.94402;172;20211123;6.7;-1.8;2.5;1.3;7.34;0;0.11;3448
100095;50.48832;4.94402;172;20211124;7.1;4.7;5.9;1.7;7.64;0;0.4;2868
100095;50.48832;4.94402;172;20211125;5.3;-1.4;1.9;1.8;6.94;1;0.2;2083
100095;50.48832;4.94402;172;20211126;4.2;1.3;2.8;5.7;6.97;7;0.32;2029
100095;50.48832;4.94402;172;20211127;4.2;0.4;2.3;3.7;6.47;1;0.31;2924
100095;50.48832;4.94402;172;20211128;3.9;1.3;2.6;3.2;6.57;1;0.38;1724
100095;50.48832;4.94402;172;20211129;4.8;-0.1;2.4;4.5;6.37;1;0.35;3454
100095;50.48832;4.94402;172;20211130;8.9;1.3;5.1;7.7;9.2;8;0.05;1310
100095;50.48832;4.94402;172;20211201;8.6;7;7.8;7.1;9.14;8;0.74;1570
100095;50.48832;4.94402;172;20211202;2.7;2.2;2.5;4.1;6.64;3;0.34;1834
100095;50.48832;4.94402;172;20211203;3.7;-0.2;1.7;6.3;6.5;3;0.3;1961
100095;50.48832;4.94402;172;20211204;5.1;2.7;3.9;4.5;7.37;5;0.4;1516
100095;50.48832;4.94402;172;20211205;3.4;2.5;3;3.5;6.94;2;0.37;1045
100095;50.48832;4.94402;172;20211206;4.4;0.4;2.4;3.9;6.67;6;0.24;2937
100095;50.48832;4.94402;172;20211207;5.1;0.7;2.9;6.3;7;1;0.26;3295
100095;50.48832;4.94402;172;20211208;5.7;4.2;5;5.5;6.87;0;0.77;2502
100095;50.48832;4.94402;172;20211209;4.3;1;2.7;5.1;6.74;1;0.35;1957
100095;50.48832;4.94402;172;20211210;3;2.2;2.6;4.6;6.3;6;0.6;683
100095;50.48832;4.94402;172;20211211;5.3;-0.1;2.6;3.6;7.14;1;0.12;2799
100095;50.48832;4.94402;172;20211212;8.4;2.9;5.6;5.4;9.27;3;0.12;1356
100095;50.48832;4.94402;172;20211213;8.7;7.5;8.1;3.3;9.6;0;0.5;1221
100095;50.48832;4.94402;172;20211214;7.6;5.6;6.6;3.1;9.2;0;0.36;933
100095;50.48832;4.94402;172;20211215;8;6.7;7.4;3.4;9.9;0;0.31;1025
100095;50.48832;4.94402;172;20211216;10.3;7.4;8.9;1.2;9.64;0;0.25;2507
100095;50.48832;4.94402;172;20211217;7.3;2.1;4.7;3;8.67;0;0.26;867
100095;50.48832;4.94402;172;20211218;5.6;2.6;4.1;3.7;8.17;0;0.21;634
100095;50.48832;4.94402;172;20211219;5.4;3.5;4.4;2.3;8.1;0;0.3;714
100095;50.48832;4.94402;172;20211220;5.3;4.4;4.9;2.3;6.74;0;0.62;1062
100095;50.48832;4.94402;172;20211221;2.9;-2.7;0.1;1.7;4.97;0;0.07;4245
100095;50.48832;4.94402;172;20211222;2.9;-3;-0.1;2.7;4.4;0;0.43;3295
100095;50.48832;4.94402;172;20211223;5.1;-2;1.6;5.7;6.67;0;0.24;1967
100095;50.48832;4.94402;172;20211224;9.1;4.6;6.8;3.7;9.47;6;0.26;1929
100095;50.48832;4.94402;172;20211225;5.9;5.6;5.8;3.6;7.57;2;0.71;649
100095;50.48832;4.94402;172;20211226;6.8;0.9;3.8;2.7;8.1;2;0.13;1736
100095;50.48832;4.94402;172;20211227;9.4;6.2;7.8;4;10.04;2;0.35;1249
100095;50.48832;4.94402;172;20211228;10.2;8.2;9.2;7.3;10.07;9;0.78;1551
100095;50.48832;4.94402;172;20211229;12.4;7.8;10.1;5.6;11.17;4;0.63;1242
100095;50.48832;4.94402;172;20211230;13.6;11.2;12.4;5.9;14.2;1;0.33;900
100095;50.48832;4.94402;172;20211231;13.4;10.4;11.9;4.8;12.5;0;0.53;2800
100095;50.48832;4.94402;172;20210101;3.2;0.6;1.9;2.2;6.37;0;0.25;1949
100095;50.48832;4.94402;172;20210102;2.1;-1.2;0.4;2.3;6.07;0;0.2;1564
100095;50.48832;4.94402;172;20210103;2.2;1;1.6;3.6;6.2;0;0.38;1041
100095;50.48832;4.94402;172;20210104;1.6;0.5;1.1;4.3;6.07;0;0.32;1258
100095;50.48832;4.94402;172;20210105;1.7;0.8;1.3;4.3;6.17;0;0.37;696
100095;50.48832;4.94402;172;20210106;2.3;0.9;1.6;3.1;6.4;1;0.32;912
100095;50.48832;4.94402;172;20210107;2.5;0;1.2;3.7;6.17;3;0.32;1323
100095;50.48832;4.94402;172;20210108;1.9;0;0.9;3.5;6;1;0.31;1461
100095;50.48832;4.94402;172;20210109;0.9;-2.4;-0.7;1.1;5.57;0;0.15;2186
100095;50.48832;4.94402;172;20210110;3.4;-1.7;0.9;1.5;5.8;0;0.17;3109
100095;50.48832;4.94402;172;20210111;3.1;-1.1;1;5.6;6.3;6;0.26;1567
100095;50.48832;4.94402;172;20210112;7.2;3.1;5.2;5.7;7.54;10;0.64;2316
100095;50.48832;4.94402;172;20210113;4;0;2;3.5;6.57;4;0.29;2307
100095;50.48832;4.94402;172;20210114;1;0.4;0.7;3.6;5.9;6;0.37;780
100095;50.48832;4.94402;172;20210115;-0.1;-2.2;-1.1;2.9;5.07;1;0.29;1923
100095;50.48832;4.94402;172;20210116;-0.2;-1.1;-0.7;3.8;4.97;4;0.47;1440
100095;50.48832;4.94402;172;20210117;4.6;-1.4;1.6;3.5;6.74;2;0.17;2705
100095;50.48832;4.94402;172;20210118;5;1.3;3.1;5.3;7;1;0.38;2794
100095;50.48832;4.94402;172;20210119;6.4;2.9;4.7;8.5;7.6;6;0.64;1038
99095;50.26417;4.96796;257;20211212;6.7;1.7;4.2;4.4;8.61;1;0.03;1723
99095;50.26417;4.96796;257;20211213;7.7;6.2;6.9;2.3;9.31;0;0.32;1291
99095;50.26417;4.96796;257;20211214;6.5;4.8;5.7;2;8.81;0;0.3;825
99095;50.26417;4.96796;257;20211215;7.4;5.9;6.6;2.3;9.46;0;0.23;1315
99095;50.26417;4.96796;257;20211216;9.1;6.7;7.9;1.6;9.66;0;0.21;2353
99095;50.26417;4.96796;257;20211217;7.3;5.1;6.2;3.4;8.86;0;0.3;1489
99095;50.26417;4.96796;257;20211218;4.5;1.3;2.9;3.1;7.51;0;0.15;1190
99095;50.26417;4.96796;257;20211219;4.6;3.3;3.9;2.9;7.91;0;0.25;735
99095;50.26417;4.96796;257;20211220;4.5;3.9;4.2;2.4;6.36;0;0.68;622
99095;50.26417;4.96796;257;20211221;2.3;-3.4;-0.6;1.9;4.46;0;0.14;4411
99095;50.26417;4.96796;257;20211222;2.8;-4.8;-1;1.9;4.11;0;0.29;3629
99095;50.26417;4.96796;257;20211223;4.2;-2.8;0.7;4.5;6.36;0;0.14;2194
99095;50.26417;4.96796;257;20211224;7.4;3.8;5.6;3.4;9.26;5;0.13;1010
99095;50.26417;4.96796;257;20211225;7.3;6.1;6.7;2.6;8.36;1;0.59;612
99095;50.26417;4.96796;257;20211226;6.2;2.2;4.2;2.6;8.46;3;0.13;1085
99095;50.26417;4.96796;257;20211227;8.6;5.5;7;3.7;9.86;3;0.22;1160
99095;50.26417;4.96796;257;20211228;9.7;7.8;8.7;7.1;9.86;7;0.67;1628
99095;50.26417;4.96796;257;20211229;11.8;7.6;9.7;5.6;11.06;5;0.53;963
99095;50.26417;4.96796;257;20211230;13.2;11.1;12.2;4.6;13.55;1;0.44;950
99095;50.26417;4.96796;257;20211231;13.4;8.9;11.2;4.2;11.21;0;0.54;2900
100094;50.47228;4.59257;155;20211005;14.5;10.5;12.5;5.9;11.55;5;1.58;7139
100094;50.47228;4.59257;155;20211006;11;9.7;10.3;5.4;11.6;6;0.69;3164
100094;50.47228;4.59257;155;20211007;16.1;7.7;11.9;1.6;11.8;0;1.13;8927
100094;50.47228;4.59257;155;20211008;16.3;4.7;10.5;2.2;10.95;0;1.29;12715
100094;50.47228;4.59257;155;20211009;16.9;4.8;10.9;2;10.4;0;1.4;12669
100094;50.47228;4.59257;155;20211010;15.5;3.5;9.5;1.6;10.5;0;1.06;10926
100094;50.47228;4.59257;155;20211011;14.1;9.1;11.6;1.9;11.6;0;0.94;5884
100094;50.47228;4.59257;155;20211012;13.8;7.4;10.6;3;10.8;2;1.01;5397
100094;50.47228;4.59257;155;20211013;12.7;4.3;8.5;2.1;9.75;0;0.84;6838
100094;50.47228;4.59257;155;20211014;14.7;7.5;11.1;3.3;9.65;0;1.44;8126
100094;50.47228;4.59257;155;20211015;13.5;7.9;10.7;2.9;10.25;1;1.1;5143
100094;50.47228;4.59257;155;20211016;12.7;3.1;7.9;1.2;8.35;0;0.84;7726
100094;50.47228;4.59257;155;20211017;13.8;3;8.4;1.7;8.65;0;0.96;7027
100094;50.47228;4.59257;155;20211018;16.2;5.3;10.8;3.5;10.95;2;1.15;7027
100094;50.47228;4.59257;155;20211019;18.1;13.4;15.8;5.6;15.4;2;1.25;4582
100094;50.47228;4.59257;155;20211020;16.8;14.6;15.7;7.9;13.6;11;1.94;3286
100094;50.47228;4.59257;155;20211021;11.6;9.3;10.4;7.3;9.9;4;1.42;5632
100094;50.47228;4.59257;155;20211022;11.3;4;7.6;4.7;8.4;0;1.09;8058
100094;50.47228;4.59257;155;20211023;13.5;6.2;9.8;2;9.6;0;0.9;6232
100094;50.47228;4.59257;155;20211024;13.8;2.8;8.3;3.3;8.3;0;1.18;9881
100094;50.47228;4.59257;155;20211025;12.3;6.5;9.4;4;10.3;1;0.83;3844
100094;50.47228;4.59257;155;20211026;13.9;9.4;11.7;4.6;11.9;0;0.91;5487
100094;50.47228;4.59257;155;20211027;15.1;11;13;4.2;12.05;0;1.16;6730
100094;50.47228;4.59257;155;20211028;16.2;7.4;11.8;4.3;10.45;0;1.38;8975
100094;50.47228;4.59257;155;20211029;17.3;10.2;13.7;5.5;11;3;1.89;6897
100094;50.47228;4.59257;155;20211030;13.1;11.1;12.1;4.5;12.6;5;0.75;2448
100094;50.47228;4.59257;155;20211031;16.7;9.6;13.2;5;11.9;7;1.38;4691
100094;50.47228;4.59257;155;20211101;12.2;8.3;10.2;5.5;9.45;0;1.29;6076
100094;50.47228;4.59257;155;20211102;10;6;8;3.5;9.05;2;0.72;3812
100094;50.47228;4.59257;155;20211103;7.7;2.9;5.3;1.9;8.45;1;0.39;2823
100094;50.47228;4.59257;155;20211104;8.8;2.5;5.7;3.4;8.8;2;0.4;2441
100094;50.47228;4.59257;155;20211105;11.2;5.2;8.2;2.6;9.4;1;0.57;5145
100094;50.47228;4.59257;155;20211106;9.2;3.5;6.4;4.9;8.15;1;0.74;3830
100094;50.47228;4.59257;155;20211107;11;7.6;9.3;5;9.3;1;1;4048
100094;50.47228;4.59257;155;20211108;10.5;4.1;7.3;2.2;8.3;0;0.57;5439
100094;50.47228;4.59257;155;20211109;11.7;1.9;6.8;1.8;7.5;0;0.54;6817
100094;50.47228;4.59257;155;20211110;10.2;-0.1;5;1.1;6.9;0;0.38;6030
100094;50.47228;4.59257;155;20211111;9.1;-0.9;4.1;1.3;7.5;2;0.38;3180
100094;50.47228;4.59257;155;20211112;11.6;-1;5.3;3.8;7.45;1;0.73;6128
100094;50.47228;4.59257;155;20211113;10.8;6.9;8.8;3.9;11.4;4;0.21;2098
100094;50.47228;4.59257;155;20211114;10.2;8.9;9.6;3.4;10.2;1;0.65;2787
100094;50.47228;4.59257;155;20211115;6.3;4;5.2;3.4;8.55;0;0.32;1002
100094;50.47228;4.59257;155;20211116;5;4.5;4.8;1.9;8.05;0;0.4;502
100094;50.47228;4.59257;155;20211117;9;4.1;6.5;3.3;9.05;0;0.38;2207
100094;50.47228;4.59257;155;20211118;10.3;3.7;7;3.8;8.95;0;0.43;4724
100094;50.47228;4.59257;155;20211119;10.2;7.6;8.9;2.9;11;0;0.35;1259
100094;50.47228;4.59257;155;20211120;8.6;8.5;8.5;2.4;9.45;0;0.68;300
100094;50.47228;4.59257;155;20211121;7.6;5.6;6.6;3.1;8.55;2;0.51;1619
100094;50.47228;4.59257;155;20211122;6.1;2.4;4.3;4.4;6.65;0;0.58;4675
100094;50.47228;4.59257;155;20211123;7.1;-1.8;2.7;1.4;7.4;0;0.11;3687
100094;50.47228;4.59257;155;20211124;7.1;5;6;1.7;7.85;0;0.38;2689
100094;50.47228;4.59257;155;20211125;5.4;-1.3;2.1;1.8;7.15;1;0.21;1512
100094;50.47228;4.59257;155;20211126;4.3;1.5;2.9;5.4;7.05;8;0.32;1930
100094;50.47228;4.59257;155;20211127;4.3;0.2;2.3;3.5;6.55;1;0.28;2742
100094;50.47228;4.59257;155;20211128;4.2;1.6;2.9;3.3;6.6;2;0.41;1820
100094;50.47228;4.59257;155;20211129;5;0;2.5;4.2;6.4;1;0.34;3675
100094;50.47228;4.59257;155;20211130;9;1.5;5.3;7.5;9.3;7;0.06;1293
100094;50.47228;4.59257;155;20211201;8.7;7.1;7.9;6.9;9.2;8;0.74;1479
100094;50.47228;4.59257;155;20211202;2.8;2.2;2.5;3.8;6.6;4;0.31;2053
100094;50.47228;4.59257;155;20211203;3.7;0;1.9;6;6.6;3;0.27;1759
100094;50.47228;4.59257;155;20211204;5.3;2.8;4;4.4;7.45;7;0.38;1506
100094;50.47228;4.59257;155;20211205;3.5;2.6;3;3.4;7;2;0.36;996
100094;50.47228;4.59257;155;20211206;4.5;0.4;2.5;3.9;6.75;7;0.18;3232
100094;50.47228;4.59257;155;20211207;5.1;0.8;2.9;6;7.1;2;0.2;3279
100094;50.47228;4.59257;155;20211208;5.8;4.2;5;5.6;6.9;0;0.73;2729
100094;50.47228;4.59257;155;20211209;4.4;1.1;2.7;5.1;6.8;2;0.35;1723
100094;50.47228;4.59257;155;20211210;2.8;2.1;2.4;4.7;6.35;12;0.53;640
100094;50.47228;4.59257;155;20211211;5.4;0;2.7;3.5;7.2;3;0.1;2826
100094;50.47228;4.59257;155;20211212;8.6;3.1;5.8;5.1;9.45;2;0.12;1088
100094;50.47228;4.59257;155;20211213;8.8;7.8;8.3;3.2;9.75;0;0.5;1094
100094;50.47228;4.59257;155;20211214;7.6;5.6;6.6;3.1;9.25;0;0.34;888
100094;50.47228;4.59257;155;20211215;8.1;6.8;7.4;3.3;9.9;0;0.31;878
100094;50.47228;4.59257;155;20211216;10.3;7.5;8.9;1.2;9.5;0;0.29;2267
100094;50.47228;4.59257;155;20211217;7.1;0.6;3.9;3;8.3;0;0.18;895
100094;50.47228;4.59257;155;20211218;5.8;3;4.4;4.1;8.25;0;0.23;590
100094;50.47228;4.59257;155;20211219;5.5;3.5;4.5;2.6;8.1;0;0.29;863
100094;50.47228;4.59257;155;20211220;5.4;4.5;5;2.5;6.7;0;0.7;774
100094;50.47228;4.59257;155;20211221;2.5;-2.5;0;1.7;5.05;0;0.04;4241
100094;50.47228;4.59257;155;20211222;2.7;-3.2;-0.2;2.5;4.55;1;0.32;3456
100094;50.47228;4.59257;155;20211223;4.9;-2.2;1.3;5.2;6.75;1;0.11;1849
100094;50.47228;4.59257;155;20211224;9.1;4.5;6.8;3.4;9.5;7;0.2;1956
100094;50.47228;4.59257;155;20211225;6.4;5.9;6.1;3.6;7.7;4;0.72;848
100094;50.47228;4.59257;155;20211226;6.8;0.9;3.9;2.7;8.35;2;0.09;1594
100094;50.47228;4.59257;155;20211227;9.4;6.4;7.9;3.9;10.25;2;0.3;1046
100094;50.47228;4.59257;155;20211228;10.3;8.2;9.3;7.2;10;8;0.82;1511
100094;50.47228;4.59257;155;20211229;12.6;7.9;10.2;5.5;11.3;3;0.62;1102
100094;50.47228;4.59257;155;20211230;13.7;11.3;12.5;5.9;14.2;0;0.33;900
100094;50.47228;4.59257;155;20211231;13.5;10.5;12;4.8;12.5;0;0.53;2800
100095;50.48832;4.94402;172;20220101;13.4;9.2;11.3;4.1;11.5;0;0.58;3200
100095;50.48832;4.94402;172;20220102;12.2;10.3;11.3;6.3;10.4;6;1.27;1900
100095;50.48832;4.94402;172;20220103;9.8;8.9;9.3;6.3;9.87;23;0.88;1208
100095;50.48832;4.94402;172;20220104;7.2;6.1;6.6;3.9;8.64;8;0.56;924
100095;50.48832;4.94402;172;20220105;4.4;0.2;2.3;5.3;6.44;1;0.39;2256
100095;50.48832;4.94402;172;20220106;4.5;1.8;3.2;3.9;6.47;1;0.41;2905
101094;50.69632;4.56668;130;20220308;10.9;-2.7;4.1;3.1;3.63;0;2.06;14078
101094;50.69632;4.56668;130;20220309;14.6;2.2;8.4;2.9;4.6;0;2.39;13619
101094;50.69632;4.56668;130;20220310;16.3;4.4;10.3;3.5;5.6;0;2.76;13113
101094;50.69632;4.56668;130;20220311;16.1;4.5;10.3;4.9;6.7;0;2.86;12612
101094;50.69632;4.56668;130;20220312;14.6;8.1;11.3;5.4;8.4;0;2.42;9850
101094;50.69632;4.56668;130;20220313;15.3;8;11.7;5.5;8.35;0;2.61;10050
101094;50.69632;4.56668;130;20220314;13.5;7.4;10.5;3.3;8.23;0;1.9;9264
101094;50.69632;4.56668;130;20220315;10.8;5.9;8.3;2.4;8.27;1;1.22;5736
101094;50.69632;4.56668;130;20220316;12.5;3.3;7.9;3;9.53;0;1.11;8161
101094;50.69632;4.56668;130;20220317;9;7.3;8.2;3.4;7.87;0;1.38;5647
101094;50.69632;4.56668;130;20220318;13.9;1.6;7.7;4.2;6.3;0;2.44;15796
101094;50.69632;4.56668;130;20220319;13.5;4;8.8;5.8;5.77;0;3.05;14784
101094;50.69632;4.56668;130;20220320;9.4;1.2;5.3;2.6;5.83;0;1.6;12160
101094;50.69632;4.56668;130;20220321;18.3;0.8;9.5;2.2;7.21;0;2.34;16100
101094;50.69632;4.56668;130;20220322;18.6;6.6;12.6;2.2;6.63;0;2.69;14441
101094;50.69632;4.56668;130;20220323;18.6;4.3;11.5;1.5;5.77;0;2.41;16306
101094;50.69632;4.56668;130;20220324;17.9;4.9;11.4;1.7;5.93;0;2.46;16182
101094;50.69632;4.56668;130;20220325;16.2;4.8;10.5;2.8;7.03;0;2.62;16321
101094;50.69632;4.56668;130;20220326;17.4;4.3;10.8;3.6;7.43;0;2.89;16037
101094;50.69632;4.56668;130;20220327;13.9;5.6;9.8;2.8;9.9;0;1.69;12647
101094;50.69632;4.56668;130;20220328;16.9;3.9;10.4;1.7;8.87;0;2.07;15554
101094;50.69632;4.56668;130;20220329;14.4;6.8;10.6;2.5;9.13;0;1.73;8684
101094;50.69632;4.56668;130;20220330;11.4;5.5;8.4;2.7;7.67;1;1.7;9575
101094;50.69632;4.56668;130;20220331;7.2;2.3;4.7;3.5;7;2;1.15;7190
101094;50.69632;4.56668;130;20220401;1.4;0.3;0.8;6.4;5.91;2;0.51;2700
101094;50.69632;4.56668;130;20220402;5.1;-0.3;2.4;4.8;4.63;1;1.65;9005
101094;50.69632;4.56668;130;20220403;7.6;-3.1;2.3;2.6;4.65;1;1.79;16348
101094;50.69632;4.56668;130;20220404;6.1;0.4;3.2;6.9;7.5;5;0.59;6137
101094;50.69632;4.56668;130;20220405;12.6;5.5;9;5.5;11;2;0.86;5289
101094;50.69632;4.56668;130;20220406;11.1;7.7;9.4;7.1;9.23;2;1.64;5412
101094;50.69632;4.56668;130;20220407;12.5;8.4;10.5;9.8;8.53;10;2.81;12704
101094;50.69632;4.56668;130;20220408;7.2;4.4;5.8;2.9;6.9;1;1.23;5272
101094;50.69632;4.56668;130;20220409;10.4;1.3;5.8;3.9;6.35;0;2.15;16900
101094;50.69632;4.56668;130;20220410;11.7;1;6.4;1.7;6.3;0;1.98;15622
101094;50.69632;4.56668;130;20220411;17.5;3.5;10.5;3.2;6.63;0;3.32;19274
101094;50.69632;4.56668;130;20220412;20.9;7;14;3.6;9.03;0;3.63;17428
101094;50.69632;4.56668;130;20220413;14.8;10.7;12.8;1.6;12.37;1;1.33;6537
101094;50.69632;4.56668;130;20220414;18.4;8.6;13.5;2;11.7;0;2.41;15573
101094;50.69632;4.56668;130;20220415;16.4;7.1;11.8;2.6;10.43;0;2.62;18685
101094;50.69632;4.56668;130;20220416;16.4;4.6;10.5;3.6;8.17;0;3.19;21056
101094;50.69632;4.56668;130;20220417;19.3;3.9;11.6;2.7;5.8;0;3.88;22289
101094;50.69632;4.56668;130;20220418;18.5;4.4;11.4;2.2;6.17;0;3.45;20529
101094;50.69632;4.56668;130;20220419;18.5;5.4;12;2.4;7.63;0;3.2;18282
101094;50.69632;4.56668;130;20220420;16.6;6.6;11.6;3.6;6.94;0;3.7;19893
101094;50.69632;4.56668;130;20220421;17.8;6.1;12;4.2;8;0;3.81;21956
101094;50.69632;4.56668;130;20220422;16.3;6.6;11.4;4.2;8.97;0;3.01;16837
101094;50.69632;4.56668;130;20220423;18.9;8.7;13.8;4.7;9.53;0;3.69;17143
101094;50.69632;4.56668;130;20220424;18.2;8.1;13.2;4.2;8.07;0;3.99;20415
101094;50.69632;4.56668;130;20220425;12.5;5.1;8.8;2.9;8.97;1;1.86;12007
101094;50.69632;4.56668;130;20220426;13.3;6.4;9.9;3.7;8.57;0;2.4;14035
101094;50.69632;4.56668;130;20220427;15.6;3.6;9.6;3.1;7.93;0;3.18;22851
101094;50.69632;4.56668;130;20220428;17.7;4;10.9;3.2;8.23;0;3.45;21847
101094;50.69632;4.56668;130;20220429;14.4;7.1;10.8;2.8;9.1;0;2.34;12958
101094;50.69632;4.56668;130;20220430;12.4;3.4;7.9;3.6;7.73;0;2.18;13109
101094;50.69632;4.56668;130;20220501;14.5;2.8;8.7;1.7;7.63;0;2.48;17670
101094;50.69632;4.56668;130;20220502;17.9;6;11.9;3.1;7.73;0;3.88;24098
101094;50.69632;4.56668;130;20220503;17.8;6.1;12;3.3;8.57;0;2.66;8569
101094;50.69632;4.56668;130;20220504;17.2;5.8;11.5;2;9.33;0;3.14;21288
101094;50.69632;4.56668;130;20220505;17.4;9.1;13.2;2;11.33;0;2.42;13571
101094;50.69632;4.56668;130;20220506;20.3;7.5;13.9;1.3;11;0;3.2;20577
101094;50.69632;4.56668;130;20220507;19.9;10.4;15.1;2.4;11.93;1;2.86;14221
101094;50.69632;4.56668;130;20220508;19;9.6;14.3;3.4;10.93;0;3.64;21011
101094;50.69632;4.56668;130;20220509;24;7.4;15.7;1.9;10.13;0;4.26;24416
101094;50.69632;4.56668;130;20220510;24.4;12.7;18.5;3.5;11.9;0;4.24;16191
101094;50.69632;4.56668;130;20220511;23.7;12.5;18.1;4;11.9;0;5;24146
101094;50.69632;4.56668;130;20220512;19.1;10.4;14.8;3.4;11.4;0;3.41;18206
101094;50.69632;4.56668;130;20220513;18;7.9;13;3.9;9.67;0;3.61;20189
101094;50.69632;4.56668;130;20220514;22.1;7.9;15;2.3;10.3;0;4.22;24813
101094;50.69632;4.56668;130;20220515;26.5;10;18.3;2.7;11.23;0;5.15;25413
101094;50.69632;4.56668;130;20220516;22.2;17;19.6;3.4;13.17;0;4.04;15828
101094;50.69632;4.56668;130;20220517;27.1;14.1;20.6;2.6;12.93;0;4.78;20904
101094;50.69632;4.56668;130;20220518;26.6;15.6;21.1;1.7;14.37;1;4.46;22075
101094;50.69632;4.56668;130;20220519;26.5;18.8;22.6;3.8;16.2;7;4.65;17400
101094;50.69632;4.56668;130;20220520;20.5;12.5;16.5;2.9;14.63;9;2.39;10109
101094;50.69632;4.56668;130;20220521;19.7;9.9;14.8;3.5;11.5;0;3.92;23059
101094;50.69632;4.56668;130;20220522;22.6;9.1;15.9;1.3;12.4;0;4.02;25036
101094;50.69632;4.56668;130;20220523;22.3;13.8;18;2.6;14.43;11;2.79;10843
101094;50.69632;4.56668;130;20220524;16.4;10.6;13.5;4.5;11.5;1;2.97;16878
101094;50.69632;4.56668;130;20220525;18.2;8.2;13.2;4.3;10.87;0;3.55;21270
101094;50.69632;4.56668;130;20220526;19.6;13;16.3;5.2;13;0;3.55;16482
101094;50.69632;4.56668;130;20220527;19.2;12.2;15.7;4.3;11.77;0;3.95;20800
101094;50.69632;4.56668;130;20220528;17.2;7.6;12.4;3.1;9.1;0;3.58;21534
101094;50.69632;4.56668;130;20220529;14;5.6;9.8;2.7;9.37;2;2.16;13266
101094;50.69632;4.56668;130;20220530;15.7;4.1;9.9;1.6;8.77;0;2.82;19527
101094;50.69632;4.56668;130;20220531;18.8;9;13.9;2;9.3;1;3.5;19504
101094;50.69632;4.56668;130;20220601;17.6;7.1;12.4;3;9.57;0;3.36;19609
101094;50.69632;4.56668;130;20220602;20.4;6.1;13.2;2.1;9.77;0;4.24;27628
101094;50.69632;4.56668;130;20220603;23.6;9.4;16.5;2.7;10.97;0;4.31;20557
101094;50.69632;4.56668;130;20220604;25.3;13.8;19.5;3.7;14;6;5.12;24108
101094;50.69632;4.56668;130;20220605;19.4;15.6;17.5;2.9;17.9;12;1.85;8951
101094;50.69632;4.56668;130;20220606;18.9;11.6;15.3;4.5;12.67;0;3.4;17822
101094;50.69632;4.56668;130;20220607;18.5;11;14.8;2.6;13.43;5;2.49;13001
101094;50.69632;4.56668;130;20220608;18.4;12.8;15.6;3.5;14.63;12;2.22;10841
101094;50.69632;4.56668;130;20220609;20.6;11.5;16.1;3.4;13;1;3.75;20269
101094;50.69632;4.56668;130;20220610;22.7;14.4;18.6;3.3;13.83;0;3.73;15216
101094;50.69632;4.56668;130;20220611;23.1;15.3;19.2;2.6;14.4;0;4.38;22389
101094;50.69632;4.56668;130;20220612;21.9;10.3;16.1;2.5;11.53;0;4.51;26046
101094;50.69632;4.56668;130;20220613;19.4;10.9;15.1;2.8;11.13;0;4.06;23386
101094;50.69632;4.56668;130;20220614;21.1;7.9;14.5;2;10.1;0;4.54;28425
101094;50.69632;4.56668;130;20220615;26;11;18.5;2.4;12.07;0;5.33;28123
101094;50.69632;4.56668;130;20220616;24.2;13.2;18.7;2.2;12.67;0;5.06;27364
101094;50.69632;4.56668;130;20220617;29.6;15.3;22.4;2.6;13.47;0;5.99;26577
101094;50.69632;4.56668;130;20220618;33.1;19.8;26.4;2.5;17.2;0;6.27;24860
101094;50.69632;4.56668;130;20220619;19.5;14.2;16.9;4.9;13.73;1;3.53;16324
101094;50.69632;4.56668;130;20220620;20.5;12.3;16.4;3.3;12.07;0;3.99;20355
101094;50.69632;4.56668;130;20220621;20.3;9.1;14.7;2.4;11.7;0;3.18;16299
101094;50.69632;4.56668;130;20220622;26.2;10.9;18.5;2.6;12.4;0;5.34;27277
101094;50.69632;4.56668;130;20220623;28.3;16.5;22.4;2.7;16.07;12;5.47;25474
101094;50.69632;4.56668;130;20220624;23.2;16.8;20;2.9;18;6;3.34;15952
101094;50.69632;4.56668;130;20220625;22;16;19;3.6;15.9;5;3.05;11713
101094;50.69632;4.56668;130;20220626;20.3;13.1;16.7;2.3;15.13;0;2.93;15848
101094;50.69632;4.56668;130;20220627;19.6;13.8;16.7;1.7;14.77;7;2.56;13095
101094;50.69632;4.56668;130;20220628;24.3;10.6;17.4;1.7;12.8;0;4.5;25742
101094;50.69632;4.56668;130;20220629;26.9;14.1;20.5;1.8;13.83;0;5.05;26121
101094;50.69632;4.56668;130;20220630;19.6;13.4;16.5;2.9;14.67;13;2.55;12040
101094;50.69632;4.56668;130;20220701;20.6;11;15.8;2.8;12.77;0;3.91;22689
101094;50.69632;4.56668;130;20220702;23.8;11;17.4;1.9;12.6;0;4.46;24982
101094;50.69632;4.56668;130;20220703;21.9;13.1;17.5;2.7;13.27;0;4.29;23429
101094;50.69632;4.56668;130;20220704;23.4;10.8;17.1;2;12.9;0;4.58;26774
101094;50.69632;4.56668;130;20220705;22.4;10.3;16.4;2;12.77;0;4.26;25138
101094;50.69632;4.56668;130;20220706;21.7;9.6;15.7;1.8;12.43;0;3.68;21289
101094;50.69632;4.56668;130;20220707;19;15.3;17.2;4.2;14.27;0;3;12685
101094;50.69632;4.56668;130;20220708;23.9;9.6;16.8;1.7;12.83;0;4.48;26567
101094;50.69632;4.56668;130;20220709;23.7;13.3;18.5;2.6;14.17;0;4.35;22697
101094;50.69632;4.56668;130;20220710;22.2;10.3;16.3;2.2;12.63;0;3.84;21179
101094;50.69632;4.56668;130;20220711;24.2;12.5;18.4;1.7;15.2;0;4.21;23914
101094;50.69632;4.56668;130;20220712;29.4;13.5;21.4;1.6;14.77;0;4.84;23836
101094;50.69632;4.56668;130;20220713;30.1;20.8;25.5;3;14.87;0;5.69;19841
101094;50.69632;4.56668;130;20220714;24.3;15.9;20.1;2.9;14.73;0;4.51;21266
101094;50.69632;4.56668;130;20220715;22.6;10.7;16.6;2;12.07;0;4.16;23664
101094;50.69632;4.56668;130;20220716;23.6;11.5;17.5;2.4;11.79;0;4.41;22601
101094;50.69632;4.56668;130;20220717;26.1;11.2;18.7;1.6;11.34;0;4.77;25237
101094;50.69632;4.56668;130;20220718;34;15.3;24.6;1.8;11.34;0;6.04;25765
101094;50.69632;4.56668;130;20220719;37.8;18.7;28.3;2.8;11.83;0;7.77;27567
101094;50.69632;4.56668;130;20220720;25.5;20;22.8;3.6;16.63;5;3.95;11792
101094;50.69632;4.56668;130;20220721;19.6;16.6;18.1;3.5;17.97;2;1.74;6599
101094;50.69632;4.56668;130;20220722;22.2;12.3;17.2;1.7;15.1;0;3.25;18131
101094;50.69632;4.56668;130;20220723;26.3;12.8;19.6;1.8;15.45;0;4.38;23750
101094;50.69632;4.56668;130;20220724;30.7;15.2;23;2.5;15.7;0;5.62;25307
101094;50.69632;4.56668;130;20220725;24.9;19.5;22.2;4;14.83;0;4.73;16142
101094;50.69632;4.56668;130;20220726;22;15.2;18.6;3.4;14.77;1;3.36;14247
101094;50.69632;4.56668;130;20220727;21;10.6;15.8;2.6;11.03;0;3.79;20111
101094;50.69632;4.56668;130;20220728;23.9;11.2;17.5;3.2;11.37;0;4.36;19188
101094;50.69632;4.56668;130;20220729;25.7;13.4;19.5;2.5;12.7;0;4.74;23044
101094;50.69632;4.56668;130;20220730;26.1;12.1;19.1;1.7;13.73;0;4.05;21009
101094;50.69632;4.56668;130;20220731;24.6;16.7;20.6;4.1;16.8;0;3.79;14957
101094;50.69632;4.56668;130;20220801;25.4;17.4;21.4;2.4;16.83;0;3.51;14572
101094;50.69632;4.56668;130;20220802;28.5;16;22.3;2.7;15.67;0;4.86;21062
101094;50.69632;4.56668;130;20220803;32.5;17.2;24.8;1.8;16.83;0;5.22;23557
101094;50.69632;4.56668;130;20220804;27.7;18.5;23.1;1.9;18.67;4;3.58;15052
101094;50.69632;4.56668;130;20220805;23.1;16.8;19.9;2.8;15.67;0;3.59;16654
101094;50.69632;4.56668;130;20220806;22.1;8.9;15.5;2.2;10.47;0;3.83;21522
101094;50.69632;4.56668;130;20220807;24.2;10.6;17.4;2.7;11.43;0;4.5;23988
101094;50.69632;4.56668;130;20220808;25.1;12;18.5;3;13.07;0;4.58;23400
101094;50.69632;4.56668;130;20220809;27.2;13.5;20.3;3.4;13.87;0;5.21;24315
101094;50.69632;4.56668;130;20220810;30.5;14.8;22.6;3.3;13.07;0;5.96;24107
99094;50.24822;4.61816;248;20220310;15.2;1.7;8.4;4.1;5.11;0;2.69;12070
99094;50.24822;4.61816;248;20220311;14.6;4.4;9.5;6.1;6.81;0;2.7;12211
99094;50.24822;4.61816;248;20220312;12.7;7.6;10.1;5;8.31;1;1.89;6688
99094;50.24822;4.61816;248;20220313;13.5;5.8;9.6;4.8;8.51;0;1.85;9770
99094;50.24822;4.61816;248;20220314;13;6.4;9.7;3.5;7.91;1;1.82;9550
99094;50.24822;4.61816;248;20220315;7.8;4.5;6.1;3;8.41;7;0.82;6862
99094;50.24822;4.61816;248;20220316;11.1;3.4;7.2;3.5;9.41;0;0.93;8797
99094;50.24822;4.61816;248;20220317;7.7;6.7;7.2;3.4;7.81;0;1.1;4260
99094;50.24822;4.61816;248;20220318;13.2;1.1;7.1;4.3;5.71;0;2.36;12753
99094;50.24822;4.61816;248;20220319;13.5;2.7;8.1;6.2;5.31;0;3.01;12194
99094;50.24822;4.61816;248;20220320;10.2;0.3;5.2;2.5;4.91;0;1.78;11817
99094;50.24822;4.61816;248;20220321;17.4;1.6;9.5;2;7.01;0;2.27;16696
99094;50.24822;4.61816;248;20220322;17.8;6.7;12.2;2;6.21;0;2.57;15461
99094;50.24822;4.61816;248;20220323;17.5;3.7;10.6;1.2;5.71;0;2.22;17637
99094;50.24822;4.61816;248;20220324;17.6;1.4;9.5;1.2;5.54;0;2.24;17355
99094;50.24822;4.61816;248;20220325;16.1;0.9;8.5;2.5;6.44;0;2.47;16998
99094;50.24822;4.61816;248;20220326;17.5;1.4;9.4;3.2;6.94;0;2.81;17826
99094;50.24822;4.61816;248;20220327;16.9;4.1;10.5;2.6;9.44;0;2.12;17213
99094;50.24822;4.61816;248;20220328;19;2.3;10.7;1.4;8.79;0;2.1;15007
99094;50.24822;4.61816;248;20220329;15.6;6.6;11.1;2.4;9.14;2;1.72;7932
99094;50.24822;4.61816;248;20220330;12.3;6.3;9.3;3.7;7.81;2;1.97;10249
99094;50.24822;4.61816;248;20220331;5.3;4.4;4.8;3.3;6.61;1;1.16;6849
99094;50.24822;4.61816;248;20220401;0.6;0.4;0.5;3.8;5.8;2;0.5;1500
99094;50.24822;4.61816;248;20220402;3.9;-1.3;1.3;5.7;4.81;1;1.28;7615
99094;50.24822;4.61816;248;20220403;6.6;-3.4;1.6;2.5;4.21;1;1.63;14034
99094;50.24822;4.61816;248;20220404;6.3;-0.4;2.9;6.6;6.51;6;1;8460
99094;50.24822;4.61816;248;20220405;11.4;4.3;7.8;6.3;10.11;2;0.9;8718
99094;50.24822;4.61816;248;20220406;10.8;7.2;9;7;8.41;2;1.79;6276
99094;50.24822;4.61816;248;20220407;11.8;7.9;9.8;10.8;8.31;5;2.5;9714
99094;50.24822;4.61816;248;20220408;5;4.3;4.6;3.9;6.91;7;0.85;1992
99094;50.24822;4.61816;248;20220409;9.4;1.1;5.2;3.3;6.31;1;1.83;14578
99094;50.24822;4.61816;248;20220410;11.3;1.6;6.4;1.9;6.11;0;1.97;14852
99094;50.24822;4.61816;248;20220411;17.8;1.4;9.6;3.7;6.11;0;3.27;16070
99094;50.24822;4.61816;248;20220412;19.6;8.4;14;3.3;8.31;0;3.3;14205
99094;50.24822;4.61816;248;20220413;15.9;9.3;12.6;2;11.51;1;1.82;10882
99094;50.24822;4.61816;248;20220414;18;7.8;12.9;1.6;11.31;0;2.36;16171
99094;50.24822;4.61816;248;20220415;17.7;6.2;12;2.3;10.14;0;2.64;17008
99094;50.24822;4.61816;248;20220416;16.5;4.3;10.4;3.1;7.61;0;2.91;17650
99094;50.24822;4.61816;248;20220417;19.1;4.2;11.6;3.4;4.71;0;4.13;19706
99094;50.24822;4.61816;248;20220418;18;6.8;12.4;2;5.91;0;3.17;17198
99094;50.24822;4.61816;248;20220419;17.4;4.8;11.1;2.5;7.31;0;2.87;15625
99094;50.24822;4.61816;248;20220420;16.1;6.9;11.5;2.9;6.31;0;3.4;19230
99094;50.24822;4.61816;248;20220421;16.9;5.6;11.2;3.5;7.51;0;3.44;21058
99094;50.24822;4.61816;248;20220422;15.7;5.5;10.6;3.9;8.61;0;2.74;16425
99094;50.24822;4.61816;248;20220423;17.9;8;12.9;3.5;9.01;0;3.33;18619
99094;50.24822;4.61816;248;20220424;17.3;8.1;12.7;4;7.81;0;3.6;18213
99094;50.24822;4.61816;248;20220425;12.1;4.8;8.4;1.6;8.31;1;1.94;14115
99094;50.24822;4.61816;248;20220426;11.9;5.5;8.7;2.5;8.31;0;1.88;12005
99094;50.24822;4.61816;248;20220427;15.6;2;8.8;2.8;7.91;0;2.97;22930
99094;50.24822;4.61816;248;20220428;17.6;4.4;11;3;8.21;0;3.41;22735
99094;50.24822;4.61816;248;20220429;13.7;6.8;10.2;2.2;8.71;0;1.71;7295
99094;50.24822;4.61816;248;20220430;12.6;3.1;7.8;3.7;7.51;0;2.44;17432
99094;50.24822;4.61816;248;20220501;14.4;3.8;9.1;1.7;7.51;0;2.41;16274
99094;50.24822;4.61816;248;20220502;16.8;6.2;11.5;2.9;7.81;0;3.46;21745
99094;50.24822;4.61816;248;20220503;17;5.7;11.3;3.3;8.61;0;3.49;23598
99094;50.24822;4.61816;248;20220504;16.6;6.1;11.3;1.4;9.51;0;2.7;18764
99094;50.24822;4.61816;248;20220505;16.7;5.4;11;1.6;10.51;0;2.5;17770
99094;50.24822;4.61816;248;20220506;19.4;6.8;13.1;1.2;10.51;0;3.28;22790
99094;50.24822;4.61816;248;20220507;20.9;8.1;14.5;1.8;11.09;0;2.91;15317
99094;50.24822;4.61816;248;20220508;18.6;9;13.8;3;11.29;0;3.2;18053
99094;50.24822;4.61816;248;20220509;24.3;6;15.1;1.6;10.29;0;3.95;22847
99094;50.24822;4.61816;248;20220510;24.4;12.3;18.3;2.7;11.91;0;4;17633
99094;50.24822;4.61816;248;20220511;24.3;9.1;16.7;4.2;11.71;0;4.93;25777
99094;50.24822;4.61816;248;20220512;18.7;10.8;14.7;3.8;10.61;0;3.44;17038
99094;50.24822;4.61816;248;20220513;18.9;7;12.9;3.5;9.01;0;3.8;21796
99094;50.24822;4.61816;248;20220514;21.5;7.3;14.4;1.5;9.81;0;3.74;23147
99094;50.24822;4.61816;248;20220515;26.2;10.3;18.2;2;10.31;0;4.76;24631
99094;50.24822;4.61816;248;20220516;21.9;16.5;19.2;2.8;13.11;0;3.97;18253
99094;50.24822;4.61816;248;20220517;26.1;13.6;19.8;1.8;14.01;0;3.81;17979
99094;50.24822;4.61816;248;20220518;27.1;14.4;20.7;1.7;14.11;0;4.38;21761
99094;50.24822;4.61816;248;20220519;26.9;16.8;21.8;2.7;15.54;2;4.47;18911
99094;50.24822;4.61816;248;20220520;22.6;13.6;18.1;3.2;15.01;6;3.15;14274
99094;50.24822;4.61816;248;20220521;18.7;9.3;14;3.6;10.71;0;3.78;22942
99094;50.24822;4.61816;248;20220522;22.9;8.4;15.6;1;11.11;0;3.49;20749
99094;50.24822;4.61816;248;20220523;20.7;13.1;16.9;2.7;13.81;12;2.93;14027
99094;50.24822;4.61816;248;20220524;16.3;9.5;12.9;4.3;10.81;0;3.1;19126
99094;50.24822;4.61816;248;20220525;18.3;7.6;12.9;4.2;9.91;0;3.84;23535
99094;50.24822;4.61816;248;20220526;19;12.4;15.7;5.5;12.21;0;3.43;15574
99094;50.24822;4.61816;248;20220527;19.5;11.6;15.5;4.6;11.21;1;3.72;17100
99094;50.24822;4.61816;248;20220528;17.2;6.9;12;2.8;8.41;0;3.35;18866
99094;50.24822;4.61816;248;20220529;14.3;2.8;8.5;1.8;8.54;1;2.58;18391
99094;50.24822;4.61816;248;20220530;15.8;3.8;9.8;1.4;8.54;0;3.04;21422
99094;50.24822;4.61816;248;20220531;18.6;8.9;13.7;2.1;8.41;1;3.64;20128
99094;50.24822;4.61816;248;20220601;17.8;7.2;12.5;2.6;8.81;0;3.88;24679
99094;50.24822;4.61816;248;20220602;21.7;5.2;13.4;1.7;8.71;0;4.31;27214
99094;50.24822;4.61816;248;20220603;24.5;10.4;17.4;1.8;10.51;0;4.33;22358
99094;50.24822;4.61816;248;20220604;26;13.7;19.8;3;14.31;8;4.84;23236
99094;50.24822;4.61816;248;20220605;19;15.4;17.2;3.2;16.81;17;2.29;12428
99094;50.24822;4.61816;248;20220606;19.6;11.6;15.6;3.8;12.21;0;3.5;18060
99094;50.24822;4.61816;248;20220607;17.6;11.4;14.5;2.7;13.41;9;2.48;14413
99094;50.24822;4.61816;248;20220608;18;12.8;15.4;3.9;13.71;13;2.56;13095
99094;50.24822;4.61816;248;20220609;19.6;11.1;15.3;3.7;12.11;2;3.3;16452
99094;50.24822;4.61816;248;20220610;22.4;13.6;18;2.7;13.01;0;3.75;17452
99094;50.24822;4.61816;248;20220611;22.7;15.5;19.1;2.2;14.71;0;4.12;21702
99094;50.24822;4.61816;248;20220612;21.4;9.7;15.5;2.3;10.71;0;4.11;22968
99094;50.24822;4.61816;248;20220613;19.3;10.1;14.7;2.9;10.71;0;4.13;24760
99094;50.24822;4.61816;248;20220614;22;8;15;1.6;10.01;0;4.45;27517
99094;50.24822;4.61816;248;20220615;25.8;11.6;18.7;1.6;11.61;0;5.11;28514
99094;50.24822;4.61816;248;20220616;23.8;13.8;18.8;1.8;12.61;0;4.8;26532
99094;50.24822;4.61816;248;20220617;28.9;14;21.4;2.1;12.31;0;5.43;25080
99094;50.24822;4.61816;248;20220618;32.5;20.9;26.7;1.8;14.81;0;5.63;22974
99094;50.24822;4.61816;248;20220619;20;14;17;4.4;14.61;4;3.43;18505
99094;50.24822;4.61816;248;20220620;19.2;11.7;15.4;3.3;12.51;3;3.19;16570
99094;50.24822;4.61816;248;20220621;20.1;9.3;14.7;1.9;11.61;0;3.4;19837
99094;50.24822;4.61816;248;20220622;23.3;11.9;17.6;2.6;13.11;1;4.18;21763
99094;50.24822;4.61816;248;20220623;26.9;17.5;22.2;2.4;17.31;12;4.62;21633
99094;50.24822;4.61816;248;20220624;21.3;15.9;18.6;2.5;17.01;12;3;15701
99094;50.24822;4.61816;248;20220625;21.3;14.1;17.7;3.4;15.31;6;2.91;13375
99094;50.24822;4.61816;248;20220626;19.2;12.4;15.8;2.2;14.31;0;2.89;16866
99094;50.24822;4.61816;248;20220627;19.2;12.9;16;2;13.41;4;3.24;18660
99094;50.24822;4.61816;248;20220628;23.6;9.8;16.7;1.2;12.11;0;4.61;28424
99094;50.24822;4.61816;248;20220629;25.9;12.3;19.1;1.7;12.61;0;4.99;27298
99094;50.24822;4.61816;248;20220630;18.4;12.6;15.5;2.8;13.61;13;2.98;17268
99094;50.24822;4.61816;248;20220701;19.8;10.8;15.3;2.6;11.91;0;3.59;20378
99094;50.24822;4.61816;248;20220702;23.3;9.9;16.6;2;11.41;0;4.38;24516
99094;50.24822;4.61816;248;20220703;21.4;12.4;16.9;2;12.51;0;4.13;23824
99094;50.24822;4.61816;248;20220704;22.4;10.2;16.3;1.8;11.91;0;4.5;27346
99094;50.24822;4.61816;248;20220705;22.1;11.1;16.6;2.2;12.11;0;4.39;25584
99094;50.24822;4.61816;248;20220706;21.4;9.9;15.6;1.9;11.71;0;3.71;21104
99094;50.24822;4.61816;248;20220707;18;15.1;16.5;3.9;13.71;0;2.63;10773
99094;50.24822;4.61816;248;20220708;22.6;9.9;16.2;2.2;12.21;0;4.54;27477
99094;50.24822;4.61816;248;20220709;24.1;12.9;18.5;2.4;13.41;0;4.51;23953
99094;50.24822;4.61816;248;20220710;21;9.4;15.2;2.8;12.21;0;3.6;20372
99094;50.24822;4.61816;248;20220711;24.2;12.4;18.3;1.6;14.31;0;4.07;22745
99094;50.24822;4.61816;248;20220712;28.6;12.2;20.4;1.3;13.31;0;4.55;23289
99094;50.24822;4.61816;248;20220713;31.3;21.2;26.2;2.9;13.31;0;6.02;20431
99094;50.24822;4.61816;248;20220714;25.2;16.1;20.6;2.8;14.31;0;4.66;21531
99094;50.24822;4.61816;248;20220715;22.2;10.6;16.4;2.1;11.21;0;4.25;24165
99094;50.24822;4.61816;248;20220716;23.5;11.3;17.4;2;11.61;0;4.02;20683
99094;50.24822;4.61816;248;20220717;26.5;10.8;18.6;1.6;10.61;0;4.79;25581
99094;50.24822;4.61816;248;20220718;34;14.6;24.3;1.1;10.61;0;5.25;25308
99094;50.24822;4.61816;248;20220719;36.9;18.3;27.6;2.8;11.41;0;7.93;30487
99094;50.24822;4.61816;248;20220720;25.3;18.6;21.9;4.2;16.81;5;4.09;14395
99094;50.24822;4.61816;248;20220721;21.3;16.3;18.8;4.2;17.01;0;2.72;11984
99094;50.24822;4.61816;248;20220722;22.4;12.6;17.5;2.5;14.31;0;3.9;22292
99094;50.24822;4.61816;248;20220723;26.7;12.3;19.5;1.3;15.19;0;3.96;20865
99094;50.24822;4.61816;248;20220724;30;15.1;22.5;1.8;15.11;0;5.04;24234
99094;50.24822;4.61816;248;20220725;24.5;20;22.2;4.5;14.61;0;4.8;15770
99094;50.24822;4.61816;248;20220726;22.5;14.4;18.4;3.6;14.31;0;3.31;13231
99094;50.24822;4.61816;248;20220727;21.2;10.1;15.6;2.7;10.71;0;4.28;25001
99094;50.24822;4.61816;248;20220728;24.3;10.9;17.6;2.5;10.41;0;4.17;18824
99094;50.24822;4.61816;248;20220729;26;12.7;19.3;2.1;12.01;0;4.8;25023
99094;50.24822;4.61816;248;20220730;26.2;12.3;19.2;2;12.61;0;4.07;19252
99094;50.24822;4.61816;248;20220731;23.5;15.5;19.5;3.9;16.11;0;3.11;11574
99094;50.24822;4.61816;248;20220801;23.8;17;20.4;2.1;17.41;1;3.01;13942
99094;50.24822;4.61816;248;20220802;28.1;14.6;21.3;2;15.61;0;4;17953
99094;50.24822;4.61816;248;20220803;32.7;15.3;24;1.7;15.61;0;5.55;26994
99094;50.24822;4.61816;248;20220804;28.7;20.3;24.5;1.9;17.31;5;3.8;14557
99094;50.24822;4.61816;248;20220805;23.3;16.4;19.8;3.2;15.81;0;3.54;16004
99094;50.24822;4.61816;248;20220806;21.3;9.4;15.3;2.7;9.61;0;3.89;20199
99094;50.24822;4.61816;248;20220807;23.9;10.2;17;2.9;10.51;0;4.38;21559
99094;50.24822;4.61816;248;20220808;25.2;11.6;18.4;2.7;12.01;0;4.47;22371
99094;50.24822;4.61816;248;20220809;27.6;12.9;20.2;3.5;13.11;0;5.35;24880
99094;50.24822;4.61816;248;20220810;30.6;15.4;23;2.8;12.11;0;5.83;24900
99094;50.24822;4.61816;248;20220811;31.3;16.9;24.1;2;10.71;0;5.57;25428
99094;50.24822;4.61816;248;20220812;32.2;18.2;25.2;1.8;10.31;0;5.47;24728
101094;50.69632;4.56668;130;20220101;13.7;9.8;11.7;4.3;11.5;0;0.65;3207
101094;50.69632;4.56668;130;20220102;12.5;10.6;11.5;6.3;10.41;6;1.27;1900
101094;50.69632;4.56668;130;20220103;10.1;8.6;9.4;5.8;10.07;13;0.87;906
101094;50.69632;4.56668;130;20220104;7.5;6.4;6.9;3.8;8.93;7;0.53;1059
101094;50.69632;4.56668;130;20220105;4.8;0.6;2.7;4.8;6.73;1;0.4;1833
101094;50.69632;4.56668;130;20220106;4.9;2.2;3.6;3.9;6.67;1;0.46;2655
101094;50.69632;4.56668;130;20220107;5.1;2.2;3.6;5.5;6.77;5;0.64;1317
101094;50.69632;4.56668;130;20220108;5.9;0.8;3.4;6;7.4;14;0.38;1172
101094;50.69632;4.56668;130;20220109;6.3;3.9;5.1;4.6;6.93;0;0.71;2835
101094;50.69632;4.56668;130;20220110;0.5;-1.3;-0.4;2.3;5.9;0;0.19;1259
101094;50.69632;4.56668;130;20220111;5.6;-0.3;2.6;2.6;5.73;0;0.44;3740
101094;50.69632;4.56668;130;20220112;3.4;0.2;1.8;1.8;6.5;0;0.32;1060
101094;50.69632;4.56668;130;20220113;7;0.2;3.6;1.5;6.49;0;0.19;3946
101094;50.69632;4.56668;130;20220114;7.8;0.3;4.1;1.8;7.17;0;0.17;4390
101094;50.69632;4.56668;130;20220115;4.6;0.6;2.6;1.9;6.67;1;0.19;3747
101094;50.69632;4.56668;130;20220116;2.9;0;1.5;3.8;7.03;1;0.12;995
101094;50.69632;4.56668;130;20220117;6.4;2.5;4.5;2.9;8.27;0;0.21;2051
101094;50.69632;4.56668;130;20220118;7.8;4.5;6.2;1.4;7.93;0;0.43;2048
101094;50.69632;4.56668;130;20220119;4.6;0;2.3;3.1;7.27;2;0.22;1068
101094;50.69632;4.56668;130;20220120;4.8;2.3;3.5;3.3;6.73;1;0.44;2964
101094;50.69632;4.56668;130;20220121;5.3;-0.3;2.5;2.6;6.8;1;0.3;2565
101094;50.69632;4.56668;130;20220122;5.3;2.6;4;2.5;7.5;1;0.43;799
101094;50.69632;4.56668;130;20220123;5;3.5;4.3;1.5;7.1;0;0.49;956
101094;50.69632;4.56668;130;20220124;5.6;2.3;4;1.8;6.13;0;0.4;5094
101094;50.69632;4.56668;130;20220125;0.9;-1.6;-0.3;1.6;6;0;0.23;1199
101094;50.69632;4.56668;130;20220126;1.6;0.3;1;3;6.3;0;0.31;772
101094;50.69632;4.56668;130;20220127;8;1.7;4.8;4.8;8.17;1;0.43;1762
101094;50.69632;4.56668;130;20220128;4.9;1.5;3.2;3.7;7.7;0;0.2;2142
101094;50.69632;4.56668;130;20220129;10.4;3.9;7.1;6;9.43;0;0.55;2078
101094;50.69632;4.56668;130;20220130;7.2;2.2;4.7;3.3;6.83;1;0.65;4173
101094;50.69632;4.56668;130;20220131;5.7;3.3;4.5;7.8;6.77;1;0.99;1782
101094;50.69632;4.56668;130;20220201;8.7;1.5;5.1;5.3;8.23;1;0.54;1378
101094;50.69632;4.56668;130;20220202;8.7;7.3;8;3.8;9.9;1;0.52;1677
101094;50.69632;4.56668;130;20220203;7.1;6.9;7;4.6;8.7;1;0.74;720
101094;50.69632;4.56668;130;20220204;8.3;5.8;7.1;6;8.2;2;0.99;2364
101094;50.69632;4.56668;130;20220205;7.5;1.5;4.5;6;6.67;1;0.92;6054
101094;50.69632;4.56668;130;20220206;9.2;6.3;7.7;9.4;8.27;18;1.38;1755
101094;50.69632;4.56668;130;20220207;7.4;2.3;4.8;5.1;6.3;1;1.04;7577
101094;50.69632;4.56668;130;20220208;9.6;4;6.8;4.9;9.83;0;0.33;2824
101094;50.69632;4.56668;130;20220209;11.4;7.7;9.5;3.7;9.03;0;1.07;4985
101094;50.69632;4.56668;130;20220210;7.3;2.9;5.1;2.9;8.09;6;0.54;2361
101094;50.69632;4.56668;130;20220211;6.7;1.7;4.2;2.8;6.23;0;0.75;6592
101094;50.69632;4.56668;130;20220212;7.1;-0.4;3.3;4.2;5.1;0;1.17;7748
101094;50.69632;4.56668;130;20220213;9.9;1.1;5.5;6.6;6.3;1;1.53;6835
101094;50.69632;4.56668;130;20220214;10.3;9;9.6;6.8;7.9;3;1.88;5507
101094;50.69632;4.56668;130;20220215;9.3;5.1;7.2;6.3;8.33;7;1.03;6408
101094;50.69632;4.56668;130;20220216;12.9;7.1;10;9.1;11.77;5;0.6;2770
101094;50.69632;4.56668;130;20220217;11.4;9;10.2;9.3;8.5;1;2.1;6655
101094;50.69632;4.56668;130;20220218;12.1;6.5;9.3;9.4;8.2;2;2.05;3461
101094;50.69632;4.56668;130;20220219;8;3.4;5.7;8.3;6.43;0;1.6;6595
101094;50.69632;4.56668;130;20220220;10.9;5;7.9;9.7;9.17;8;1.11;2436
101094;50.69632;4.56668;130;20220221;8.1;4.4;6.3;8.3;7.03;3;1.49;3783
101094;50.69632;4.56668;130;20220222;10.3;2.9;6.6;5;8.73;1;0.79;3783
101094;50.69632;4.56668;130;20220223;11.2;2.7;7;4;7.3;0;1.33;9371
101094;50.69632;4.56668;130;20220224;10.5;6;8.2;5.6;6.77;3;1.93;5543
101094;50.69632;4.56668;130;20220225;7.5;1.5;4.5;4.4;6.2;1;1.16;5734
101094;50.69632;4.56668;130;20220226;7.7;-0.7;3.5;2.4;6;0;0.94;9969
101094;50.69632;4.56668;130;20220227;8.4;-0.3;4;3.9;4.65;0;1.94;12550
101094;50.69632;4.56668;130;20220228;11.1;1.1;6.1;3.6;4.65;0;1.98;12450
101094;50.69632;4.56668;130;20220301;10;1.7;5.8;2;5.47;0;1.24;5789
101094;50.69632;4.56668;130;20220302;10.3;2.9;6.6;2;5.5;0;1.36;7539
101094;50.69632;4.56668;130;20220303;12.5;0.2;6.4;2.2;5.5;0;1.59;11587
101094;50.69632;4.56668;130;20220304;11.5;-0.2;5.6;2.1;4.83;0;1.57;12664
101094;50.69632;4.56668;130;20220305;9.8;-1.5;4.2;1.8;4.77;0;1.34;12044
101094;50.69632;4.56668;130;20220306;6.5;-1.8;2.4;3.3;4.67;0;1.36;11235
101094;50.69632;4.56668;130;20220307;5.4;-2.7;1.3;3.9;3.97;0;1.53;13543
100094;50.47228;4.59257;155;20220204;8.1;5.6;6.8;6.2;8.05;2;0.95;2699
100094;50.47228;4.59257;155;20220205;7.1;1.3;4.2;6.7;6.45;2;0.95;6568
100094;50.47228;4.59257;155;20220206;9.1;6.2;7.7;10.1;8.05;17;1.44;1945
100094;50.47228;4.59257;155;20220207;7;2.1;4.5;5.3;6.15;0;1.02;7492
100094;50.47228;4.59257;155;20220208;9.1;3.6;6.4;5.4;9.55;1;0.29;2853
100094;50.47228;4.59257;155;20220209;10.9;7.6;9.2;3.6;8.8;0;1.02;5798
100094;50.47228;4.59257;155;20220210;6.9;1.8;4.3;3.6;7.51;10;0.52;3531
100094;50.47228;4.59257;155;20220211;6.5;1.3;3.9;3.1;6;1;0.8;7010
100094;50.47228;4.59257;155;20220212;6.9;-1.2;2.9;3.9;5;2;1.07;8333
100094;50.47228;4.59257;155;20220213;9.7;0.8;5.2;6.5;6.15;2;1.49;6804
100094;50.47228;4.59257;155;20220214;9.7;8.8;9.3;6.6;7.9;2;1.76;5900
100094;50.47228;4.59257;155;20220215;8.9;5;6.9;6.6;8.15;8;1.02;7007
100094;50.47228;4.59257;155;20220216;12.7;7;9.9;10;11.7;6;0.52;2370
100094;50.47228;4.59257;155;20220217;10.9;8.8;9.8;9.2;8.4;1;1.99;6818
100094;50.47228;4.59257;155;20220218;11.7;7;9.4;10;8.15;2;2.08;3979
100094;50.47228;4.59257;155;20220219;7.7;3.2;5.5;9;6.3;0;1.6;6659
100094;50.47228;4.59257;155;20220220;10.7;5;7.8;9.8;9.05;7;1.06;2474
100094;50.47228;4.59257;155;20220221;8;4.3;6.2;8.6;6.95;4;1.48;4960
100094;50.47228;4.59257;155;20220222;9.9;3.2;6.6;5.2;8.65;3;0.78;4699
100094;50.47228;4.59257;155;20220223;10.7;2.5;6.6;4.1;7.3;0;1.25;9137
100094;50.47228;4.59257;155;20220224;10.1;5.8;7.9;5.8;6.65;3;1.89;6270
100094;50.47228;4.59257;155;20220225;7.3;1.2;4.3;4.5;6.1;1;1.16;7220
100094;50.47228;4.59257;155;20220226;7.9;-1.7;3.1;2.6;5.55;1;1.04;11522
100094;50.47228;4.59257;155;20220227;10.6;1.3;6;4.2;4.35;0;2.13;12434
100094;50.47228;4.59257;155;20220228;11.2;0.5;5.9;3.1;4.45;0;1.86;12324
100094;50.47228;4.59257;155;20220301;10;0.8;5.4;2.1;5.2;1;1.33;7007
100094;50.47228;4.59257;155;20220302;9.9;2.8;6.3;2.2;5.35;1;1.39;7070
100094;50.47228;4.59257;155;20220303;12.8;0.5;6.6;2.6;5.6;0;1.69;12322
100094;50.47228;4.59257;155;20220304;11.6;0.5;6;2.4;4.8;0;1.69;13051
100094;50.47228;4.59257;155;20220305;9.9;-0.6;4.6;2.2;4.55;0;1.53;13114
100094;50.47228;4.59257;155;20220306;6.1;-2.2;2;3.6;4.65;0;1.31;11861
100094;50.47228;4.59257;155;20220307;5.2;-2.9;1.1;4.8;3.85;0;1.62;13909
100094;50.47228;4.59257;155;20220308;10.7;-1.5;4.6;3.7;3.35;0;2.33;14470
100094;50.47228;4.59257;155;20220309;14.5;1.5;8;2.9;4.45;0;2.39;14373
100094;50.47228;4.59257;155;20220310;16;3.1;9.6;3.3;5.4;0;2.61;14099
100094;50.47228;4.59257;155;20220311;15.6;3.9;9.8;5;6.7;0;2.73;12381
100094;50.47228;4.59257;155;20220312;14.3;8.1;11.2;5.2;8.35;0;2.33;9686
100094;50.47228;4.59257;155;20220313;14.8;7.4;11.1;5;8.35;0;2.31;9561
100094;50.47228;4.59257;155;20220314;13.3;7.2;10.2;3.6;8.05;0;2;11131
100094;50.47228;4.59257;155;20220315;9.7;5.5;7.6;2.3;8.4;4;1.01;5182
100094;50.47228;4.59257;155;20220316;12.5;3.1;7.8;3.4;9.45;0;1.02;7143
100094;50.47228;4.59257;155;20220317;8.4;7;7.7;3.5;7.75;0;1.3;5712
100094;50.47228;4.59257;155;20220318;13.6;0.9;7.3;5.1;5.95;0;2.63;16684
100094;50.47228;4.59257;155;20220319;13.3;3.5;8.4;6.8;5.6;0;3.18;16571
100094;50.47228;4.59257;155;20220320;10;1;5.5;3.1;5.35;0;1.92;14340
100094;50.47228;4.59257;155;20220321;18.1;1.7;9.9;2;7.05;0;2.32;16095
100094;50.47228;4.59257;155;20220322;18.8;6.5;12.6;2.4;6.45;0;2.85;16205
100094;50.47228;4.59257;155;20220323;18.1;2.6;10.4;1.4;5.75;0;2.34;17282
100094;50.47228;4.59257;155;20220324;17.4;2.4;9.9;1.7;5.55;0;2.43;17355
100094;50.47228;4.59257;155;20220325;15.9;3.5;9.7;3.3;6.7;0;2.73;17098
100094;50.47228;4.59257;155;20220326;17.1;3.1;10.1;4.3;7.05;0;3.08;17826
100094;50.47228;4.59257;155;20220327;14.2;5.1;9.7;3.4;9.65;1;1.88;15163
100094;50.47228;4.59257;155;20220328;17.3;3;10.1;1.8;9;1;2.1;15607
100094;50.47228;4.59257;155;20220329;14.2;6.6;10.4;3.1;8.9;2;1.75;7382
100094;50.47228;4.59257;155;20220330;11.4;5.2;8.3;3.5;7.65;2;1.81;10598
100094;50.47228;4.59257;155;20220331;7.1;3.8;5.5;3.5;6.75;2;1.3;7304
100094;50.47228;4.59257;155;20220401;1.2;0.1;0.7;6.4;5.9;3;0.51;2700
100094;50.47228;4.59257;155;20220402;5.1;-0.5;2.3;5.1;4.5;2;1.73;11172
100094;50.47228;4.59257;155;20220403;7.7;-2.8;2.4;2.8;4.4;1;1.89;17088
100094;50.47228;4.59257;155;20220404;6.4;-0.2;3.1;7.3;7;7;0.82;7412
100094;50.47228;4.59257;155;20220405;12.1;5.1;8.6;6.4;10.5;3;0.95;7040
100094;50.47228;4.59257;155;20220406;11;7.6;9.3;7.1;8.85;2;1.79;6775
100094;50.47228;4.59257;155;20220407;11.9;8.3;10.1;10.5;8.5;5;2.68;12931
100094;50.47228;4.59257;155;20220408;5.8;4.3;5;3.1;6.95;4;1.04;4438
100094;50.47228;4.59257;155;20220409;9.7;1.1;5.4;4;6.2;0;2.1;17128
100094;50.47228;4.59257;155;20220410;11.7;1;6.3;2.2;6.2;0;2.13;16679
100094;50.47228;4.59257;155;20220411;17.7;2.8;10.3;3.3;6.3;0;3.4;18912
100094;50.47228;4.59257;155;20220412;20.3;8.7;14.5;3.6;8.65;0;3.69;17219
100094;50.47228;4.59257;155;20220413;14.8;10.3;12.6;2;11.8;0;1.51;7638
100094;50.47228;4.59257;155;20220414;18.3;8.1;13.2;2.2;11.4;0;2.57;17130
100094;50.47228;4.59257;155;20220415;16.9;6.9;11.9;3;9.95;0;2.84;19358
100094;50.47228;4.59257;155;20220416;16.2;4.8;10.5;4.2;7.9;0;3.29;21519
100094;50.47228;4.59257;155;20220417;19.5;4.8;12.2;3;5.05;0;4.2;23388
100094;50.47228;4.59257;155;20220418;18.8;5.7;12.3;2.5;5.8;0;3.67;19793
100094;50.47228;4.59257;155;20220419;18.3;5;11.6;3;7.25;0;3.33;17746
100094;50.47228;4.59257;155;20220420;16.4;6.1;11.2;4.7;6.71;0;3.71;18986
100094;50.47228;4.59257;155;20220421;17.7;5.4;11.6;4.8;7.6;0;3.91;22848
100094;50.47228;4.59257;155;20220422;16.3;6.6;11.4;5;8.6;0;3.23;17988
100094;50.47228;4.59257;155;20220423;19.3;8.3;13.8;4.8;9.15;0;3.71;16259
100094;50.47228;4.59257;155;20220424;18.3;8.2;13.2;4.6;7.7;0;4.19;21088
100094;50.47228;4.59257;155;20220425;12.3;5;8.6;3.4;8.35;1;2.02;12664
100094;50.47228;4.59257;155;20220426;13;6.3;9.7;3.8;8.25;0;2.25;11811
100094;50.47228;4.59257;155;20220427;15.7;2.8;9.2;3.9;7.75;1;3.29;24127
100094;50.47228;4.59257;155;20220428;18.1;4;11.1;4;7.85;0;3.76;22859
100094;50.47228;4.59257;155;20220429;14.4;7.3;10.9;3.4;8.65;0;2.48;12619
100094;50.47228;4.59257;155;20220430;12.5;3.8;8.2;4;7.45;0;2.63;18325
100094;50.47228;4.59257;155;20220501;14.6;2.3;8.4;2.1;7.35;0;2.63;18852
100094;50.47228;4.59257;155;20220502;17.7;5.9;11.8;3.4;7.45;0;3.93;24318
100094;50.47228;4.59257;155;20220503;18;5.8;11.9;3.7;8.05;0;3.03;11248
100094;50.47228;4.59257;155;20220504;17.8;5.7;11.7;2.2;9.05;0;3.23;21532
100094;50.47228;4.59257;155;20220505;18.3;8.4;13.4;2.3;10.85;0;2.57;13783
100094;50.47228;4.59257;155;20220506;20.2;6.8;13.5;1.5;10.45;0;3.28;21234
100094;50.47228;4.59257;155;20220507;20;10.3;15.1;2.6;11.3;1;3;14517
100094;50.47228;4.59257;155;20220508;19;10.2;14.6;4;10.95;0;3.66;20153
100094;50.47228;4.59257;155;20220509;23.9;7.2;15.6;2.1;9.85;0;4.41;24947
100094;50.47228;4.59257;155;20220510;24.6;12;18.3;3.6;11.35;0;4.33;15994
100094;50.47228;4.59257;155;20220511;24.1;11.9;18;4.3;11.35;0;5.25;25388
100094;50.47228;4.59257;155;20220512;19.2;10.2;14.7;3.8;10.9;0;3.63;19397
100094;50.47228;4.59257;155;20220513;18.2;7.5;12.9;4.5;9.15;0;3.95;22621
100094;50.47228;4.59257;155;20220514;22;7.5;14.7;2.6;9.8;0;4.35;25460
100094;50.47228;4.59257;155;20220515;26.6;9.4;18;2.9;10.3;0;5.18;24493
100094;50.47228;4.59257;155;20220516;22.3;16.5;19.4;3.5;12.6;0;4.22;16786
100094;50.47228;4.59257;155;20220517;26.9;13.1;20;2.9;12.65;0;4.81;20684
100094;50.47228;4.59257;155;20220518;26.8;15.6;21.2;2.2;13.9;0;4.63;20820
100094;50.47228;4.59257;155;20220519;26.8;17.9;22.4;4;15.15;3;5.02;18411
100094;50.47228;4.59257;155;20220520;21.5;13.1;17.3;3.2;14.45;10;2.84;12262
100094;50.47228;4.59257;155;20220521;19.5;9.8;14.7;3.8;11;0;3.83;21012
100094;50.47228;4.59257;155;20220522;23.2;8.9;16;1.6;12.05;0;4.22;25701
100094;50.47228;4.59257;155;20220523;20.9;14.4;17.6;3.1;13.9;7;2.91;11755
100094;50.47228;4.59257;155;20220524;16.3;10.4;13.3;5.1;10.85;1;3.13;16621
100094;50.47228;4.59257;155;20220525;18;7.8;12.9;5;10.1;0;3.72;21898
100094;50.47228;4.59257;155;20220526;19;12.6;15.8;5.9;12.45;0;3.66;17651
100094;50.47228;4.59257;155;20220527;18.9;11.9;15.4;4.6;11.5;1;3.94;20794
100094;50.47228;4.59257;155;20220528;17;7.5;12.2;3.1;8.7;0;3.74;22840
100094;50.47228;4.59257;155;20220529;13.6;4.2;8.9;2.6;8.9;1;2.45;17541
100094;50.47228;4.59257;155;20220530;15.5;3.8;9.7;1.9;8.35;0;3.04;21372
100094;50.47228;4.59257;155;20220531;18.7;9.2;14;2.2;8.55;1;3.74;20323
100094;50.47228;4.59257;155;20220601;17.9;6.9;12.4;3.1;8.75;0;3.86;23168
100094;50.47228;4.59257;155;20220602;20.7;4.9;12.8;2.4;9.2;0;4.48;28947
100094;50.47228;4.59257;155;20220603;24.1;8.6;16.4;2.9;10.4;0;4.6;21869
100094;50.47228;4.59257;155;20220604;25.4;13.9;19.7;4.2;13.7;6;5.28;23619
100094;50.47228;4.59257;155;20220605;19.2;15.8;17.5;3;17.55;11;1.9;9101
100094;50.47228;4.59257;155;20220606;18.6;11.5;15.1;4.8;12.1;0;3.66;19817
100094;50.47228;4.59257;155;20220607;18.5;11.4;14.9;2.8;13.25;8;2.55;13212
100094;50.47228;4.59257;155;20220608;18.1;12.5;15.3;3.6;14.1;13;2.34;11370
100094;50.47228;4.59257;155;20220609;20.2;11.6;15.9;4;12.6;2;3.8;20139
100094;50.47228;4.59257;155;20220610;22.7;14.2;18.4;3.5;13.1;0;4.16;18397
100094;50.47228;4.59257;155;20220611;22.7;15.1;18.9;2.5;14.2;0;4.37;22894
100094;50.47228;4.59257;155;20220612;21.4;9.7;15.6;2.5;11.25;0;4.64;27992
100094;50.47228;4.59257;155;20220613;19.6;10.4;15;2.9;10.9;0;4.17;24292
100094;50.47228;4.59257;155;20220614;20.9;7;14;2.3;9.85;0;4.63;29076
100094;50.47228;4.59257;155;20220615;25.4;9.9;17.7;2.6;11.8;0;5.33;28724
100094;50.47228;4.59257;155;20220616;23.8;12.7;18.3;2.6;12.3;0;5.05;26818
100094;50.47228;4.59257;155;20220617;29.5;13.5;21.5;2.7;12.95;0;5.88;26055
100094;50.47228;4.59257;155;20220618;33;19.9;26.5;2.9;16;0;6.88;27445
100094;50.47228;4.59257;155;20220619;20;14.2;17.1;5.4;13.7;2;3.85;18388
100094;50.47228;4.59257;155;20220620;20.5;11.9;16.2;3.9;12.1;1;4.16;21911
100094;50.47228;4.59257;155;20220621;19.9;8.7;14.3;3.1;11.35;0;3.23;16224
100094;50.47228;4.59257;155;20220622;25.8;10.5;18.2;3.3;12;0;5.19;24262
100094;50.47228;4.59257;155;20220623;27.9;15.2;21.6;3;15.75;11;5.41;25255
100094;50.47228;4.59257;155;20220624;22.3;16.3;19.3;3.3;17.3;5;3.48;17740
100094;50.47228;4.59257;155;20220625;21.4;15.4;18.4;3.8;15.2;6;3.17;13018
100094;50.47228;4.59257;155;20220626;19.9;12.9;16.4;2.5;14.6;0;2.85;15167
100094;50.47228;4.59257;155;20220627;19.4;13.4;16.4;2.1;14.2;6;2.81;14840
100094;50.47228;4.59257;155;20220628;23.9;9.7;16.8;2;12.05;0;4.69;26930
100094;50.47228;4.59257;155;20220629;26.5;13;19.7;2.3;13.25;0;5.21;26380
100094;50.47228;4.59257;155;20220630;18.7;12.8;15.8;2.8;13.85;12;2.48;12132
100094;50.47228;4.59257;155;20220701;20.5;10.9;15.7;3.3;12.2;0;4.14;23860
100094;50.47228;4.59257;155;20220702;23.8;9.3;16.6;2;12.15;0;4.7;27416
100094;50.47228;4.59257;155;20220703;22;12.5;17.3;2.7;12.65;0;4.54;25238
100094;50.47228;4.59257;155;20220704;23.3;10.2;16.7;2;12.15;0;4.73;27918
100094;50.47228;4.59257;155;20220705;22.8;10.2;16.5;2.1;12.15;0;4.45;25800
100094;50.47228;4.59257;155;20220706;22.2;8.6;15.4;1.8;11.75;0;3.63;20283
100094;50.47228;4.59257;155;20220707;18.9;15.1;17;3.9;13.75;0;3.09;13647
100094;50.47228;4.59257;155;20220708;23.6;9;16.3;1.9;12.3;0;4.62;27763
100094;50.47228;4.59257;155;20220709;24.4;12.9;18.6;2.5;13.6;0;4.49;23057
99094;50.24822;4.61816;248;20220101;12.4;9.3;10.8;3.3;11.21;0;0.39;3287
99094;50.24822;4.61816;248;20220102;11.8;9.2;10.5;6.9;10.01;3;1.1;2187
99094;50.24822;4.61816;248;20220103;9.4;8.5;8.9;5.8;9.61;23;0.75;1677
99094;50.24822;4.61816;248;20220104;6.8;5.7;6.2;3.3;8.41;6;0.51;706
99094;50.24822;4.61816;248;20220105;3.2;-0.1;1.5;5.2;6.11;1;0.28;3014
99094;50.24822;4.61816;248;20220106;4.1;1.9;3;3.8;6.31;1;0.42;2833
99094;50.24822;4.61816;248;20220107;3.5;0.9;2.2;5.3;6.31;13;0.46;1080
99094;50.24822;4.61816;248;20220108;5.2;0.2;2.7;5.6;6.91;13;0.28;2256
99094;50.24822;4.61816;248;20220109;4.7;2.7;3.7;4.8;6.61;0;0.48;3202
99094;50.24822;4.61816;248;20220110;0.9;-1.8;-0.5;1.9;5.81;0;0.19;1133
99094;50.24822;4.61816;248;20220111;4.3;-1.6;1.3;1.4;5.31;0;0.23;3607
99094;50.24822;4.61816;248;20220112;2.5;-2.6;-0.1;1.1;5.91;0;0.16;2137
99094;50.24822;4.61816;248;20220113;6.8;-1.5;2.6;1;6.21;0;0.05;5023
99094;50.24822;4.61816;248;20220114;10.5;-1.2;4.6;1.1;5.91;0;0.16;5847
99094;50.24822;4.61816;248;20220115;8.4;-3.2;2.6;1.1;5.41;0;0.24;4605
99094;50.24822;4.61816;248;20220116;1.3;-1.2;0;3.8;6.11;1;0.14;1173
99094;50.24822;4.61816;248;20220117;4.2;0.9;2.5;3;7.41;0;0.15;1356
99094;50.24822;4.61816;248;20220118;6.8;3.2;5;1.9;7.31;0;0.36;3170
99094;50.24822;4.61816;248;20220119;3.3;-0.3;1.5;2.8;6.81;3;0.17;1452
99094;50.24822;4.61816;248;20220120;3.7;1.5;2.6;3.4;6.41;1;0.39;2579
99094;50.24822;4.61816;248;20220121;4.3;0;2.1;3;6.41;1;0.32;2738
99094;50.24822;4.61816;248;20220122;4.2;1.3;2.7;2.7;7.01;1;0.26;2288
99094;50.24822;4.61816;248;20220123;3.3;2.5;2.9;1.8;6.41;0;0.35;2850
99094;50.24822;4.61816;248;20220124;5.3;0.6;2.9;1.6;6.01;0;0.26;5693
99094;50.24822;4.61816;248;20220125;5.2;-2.7;1.2;1.5;5.61;0;0.2;6179
99094;50.24822;4.61816;248;20220126;0.2;-2.5;-1.2;3.1;5.81;0;0.09;1401
99094;50.24822;4.61816;248;20220127;6.3;0;3.1;4.9;7.61;2;0.16;3138
99094;50.24822;4.61816;248;20220128;4.5;-0.2;2.1;3.6;7.31;0;0.06;3782
99094;50.24822;4.61816;248;20220129;9.1;3.3;6.2;6.2;9.01;1;0.33;3579
99094;50.24822;4.61816;248;20220130;5.4;1.5;3.4;3;6.51;1;0.46;4919
99094;50.24822;4.61816;248;20220131;4.7;2;3.3;7.9;6.31;1;0.84;1515
99094;50.24822;4.61816;248;20220201;7.9;1.2;4.5;5.7;7.91;1;0.42;2389
99094;50.24822;4.61816;248;20220202;8.4;6.9;7.6;4.9;9.71;1;0.46;1181
99094;50.24822;4.61816;248;20220203;6.1;6.1;6.1;4.3;8.11;1;0.67;61
99094;50.24822;4.61816;248;20220204;7.1;4.8;5.9;5.9;7.71;2;0.79;3104
99094;50.24822;4.61816;248;20220205;6.5;1.1;3.8;5.6;6.31;1;0.83;5356
99094;50.24822;4.61816;248;20220206;8.8;5;6.9;10.1;7.91;17;1.18;2800
99094;50.24822;4.61816;248;20220207;6.5;2.3;4.4;4.9;5.91;1;1.04;6244
99094;50.24822;4.61816;248;20220208;8.5;2.7;5.6;4.9;9.21;1;0.19;2497
99094;50.24822;4.61816;248;20220209;11.3;6.8;9;2.8;8.31;0;0.97;5904
99094;50.24822;4.61816;248;20220210;6.4;2.7;4.5;2.8;7.71;8;0.45;2074
99094;50.24822;4.61816;248;20220211;5.6;0.5;3;3.1;5.81;0;0.71;6611
99094;50.24822;4.61816;248;20220212;6.2;-1.9;2.1;3.2;4.71;0;0.97;6086
99094;50.24822;4.61816;248;20220213;10.1;-0.7;4.7;6.4;6.01;1;1.45;7193
99094;50.24822;4.61816;248;20220214;9.6;8.4;9;5.7;8.7;2;1.34;6000
99094;50.24822;4.61816;248;20220215;8.2;4.6;6.4;5.8;7.81;9;0.92;5280
99094;50.24822;4.61816;248;20220216;12.2;6.4;9.3;9.7;11.21;6;0.47;3831
99094;50.24822;4.61816;248;20220217;9.9;8.2;9;9.5;8.21;1;1.77;3328
99094;50.24822;4.61816;248;20220218;10.6;6.6;8.6;9.1;8.11;3;1.67;3470
99094;50.24822;4.61816;248;20220219;6.9;1.9;4.4;8.6;6.41;0;1.18;6208
99094;50.24822;4.61816;248;20220220;9.8;4.3;7;9.8;8.91;6;0.8;4445
99094;50.24822;4.61816;248;20220221;7.2;3.3;5.2;8.9;7.01;5;1.13;4930
99094;50.24822;4.61816;248;20220222;9.2;3.5;6.3;5.4;8.61;3;0.68;4989
99094;50.24822;4.61816;248;20220223;10;2.9;6.4;3.2;7.51;0;1.01;9033
99094;50.24822;4.61816;248;20220224;9.3;5.9;7.6;6;6.81;2;1.71;5662
99094;50.24822;4.61816;248;20220225;7.4;0.2;3.8;4.4;6.01;1;1.09;9233
99094;50.24822;4.61816;248;20220226;7.5;-2.1;2.7;3.2;5.31;0;1.07;8427
99094;50.24822;4.61816;248;20220227;5.6;0.8;3.2;3.9;4.19;0;2.13;12584
99094;50.24822;4.61816;248;20220228;11.1;-0.7;5.2;2.9;4.36;0;1.76;11250
99094;50.24822;4.61816;248;20220301;9.7;1.9;5.8;1.8;4.71;0;1.3;6751
99094;50.24822;4.61816;248;20220302;9.9;1.5;5.7;1.9;4.51;0;1.38;6716
99094;50.24822;4.61816;248;20220303;13.1;0.8;6.9;2;5.41;0;1.55;11335
99094;50.24822;4.61816;248;20220304;11;2.3;6.6;1.8;4.01;0;1.61;12482
99094;50.24822;4.61816;248;20220305;9.5;-0.6;4.4;1.3;4.21;0;1.2;9658
99094;50.24822;4.61816;248;20220306;6;-2.4;1.8;3.5;4.11;0;1.39;8919
99094;50.24822;4.61816;248;20220307;5.8;-3.4;1.2;4.8;3.51;0;1.75;13070
99094;50.24822;4.61816;248;20220308;10.1;-2;4;4.2;3.11;0;2.41;14071
99094;50.24822;4.61816;248;20220309;14.2;1.9;8;2.5;4.21;0;2.24;14320
99095;50.26417;4.96796;257;20220101;12.1;9;10.6;3.7;11.01;0;0.41;3543
99095;50.26417;4.96796;257;20220102;11.4;8.6;10;6.7;9.71;4;1.12;1743
99095;50.26417;4.96796;257;20220103;9.2;8.4;8.8;5.6;9.41;24;0.83;1238
99095;50.26417;4.96796;257;20220104;6.5;5.5;6;3.3;8.41;7;0.46;803
99095;50.26417;4.96796;257;20220105;2.9;-0.3;1.3;4.9;6.16;1;0.29;2057
99095;50.26417;4.96796;257;20220106;3.5;1.8;2.6;3.6;6.41;1;0.39;2016
99095;50.26417;4.96796;257;20220107;3;0.5;1.8;5.2;6.21;14;0.44;790
99095;50.26417;4.96796;257;20220108;4.6;0;2.3;5.3;6.81;14;0.27;1828
99095;50.26417;4.96796;257;20220109;4.8;2.6;3.7;4.9;6.61;0;0.53;2701
99095;50.26417;4.96796;257;20220110;0.7;-1.4;-0.4;1.8;5.71;0;0.2;1416
99095;50.26417;4.96796;257;20220111;4.7;-2.7;1;1.3;5.26;0;0.19;4103
99095;50.26417;4.96796;257;20220112;1.9;-2.7;-0.4;1.2;5.71;0;0.17;2068
99095;50.26417;4.96796;257;20220113;6.5;-1.7;2.4;0.9;6.16;0;0.04;4961
99095;50.26417;4.96796;257;20220114;9.7;-1.2;4.3;1.1;5.81;0;0.17;5423
99095;50.26417;4.96796;257;20220115;7.8;-3;2.4;1.4;5.26;0;0.29;4802
99095;50.26417;4.96796;257;20220116;1.3;-1.4;0;3.6;6.01;1;0.19;936
99095;50.26417;4.96796;257;20220117;4.1;0.7;2.4;3;7.31;0;0.18;1228
99095;50.26417;4.96796;257;20220118;6.8;3.2;5;2.1;7.31;0;0.4;2985
99095;50.26417;4.96796;257;20220119;2.8;0.1;1.5;2.9;6.71;3;0.23;926
99095;50.26417;4.96796;257;20220120;3.6;1.5;2.6;3.6;6.36;1;0.4;2839
99095;50.26417;4.96796;257;20220121;3.9;-0.1;1.9;2.8;6.41;0;0.31;2369
99095;50.26417;4.96796;257;20220122;4;1.4;2.7;2.5;6.96;0;0.31;1444
99095;50.26417;4.96796;257;20220123;3.2;2.3;2.7;2;6.46;0;0.41;1575
99095;50.26417;4.96796;257;20220124;5.4;0.4;2.9;1.9;5.91;0;0.32;5846
99095;50.26417;4.96796;257;20220125;5.7;-2.5;1.6;1.6;5.66;0;0.25;6139
99095;50.26417;4.96796;257;20220126;0.1;-2.1;-1;2.9;5.76;0;0.16;1000
99095;50.26417;4.96796;257;20220127;5.5;-0.2;2.7;4.7;7.46;2;0.16;1969
99095;50.26417;4.96796;257;20220128;4.1;0.4;2.2;3.7;7.31;0;0.11;2791
99095;50.26417;4.96796;257;20220129;8.7;2.9;5.8;6;9.01;1;0.28;2439
99095;50.26417;4.96796;257;20220130;5.2;1.9;3.6;3.2;6.46;2;0.55;4059
99095;50.26417;4.96796;257;20220131;4.6;2.1;3.3;7.5;6.31;1;0.84;1557
99095;50.26417;4.96796;257;20220201;7.4;1;4.2;5.5;7.71;1;0.45;1594
99095;50.26417;4.96796;257;20220202;8.1;6.9;7.5;4.7;9.46;1;0.52;1140
99095;50.26417;4.96796;257;20220203;6;6;6;4.3;8.11;1;0.67;61
99095;50.26417;4.96796;257;20220204;6.7;4.6;5.7;5.9;7.61;2;0.78;2302
99095;50.26417;4.96796;257;20220205;6.1;0.5;3.3;5.7;6.26;1;0.76;5278
99095;50.26417;4.96796;257;20220206;8.3;4.7;6.5;9.7;7.76;19;1.14;1700
99095;50.26417;4.96796;257;20220207;6.5;1.9;4.2;4.9;5.71;1;1.07;6872
99095;50.26417;4.96796;257;20220208;8;2.1;5;4.9;8.96;1;0.16;2248
99095;50.26417;4.96796;257;20220209;11.4;6.7;9;3.1;8.16;0;1.05;7152
99095;50.26417;4.96796;257;20220210;6.1;2.7;4.4;2.9;7.51;8;0.5;1587
99095;50.26417;4.96796;257;20220211;5.6;0.3;2.9;2.8;5.76;0;0.7;6255
99095;50.26417;4.96796;257;20220212;6;-2;2;3.4;4.66;0;0.97;7693
99095;50.26417;4.96796;257;20220213;9.7;-0.5;4.6;6;5.86;0;1.43;7746
99095;50.26417;4.96796;257;20220214;9.4;8;8.7;5.6;8.1;2;1.45;4800
99095;50.26417;4.96796;257;20220215;8;4.3;6.2;6.1;7.71;7;0.93;6240
99095;50.26417;4.96796;257;20220216;12.1;6.3;9.2;9.5;10.96;6;0.57;3015
99095;50.26417;4.96796;257;20220217;10;8.2;9.1;9.3;7.91;1;1.94;4914
99095;50.26417;4.96796;257;20220218;10.5;6.2;8.4;9;7.86;2;1.73;2585
99095;50.26417;4.96796;257;20220219;6.6;1.9;4.3;8.6;6.16;0;1.28;6554
99095;50.26417;4.96796;257;20220220;9.5;4.2;6.8;9.5;8.76;7;0.81;2872
99095;50.26417;4.96796;257;20220221;6.6;3.2;4.9;7.6;7.33;4;0.95;4650
99095;50.26417;4.96796;257;20220222;8.9;3.4;6.1;5.4;8.41;3;0.71;4044
99095;50.26417;4.96796;257;20220223;9.8;2.3;6.1;3.6;7.26;1;1.08;10116
99095;50.26417;4.96796;257;20220224;9;5.9;7.5;6;6.81;2;1.69;5081
99095;50.26417;4.96796;257;20220225;6.8;-0.2;3.3;4.3;5.86;1;1.03;7216
99095;50.26417;4.96796;257;20220226;7.1;-1.9;2.6;2.9;5.31;0;1.04;10613
99095;50.26417;4.96796;257;20220227;7.3;0.6;3.9;4.5;4.25;0;2.12;13500
99095;50.26417;4.96796;257;20220228;11.1;-0.6;5.3;2.5;4.1;0;1.7;12374
99095;50.26417;4.96796;257;20220301;9.6;0.9;5.3;1.8;4.46;0;1.33;7125
99095;50.26417;4.96796;257;20220302;9.5;0.9;5.2;2.3;4.46;0;1.46;6858
99095;50.26417;4.96796;257;20220303;13.6;0.6;7.1;2.2;5.06;0;1.73;12117
99095;50.26417;4.96796;257;20220304;10.9;1.5;6.2;2.3;3.91;0;1.79;13191
99095;50.26417;4.96796;257;20220305;9.6;-0.7;4.5;1.6;4.06;0;1.38;11529
99095;50.26417;4.96796;257;20220306;5.9;-2.7;1.6;3.5;3.86;0;1.5;11309
99095;50.26417;4.96796;257;20220307;5.6;-3.8;0.9;5;3.46;0;1.76;14035
99095;50.26417;4.96796;257;20220308;10;-1.6;4.2;4.4;3.11;0;2.5;14585
99095;50.26417;4.96796;257;20220309;13.8;1;7.4;2.5;4.16;0;2.21;14510
99095;50.26417;4.96796;257;20220310;15;1.8;8.4;3.8;4.96;0;2.63;13385
99095;50.26417;4.96796;257;20220311;14.4;4.2;9.3;6.2;6.26;1;2.9;12505
99095;50.26417;4.96796;257;20220312;12.7;7.4;10;4.8;8.06;0;1.97;7994
99095;50.26417;4.96796;257;20220313;13.5;6.2;9.8;5.1;8.16;1;2.06;9685
99095;50.26417;4.96796;257;20220314;12.7;6.1;9.4;3.5;7.81;1;1.81;9775
99095;50.26417;4.96796;257;20220315;7.8;4.2;6;2.9;8.21;7;0.79;5081
99095;50.26417;4.96796;257;20220316;10.8;3.2;7;3.4;9.21;0;0.89;7398
99095;50.26417;4.96796;257;20220317;7.8;6.8;7.3;3.3;7.71;0;1.16;4630
99095;50.26417;4.96796;257;20220318;13.1;0.6;6.9;4.4;5.51;0;2.47;15026
99095;50.26417;4.96796;257;20220319;13.3;3.5;8.4;6.2;5.06;0;3.24;14747
99095;50.26417;4.96796;257;20220320;10.2;0.2;5.2;3;4.96;0;1.91;13058
99095;50.26417;4.96796;257;20220321;17.5;2.1;9.8;2.5;7.11;0;2.41;16098
99095;50.26417;4.96796;257;20220322;17.9;6.5;12.2;2.3;6.01;0;2.75;15880
99095;50.26417;4.96796;257;20220323;17.7;3.3;10.5;1.5;5.51;0;2.38;17368
99095;50.26417;4.96796;257;20220324;17.3;1.5;9.4;1.2;5.5;0;2.16;17250
99095;50.26417;4.96796;257;20220325;15.8;1;8.4;2.2;5.8;0;2.44;17150
99095;50.26417;4.96796;257;20220326;17.5;2.3;9.9;3.1;6.4;0;2.96;18100
99095;50.26417;4.96796;257;20220327;17.6;4.2;10.9;2.3;8.85;0;2.44;17900
99095;50.26417;4.96796;257;20220328;19.1;3.7;11.4;1.6;8.25;0;2.31;15500
99095;50.26417;4.96796;257;20220329;16.1;7.1;11.6;2.2;8.85;2;1.94;9150
99095;50.26417;4.96796;257;20220330;12;6;9;3.5;7.81;2;1.88;10324
99095;50.26417;4.96796;257;20220331;4.7;4.2;4.4;3;6.86;1;0.9;4274
99095;50.26417;4.96796;257;20220401;0.7;0.4;0.6;4.4;5.75;1;0.52;1600
99095;50.26417;4.96796;257;20220402;3.2;-1.3;0.9;5.3;4.86;0;1.18;7957
99095;50.26417;4.96796;257;20220403;6.4;-3.6;1.4;2.4;4.21;1;1.65;15267
99095;50.26417;4.96796;257;20220404;6.2;-1.4;2.4;6.3;6.16;6;1.06;8430
99095;50.26417;4.96796;257;20220405;10.8;4;7.4;6.2;10.01;2;0.68;5909
99095;50.26417;4.96796;257;20220406;10.3;7.1;8.7;7.3;8.11;3;1.84;5688
99095;50.26417;4.96796;257;20220407;11.7;7.8;9.7;10.5;8.01;5;2.68;11457
99095;50.26417;4.96796;257;20220408;5;4.2;4.6;3.9;6.86;7;0.9;2646
99095;50.26417;4.96796;257;20220409;8.7;0.5;4.6;3.1;6.26;1;1.71;14439
99095;50.26417;4.96796;257;20220410;10.7;0.8;5.7;2.1;6.01;0;1.88;14276
99095;50.26417;4.96796;257;20220411;17.2;1.8;9.5;3.9;6.06;0;3.41;18685
99095;50.26417;4.96796;257;20220412;19.6;7.8;13.7;3.4;8.16;0;3.42;15402
99095;50.26417;4.96796;257;20220413;16.5;8.8;12.6;2;10.86;0;2.13;12991
99095;50.26417;4.96796;257;20220414;17.6;8.3;13;1.6;10.86;0;2.33;15235
99095;50.26417;4.96796;257;20220415;17.2;6;11.6;1.9;10;0;2.64;19100
99095;50.26417;4.96796;257;20220416;16.3;4.2;10.3;3.5;7.26;0;3.24;20575
99095;50.26417;4.96796;257;20220417;18.4;3.6;11;3.6;4.81;0;4.16;21953
99095;50.26417;4.96796;257;20220418;17.8;6.4;12.1;2.1;5.61;0;3.43;19899
99095;50.26417;4.96796;257;20220419;17.4;4.2;10.8;2.6;6.91;0;3.12;17962
99095;50.26417;4.96796;257;20220420;16.1;6.6;11.3;3.2;6.11;0;3.62;20815
99095;50.26417;4.96796;257;20220421;16.7;4.9;10.8;3.7;7.26;0;3.55;22279
99095;50.26417;4.96796;257;20220422;15.9;5.4;10.6;4.1;8.26;0;2.95;17012
99095;50.26417;4.96796;257;20220423;17.4;8.2;12.8;4.4;8.76;0;3.37;16209
99095;50.26417;4.96796;257;20220424;16.9;8.1;12.5;3.9;7.66;0;3.6;18756
99095;50.26417;4.96796;257;20220425;12.7;4.4;8.5;1.8;7.96;0;2.09;14507
99095;50.26417;4.96796;257;20220426;11.8;5.3;8.6;2.6;8.11;0;1.79;9902
99095;50.26417;4.96796;257;20220427;15.7;2.2;9;3.3;7.81;0;3.07;22515
99095;50.26417;4.96796;257;20220428;17.5;4.6;11;3.7;8.11;0;3.6;23317
99095;50.26417;4.96796;257;20220429;13.9;6.4;10.1;2.6;8.56;0;1.9;8547
99095;50.26417;4.96796;257;20220430;12.3;3.3;7.8;3.6;7.41;0;2.5;18266
99095;50.26417;4.96796;257;20220501;13.6;3.2;8.4;1.8;7.51;0;2.19;14737
99095;50.26417;4.96796;257;20220502;16.9;5.3;11.1;3.2;7.86;0;3.41;21122
99095;50.26417;4.96796;257;20220503;17.1;5.8;11.4;3.4;8.26;0;2.85;12999
99095;50.26417;4.96796;257;20220504;16.7;6.8;11.7;1.8;9.16;0;3.03;20532
99095;50.26417;4.96796;257;20220505;16.5;5.1;10.8;1.7;9.96;1;2.39;15935
99095;50.26417;4.96796;257;20220506;19.3;6.7;13;1.4;10.01;0;3.29;22245
99095;50.26417;4.96796;257;20220507;20.7;6.9;13.8;1.4;10.65;1;2.84;16300
99095;50.26417;4.96796;257;20220508;18.1;8.8;13.5;2.7;11.35;0;2.92;17350
99095;50.26417;4.96796;257;20220509;24.1;5.9;15;1.4;10.5;0;3.75;22100
99095;50.26417;4.96796;257;20220510;24.1;11.3;17.7;2.9;11.46;0;4.09;18216
99095;50.26417;4.96796;257;20220511;24.3;10;17.2;4.4;11.41;0;5.18;26038
99095;50.26417;4.96796;257;20220512;19;10.3;14.7;3.8;10.36;0;3.84;20869
99095;50.26417;4.96796;257;20220513;18.9;6.5;12.7;3.4;8.81;0;4;24298
99095;50.26417;4.96796;257;20220514;21.7;6.8;14.3;1.6;9.46;0;3.99;24873
99095;50.26417;4.96796;257;20220515;26.2;9.5;17.8;2.9;9.86;0;5.2;25015
99095;50.26417;4.96796;257;20220516;21.7;15.9;18.8;2.9;12.91;0;3.76;16326
99095;50.26417;4.96796;257;20220517;25.6;12.4;19;2.2;13.26;0;3.75;16489
99095;50.26417;4.96796;257;20220518;27.3;15.3;21.3;2;13.81;0;4.68;22380
99095;50.26417;4.96796;257;20220519;27.5;17.3;22.4;2.4;15.25;3;4.56;18950
99095;50.26417;4.96796;257;20220520;23;13.9;18.5;3.4;14.96;9;3.22;13287
99095;50.26417;4.96796;257;20220521;18.8;8.8;13.8;3.6;10.46;0;3.74;21921
99095;50.26417;4.96796;257;20220522;22.7;7.9;15.3;1.3;10.96;0;3.75;22574
99095;50.26417;4.96796;257;20220523;20.6;13.2;16.9;2.9;13.66;11;2.74;11463
99095;50.26417;4.96796;257;20220524;16.2;9.2;12.7;4.2;10.81;1;3;18263
99095;50.26417;4.96796;257;20220525;18;6.8;12.4;4.1;9.56;0;3.74;22767
99095;50.26417;4.96796;257;20220526;19.1;12.2;15.6;5.3;11.76;0;3.71;17537
99095;50.26417;4.96796;257;20220527;19;11.4;15.2;4.6;10.91;1;3.75;17500
99095;50.26417;4.96796;257;20220528;16.6;5.6;11.1;2.7;8.21;0;3.3;20083
99095;50.26417;4.96796;257;20220529;14.7;2.7;8.7;1.5;8.2;1;2.52;17350
99095;50.26417;4.96796;257;20220530;15.6;4.2;9.9;1.6;8.65;0;2.95;20550
99095;50.26417;4.96796;257;20220531;18.6;8.5;13.5;2.3;8.31;1;3.69;20114
99095;50.26417;4.96796;257;20220601;17.6;5.9;11.8;2.8;8.96;0;3.67;23589
99095;50.26417;4.96796;257;20220602;21.3;4.6;12.9;1.8;8.46;0;4.38;28107
99095;50.26417;4.96796;257;20220603;24.6;10.9;17.7;2;10.66;0;4.3;20679
99095;50.26417;4.96796;257;20220604;25.9;13.6;19.7;3;14.61;7;4.84;23668
99095;50.26417;4.96796;257;20220605;18.9;15.5;17.2;3.4;16.61;13;2.04;9514
99095;50.26417;4.96796;257;20220606;19.2;11.7;15.4;3.7;12.16;1;3.54;18830
99095;50.26417;4.96796;257;20220607;18.3;10.5;14.4;2.8;13.16;9;2.49;13656
101095;50.71245;4.9198;111;20220101;13.8;10.1;12;4.4;11.5;0;0.72;3214
101095;50.71245;4.9198;111;20220102;12.8;10.5;11.7;6.6;10.34;5;1.38;1560
101095;50.71245;4.9198;111;20220103;10.3;8.2;9.3;6.6;10;14;0.81;1720
101095;50.71245;4.9198;111;20220104;7.5;6.4;7;4.2;8.8;8;0.53;1578
101095;50.71245;4.9198;111;20220105;4.7;0.6;2.7;4.9;6.7;1;0.31;2900
101095;50.71245;4.9198;111;20220106;5;2.2;3.6;4.2;6.6;2;0.48;2866
101095;50.71245;4.9198;111;20220107;5.3;2.1;3.7;6.7;6.7;5;0.69;1751
101095;50.71245;4.9198;111;20220108;5.9;0.6;3.3;6.3;7.2;14;0.36;2117
101095;50.71245;4.9198;111;20220109;6.4;3.9;5.2;5;6.9;0;0.84;1905
101095;50.71245;4.9198;111;20220110;0.5;-1.6;-0.5;2.1;5.9;0;0.14;1577
101095;50.71245;4.9198;111;20220111;5.1;-0.4;2.4;2.8;5.7;0;0.45;3322
101095;50.71245;4.9198;111;20220112;3.5;0.8;2.2;1.8;6.5;0;0.35;1080
101095;50.71245;4.9198;111;20220113;7.2;-0.9;3.2;1.4;6.6;0;0.18;3893
101095;50.71245;4.9198;111;20220114;7.8;1.1;4.5;1.8;7.3;0;0.16;4570
101095;50.71245;4.9198;111;20220115;2.9;0.8;1.9;1.7;6.6;0;0.16;2842
101095;50.71245;4.9198;111;20220116;3;-0.3;1.4;4.4;7;1;0.03;1985
101095;50.71245;4.9198;111;20220117;6.7;2.5;4.6;3;8.2;0;0.23;2353
101095;50.71245;4.9198;111;20220118;7.6;4.6;6.1;1.1;7.9;0;0.38;2145
101095;50.71245;4.9198;111;20220119;4.7;0.3;2.5;3.1;7.2;2;0.17;2604
101095;50.71245;4.9198;111;20220120;5;2.4;3.7;2.9;6.6;1;0.49;2794
101095;50.71245;4.9198;111;20220121;5.5;-0.4;2.6;2.3;6.6;0;0.29;3495
101095;50.71245;4.9198;111;20220122;5.5;2.2;3.9;2.4;7.4;0;0.39;1399
101095;50.71245;4.9198;111;20220123;5.2;3.5;4.4;1.4;7;0;0.4;2368
101095;50.71245;4.9198;111;20220124;5.1;2.5;3.8;1.3;6.1;0;0.34;4283
101095;50.71245;4.9198;111;20220125;1.2;-1.4;-0.1;1.4;6.1;0;0.23;1297
101095;50.71245;4.9198;111;20220126;1.5;0.5;1;3.3;6.2;0;0.3;1617
101095;50.71245;4.9198;111;20220127;8.2;1.5;4.9;5.1;8;1;0.41;4187
101095;50.71245;4.9198;111;20220128;5;2.2;3.6;4;7.6;0;0.26;3027
101095;50.71245;4.9198;111;20220129;10.6;4;7.3;6.3;9.3;0;0.62;3336
101095;50.71245;4.9198;111;20220130;7.4;2.1;4.8;3.4;6.7;1;0.69;4721
101095;50.71245;4.9198;111;20220131;5.9;3.2;4.6;7.9;6.8;2;0.96;2748
101095;50.71245;4.9198;111;20220201;8.8;1.4;5.1;5.9;8.1;1;0.57;2535
101095;50.71245;4.9198;111;20220202;8.8;7.3;8.1;3.9;9.8;1;0.52;2733
101095;50.71245;4.9198;111;20220203;7.2;7;7.1;4.7;8.6;0;0.8;361
101095;50.71245;4.9198;111;20220204;8.3;5.8;7.1;6.5;8.1;2;1.02;3193
101095;50.71245;4.9198;111;20220205;7.4;1.7;4.6;6.6;6.6;1;1.03;4462
101095;50.71245;4.9198;111;20220206;9.1;6.4;7.8;9.7;8.3;19;1.33;2866
101095;50.71245;4.9198;111;20220207;7.4;2.2;4.8;5.3;6.3;1;1.06;6731
101095;50.71245;4.9198;111;20220208;9.8;3.8;6.8;5.4;9.7;0;0.35;4372
101095;50.71245;4.9198;111;20220209;11.8;7.6;9.7;3.8;8.9;0;1.15;5255
101095;50.71245;4.9198;111;20220210;7.5;3.5;5.5;3;8.2;6;0.5;4023
101095;50.71245;4.9198;111;20220211;6.4;1.9;4.2;2.5;6.2;0;0.72;6278
101095;50.71245;4.9198;111;20220212;7;-0.1;3.5;3.8;5;0;1.19;5646
101095;50.71245;4.9198;111;20220213;9.9;1.1;5.5;6.4;6.3;0;1.52;6407
101095;50.71245;4.9198;111;20220214;10.6;9.1;9.9;6.9;7.9;1;1.99;5114
101095;50.71245;4.9198;111;20220215;9.5;5.1;7.3;6.8;8.2;5;1.15;4824
101095;50.71245;4.9198;111;20220216;13.1;7.1;10.1;10.6;11.6;5;0.72;3810
101095;50.71245;4.9198;111;20220217;11.8;9.1;10.5;8.9;8.4;1;2.24;5311
101095;50.71245;4.9198;111;20220218;12.3;6;9.2;10.3;8.2;2;2.07;5283
101095;50.71245;4.9198;111;20220219;8.2;3.5;5.9;9.4;6.5;0;1.69;5886
101095;50.71245;4.9198;111;20220220;11.1;4.9;8;10.6;9.2;7;1.14;4508
101095;50.71245;4.9198;111;20220221;8.2;4.2;6.2;8.6;7;3;1.5;6049
101095;50.71245;4.9198;111;20220222;10.3;3;6.7;5.3;8.6;2;0.86;5250
101095;50.71245;4.9198;111;20220223;11.4;3.3;7.4;4.4;7.2;0;1.48;8814
101095;50.71245;4.9198;111;20220224;10.7;6;8.4;6.1;6.8;3;2.02;6331
101095;50.71245;4.9198;111;20220225;7.7;1.4;4.6;4.6;6.2;1;1.21;7202
101095;50.71245;4.9198;111;20220226;7.1;0.1;3.6;2.4;6.1;0;0.87;7108
101095;50.71245;4.9198;111;20220227;5.6;-0.8;2.4;3.8;4.74;0;1.86;12633
101095;50.71245;4.9198;111;20220228;11.4;0.4;5.9;3;4.7;0;1.76;12566
101095;50.71245;4.9198;111;20220301;10;2.5;6.3;1.5;5.4;0;1.15;6468
101095;50.71245;4.9198;111;20220302;10.2;2.5;6.4;1.6;5.4;0;1.23;8219
101095;50.71245;4.9198;111;20220303;11.6;-1;5.3;1.7;5.4;0;1.27;10361
101095;50.71245;4.9198;111;20220304;10.8;-0.3;5.3;1.8;4.7;0;1.41;12194
101095;50.71245;4.9198;111;20220305;9.4;-1.5;4;1;4.8;0;1.01;9932
101095;50.71245;4.9198;111;20220306;6.6;-2.5;2.1;2.5;4.6;0;1.18;9206
101095;50.71245;4.9198;111;20220307;5.2;-3.2;1;3.5;4;0;1.38;12029
101095;50.71245;4.9198;111;20220308;10.8;-3.1;3.9;2.3;3.8;0;1.74;13634
101095;50.71245;4.9198;111;20220309;14.4;2.1;8.3;2.2;4.6;0;2.07;13358
101095;50.71245;4.9198;111;20220310;16.3;4.5;10.4;3.2;5.6;0;2.59;11139
101095;50.71245;4.9198;111;20220311;16.1;4.8;10.5;4;6.6;0;2.66;12338
101095;50.71245;4.9198;111;20220312;14.9;8;11.5;4.9;8.17;0;2.45;10200
101095;50.71245;4.9198;111;20220313;15.5;8.2;11.9;5.1;8.2;0;2.64;10200
101095;50.71245;4.9198;111;20220314;13.6;7.3;10.5;2.9;8.2;0;1.72;6793
101095;50.71245;4.9198;111;20220315;10.6;6.2;8.4;2.2;8.4;2;1.22;7509
101095;50.71245;4.9198;111;20220316;12.2;3;7.6;2.4;9.3;1;1.25;12785
101095;50.71245;4.9198;111;20220317;8.8;7.3;8.1;2.7;7.8;0;1.3;6242
101095;50.71245;4.9198;111;20220318;13.7;2;7.9;3.8;6.3;0;2.34;15088
101095;50.71245;4.9198;111;20220319;13.4;3.5;8.5;6;5.8;0;2.9;11553
101095;50.71245;4.9198;111;20220320;9.8;0.6;5.2;2;5.8;0;1.48;11281
101095;50.71245;4.9198;111;20220321;18.5;1.8;10.2;2;7.48;0;2.3;15930
101095;50.71245;4.9198;111;20220322;18.1;7;12.6;1.5;6.5;0;2.22;12725
101095;50.71245;4.9198;111;20220323;19.2;5.7;12.5;1.2;5.5;0;2.33;16518
101095;50.71245;4.9198;111;20220324;18.3;7.4;12.9;1.2;5.6;0;2.32;16046
101095;50.71245;4.9198;111;20220325;15.9;5.5;10.7;2.1;7.2;0;2.35;15964
101095;50.71245;4.9198;111;20220326;17.1;4.4;10.8;2.8;7.5;0;2.53;14312
101095;50.71245;4.9198;111;20220327;13.8;5;9.4;2.2;9.7;0;1.57;12042
101095;50.71245;4.9198;111;20220328;16.8;5;10.9;1.2;8.6;0;2.03;15862
101095;50.71245;4.9198;111;20220329;14.1;6.6;10.4;2.2;9.1;0;1.72;10152
101095;50.71245;4.9198;111;20220330;11.6;4.9;8.3;2.4;7.7;1;1.64;9926
101095;50.71245;4.9198;111;20220331;7.2;1.7;4.5;3.3;7;2;1.16;9171
101095;50.71245;4.9198;111;20220401;1.8;0.1;0.9;6.7;5.7;1;0.69;2703
101095;50.71245;4.9198;111;20220402;5;-0.8;2.1;4.4;4.6;0;1.49;7215
101095;50.71245;4.9198;111;20220403;7.6;-3.1;2.3;2.2;4.7;1;1.63;14396
101095;50.71245;4.9198;111;20220404;6;0.7;3.4;8.2;7.4;5;0.7;8312
101095;50.71245;4.9198;111;20220405;12.9;5.5;9.2;5.9;10.8;3;1.05;6568
101095;50.71245;4.9198;111;20220406;11.3;7.7;9.5;7.7;9.1;2;1.86;7937
101095;50.71245;4.9198;111;20220407;12.9;8.3;10.6;10.4;8.4;8;2.96;12212
101095;50.71245;4.9198;111;20220408;7.5;4.6;6.1;2.8;6.7;1;1.38;6616
101095;50.71245;4.9198;111;20220409;10.4;1.5;5.9;3.8;6.34;0;2.11;15866
101095;50.71245;4.9198;111;20220410;11.7;1.3;6.5;1.5;6;0;1.98;15367
101095;50.71245;4.9198;111;20220411;17.3;4.2;10.8;2.8;6.5;0;3.18;18422
101095;50.71245;4.9198;111;20220412;21.4;5.5;13.5;3.2;8.9;0;3.54;18085
101095;50.71245;4.9198;111;20220413;15;11.4;13.2;1.4;12.2;0;1.56;8511
101095;50.71245;4.9198;111;20220414;18.6;9.5;14.1;1.6;11.7;0;2.33;14221
101095;50.71245;4.9198;111;20220415;16;7.5;11.8;2.4;10.5;0;2.23;14457
101095;50.71245;4.9198;111;20220416;16;3.7;9.9;3.3;8;0;2.78;17569
101095;50.71245;4.9198;111;20220417;18.9;3;11;1.9;6;0;3.24;20167
101095;50.71245;4.9198;111;20220418;17.7;3.4;10.6;1.4;6.2;0;2.86;19288
100096;50.50328;5.29569;226;20220409;9.4;0.9;5.1;4.2;6.43;0;1.95;15472
100096;50.50328;5.29569;226;20220410;10.7;0.6;5.7;2.1;6.13;0;1.94;14787
100096;50.50328;5.29569;226;20220411;17.3;3.4;10.4;3.8;6.2;0;3.54;19331
100096;50.50328;5.29569;226;20220412;21;8.5;14.7;3.7;8.63;0;3.75;16012
100096;50.50328;5.29569;226;20220413;17.1;10.3;13.7;1.9;11.57;3;2.13;11930
100096;50.50328;5.29569;226;20220414;18.6;9.4;14;1.9;11.6;0;2.57;16176
100096;50.50328;5.29569;226;20220415;15.2;7.1;11.2;2.2;10.1;0;2.35;16385
100096;50.50328;5.29569;226;20220416;16.2;4;10.1;3.5;7.53;0;3.24;21522
100096;50.50328;5.29569;226;20220417;19.3;4.4;11.8;3;5.13;0;4.11;23432
100096;50.50328;5.29569;226;20220418;18.3;5.9;12.1;2.6;6;0;3.67;20822
100096;50.50328;5.29569;226;20220419;17.9;5.8;11.8;2.8;7.2;0;3.42;19175
100096;50.50328;5.29569;226;20220420;16.3;5.5;10.9;3.6;6.67;0;3.7;22299
100096;50.50328;5.29569;226;20220421;17;4.5;10.8;3.9;7.93;0;3.39;21198
100096;50.50328;5.29569;226;20220422;16.7;5.8;11.2;4.3;8.83;0;3.12;17957
100096;50.50328;5.29569;226;20220423;18.1;8.1;13.1;4.5;9.2;0;3.26;15157
100096;50.50328;5.29569;226;20220424;17.8;7.4;12.6;3.6;8;0;3.76;21125
100096;50.50328;5.29569;226;20220425;13.2;3.9;8.5;1.8;8.63;3;1.95;13853
100096;50.50328;5.29569;226;20220426;13.5;4.9;9.2;2.5;8.6;0;1.88;10259
100096;50.50328;5.29569;226;20220427;15.8;2.2;9;2.4;8.07;0;3.01;22788
100096;50.50328;5.29569;226;20220428;17.7;3.6;10.6;2.7;8.37;0;3.42;23582
100096;50.50328;5.29569;226;20220429;13.6;6.1;9.9;2.4;8.97;0;1.98;11029
100096;50.50328;5.29569;226;20220430;13.2;3.8;8.5;2.8;7.7;0;2.58;18077
100096;50.50328;5.29569;226;20220501;13.9;4.6;9.2;1.4;7.93;0;2.18;14380
100096;50.50328;5.29569;226;20220502;17.5;5.3;11.4;2.4;8.47;0;3.37;22168
100096;50.50328;5.29569;226;20220503;17.7;5.5;11.6;2.4;8.63;0;2.94;16729
100096;50.50328;5.29569;226;20220504;17.4;5.5;11.4;1.8;9.03;0;3.21;22187
100096;50.50328;5.29569;226;20220505;16.9;6.8;11.9;1.6;10.4;0;2.32;13954
100096;50.50328;5.29569;226;20220506;19.5;7.3;13.4;1.5;10.53;0;3.23;21074
100096;50.50328;5.29569;226;20220507;20.9;9.5;15.2;2.1;10.8;1;3.28;17195
100096;50.50328;5.29569;226;20220508;18.6;9.6;14.1;3;11;0;3.36;19294
100096;50.50328;5.29569;226;20220509;23.7;7.3;15.5;1.5;10.53;0;3.9;23298
100096;50.50328;5.29569;226;20220510;24.4;12;18.2;3.6;12.4;0;4.21;17184
100096;50.50328;5.29569;226;20220511;25.2;11;18.1;3.9;12.1;0;5.21;25714
100096;50.50328;5.29569;226;20220512;19.4;10.1;14.8;3.7;11.17;0;3.75;20806
100096;50.50328;5.29569;226;20220513;18.9;7.5;13.2;3.8;9.53;0;3.96;22890
100096;50.50328;5.29569;226;20220514;21.8;7.2;14.5;2.3;10.1;0;4.22;25627
100096;50.50328;5.29569;226;20220515;26.3;9.6;18;2.8;10.77;0;4.97;23801
100096;50.50328;5.29569;226;20220516;23.1;17;20.1;3.9;13.1;0;4.23;14576
100096;50.50328;5.29569;226;20220517;25.6;12.7;19.2;2.3;13.87;0;3.82;16795
100096;50.50328;5.29569;226;20220518;27.2;16.8;22;2.5;14.8;0;4.92;22093
100096;50.50328;5.29569;226;20220519;28.7;18.3;23.5;2.8;15.53;5;4.93;18925
100096;50.50328;5.29569;226;20220520;24.7;13.3;19;3.6;15.77;7;3.44;13699
100096;50.50328;5.29569;226;20220521;19.4;9.2;14.3;3.7;11.2;0;3.77;21417
100096;50.50328;5.29569;226;20220522;23;8.7;15.9;1.5;11.67;1;4.02;24186
100096;50.50328;5.29569;226;20220523;23.3;14.7;19;3.6;14.2;4;3.53;13013
100096;50.50328;5.29569;226;20220524;17;9.7;13.3;4.3;11.47;1;2.6;12477
100096;50.50328;5.29569;226;20220525;19.2;7.3;13.3;4.3;10.03;0;3.92;22037
100096;50.50328;5.29569;226;20220526;20.6;12.6;16.6;5.2;12.43;0;4;18186
100096;50.50328;5.29569;226;20220527;19.8;11.7;15.8;4.5;11.47;1;4.02;19807
100096;50.50328;5.29569;226;20220528;17.3;6.3;11.8;2.7;8.6;0;3.5;21265
100096;50.50328;5.29569;226;20220529;14.1;3.7;8.9;2.1;8.73;1;2.52;17639
100096;50.50328;5.29569;226;20220530;16;4.5;10.2;1.5;8.73;0;2.81;18703
100096;50.50328;5.29569;226;20220531;19.3;8.2;13.7;2.3;8.97;0;3.57;18730
100096;50.50328;5.29569;226;20220601;18.7;6.2;12.5;3;9.43;0;3.68;22112
100096;50.50328;5.29569;226;20220602;21;5.8;13.4;2.1;9.03;0;4.43;28260
100096;50.50328;5.29569;226;20220603;25;10.1;17.6;2.9;10.8;0;4.6;20542
100096;50.50328;5.29569;226;20220604;26;13;19.5;3.5;14.47;5;5.06;23751
100096;50.50328;5.29569;226;20220605;19.6;16.1;17.8;3.6;17.33;17;1.95;7205
100096;50.50328;5.29569;226;20220606;20.3;12.2;16.2;4.6;12.8;0;3.94;20134
100096;50.50328;5.29569;226;20220607;18.3;11.4;14.8;3.2;13.7;9;2.5;13121
100096;50.50328;5.29569;226;20220608;16.9;12.9;14.9;3.5;14.47;12;1.94;9311
100096;50.50328;5.29569;226;20220609;18.5;11.5;15;3.5;13.07;0;3;16456
100096;50.50328;5.29569;226;20220610;22.7;12.3;17.5;3.4;13.63;0;3.85;17726
100096;50.50328;5.29569;226;20220611;23.2;14.9;19;2.3;15.37;0;4.38;23767
100096;50.50328;5.29569;226;20220612;21.8;10.7;16.3;2.2;11.93;0;4.73;28454
100096;50.50328;5.29569;226;20220613;19.6;9.6;14.6;2.5;10.77;0;4;23421
100096;50.50328;5.29569;226;20220614;21.4;7.5;14.5;1.6;10.3;0;4.47;28350
100096;50.50328;5.29569;226;20220615;25.9;10;17.9;1.8;12.3;0;5.12;28669
100096;50.50328;5.29569;226;20220616;23.8;12.4;18.1;2.2;12.27;0;5.09;28062
100096;50.50328;5.29569;226;20220617;29;13.4;21.2;2.5;13.1;0;5.75;26881
100096;50.50328;5.29569;226;20220618;32.7;19.9;26.3;3;15.83;0;6.78;26238
100096;50.50328;5.29569;226;20220619;20.1;13.9;17;3.5;14.8;2;3.41;17921
100096;50.50328;5.29569;226;20220620;19.8;11.6;15.7;2.7;12.7;5;3.38;17968
100096;50.50328;5.29569;226;20220621;20.9;9;14.9;2.2;11.73;0;3.11;15396
100096;50.50328;5.29569;226;20220622;25.8;10.3;18;2.2;13.03;0;4.48;22493
100096;50.50328;5.29569;226;20220623;29.1;17.1;23.1;2.8;17.23;17;5.46;24548
100096;50.50328;5.29569;226;20220624;22.3;16.5;19.4;2.9;17.97;6;3.17;15485
100096;50.50328;5.29569;226;20220625;22.8;15.4;19.1;3.7;15.93;4;3.64;15969
100096;50.50328;5.29569;226;20220626;19.4;13;16.2;2.4;15.1;0;2.56;13403
100096;50.50328;5.29569;226;20220627;19.8;13.8;16.8;1.5;14.87;1;2.66;13806
100096;50.50328;5.29569;226;20220628;24.3;10.5;17.4;2.1;12.73;0;4.58;25482
100096;50.50328;5.29569;226;20220629;26.5;14.1;20.3;2.2;13.63;0;4.83;23044
100096;50.50328;5.29569;226;20220630;22;14.2;18.1;3.1;14.57;4;3.61;16635
100096;50.50328;5.29569;226;20220701;20.2;11.1;15.6;3.4;12.37;1;4.03;22997
100096;50.50328;5.29569;226;20220702;24.5;10.4;17.5;2.6;11.83;0;5.19;28426
100096;50.50328;5.29569;226;20220703;22.6;12.1;17.3;2.4;13.13;0;4.74;27341
100096;50.50328;5.29569;226;20220704;23.3;10.4;16.8;1.8;12.2;0;4.66;27666
100096;50.50328;5.29569;226;20220705;22.9;11.3;17.1;1.9;12.4;0;4.38;24786
100096;50.50328;5.29569;226;20220706;21.3;8.8;15;2.1;11.57;0;3.58;19911
100096;50.50328;5.29569;226;20220707;19.4;14.7;17.1;4;13.97;1;3.04;12815
100096;50.50328;5.29569;226;20220708;23.3;9.6;16.5;1.6;12.47;0;4.45;26692
100096;50.50328;5.29569;226;20220709;24.3;13.2;18.8;2.5;13.8;0;4.39;22221
100096;50.50328;5.29569;226;20220710;21;9.7;15.4;2.1;12.47;0;3.26;17535
100096;50.50328;5.29569;226;20220711;22.6;12.5;17.5;1.3;14.67;0;3.34;18305
100096;50.50328;5.29569;226;20220712;28.4;12.8;20.6;1.8;14.23;0;4.87;23850
100096;50.50328;5.29569;226;20220713;31.2;20.3;25.8;3.3;14.4;0;6.28;21698
100096;50.50328;5.29569;226;20220714;24.8;15.9;20.4;2.6;14.37;0;4.66;21805
100096;50.50328;5.29569;226;20220715;22;10.2;16.1;1.6;11.43;0;4.1;23898
100096;50.50328;5.29569;226;20220716;23.4;11.1;17.3;2.4;11.47;0;4.45;23399
100096;50.50328;5.29569;226;20220717;26.8;10.9;18.9;1.6;10.77;0;4.91;26045
100096;50.50328;5.29569;226;20220718;33.5;15.2;24.3;2;10.7;0;6.2;26036
100096;50.50328;5.29569;226;20220719;37.6;19.8;28.7;3.2;11.13;0;8.3;28178
100096;50.50328;5.29569;226;20220720;27.9;20.2;24;3.8;16.1;2;5;15128
100096;50.50328;5.29569;226;20220721;20;16.4;18.2;3.7;17.7;2;2.22;9241
100096;50.50328;5.29569;226;20220722;23.6;13.2;18.4;2.1;15.37;1;3.47;17531
100096;50.50328;5.29569;226;20220723;25.7;12.9;19.3;1.3;15.43;0;4.2;23539
100096;50.50328;5.29569;226;20220724;30.7;15.3;23;2.7;15.03;0;5.87;25916
100096;50.50328;5.29569;226;20220725;26.1;20.1;23.1;4.3;14.77;0;5.17;16931
100096;50.50328;5.29569;226;20220726;23.2;14.6;18.9;3.6;14.87;0;3.56;14726
100096;50.50328;5.29569;226;20220727;21;10.5;15.7;2.5;11.07;0;3.9;21240
100096;50.50328;5.29569;226;20220728;24.7;10.8;17.8;3.2;11.13;0;4.4;18978
100096;50.50328;5.29569;226;20220729;25.6;14.3;19.9;2.3;12.77;0;4.51;21557
100096;50.50328;5.29569;226;20220730;25.8;12.3;19;2;13.33;0;4.14;20527
100096;50.50328;5.29569;226;20220731;25.6;16;20.8;3.7;15.97;0;4.01;14981
100096;50.50328;5.29569;226;20220801;24.8;17.5;21.2;2.6;17.03;1;3.45;14352
100096;50.50328;5.29569;226;20220802;28.5;15;21.7;2.8;15.47;0;4.75;20611
100096;50.50328;5.29569;226;20220803;32.1;17;24.6;2.1;15.73;0;5.62;25521
100096;50.50328;5.29569;226;20220804;29.2;19.8;24.5;2.3;17.63;3;4.14;15009
100096;50.50328;5.29569;226;20220805;22.8;16.6;19.7;2.3;16.13;0;3.03;13181
100096;50.50328;5.29569;226;20220806;21.5;8.6;15.1;1.8;10.23;0;3.76;22325
100096;50.50328;5.29569;226;20220807;24.5;9.2;16.8;1.9;10.53;0;4.42;25352
100096;50.50328;5.29569;226;20220808;25.4;10.4;17.9;2.2;12.17;0;4.51;24702
100096;50.50328;5.29569;226;20220809;27.7;12.5;20.1;2.8;13.2;0;5.15;25079
100096;50.50328;5.29569;226;20220810;30.4;13.5;22;2.9;12.57;0;5.65;24481
100096;50.50328;5.29569;226;20220811;31.1;15.7;23.4;2.4;11.43;0;5.64;24510
100096;50.50328;5.29569;226;20220812;31.3;16;23.7;2.4;10.6;0;5.73;24643
100096;50.50328;5.29569;226;20220813;31.2;16.9;24.1;2.5;10.43;0;5.79;24345
100096;50.50328;5.29569;226;20220814;32;17.1;24.6;2.7;11.3;0;5.46;18382
100096;50.50328;5.29569;226;20220815;24.6;19.4;22;3.6;16.07;2;3.96;13271
100096;50.50328;5.29569;226;20220816;27.8;16.6;22.2;2.6;16.33;1;4.19;17910
100096;50.50328;5.29569;226;20220817;23;17.6;20.3;1.8;17.77;5;2.46;10526
100096;50.50328;5.29569;226;20220818;24.6;14.6;19.6;1.3;17.37;0;2.71;14025
100096;50.50328;5.29569;226;20220819;23.7;14.9;19.3;2.7;17.77;4;2.73;13113
100096;50.50328;5.29569;226;20220820;24;14.3;19.2;2.7;15.53;0;3.52;17695
100096;50.50328;5.29569;226;20220821;23.7;11.6;17.6;1.9;12.77;0;3.32;17454
100096;50.50328;5.29569;226;20220822;27;14.7;20.8;1.8;13.87;0;3.58;16022
100096;50.50328;5.29569;226;20220823;28.7;16;22.3;2.1;15.1;0;4.25;19234
100096;50.50328;5.29569;226;20220824;31.6;16.6;24.1;1.8;15.6;0;4.51;20738
100096;50.50328;5.29569;226;20220825;31.8;18.4;25.1;2.5;14.4;0;5.14;20294
100096;50.50328;5.29569;226;20220826;21.1;17.8;19.5;2.9;17.83;0;1.89;5993
100096;50.50328;5.29569;226;20220827;19.4;13.1;16.3;1.9;14.4;0;2.13;10621
100096;50.50328;5.29569;226;20220828;23;13.6;18.3;3;12.47;0;3.85;19328
100096;50.50328;5.29569;226;20220829;23.4;11.9;17.6;2.7;11.4;0;3.51;15687
100096;50.50328;5.29569;226;20220830;27.4;12.4;19.9;2.7;12.5;1;3.91;15984
100096;50.50328;5.29569;226;20220831;24.5;14.1;19.3;3;14.27;0;3.4;14768
100096;50.50328;5.29569;226;20220901;25.3;12.6;19;2.6;12.43;0;3.81;18831
100096;50.50328;5.29569;226;20220902;26.9;16.1;21.5;2.8;11.3;0;4.34;16009
100096;50.50328;5.29569;226;20220903;24.6;16.8;20.7;2.5;13.6;6;3.37;12919
100096;50.50328;5.29569;226;20220904;27;15.8;21.4;2.8;14.7;0;3.97;17056
100096;50.50328;5.29569;226;20220905;29.1;16.8;23;2.8;12.93;5;4.4;15705
100096;50.50328;5.29569;226;20220906;28.5;15.2;21.9;2.9;15.7;4;4.15;18377
100096;50.50328;5.29569;226;20220907;23;15.2;19.1;2.9;16.37;3;2.89;14511
100096;50.50328;5.29569;226;20220908;21;14.1;17.5;3.8;15.27;6;2.65;13123
100096;50.50328;5.29569;226;20220909;19.3;13.7;16.5;5.5;14.67;8;2.4;10354
100096;50.50328;5.29569;226;20220910;19.1;13.4;16.3;4.2;15.4;5;1.91;8747
100096;50.50328;5.29569;226;20220911;20.9;13.7;17.3;1.9;15.2;0;2.19;12402
100096;50.50328;5.29569;226;20220101;13.2;9.8;11.5;4.6;11.17;0;0.7;3633
100096;50.50328;5.29569;226;20220102;12.4;10.1;11.3;6.9;10.03;4;1.48;1533
100096;50.50328;5.29569;226;20220103;9.6;8.6;9.1;6;9.9;25;0.86;1167
100096;50.50328;5.29569;226;20220104;6.9;5.8;6.4;3.3;8.63;9;0.55;574
100096;50.50328;5.29569;226;20220105;3.8;-0.2;1.8;5.2;6.47;1;0.34;1777
100096;50.50328;5.29569;226;20220106;4.1;1.2;2.6;3.8;6.53;1;0.35;2766
100096;50.50328;5.29569;226;20220107;3.7;1.2;2.4;5.7;6.37;9;0.54;1524
100096;50.50328;5.29569;226;20220108;4.3;0.2;2.3;6.2;6.87;14;0.33;1660
100096;50.50328;5.29569;226;20220109;5.3;3.1;4.2;4.8;6.93;1;0.54;2679
100096;50.50328;5.29569;226;20220110;2.4;-0.3;1;2.1;5.93;2;0.24;2967
100096;50.50328;5.29569;226;20220111;5.7;-2.4;1.6;2.4;5.33;0;0.32;4767
100096;50.50328;5.29569;226;20220112;2.2;-0.7;0.7;1.9;5.95;0;0.3;1468
100096;50.50328;5.29569;226;20220113;7.7;-1.3;3.2;1.8;5.97;0;0.27;4970
100096;50.50328;5.29569;226;20220114;7.7;0.2;3.9;2.1;6.43;0;0.25;5305
100096;50.50328;5.29569;226;20220115;6;-1.8;2.1;1.8;6.03;0;0.16;4724
100096;50.50328;5.29569;226;20220116;2.6;-1.6;0.5;4.1;6.43;1;0.15;1113
100096;50.50328;5.29569;226;20220117;5.5;1.8;3.7;3.2;7.77;0;0.24;1527
100096;50.50328;5.29569;226;20220118;7.2;4.2;5.7;1.7;7.6;0;0.39;2829
100096;50.50328;5.29569;226;20220119;3.3;0;1.7;3.2;6.9;3;0.22;1148
100096;50.50328;5.29569;226;20220120;3.5;1.4;2.4;3.4;6.47;1;0.41;2712
100096;50.50328;5.29569;226;20220121;4.2;-0.8;1.7;3;6.6;0;0.28;2301
100096;50.50328;5.29569;226;20220122;4.6;2.1;3.3;2.6;7.37;0;0.34;1295
100096;50.50328;5.29569;226;20220123;4.6;2.7;3.7;2;6.65;0;0.49;1414
100096;50.50328;5.29569;226;20220124;5.5;1.2;3.4;1.4;6.13;0;0.23;5976
100096;50.50328;5.29569;226;20220125;2.2;-3.5;-0.6;1.2;5.8;0;0.12;4112
100096;50.50328;5.29569;226;20220126;0.8;-0.5;0.2;3.6;6;0;0.29;761
100096;50.50328;5.29569;226;20220127;6.4;0.5;3.5;5.7;7.7;1;0.31;1486
100096;50.50328;5.29569;226;20220128;5.2;1.2;3.2;4;7.43;0;0.3;3483
100096;50.50328;5.29569;226;20220129;9.4;3.7;6.5;6.5;9.17;1;0.5;1917
100096;50.50328;5.29569;226;20220130;6.6;1.9;4.2;3.7;6.77;1;0.63;4980
100096;50.50328;5.29569;226;20220131;4.9;2.5;3.7;8;6.6;4;0.87;1749
100096;50.50328;5.29569;226;20220201;7.7;0.6;4.2;5.7;8;2;0.41;1754
100096;50.50328;5.29569;226;20220202;8.5;6.7;7.6;4.2;9.57;1;0.58;1846
100096;50.50328;5.29569;226;20220203;6.9;6.4;6.6;5.6;8.49;1;0.76;1793
100096;50.50328;5.29569;226;20220204;7.6;5;6.3;6.6;7.93;2;0.91;2211
100096;50.50328;5.29569;226;20220205;6.9;0.7;3.8;6.6;6.53;1;0.86;6443
100096;50.50328;5.29569;226;20220206;8.2;5.1;6.6;9.2;8.13;21;1.07;1403
100096;50.50328;5.29569;226;20220207;6.7;1;3.9;5.6;6.27;1;0.9;7233
100096;50.50328;5.29569;226;20220208;9;2.7;5.8;5.7;9.27;1;0.31;3136
100096;50.50328;5.29569;226;20220209;11.2;7.3;9.2;3.8;8.87;0;1.01;6206
100096;50.50328;5.29569;226;20220210;6.6;2.6;4.6;3.3;7.8;8;0.49;2157
100096;50.50328;5.29569;226;20220211;6.2;0.5;3.3;3.4;5.9;0;0.8;6137
100096;50.50328;5.29569;226;20220212;6.4;-1.9;2.3;3.8;4.83;0;1.04;8538
100096;50.50328;5.29569;226;20220213;10.1;0.4;5.2;7.3;6.07;0;1.67;7556
100096;50.50328;5.29569;226;20220214;9.5;8.1;8.8;6.7;7.77;1;1.7;4366
100096;50.50328;5.29569;226;20220215;8.9;4.4;6.6;6.7;8.07;5;1.03;6721
100096;50.50328;5.29569;226;20220216;12.5;6.5;9.5;9.9;11.47;6;0.59;3031
100096;50.50328;5.29569;226;20220217;10.1;8.6;9.3;10.1;8.17;1;2.02;6700
100096;50.50328;5.29569;226;20220218;11.8;5.3;8.5;9.9;8.2;2;1.85;3559
100096;50.50328;5.29569;226;20220219;7.8;2.6;5.2;9.8;6.1;0;1.65;6924
100096;50.50328;5.29569;226;20220220;9.9;4.2;7;9.7;9.23;8;0.75;1899
100096;50.50328;5.29569;226;20220221;6.6;2.8;4.7;8.1;7.27;4;0.91;4007
100096;50.50328;5.29569;226;20220222;9;2.3;5.6;5.4;8.77;3;0.57;4084
100096;50.50328;5.29569;226;20220223;10.6;1.9;6.3;4.1;7.53;0;1.17;10603
100096;50.50328;5.29569;226;20220224;10.1;6.2;8.2;5.9;7.3;2;1.75;5260
100096;50.50328;5.29569;226;20220225;6.2;0.2;3.2;4.9;6;1;1.02;6315
100096;50.50328;5.29569;226;20220226;7.2;-1.6;2.8;2.8;5.5;0;1.02;10941
100096;50.50328;5.29569;226;20220227;10.2;0.5;5.3;4.7;4.43;0;2.1;12620
100096;50.50328;5.29569;226;20220228;11.2;0;5.6;2.7;4.25;0;1.75;12258
100096;50.50328;5.29569;226;20220301;9.8;1.2;5.5;2.2;4.65;0;1.45;7207
100096;50.50328;5.29569;226;20220302;10.3;1.8;6.1;2.6;4.75;0;1.6;8662
100096;50.50328;5.29569;226;20220303;12.5;0.8;6.6;2.7;4.83;0;1.85;12561
100096;50.50328;5.29569;226;20220304;11.4;-0.7;5.3;2.3;4.47;0;1.67;13378
100096;50.50328;5.29569;226;20220305;9.9;-0.6;4.6;2.3;4.33;0;1.56;13074
100096;50.50328;5.29569;226;20220306;6.2;-2.1;2;2.9;4.23;0;1.37;11544
100096;50.50328;5.29569;226;20220307;5.7;-3.9;0.9;4.5;3.7;0;1.65;14161
100096;50.50328;5.29569;226;20220308;10.3;0.5;5.4;4.2;3.4;0;2.49;14236
100096;50.50328;5.29569;226;20220309;14;1.4;7.7;3;4.43;0;2.37;14209
100096;50.50328;5.29569;226;20220310;16;3.3;9.6;3.7;5.2;0;2.82;14269
100096;50.50328;5.29569;226;20220311;15.4;5.8;10.6;5.2;6;0;3.1;10151
100096;50.50328;5.29569;226;20220312;14.2;7.7;10.9;4.9;8.17;0;2.29;8631
100096;50.50328;5.29569;226;20220313;15.4;7.7;11.5;5.4;8.27;0;2.6;9962
100096;50.50328;5.29569;226;20220314;12.9;7;10;3.9;8.2;0;1.95;10145
100096;50.50328;5.29569;226;20220315;9;5.7;7.4;2.4;8.47;6;0.96;4711
100096;50.50328;5.29569;226;20220316;12.3;2.4;7.3;3.4;9.07;0;1.07;6933
100096;50.50328;5.29569;226;20220317;8.4;7.2;7.8;3.1;8.23;0;1.17;5236
100096;50.50328;5.29569;226;20220318;13.3;0.4;6.8;3.9;6.03;0;2.31;16329
100096;50.50328;5.29569;226;20220319;13.5;2.2;7.8;5.7;5.53;0;3;16686
100096;50.50328;5.29569;226;20220320;11.2;1.3;6.3;3.3;5.43;0;1.98;11324
100096;50.50328;5.29569;226;20220321;18.1;3.7;10.9;2.3;7.9;0;2.32;14718
100096;50.50328;5.29569;226;20220322;18;6.9;12.5;3;6.53;0;2.98;15054
100096;50.50328;5.29569;226;20220323;17.7;4.8;11.3;1.9;6.03;0;2.57;16889
100096;50.50328;5.29569;226;20220324;16.8;3.8;10.3;1.5;5.8;0;2.33;17110
100096;50.50328;5.29569;226;20220325;16;2.7;9.4;2.3;6.23;0;2.48;17017
100096;50.50328;5.29569;226;20220326;17;3.4;10.2;3;7.1;0;2.76;17478
100096;50.50328;5.29569;226;20220327;15.6;4.6;10.1;2.3;9.43;0;2.02;15502
100096;50.50328;5.29569;226;20220328;17.7;4.7;11.2;1.6;8.93;0;2.2;15882
100096;50.50328;5.29569;226;20220329;14.6;6.5;10.6;2.5;8.97;3;1.85;9947
100096;50.50328;5.29569;226;20220330;11.8;5.6;8.7;2.9;7.9;3;1.84;11090
100096;50.50328;5.29569;226;20220331;4.6;4.1;4.4;2.6;7.17;2;0.81;3365
100096;50.50328;5.29569;226;20220401;0.9;0.2;0.5;5.6;5.73;1;0.54;2066
100096;50.50328;5.29569;226;20220402;3.7;-1.1;1.3;4.2;4.97;0;1.24;9152
100096;50.50328;5.29569;226;20220403;6.6;-3.4;1.6;2.6;4.5;0;1.72;16733
100096;50.50328;5.29569;226;20220404;6.8;-0.6;3.1;7.3;6.73;6;1.02;7969
100096;50.50328;5.29569;226;20220405;11.8;4.6;8.2;6.2;10.43;4;0.79;5136
100096;50.50328;5.29569;226;20220406;10.7;7.4;9.1;7.8;8.73;2;1.83;6653
100096;50.50328;5.29569;226;20220407;12.2;8.1;10.2;10.1;8.57;5;2.67;11688
100096;50.50328;5.29569;226;20220408;5.9;2.8;4.4;3.5;7.2;3;0.99;5844
100095;50.48832;4.94402;172;20220613;19.6;10.5;15;2.9;10.8;0;4.14;23716
100095;50.48832;4.94402;172;20220614;20.9;7.5;14.2;2.2;9.87;0;4.55;28035
100095;50.48832;4.94402;172;20220615;25.4;10.1;17.8;2.4;11.97;0;5.23;28385
100095;50.48832;4.94402;172;20220616;23.7;12.7;18.2;2.7;12.17;0;5;26274
100095;50.48832;4.94402;172;20220617;29.4;14;21.7;2.8;12.87;0;5.96;25752
100095;50.48832;4.94402;172;20220618;32.9;20.2;26.6;3.2;15.84;0;7.09;27235
100095;50.48832;4.94402;172;20220619;20;14.1;17;4.9;13.94;3;3.7;18113
100095;50.48832;4.94402;172;20220620;20.3;11.8;16;3.7;12.2;3;4.07;21809
100095;50.48832;4.94402;172;20220621;20.1;9;14.5;2.9;11.4;0;3.36;17112
100095;50.48832;4.94402;172;20220622;26;10.5;18.2;3.1;12;0;5.12;23935
100095;50.48832;4.94402;172;20220623;28.2;16;22.1;3;15.8;15;5.63;25318
100095;50.48832;4.94402;172;20220624;22.3;16.4;19.3;3.5;17.4;6;3.49;17412
100095;50.48832;4.94402;172;20220625;21.8;15.5;18.6;4.1;15.37;7;3.38;13681
100095;50.48832;4.94402;172;20220626;19.8;12.9;16.3;2.7;14.7;0;2.84;15014
100095;50.48832;4.94402;172;20220627;19.5;13.6;16.6;2;14.4;4;2.88;15266
100095;50.48832;4.94402;172;20220628;24.2;10.2;17.2;2.1;12.24;0;4.8;26769
100095;50.48832;4.94402;172;20220629;26.5;13.8;20.2;2.5;13.37;0;5.25;25098
100095;50.48832;4.94402;172;20220630;19.5;13.2;16.4;3.2;14.04;7;3.04;14789
100095;50.48832;4.94402;172;20220701;20.5;11;15.7;3.7;12.1;1;4.23;23704
100095;50.48832;4.94402;172;20220702;24;10;17;2.5;11.84;0;4.98;27170
100095;50.48832;4.94402;172;20220703;22.2;12.5;17.3;2.7;12.67;0;4.59;25367
100095;50.48832;4.94402;172;20220704;23.4;10.6;17;2;12.14;0;4.75;27545
100095;50.48832;4.94402;172;20220705;22.8;10.7;16.7;2.1;12.2;0;4.46;25553
100095;50.48832;4.94402;172;20220706;22;9;15.5;2;11.57;0;3.59;19166
100095;50.48832;4.94402;172;20220707;19;15.2;17.1;4.2;13.74;1;3.26;14247
100095;50.48832;4.94402;172;20220708;23.5;9.3;16.4;1.8;12.4;0;4.54;27134
100095;50.48832;4.94402;172;20220709;24.4;13.3;18.8;2.6;13.7;0;4.53;22793
100095;50.48832;4.94402;172;20220710;22.2;9.7;15.9;2.4;12;0;3.93;21414
100095;50.48832;4.94402;172;20220711;24.1;12;18.1;2.1;14.47;0;4.21;23141
100095;50.48832;4.94402;172;20220712;29.5;12.5;21;2;13.8;0;4.89;22228
100095;50.48832;4.94402;172;20220713;31.3;20.9;26.1;3.5;14.04;0;6.53;21317
100095;50.48832;4.94402;172;20220714;24.9;16;20.4;3.1;14.24;0;4.74;21326
100095;50.48832;4.94402;172;20220715;22.3;10.1;16.2;2;11.37;0;4.24;24318
100095;50.48832;4.94402;172;20220716;23.9;12.3;18.1;2.6;11.26;0;4.65;23062
100095;50.48832;4.94402;172;20220717;26.8;11.9;19.4;2.3;10.41;0;5.16;24772
100095;50.48832;4.94402;172;20220718;33.8;16.6;25.2;2.3;9.86;0;6.5;25093
100095;50.48832;4.94402;172;20220719;37.5;18.7;28.1;3.4;11.27;0;8.46;28230
100095;50.48832;4.94402;172;20220720;26.1;19.5;22.8;4.2;16;2;4.52;13477
100095;50.48832;4.94402;172;20220721;19.6;16.5;18;4.2;17.5;1;1.98;8323
100095;50.48832;4.94402;172;20220722;22.8;12.1;17.5;2.6;14.9;0;3.26;16259
100095;50.48832;4.94402;172;20220723;26.3;12.9;19.6;1.7;15.17;0;4.28;22849
100095;50.48832;4.94402;172;20220724;30.5;15;22.7;2.9;14.94;0;5.83;25134
100095;50.48832;4.94402;172;20220725;25.3;19.9;22.6;4.5;14.2;0;5.25;16574
100095;50.48832;4.94402;172;20220726;22.9;14.6;18.7;4.1;14.4;0;3.81;15518
100095;50.48832;4.94402;172;20220727;21.2;10.1;15.7;3.3;10.54;0;4.2;21553
100095;50.48832;4.94402;172;20220728;24.5;11.2;17.9;4;10.7;0;4.86;19167
100095;50.48832;4.94402;172;20220729;25.7;13.6;19.6;2.7;12.17;0;4.9;23298
100095;50.48832;4.94402;172;20220730;26.1;11.8;18.9;2;13;0;4.15;20433
100095;50.48832;4.94402;172;20220731;24.7;16;20.4;4.6;15.8;0;4.29;16926
100095;50.48832;4.94402;172;20220801;25.1;17.3;21.2;2.3;16.5;1;3.43;14182
100095;50.48832;4.94402;172;20220802;28.3;15.5;21.9;2.9;15.17;0;4.76;19625
100095;50.48832;4.94402;172;20220803;32.5;16.4;24.5;2;15.7;0;5.54;24713
100095;50.48832;4.94402;172;20220804;28;19.1;23.6;2.5;17.5;4;4.06;15079
100095;50.48832;4.94402;172;20220805;23;16.5;19.7;2.8;15.54;0;3.57;16503
100095;50.48832;4.94402;172;20220806;21.6;8.5;15;2.6;10.04;0;4.07;22956
100095;50.48832;4.94402;172;20220807;24;9.7;16.9;2.8;10.74;0;4.63;24953
100095;50.48832;4.94402;172;20220808;25;11;18;3.3;12.27;0;4.76;23933
100095;50.48832;4.94402;172;20220809;27.2;13.1;20.2;4.1;13.07;0;5.6;25096
100095;50.48832;4.94402;172;20220810;30.4;14.5;22.5;3.9;12.2;0;6.42;24622
100095;50.48832;4.94402;172;20220811;31.3;15.4;23.3;2.9;10.97;0;6.11;24534
100095;50.48832;4.94402;172;20220812;31.8;15.9;23.9;2.8;10.24;0;6.19;24550
100095;50.48832;4.94402;172;20220813;31.4;15.9;23.7;2.9;9.77;0;6.24;24150
100095;50.48832;4.94402;172;20220814;31.5;16.6;24;2.9;10.77;0;5.53;17372
100095;50.48832;4.94402;172;20220815;27.2;19.3;23.2;3.6;15.47;0;4.32;13684
100095;50.48832;4.94402;172;20220816;27.9;16.6;22.2;2.6;15.8;2;4.2;17388
100095;50.48832;4.94402;172;20220817;23.2;17.6;20.4;2.2;17.5;4;2.82;12834
100095;50.48832;4.94402;172;20220818;25.1;15.2;20.1;1.4;17.54;0;2.8;14182
100095;50.48832;4.94402;172;20220819;23.6;14.7;19.1;3.4;17.54;1;2.82;13148
100095;50.48832;4.94402;172;20220820;24;13.6;18.8;3.3;14.5;0;3.81;18831
100095;50.48832;4.94402;172;20220821;23.5;11.7;17.6;2.2;12.64;0;3.39;17055
100095;50.48832;4.94402;172;20220822;27.3;15.5;21.4;2;13.37;0;3.83;16176
100095;50.48832;4.94402;172;20220823;28.7;15.5;22.1;2.1;14.97;0;4.14;18467
100095;50.48832;4.94402;172;20220824;32;15.9;23.9;1.7;16;0;4.42;20149
100095;50.48832;4.94402;172;20220825;32;19.1;25.5;2.8;14.7;0;5.18;18417
100095;50.48832;4.94402;172;20220826;22.1;17.6;19.8;3.3;16.94;0;2.65;10395
100095;50.48832;4.94402;172;20220827;20.6;12.7;16.6;2.7;13.64;0;2.72;13826
100095;50.48832;4.94402;172;20220828;23;14.9;18.9;4.5;12.04;0;4.35;17359
100095;50.48832;4.94402;172;20220829;22.9;12.8;17.9;3.8;11.07;0;3.9;14691
100095;50.48832;4.94402;172;20220830;27;13.4;20.2;3.6;12.34;4;4.45;15860
100095;50.48832;4.94402;172;20220831;24.8;14.2;19.5;4.4;13.27;0;4.26;16315
100095;50.48832;4.94402;172;20220901;25.4;12.8;19.1;2.9;11.7;0;4.15;18962
100095;50.48832;4.94402;172;20220902;27.2;14.2;20.7;2.6;11.1;0;4.22;16342
100095;50.48832;4.94402;172;20220903;24.8;17.1;21;2.6;13.97;5;3.28;11221
100095;50.48832;4.94402;172;20220904;26.8;15;20.9;2.9;14.6;0;3.88;16185
100095;50.48832;4.94402;172;20220905;29.9;16.5;23.2;3.2;13.57;8;4.68;15792
100095;50.48832;4.94402;172;20220906;27.9;15.4;21.6;3.5;16.1;4;4.19;17693
100095;50.48832;4.94402;172;20220907;23;15.3;19.1;3.1;15.77;1;2.93;13810
100095;50.48832;4.94402;172;20220908;20.7;14.1;17.4;4.4;14.8;5;2.65;11452
100095;50.48832;4.94402;172;20220909;18.6;14;16.3;5.8;14.37;9;2.28;8577
100095;50.48832;4.94402;172;20220910;19.7;13.3;16.5;4.6;15.4;6;2.09;10497
100095;50.48832;4.94402;172;20220911;21.5;13.2;17.4;1.9;15;0;2.24;12563
100095;50.48832;4.94402;172;20220912;25.5;11.9;18.7;2.2;13.5;0;3.14;16049
100095;50.48832;4.94402;172;20220913;21.9;15.6;18.8;2;15.8;12;1.92;6940
100095;50.48832;4.94402;172;20220914;16.7;14.9;15.8;2.8;16.97;21;0.71;1875
100095;50.48832;4.94402;172;20220915;17.9;10.7;14.3;2;13.01;0;1.63;8822
100095;50.48832;4.94402;172;20220916;14;10.3;12.2;3.4;10.97;4;1.7;8923
100095;50.48832;4.94402;172;20220917;13.2;8.1;10.6;4.2;11;5;1.38;9170
100095;50.48832;4.94402;172;20220918;14.7;8.3;11.5;4.6;10.4;3;1.81;9248
100095;50.48832;4.94402;172;20220919;16.3;7.2;11.7;2.9;10.47;0;1.91;12555
100095;50.48832;4.94402;172;20220920;15.4;8;11.7;2.1;10.87;0;1.54;9872
100095;50.48832;4.94402;172;20220921;16.4;5.4;10.9;1.5;9.84;0;1.73;13466
100095;50.48832;4.94402;172;20220922;18.3;5.8;12;2;8.84;0;2.26;14960
100095;50.48832;4.94402;172;20220923;17.2;7.9;12.5;2.2;9.84;0;1.77;7960
100095;50.48832;4.94402;172;20220924;14.6;11.1;12.8;2.1;12.5;3;1.06;4249
100095;50.48832;4.94402;172;20220925;16;8.6;12.3;3.1;11.4;0;1.68;10914
100095;50.48832;4.94402;172;20220926;11.9;9;10.4;5.5;11;9;1.07;4479
100095;50.48832;4.94402;172;20220927;12.7;7.6;10.2;4.2;10.17;6;1.33;7335
100095;50.48832;4.94402;172;20220928;14;6.2;10.1;3.2;9.64;1;1.61;11756
100095;50.48832;4.94402;172;20220929;14.3;4.1;9.2;1.9;8.84;0;1.46;11335
100095;50.48832;4.94402;172;20220930;15.9;4.9;10.4;3.7;9.5;9;1.9;13439
100095;50.48832;4.94402;172;20221001;18.3;10.1;14.2;7;12.37;6;2.25;9669
100095;50.48832;4.94402;172;20221002;13.6;12.7;13.2;4;13.24;8;1.03;4392
100095;50.48832;4.94402;172;20221003;15.1;5.3;10.2;1.6;10.47;0;1.26;11021
100095;50.48832;4.94402;172;20221004;17.9;6.9;12.4;3.4;11.07;0;1.84;11706
100095;50.48832;4.94402;172;20221005;19.7;12;15.8;5.8;12.8;1;2.5;8542
100095;50.48832;4.94402;172;20221006;16.4;9;12.7;3.8;10.27;0;1.98;12345
100095;50.48832;4.94402;172;20221007;16.9;7.3;12.1;3.3;9.64;0;1.95;12009
100095;50.48832;4.94402;172;20221008;15.2;10.2;12.7;3.4;10.3;0;1.76;9599
100095;50.48832;4.94402;172;20221009;17.2;4.5;10.9;2.8;8.7;0;1.85;12314
100095;50.48832;4.94402;172;20221010;18.1;9;13.5;3.4;10.8;1;1.87;7940
100095;50.48832;4.94402;172;20221011;14.1;3.8;9;1.6;8.84;0;1.16;11495
100095;50.48832;4.94402;172;20221012;16.2;3.7;9.9;2.4;9.2;0;1.39;9646
100095;50.48832;4.94402;172;20221013;15.4;11.2;13.3;3.9;12;1;1.35;3969
100095;50.48832;4.94402;172;20221014;16.2;12.1;14.1;3;14.17;1;0.94;4133
100095;50.48832;4.94402;172;20221015;17.9;12.3;15.1;3.9;14.1;2;1.35;5354
100095;50.48832;4.94402;172;20221016;18;12.3;15.1;3.7;13.7;1;1.47;7155
100095;50.48832;4.94402;172;20221017;18.4;14.7;16.5;4;15.97;3;1.2;3461
100095;50.48832;4.94402;172;20221018;18.2;14;16.1;1.7;14.9;1;1.1;7406
100095;50.48832;4.94402;172;20221019;16.9;7.7;12.3;3.3;12.27;0;1.12;8024
100095;50.48832;4.94402;172;20221020;19.9;11.8;15.9;4.4;14;4;1.7;6312
100095;50.48832;4.94402;172;20221021;19;13.9;16.4;5.1;14.2;0;1.8;6630
100095;50.48832;4.94402;172;20221022;18.1;13.2;15.6;4.1;13.54;0;1.55;6364
100095;50.48832;4.94402;172;20221023;19.7;13;16.3;4.5;13.64;0;1.84;4815
100095;50.48832;4.94402;172;20221024;17.4;15.1;16.2;8.1;12.4;1;2.68;5232
100095;50.48832;4.94402;172;20221025;15.9;12.5;14.2;4.7;12.44;0;1.47;5035
100095;50.48832;4.94402;172;20221026;19.8;12.2;16;4.4;13.24;0;1.82;7158
100095;50.48832;4.94402;172;20221027;21.7;13.3;17.5;4.3;13.7;0;2.1;6434
100095;50.48832;4.94402;172;20221028;22.2;16.4;19.3;4.5;14.14;0;2.46;5677
100095;50.48832;4.94402;172;20221029;23.8;14.4;19.1;3.4;13.84;0;2.16;5722
100095;50.48832;4.94402;172;20221030;20.1;12.7;16.4;2.8;12.74;1;1.56;5313
100095;50.48832;4.94402;172;20221031;19.3;10.5;14.9;3.1;13;0;1.32;4965
100095;50.48832;4.94402;172;20221101;15.4;11.6;13.5;8.1;11.1;0;2.02;7083
100095;50.48832;4.94402;172;20221102;14.2;10.4;12.3;6.4;9.77;0;1.85;6206
100095;50.48832;4.94402;172;20221103;14.1;10.5;12.3;6.3;10.44;3;1.69;2846
100095;50.48832;4.94402;172;20221104;10.9;7.9;9.4;3.1;9.87;2;0.75;3428
100095;50.48832;4.94402;172;20221105;10.8;3.9;7.3;4;8.84;0;0.69;5131
100095;50.48832;4.94402;172;20221106;10.4;8.2;9.3;6.2;9.37;1;1.11;2908
100095;50.48832;4.94402;172;20221107;14.3;8.4;11.3;6.4;11.44;0;1.03;3712
100095;50.48832;4.94402;172;20221108;15;10.2;12.6;5.8;10.54;0;1.65;3860
100095;50.48832;4.94402;172;20221109;13.2;11;12.1;5.8;10.77;0;1.32;4695
100095;50.48832;4.94402;172;20221110;13.7;7.4;10.6;5;9.7;0;1.17;6066
100095;50.48832;4.94402;172;20221111;13.6;6.6;10.1;3.9;9.3;0;1.09;4745
100095;50.48832;4.94402;172;20221112;17.2;5.8;11.5;2.4;9.14;0;1.04;5813
100095;50.48832;4.94402;172;20221113;14.6;5.1;9.8;1.9;8.7;0;0.7;6151
100095;50.48832;4.94402;172;20221114;6.5;1.5;4;3.2;8;1;0.23;3802
100095;50.48832;4.94402;172;20221115;12.4;6.1;9.3;4.4;11.44;4;0.31;3603
100095;50.48832;4.94402;172;20221116;11.3;8.1;9.7;5.2;10.71;9;0.57;4113
101095;50.71245;4.9198;111;20220610;23;14.3;18.7;3.5;13.8;0;3.82;15448
101095;50.71245;4.9198;111;20220611;23.7;15.6;19.7;2.8;14.3;0;4.16;18667
101095;50.71245;4.9198;111;20220612;22.5;10.8;16.7;2.6;11.3;0;4.38;22840
101095;50.71245;4.9198;111;20220613;19.6;10.8;15.2;3;10.9;0;4.07;22658
101095;50.71245;4.9198;111;20220614;21;8.6;14.8;1.8;10;0;4.39;26977
101095;50.71245;4.9198;111;20220615;26.3;11.1;18.7;1.8;12.2;0;5.19;28371
101095;50.71245;4.9198;111;20220616;24.2;13;18.6;1.9;12.7;0;4.85;26593
101095;50.71245;4.9198;111;20220617;29.7;16.8;23.3;2.4;13.3;0;5.92;25733
101095;50.71245;4.9198;111;20220618;33.4;20.2;26.8;2.4;17.6;0;6.18;24381
101095;50.71245;4.9198;111;20220619;19.6;13.8;16.7;4.6;13.6;1;3.61;17872
101095;50.71245;4.9198;111;20220620;20.9;12.1;16.5;2.9;11.9;1;3.83;18865
101095;50.71245;4.9198;111;20220621;20.4;8.7;14.6;1.9;11.7;0;3.67;22197
101095;50.71245;4.9198;111;20220622;26.3;10.3;18.3;2.2;12.4;0;5.22;27933
101095;50.71245;4.9198;111;20220623;29;17.1;23.1;2.4;15.7;14;5.65;25922
101095;50.71245;4.9198;111;20220624;24;17;20.5;3.2;17.9;4;3.52;15556
101095;50.71245;4.9198;111;20220625;22.7;16.1;19.4;3.9;15.9;5;3.4;13140
101095;50.71245;4.9198;111;20220626;20.4;13.3;16.9;2.5;14.9;0;3.19;17546
101095;50.71245;4.9198;111;20220627;20;14.1;17.1;1.7;14.5;6;3.01;16087
101095;50.71245;4.9198;111;20220628;24.7;11.5;18.1;1.6;12.8;0;4.72;26727
101095;50.71245;4.9198;111;20220629;27.4;15.5;21.5;1.6;13.6;0;5.19;26465
101095;50.71245;4.9198;111;20220630;20.2;13.5;16.9;3;14.5;11;3.33;17922
101095;50.71245;4.9198;111;20220701;21;11.1;16.1;3.2;12.6;0;4.03;22469
101095;50.71245;4.9198;111;20220702;24.1;11.9;18;2.1;12.4;0;4.45;23247
101095;50.71245;4.9198;111;20220703;22.3;13.2;17.8;2.9;13.2;0;4.19;21389
101095;50.71245;4.9198;111;20220704;23.7;11.5;17.6;1.9;12.9;0;4.61;26323
101095;50.71245;4.9198;111;20220705;22.4;10.3;16.4;2.1;12.7;0;4.26;25116
101095;50.71245;4.9198;111;20220706;21.7;10.8;16.3;1.7;12.5;0;3.8;21867
101095;50.71245;4.9198;111;20220707;19.3;15.2;17.3;4;14.3;1;2.98;12555
101095;50.71245;4.9198;111;20220708;23.9;10.3;17.1;1.7;12.8;0;4.55;26802
101095;50.71245;4.9198;111;20220709;23.8;13.4;18.6;2.6;14.2;0;4.37;22791
101095;50.71245;4.9198;111;20220710;22.1;10.5;16.3;1.7;12.6;0;3.61;20137
101095;50.71245;4.9198;111;20220711;23.8;13.3;18.6;1.4;15.2;0;3.96;22343
101095;50.71245;4.9198;111;20220712;29.3;15.2;22.3;1.6;14.6;0;4.77;22408
101095;50.71245;4.9198;111;20220713;30.2;21.5;25.9;3.2;14.5;0;5.61;17024
101095;50.71245;4.9198;111;20220714;24.5;15.6;20.1;2.6;14.6;0;4.32;20299
101095;50.71245;4.9198;111;20220715;22.8;11.1;17;1.7;12.1;0;4.15;23692
101095;50.71245;4.9198;111;20220716;23.7;11.3;17.5;2.4;11.6;0;4.34;21902
101095;50.71245;4.9198;111;20220717;26.1;10.8;18.5;1.3;11.1;0;4.54;25074
101095;50.71245;4.9198;111;20220718;34.3;15.3;24.8;1.6;11.2;0;5.99;26930
101095;50.71245;4.9198;111;20220719;38;19.7;28.9;2.3;11.3;0;7.57;29402
101095;50.71245;4.9198;111;20220720;26.4;20.1;23.3;3.9;16.4;6;4.73;15878
101095;50.71245;4.9198;111;20220721;19.3;16.5;17.9;3.6;17.7;3;2.01;9298
101095;50.71245;4.9198;111;20220722;21.9;12.6;17.3;1.2;15;1;3.69;22595
101095;50.71245;4.9198;111;20220723;26.4;13.1;19.8;1.7;15.37;0;4.48;24466
101095;50.71245;4.9198;111;20220724;31;15.9;23.5;2.7;15.7;0;5.68;24223
101095;50.71245;4.9198;111;20220725;25.7;19.5;22.6;4.6;14.7;0;5.07;15826
101095;50.71245;4.9198;111;20220726;22.3;15.3;18.8;3.8;14.6;1;3.56;14541
101095;50.71245;4.9198;111;20220727;21.5;10.8;16.2;2.1;11;0;4.03;22934
101095;50.71245;4.9198;111;20220728;24.1;10.3;17.2;2.8;11.5;0;4.26;20465
101095;50.71245;4.9198;111;20220729;25.9;13.5;19.7;1.7;12.9;0;4.47;23533
101095;50.71245;4.9198;111;20220730;26.2;12.6;19.4;1.3;14.1;0;3.97;21427
101095;50.71245;4.9198;111;20220731;25.4;16.7;21.1;4.4;16.9;0;4.03;15171
101095;50.71245;4.9198;111;20220801;25.7;17.3;21.5;2.4;16.7;0;3.46;13718
101095;50.71245;4.9198;111;20220802;29;16.3;22.7;2.7;15.5;0;4.79;19587
101095;50.71245;4.9198;111;20220803;32.9;18.7;25.8;1.6;16.7;0;5.34;24473
101095;50.71245;4.9198;111;20220804;27.7;18.9;23.3;1.7;18.6;4;3.62;15856
101095;50.71245;4.9198;111;20220805;23.7;16.5;20.1;2.2;15.6;0;3.32;14862
101095;50.71245;4.9198;111;20220806;22.6;9.6;16.1;1.8;10.3;0;3.78;20968
101095;50.71245;4.9198;111;20220807;24.5;9.8;17.2;1.7;11.3;0;3.99;22164
101095;50.71245;4.9198;111;20220808;25.6;11.6;18.6;2.3;12.9;0;4.34;22502
101095;50.71245;4.9198;111;20220809;27.3;12.6;20;2.6;13.8;0;4.83;24146
101095;50.71245;4.9198;111;20220810;30.5;14.1;22.3;2.6;13.1;0;5.57;24823
101095;50.71245;4.9198;111;20220811;31.6;15.6;23.6;1.6;11.8;0;5.14;24675
101095;50.71245;4.9198;111;20220812;31.7;17.3;24.5;2.4;11.1;0;5.86;24377
101095;50.71245;4.9198;111;20220813;31.3;15.9;23.6;1.9;10.7;0;5.08;21793
101095;50.71245;4.9198;111;20220814;32.2;16.1;24.2;2;11.3;0;5.26;22125
101095;50.71245;4.9198;111;20220815;25.7;20.1;22.9;3.3;16.6;1;3.25;6946
101095;50.71245;4.9198;111;20220816;28.6;16.9;22.8;2.6;16.5;0;4.42;19005
101095;50.71245;4.9198;111;20220817;23.3;18.8;21.1;2.4;18.4;3;2.77;11877
101095;50.71245;4.9198;111;20220818;26;16;21;1.1;18.2;0;2.94;15292
101095;50.71245;4.9198;111;20220819;24.4;14.9;19.7;2.8;18;2;3.1;15936
101095;50.71245;4.9198;111;20220820;24.4;14;19.2;3.3;14.8;0;3.75;17313
101095;50.71245;4.9198;111;20220821;23.6;13.1;18.4;2.1;13.4;0;3.35;16909
101095;50.71245;4.9198;111;20220822;27.6;15.5;21.6;1.3;14.1;0;3.3;15388
101095;50.71245;4.9198;111;20220823;28.7;17;22.9;2.2;16.1;0;4.16;18474
101095;50.71245;4.9198;111;20220824;31.9;17;24.5;1.3;18.1;0;4.05;19724
101095;50.71245;4.9198;111;20220825;32.6;19.5;26.1;1.8;15.6;0;4.61;19443
101095;50.71245;4.9198;111;20220826;22.6;17.2;19.9;2.9;17.5;0;2.56;10719
101095;50.71245;4.9198;111;20220827;21.1;13.5;17.3;1.8;13.9;0;2.2;9565
101095;50.71245;4.9198;111;20220828;23.7;15;19.4;4;12.4;0;3.97;13479
101095;50.71245;4.9198;111;20220829;23;11.8;17.4;2.7;11.8;0;3.32;14813
101095;50.71245;4.9198;111;20220830;27.1;13.1;20.1;2.9;13.3;4;4.05;16894
101095;50.71245;4.9198;111;20220831;25.2;14.2;19.7;3.8;13.6;0;4.09;16730
101095;50.71245;4.9198;111;20220901;25.2;13.4;19.3;2.5;11.6;0;3.74;16244
101095;50.71245;4.9198;111;20220902;27.8;14.6;21.2;1.6;11.2;0;3.69;17744
101095;50.71245;4.9198;111;20220903;26;15.8;20.9;1.8;13.8;2;3.11;13338
101095;50.71245;4.9198;111;20220904;27.8;16.7;22.3;2.6;14.7;0;3.87;15287
101095;50.71245;4.9198;111;20220905;30.4;17.2;23.8;2.7;13.8;8;4.49;16335
101095;50.71245;4.9198;111;20220906;28.2;15.8;22;2.5;16.1;3;3.75;16596
101095;50.71245;4.9198;111;20220907;24.2;15.7;20;2.5;16.3;2;2.9;13789
101095;50.71245;4.9198;111;20220908;20.6;14.5;17.6;3.8;15.5;7;2.48;12280
101095;50.71245;4.9198;111;20220909;19.6;13.6;16.6;5.5;14.7;8;2.45;10762
101095;50.71245;4.9198;111;20220910;20.1;14.1;17.1;4.4;15.8;4;2.13;9676
101095;50.71245;4.9198;111;20220911;21.7;13.1;17.4;1.7;15.2;0;2.12;11644
101095;50.71245;4.9198;111;20220912;25.8;13.3;19.6;1.8;13.9;0;2.99;15335
101095;50.71245;4.9198;111;20220913;22.5;17.1;19.8;1.6;16.6;7;1.94;8032
101095;50.71245;4.9198;111;20220914;15.7;14.3;15;2.5;16.4;18;0.71;2564
101095;50.71245;4.9198;111;20220915;18.2;11;14.6;1.5;13.5;0;1.65;10199
101095;50.71245;4.9198;111;20220916;14.4;10.3;12.4;3.4;11.4;6;1.57;7638
101095;50.71245;4.9198;111;20220917;14.9;8.5;11.7;4.2;11.5;8;1.51;8105
101095;50.71245;4.9198;111;20220918;15.9;8.6;12.3;4.2;11;3;1.85;8899
101095;50.71245;4.9198;111;20220919;16.1;7.9;12;2.2;10.8;0;1.74;11457
101095;50.71245;4.9198;111;20220920;16.1;9.3;12.7;1.5;11.4;0;1.51;9556
101095;50.71245;4.9198;111;20220921;17.2;6.5;11.9;1;10.2;0;1.76;14604
101095;50.71245;4.9198;111;20220922;18.9;7.3;13.1;1;9;0;1.9;14200
100094;50.47228;4.59257;155;20220101;13.5;9.3;11.4;4.1;11.5;0;0.58;3200
100094;50.47228;4.59257;155;20220102;12.3;10.3;11.3;6.9;10.2;5;1.36;1840
100094;50.47228;4.59257;155;20220103;9.9;9;9.4;6;9.9;18;0.91;961
100094;50.47228;4.59257;155;20220104;7.3;6.2;6.7;4;8.65;7;0.53;1224
100094;50.47228;4.59257;155;20220105;4.6;0.3;2.4;5.1;6.45;1;0.41;2018
100094;50.47228;4.59257;155;20220106;4.7;2.2;3.4;3.9;6.5;1;0.47;2659
100094;50.47228;4.59257;155;20220107;4.6;1.8;3.2;5.5;6.5;8;0.59;1539
100094;50.47228;4.59257;155;20220108;5.7;0.9;3.3;6;7.25;16;0.33;1673
100094;50.47228;4.59257;155;20220109;5.8;3.6;4.7;4.8;6.75;0;0.6;3602
100094;50.47228;4.59257;155;20220110;0.8;-1;-0.1;2.3;5.85;0;0.25;940
100094;50.47228;4.59257;155;20220111;5.1;-0.7;2.2;2.6;5.6;0;0.4;3641
100094;50.47228;4.59257;155;20220112;3;-0.2;1.4;1.8;6.2;0;0.31;1247
100094;50.47228;4.59257;155;20220113;8.1;0.9;4.5;1.4;6.21;0;0.2;4823
100094;50.47228;4.59257;155;20220114;8.7;-0.6;4.1;1.9;6.65;1;0.26;5049
100094;50.47228;4.59257;155;20220115;7;-0.7;3.1;2.3;6.55;2;0.27;4494
100094;50.47228;4.59257;155;20220116;2.4;-0.1;1.1;4.3;6.75;2;0.1;1410
100094;50.47228;4.59257;155;20220117;5.4;1.9;3.7;3.2;7.95;0;0.13;2291
100094;50.47228;4.59257;155;20220118;7.4;4.4;5.9;1.6;7.8;0;0.38;2745
100094;50.47228;4.59257;155;20220119;4.2;-0.4;1.9;3;7.1;3;0.16;1523
100094;50.47228;4.59257;155;20220120;4.3;1.9;3.1;3.5;6.65;1;0.4;2915
100094;50.47228;4.59257;155;20220121;5.2;-0.4;2.4;2.8;6.7;1;0.28;2801
100094;50.47228;4.59257;155;20220122;5;2.4;3.7;2.5;7.35;1;0.37;1245
100094;50.47228;4.59257;155;20220123;4.4;3.2;3.8;1.8;6.9;1;0.46;1245
100094;50.47228;4.59257;155;20220124;5.2;1.6;3.4;2.2;6.05;0;0.38;5575
100094;50.47228;4.59257;155;20220125;0.1;-2.8;-1.4;1.8;5.55;0;0.12;2929
100094;50.47228;4.59257;155;20220126;1.3;-0.4;0.5;3.4;6.05;0;0.28;997
100094;50.47228;4.59257;155;20220127;7.4;1.3;4.4;5.2;7.95;2;0.38;1708
100094;50.47228;4.59257;155;20220128;4.7;1.3;3;3.9;7.55;1;0.19;2375
100094;50.47228;4.59257;155;20220129;9.7;3.8;6.8;6.4;9.3;1;0.44;2445
100094;50.47228;4.59257;155;20220130;6.7;2;4.3;3.1;6.65;1;0.58;5001
100094;50.47228;4.59257;155;20220131;5.3;3.1;4.2;7.7;6.5;1;0.98;2375
100094;50.47228;4.59257;155;20220201;8.3;1.6;5;5.5;8.1;2;0.49;1807
100094;50.47228;4.59257;155;20220202;8.5;7.1;7.8;4.2;9.7;1;0.52;1489
100094;50.47228;4.59257;155;20220203;6.9;6.7;6.8;5;8.5;1;0.72;981
101095;50.71245;4.9198;111;20220419;18.1;5.9;12;2.2;7.8;0;2.97;16846
101095;50.71245;4.9198;111;20220420;16.3;6;11.2;3.7;6.9;0;3.49;19187
101095;50.71245;4.9198;111;20220421;17.5;5.6;11.6;4.1;8.1;0;3.48;19668
101095;50.71245;4.9198;111;20220422;16.2;6;11.1;4.2;9;0;2.97;17912
101095;50.71245;4.9198;111;20220423;18.1;8.3;13.2;5.1;9.6;0;3.45;16630
101095;50.71245;4.9198;111;20220424;18.1;7;12.6;3.8;8.2;0;3.53;17845
101095;50.71245;4.9198;111;20220425;13;4.2;8.6;2.3;8.9;1;2.14;16523
101095;50.71245;4.9198;111;20220426;13.3;6;9.7;3;8.6;0;2.29;14506
101095;50.71245;4.9198;111;20220427;15.4;3.2;9.3;2.4;7.9;0;2.98;22355
101095;50.71245;4.9198;111;20220428;17.4;3.3;10.4;2.5;8.4;0;3.07;20741
101095;50.71245;4.9198;111;20220429;14;6.5;10.3;2.2;9.2;0;2.16;13574
101095;50.71245;4.9198;111;20220430;12.4;2.2;7.3;3.2;7.8;0;1.77;9629
101095;50.71245;4.9198;111;20220501;14.3;3.5;8.9;1.1;7.8;0;2.28;16510
101095;50.71245;4.9198;111;20220502;18.1;5.3;11.7;2.5;7.7;0;3.71;24095
101095;50.71245;4.9198;111;20220503;17.9;5.5;11.7;2.5;8.8;0;3.32;21309
101095;50.71245;4.9198;111;20220504;16.4;5.3;10.9;1.6;9.4;0;2.73;19165
101095;50.71245;4.9198;111;20220505;16.9;9.6;13.3;1.5;11.3;0;2.37;14215
101095;50.71245;4.9198;111;20220506;20.2;7.6;13.9;1.1;11;0;2.93;18533
101095;50.71245;4.9198;111;20220507;19.8;10.4;15.1;2.4;11.8;1;2.82;13965
101095;50.71245;4.9198;111;20220508;18.7;8.6;13.7;2.6;10.7;0;3.19;18734
101095;50.71245;4.9198;111;20220509;24.2;7;15.6;1.2;10;0;4.09;25650
101095;50.71245;4.9198;111;20220510;24.5;13.6;19.1;3.5;11.9;0;4.41;16974
101095;50.71245;4.9198;111;20220511;23.8;12.6;18.2;3.9;12;0;4.83;22639
101095;50.71245;4.9198;111;20220512;19;10.1;14.6;3.3;11.6;0;3.1;16120
101095;50.71245;4.9198;111;20220513;17.7;7.8;12.8;3.8;9.7;0;3.39;18868
101095;50.71245;4.9198;111;20220514;22.2;7.8;15;2;10.3;0;3.98;23139
101095;50.71245;4.9198;111;20220515;26.1;10.2;18.2;2.3;11.4;0;4.79;24441
101095;50.71245;4.9198;111;20220516;22.1;17.4;19.8;3;13.2;0;3.94;15885
101095;50.71245;4.9198;111;20220517;27.3;15.1;21.2;2;12.8;0;4.64;21112
101095;50.71245;4.9198;111;20220518;26.6;15.9;21.3;1.6;14.4;0;4.21;20325
101095;50.71245;4.9198;111;20220519;26.5;20;23.3;3.4;16.07;7;4.79;17600
101095;50.71245;4.9198;111;20220520;20.2;12.2;16.2;2.9;14.5;8;2.73;14128
101095;50.71245;4.9198;111;20220521;19.9;9.8;14.9;3.8;11.5;0;3.8;21078
101095;50.71245;4.9198;111;20220522;22.2;9.3;15.8;1.1;12.4;0;3.67;22708
101095;50.71245;4.9198;111;20220523;23.1;13.1;18.1;2.7;14.2;5;3.56;16729
101095;50.71245;4.9198;111;20220524;16.9;10.6;13.8;5.1;11.4;1;3.14;16836
101095;50.71245;4.9198;111;20220525;18.5;8;13.3;4.6;10.8;0;3.67;22010
101095;50.71245;4.9198;111;20220526;20.2;13.1;16.7;5.8;12.9;0;3.63;14446
101095;50.71245;4.9198;111;20220527;19.9;12.1;16;4.7;11.5;1;4.03;18800
101095;50.71245;4.9198;111;20220528;18.3;8.3;13.3;3.1;8.8;0;3.82;20604
101095;50.71245;4.9198;111;20220529;14.8;5.4;10.1;2.1;9.1;2;2.04;10698
101095;50.71245;4.9198;111;20220530;16;4.3;10.2;1.2;8.6;0;3.15;22881
101095;50.71245;4.9198;111;20220531;19.1;9;14.1;1.8;9.1;1;3.39;18314
101095;50.71245;4.9198;111;20220601;18.2;7.4;12.8;3.2;9.6;0;3.54;20029
101095;50.71245;4.9198;111;20220602;20.3;7.1;13.7;2;9.9;0;3.98;24585
101095;50.71245;4.9198;111;20220603;23.4;9.5;16.5;2.3;10.8;0;4.38;22973
101095;50.71245;4.9198;111;20220604;25.2;13.5;19.4;3.7;13.9;5;4.91;22526
101095;50.71245;4.9198;111;20220605;19.8;15.3;17.6;2.9;17.6;16;2.55;14554
101095;50.71245;4.9198;111;20220606;19.4;11.6;15.5;5.4;12.5;0;3.51;16566
101095;50.71245;4.9198;111;20220607;18.4;10.9;14.7;2.6;13.3;5;2.81;16403
101095;50.71245;4.9198;111;20220608;18.7;13.3;16;3.8;14.5;12;2.96;16523
101095;50.71245;4.9198;111;20220609;20.8;11.6;16.2;3.7;12.8;1;4.03;22009
99095;50.26417;4.96796;257;20220608;17;12.3;14.6;3.5;13.61;14;2.06;10047
99095;50.26417;4.96796;257;20220609;18.9;11;14.9;3.5;12.06;1;3.17;16376
99095;50.26417;4.96796;257;20220610;21.9;12.6;17.3;2.6;12.91;0;3.55;16826
99095;50.26417;4.96796;257;20220611;23;15.2;19.1;2.1;14.71;0;4.27;22901
99095;50.26417;4.96796;257;20220612;21.7;9.9;15.8;2.1;10.96;0;4.49;26534
99095;50.26417;4.96796;257;20220613;19.3;9.1;14.2;3;10.46;0;4.04;24130
99095;50.26417;4.96796;257;20220614;22.2;7.4;14.8;2.1;9.91;0;4.63;27958
99095;50.26417;4.96796;257;20220615;26.1;10.8;18.5;1.9;11.36;0;5.23;28157
99095;50.26417;4.96796;257;20220616;23.7;12.8;18.2;2.1;12.16;0;4.96;27566
99095;50.26417;4.96796;257;20220617;28.8;13.4;21.1;2.1;12.01;0;5.58;26240
99095;50.26417;4.96796;257;20220618;32.6;19.9;26.3;2.1;14.11;0;6.04;24287
99095;50.26417;4.96796;257;20220619;20.1;14.3;17.2;4.3;14.26;6;3.53;17802
99095;50.26417;4.96796;257;20220620;18.8;11.5;15.2;3.1;12.46;3;2.94;14735
99095;50.26417;4.96796;257;20220621;20.3;9;14.7;2.6;11.41;0;3.53;19468
99095;50.26417;4.96796;257;20220622;23.5;12;17.7;2.8;12.86;0;4.08;19531
99095;50.26417;4.96796;257;20220623;27.1;17.3;22.2;2.7;17.06;16;5.11;24516
99095;50.26417;4.96796;257;20220624;21.3;16;18.6;2.6;16.71;11;2.92;14350
99095;50.26417;4.96796;257;20220625;21.8;14.3;18.1;3.2;15.16;6;3.16;14437
99095;50.26417;4.96796;257;20220626;18.8;12.5;15.7;2.1;14.26;0;2.59;14333
99095;50.26417;4.96796;257;20220627;18.7;12.8;15.8;2;13.61;4;2.78;15230
99095;50.26417;4.96796;257;20220628;23.4;9.5;16.4;1.6;12.11;0;4.56;27562
99095;50.26417;4.96796;257;20220629;25.7;12.2;19;2.1;12.56;0;5.05;26849
99095;50.26417;4.96796;257;20220630;19;12.3;15.7;3;13.31;9;2.82;14084
99095;50.26417;4.96796;257;20220701;19.4;10.6;15;2.4;11.86;0;3.52;20439
99095;50.26417;4.96796;257;20220702;23.4;9.4;16.4;2.3;11.16;0;4.73;26758
99095;50.26417;4.96796;257;20220703;21.6;11.5;16.6;2.1;12.46;0;4.3;25312
99095;50.26417;4.96796;257;20220704;22.5;9.6;16;1.6;11.56;0;4.48;27423
99095;50.26417;4.96796;257;20220705;22.1;10.6;16.3;2;11.76;0;4.38;25742
99095;50.26417;4.96796;257;20220706;21;9.1;15;1.9;11.16;0;3.73;21652
99095;50.26417;4.96796;257;20220707;17.8;14.4;16.1;3.8;13.06;0;2.67;10886
99095;50.26417;4.96796;257;20220708;22.2;9.2;15.7;2.1;11.81;0;4.43;27038
99095;50.26417;4.96796;257;20220709;23.8;11.9;17.8;2.5;13.01;0;4.36;22976
99095;50.26417;4.96796;257;20220710;20.6;9.4;15;2.8;11.91;0;3.47;19136
99095;50.26417;4.96796;257;20220711;23.8;11.8;17.8;1.6;14.01;0;3.81;20922
99095;50.26417;4.96796;257;20220712;28.7;12.4;20.5;1.6;13.11;0;4.92;24544
99095;50.26417;4.96796;257;20220713;31;19.9;25.5;2.8;13.31;0;6.09;22565
99095;50.26417;4.96796;257;20220714;25.1;16.3;20.7;3.2;13.66;0;5.09;23115
99095;50.26417;4.96796;257;20220715;21.8;10.5;16.2;2.2;10.71;0;4.47;26032
99095;50.26417;4.96796;257;20220716;23.3;10.3;16.8;2.1;11.01;0;4.2;22141
99095;50.26417;4.96796;257;20220717;26.6;10.5;18.5;2.1;10.11;0;5.19;26490
99095;50.26417;4.96796;257;20220718;33.8;15.4;24.6;1.8;10.01;0;5.95;25704
99095;50.26417;4.96796;257;20220719;36.5;18.1;27.3;3.4;10.66;0;8.32;29143
99095;50.26417;4.96796;257;20220720;25.9;18.7;22.3;3.8;15.61;6;4.33;14297
99095;50.26417;4.96796;257;20220721;21.3;16;18.7;3.8;16.76;1;2.68;11542
99095;50.26417;4.96796;257;20220722;23.7;13;18.4;2.5;14.26;0;4.02;21046
99095;50.26417;4.96796;257;20220723;26.3;12.7;19.5;1.3;14.9;0;3.94;20950
99095;50.26417;4.96796;257;20220724;29.7;14.4;22;1.8;14.31;0;5.16;25167
99095;50.26417;4.96796;257;20220725;25;19.3;22.2;4;13.96;0;4.86;16835
99095;50.26417;4.96796;257;20220726;22.1;14.4;18.2;3.4;13.91;0;3.12;11515
99095;50.26417;4.96796;257;20220727;21;10.6;15.8;3.1;10.61;0;4.41;24900
99095;50.26417;4.96796;257;20220728;24.2;10.7;17.4;3;10.01;0;4.29;17262
99095;50.26417;4.96796;257;20220729;25.7;13.4;19.5;2.3;11.56;0;4.95;24761
99095;50.26417;4.96796;257;20220730;26.1;11.4;18.7;1.8;12.01;0;4.19;21126
99095;50.26417;4.96796;257;20220731;24.1;15.3;19.7;3.8;15.11;0;3.85;16087
99095;50.26417;4.96796;257;20220801;23.8;17.2;20.5;2.3;16.56;1;3.06;12671
99095;50.26417;4.96796;257;20220802;28;14.3;21.1;2.1;14.91;0;4.14;18376
99095;50.26417;4.96796;257;20220803;32.6;15.1;23.8;1.8;14.71;0;5.5;26047
99095;50.26417;4.96796;257;20220804;29.7;19.2;24.5;2.2;16.36;4;4.15;14678
99095;50.26417;4.96796;257;20220805;22.7;16.8;19.8;3.1;15.86;0;3.4;15052
99095;50.26417;4.96796;257;20220806;21.1;8.6;14.8;2.9;9.56;0;4.12;23149
99095;50.26417;4.96796;257;20220807;24;9.7;16.8;3.1;9.86;0;4.71;23529
99095;50.26417;4.96796;257;20220808;25.2;11.3;18.3;3.3;11.26;0;4.9;23685
99095;50.26417;4.96796;257;20220809;27.7;13.1;20.4;4;12.46;0;5.72;24940
99095;50.26417;4.96796;257;20220810;30.7;15.1;22.9;3.2;11.41;0;6.16;24750
99095;50.26417;4.96796;257;20220811;30.9;17.3;24.1;2.5;9.91;0;6.01;24964
99095;50.26417;4.96796;257;20220812;31.7;17.1;24.4;2.4;9.71;0;5.87;24564
99095;50.26417;4.96796;257;20220813;30.7;16;23.4;2.7;9.06;0;5.88;23312
99095;50.26417;4.96796;257;20220814;30.5;16.3;23.4;2.6;10.46;0;5.43;20290
99095;50.26417;4.96796;257;20220815;27.1;18;22.5;2.8;15.01;0;4.1;15303
99095;50.26417;4.96796;257;20220816;27.4;15.8;21.6;2.1;15.21;5;3.87;17377
99095;50.26417;4.96796;257;20220817;23.3;16.7;20;2.1;16.61;5;2.6;10813
99095;50.26417;4.96796;257;20220818;24;14.4;19.2;1.4;16.61;0;3.25;18775
99095;50.26417;4.96796;257;20220819;22.6;13.8;18.2;2.8;16.61;1;2.32;10472
99095;50.26417;4.96796;257;20220820;23.5;13.8;18.6;3.3;14.36;0;3.62;17575
99095;50.26417;4.96796;257;20220821;23.6;10.9;17.3;1.8;12.06;0;3.25;17259
99095;50.26417;4.96796;257;20220822;26.7;15.3;21;1.7;12.76;0;3.43;14502
99095;50.26417;4.96796;257;20220823;28.3;14.3;21.3;1.6;14.41;0;3.95;20064
99095;50.26417;4.96796;257;20220824;31.8;15.6;23.7;1.3;14.36;0;4.15;20626
99095;50.26417;4.96796;257;20220825;31.9;19.1;25.5;2.1;13.26;0;4.78;18573
99095;50.26417;4.96796;257;20220826;21.8;17.6;19.7;3.3;16.51;0;2.32;6962
99095;50.26417;4.96796;257;20220827;20.2;14.1;17.1;2.3;13.66;0;2.44;11258
99095;50.26417;4.96796;257;20220828;23.3;14;18.7;3.8;12.06;0;4.08;17913
99095;50.26417;4.96796;257;20220829;24.1;13.8;18.9;4;10.61;0;4.26;14141
99095;50.26417;4.96796;257;20220830;28;12.6;20.3;2.7;11.36;1;4.16;15357
99095;50.26417;4.96796;257;20220831;24.7;14.1;19.4;3.3;13.31;0;3.8;16215
99095;50.26417;4.96796;257;20220901;25.4;13.6;19.5;2.6;11.86;0;3.8;16718
99095;50.26417;4.96796;257;20220902;26.8;13.9;20.3;2.6;10.81;0;4.27;18375
99095;50.26417;4.96796;257;20220903;24.2;16.9;20.6;2.1;13.41;6;2.79;9650
99095;50.26417;4.96796;257;20220904;26.1;14.5;20.3;2.4;14.31;0;3.49;16365
99095;50.26417;4.96796;257;20220905;28.2;16.7;22.5;2.5;13.11;7;3.76;12892
99095;50.26417;4.96796;257;20220906;28.6;14.9;21.7;2.9;15.26;4;4.14;18506
99095;50.26417;4.96796;257;20220907;22.5;14.7;18.6;2.6;15.61;1;2.64;13423
99095;50.26417;4.96796;257;20220908;20.2;13.5;16.8;4;14.61;6;2.33;10621
99095;50.26417;4.96796;257;20220909;18;13.1;15.6;5.7;14.26;10;1.99;8857
99095;50.26417;4.96796;257;20220910;20.3;12.9;16.6;4.2;14.86;5;2.12;8988
99095;50.26417;4.96796;257;20220911;21;13.8;17.4;1.4;14.76;0;2.1;12066
99095;50.26417;4.96796;257;20220912;24.7;10.5;17.6;1.9;13.01;0;2.93;16672
99095;50.26417;4.96796;257;20220913;21.3;15.2;18.3;1.8;16.06;12;1.47;4385
99095;50.26417;4.96796;257;20220914;21.1;16.7;18.9;1.7;18.01;22;1.35;4694
99095;50.26417;4.96796;257;20220915;17.4;10.8;14.1;2.1;13.61;0;1.5;8962
99095;50.26417;4.96796;257;20220916;13.4;10.3;11.8;3.4;11.11;4;1.52;8408
99095;50.26417;4.96796;257;20220917;12;7.5;9.8;4.5;10.56;3;1.2;8364
99095;50.26417;4.96796;257;20220918;13.9;7.5;10.7;4.3;9.76;2;1.83;10733
99095;50.26417;4.96796;257;20220919;14.9;7.4;11.1;2.9;10.26;0;1.68;10542
99095;50.26417;4.96796;257;20220920;15.3;7.4;11.3;1.8;10.31;0;1.55;10350
99095;50.26417;4.96796;257;20220921;16.3;4.9;10.6;1.6;9.51;0;1.8;14375
99095;50.26417;4.96796;257;20220922;18.1;5.5;11.8;1.7;8.51;0;2.19;16379
99095;50.26417;4.96796;257;20220923;16.3;6.9;11.6;1.4;9.26;0;1.52;8703
99095;50.26417;4.96796;257;20220924;15.2;9.6;12.4;1.3;11.46;2;1.17;6408
99095;50.26417;4.96796;257;20220925;15.6;9.8;12.7;3.1;11.26;0;1.65;9206
99095;50.26417;4.96796;257;20220926;12;7.6;9.8;4.8;10.41;9;1.06;4841
100095;50.48832;4.94402;172;20220107;4.3;1.6;3;5.7;6.44;8;0.58;1750
100095;50.48832;4.94402;172;20220108;5.3;0.7;3;6.2;7.07;15;0.32;1809
100095;50.48832;4.94402;172;20220109;5.6;3.5;4.6;4.9;6.8;0;0.61;3247
100095;50.48832;4.94402;172;20220110;0.8;-0.9;0;2.5;5.8;0;0.23;1561
100095;50.48832;4.94402;172;20220111;5.2;-1.1;2;2.8;5.47;0;0.45;3694
100095;50.48832;4.94402;172;20220112;2.8;-0.3;1.3;1.9;6.17;0;0.31;1258
100095;50.48832;4.94402;172;20220113;8.1;0.2;4.1;1.6;6.06;0;0.27;4717
100095;50.48832;4.94402;172;20220114;8.4;-0.3;4;2;6.6;0;0.28;4905
100095;50.48832;4.94402;172;20220115;6.9;-1;3;2.2;6.37;0;0.28;4387
100095;50.48832;4.94402;172;20220116;2.5;-0.4;1;4.6;6.67;1;0.11;1687
100095;50.48832;4.94402;172;20220117;5.5;1.9;3.7;3.4;7.9;0;0.18;2054
100095;50.48832;4.94402;172;20220118;7.4;4.3;5.9;1.6;7.8;0;0.39;2638
100095;50.48832;4.94402;172;20220119;4;-0.2;1.9;3.3;7;3;0.18;1730
100095;50.48832;4.94402;172;20220120;4;1.8;2.9;3.4;6.54;1;0.41;2722
100095;50.48832;4.94402;172;20220121;5;-0.5;2.3;2.9;6.6;1;0.3;2869
100095;50.48832;4.94402;172;20220122;4.9;2.4;3.6;2.7;7.34;0;0.36;1592
100095;50.48832;4.94402;172;20220123;4.6;3.1;3.8;1.8;6.8;0;0.48;1485
100095;50.48832;4.94402;172;20220124;5.3;1.7;3.5;1.9;6.07;0;0.35;5393
100095;50.48832;4.94402;172;20220125;0.3;-3.1;-1.4;1.5;5.64;0;0.11;3198
100095;50.48832;4.94402;172;20220126;1.2;-0.4;0.4;3.6;6;0;0.3;1059
100095;50.48832;4.94402;172;20220127;7.3;1.1;4.2;5.4;7.87;1;0.37;2092
100095;50.48832;4.94402;172;20220128;4.7;1.2;3;3.9;7.47;0;0.2;2966
100095;50.48832;4.94402;172;20220129;9.7;3.8;6.7;6.6;9.2;1;0.51;2514
100095;50.48832;4.94402;172;20220130;6.6;1.8;4.2;3.5;6.67;2;0.59;4981
100095;50.48832;4.94402;172;20220131;5.2;3.1;4.2;8;6.64;2;0.94;2099
100095;50.48832;4.94402;172;20220201;8.2;1.3;4.8;5.7;8.04;2;0.47;2359
100095;50.48832;4.94402;172;20220202;8.5;7;7.7;4.2;9.6;1;0.54;1605
100095;50.48832;4.94402;172;20220203;6.9;6.6;6.7;5.2;8.5;1;0.73;1252
100095;50.48832;4.94402;172;20220204;8;5.5;6.7;6.5;7.97;2;0.99;2644
100095;50.48832;4.94402;172;20220205;7;1.2;4.1;6.9;6.44;1;0.96;6422
100095;50.48832;4.94402;172;20220206;8.9;6;7.4;10;8;18;1.37;2200
100095;50.48832;4.94402;172;20220207;6.9;1.7;4.3;5.6;6.17;0;0.99;7128
100095;50.48832;4.94402;172;20220208;9.1;3.4;6.3;5.7;9.44;1;0.31;3405
100095;50.48832;4.94402;172;20220209;10.9;7.5;9.2;3.8;8.87;0;1.04;5672
100095;50.48832;4.94402;172;20220210;6.9;2.2;4.5;4;7.66;8;0.57;3451
100095;50.48832;4.94402;172;20220211;6.5;1.2;3.8;3.3;5.97;0;0.83;6644
100095;50.48832;4.94402;172;20220212;6.8;-1.2;2.8;4.2;4.9;0;1.14;7761
100095;50.48832;4.94402;172;20220213;9.8;0.6;5.2;7;6.04;0;1.63;6592
100095;50.48832;4.94402;172;20220214;9.6;8.7;9.2;6.6;7.9;1;1.76;5900
100095;50.48832;4.94402;172;20220215;8.9;4.8;6.9;6.8;8.04;6;1.07;6293
100095;50.48832;4.94402;172;20220216;12.7;6.9;9.8;10.3;11.57;5;0.57;2911
100095;50.48832;4.94402;172;20220217;10.6;8.8;9.7;9.7;8.6;1;1.95;8000
100095;50.48832;4.94402;172;20220218;11.8;6.5;9.1;10.5;8.07;2;2.09;4578
100095;50.48832;4.94402;172;20220219;7.8;3.1;5.4;9.4;6.24;0;1.68;6766
100095;50.48832;4.94402;172;20220220;10.5;4.8;7.6;10.2;9.07;8;0.99;2449
100095;50.48832;4.94402;172;20220221;7.7;4;5.9;8.9;6.97;4;1.39;5313
100095;50.48832;4.94402;172;20220222;9.7;2.9;6.3;5.5;8.6;3;0.73;5050
100095;50.48832;4.94402;172;20220223;10.7;2.4;6.6;4.3;7.3;0;1.27;9195
100095;50.48832;4.94402;172;20220224;10;5.9;8;5.9;6.77;3;1.89;5806
100095;50.48832;4.94402;172;20220225;7;0.9;4;4.8;6.14;1;1.09;7321
100095;50.48832;4.94402;172;20220226;7.7;-1.7;3;2.7;5.57;0;1.03;10955
100095;50.48832;4.94402;172;20220227;10.5;1.3;5.9;4.5;4.3;0;2.22;11976
100095;50.48832;4.94402;172;20220228;11.2;0.6;5.9;3.1;4.37;0;1.87;11910
100095;50.48832;4.94402;172;20220301;9.9;1.2;5.6;2.3;4.97;0;1.44;6776
100095;50.48832;4.94402;172;20220302;10.2;2.7;6.4;2.2;5.17;0;1.47;7750
100095;50.48832;4.94402;172;20220303;12.8;0.7;6.8;2.7;5.24;0;1.79;12149
100095;50.48832;4.94402;172;20220304;11.6;0.3;5.9;2.5;4.57;0;1.76;12879
100095;50.48832;4.94402;172;20220305;9.9;-0.2;4.9;2.5;4.4;0;1.67;12817
100095;50.48832;4.94402;172;20220306;6.1;-2;2.1;3.5;4.47;0;1.37;11284
100095;50.48832;4.94402;172;20220307;5.3;-3.3;1;4.6;3.74;0;1.63;13534
100095;50.48832;4.94402;172;20220308;10.6;-0.9;4.8;3.9;3.27;0;2.43;13949
100095;50.48832;4.94402;172;20220309;14.3;1.7;8;3.1;4.34;0;2.46;14091
100095;50.48832;4.94402;172;20220310;16;3.4;9.7;3.5;5.2;0;2.77;13835
100095;50.48832;4.94402;172;20220311;15.6;4.5;10.1;5.2;6.17;0;3.03;12072
100095;50.48832;4.94402;172;20220312;14.3;8;11.1;5.2;8.14;0;2.4;8922
100095;50.48832;4.94402;172;20220313;14.9;7.6;11.2;5.4;8.2;1;2.51;9370
100095;50.48832;4.94402;172;20220314;13.2;7.2;10.2;3.9;8.04;0;2.02;10532
100095;50.48832;4.94402;172;20220315;9.6;5.8;7.7;2.5;8.34;5;1.08;5599
100095;50.48832;4.94402;172;20220316;12.5;3.1;7.8;3.3;9.6;0;1;6300
100095;50.48832;4.94402;172;20220317;8.4;7;7.7;3.4;7.87;0;1.28;5677
100095;50.48832;4.94402;172;20220318;13.5;0.9;7.2;5.1;5.94;0;2.6;16052
100095;50.48832;4.94402;172;20220319;13.2;2.9;8.1;6.6;5.5;0;3.12;16234
100095;50.48832;4.94402;172;20220320;10.3;1.3;5.8;3.2;5.3;0;2;13251
100095;50.48832;4.94402;172;20220321;18;2.6;10.3;2.3;7.27;0;2.42;15882
100095;50.48832;4.94402;172;20220322;18.6;7;12.8;2.9;6.37;0;3.09;15790
100095;50.48832;4.94402;172;20220323;17.9;3.5;10.7;1.8;5.77;0;2.52;16977
100095;50.48832;4.94402;172;20220324;17.1;3;10.1;1.7;5.67;0;2.45;17146
100095;50.48832;4.94402;172;20220325;15.8;3.6;9.7;3.1;6.57;0;2.7;17016
100095;50.48832;4.94402;172;20220326;17;3.3;10.1;4.2;7.07;0;3.05;17429
100095;50.48832;4.94402;172;20220327;14.3;5;9.7;3.2;9.67;0;1.88;15111
100095;50.48832;4.94402;172;20220328;17.2;3.6;10.4;1.7;9.07;0;2.1;15554
100095;50.48832;4.94402;172;20220329;14.1;6.6;10.4;3.1;8.94;2;1.77;7902
100095;50.48832;4.94402;172;20220330;11.4;5.2;8.3;3.4;7.67;3;1.79;9922
100095;50.48832;4.94402;172;20220331;6.3;3.8;5.1;3.1;6.87;1;1.13;6235
100095;50.48832;4.94402;172;20220401;1.1;0;0.6;6.4;5.9;2;0.51;2700
100095;50.48832;4.94402;172;20220402;4.8;-0.7;2.1;5;4.64;1;1.6;10266
100095;50.48832;4.94402;172;20220403;7.6;-3.1;2.3;3.1;4.6;1;1.94;18300
100095;50.48832;4.94402;172;20220404;6.5;-0.1;3.2;7.8;6.94;6;0.91;7878
100095;50.48832;4.94402;172;20220405;12.1;5;8.6;6.7;10.44;3;1.01;7563
100095;50.48832;4.94402;172;20220406;11;7.5;9.3;7.7;8.77;2;1.87;7003
100095;50.48832;4.94402;172;20220407;12;8.3;10.1;10.7;8.47;5;2.73;12242
100095;50.48832;4.94402;172;20220408;5.8;3.7;4.7;3.3;7.04;3;1.03;5803
100095;50.48832;4.94402;172;20220409;9.7;1;5.3;4.3;6.24;0;2.09;16624
100095;50.48832;4.94402;172;20220410;11.4;0.9;6.2;2.2;6.14;0;2.08;15940
100095;50.48832;4.94402;172;20220411;17.6;3.3;10.5;3.5;6.04;0;3.48;17972
100095;50.48832;4.94402;172;20220412;20.5;8.9;14.7;4;8.44;0;3.87;15859
100095;50.48832;4.94402;172;20220413;15.2;10.6;12.9;2.1;11.67;1;1.72;8722
100095;50.48832;4.94402;172;20220414;18.3;8.6;13.4;2.1;11.4;0;2.54;16296
100095;50.48832;4.94402;172;20220415;16.3;7;11.7;2.9;9.97;0;2.65;18157
100095;50.48832;4.94402;172;20220416;16.1;4.7;10.4;4.1;7.7;0;3.26;20601
100095;50.48832;4.94402;172;20220417;19.5;4.9;12.2;2.9;5;0;4.15;22824
100095;50.48832;4.94402;172;20220418;18.6;6.2;12.4;2.7;5.8;0;3.69;18884
100095;50.48832;4.94402;172;20220419;18;5.2;11.6;3.1;7.17;0;3.34;17306
100095;50.48832;4.94402;172;20220420;16.2;5.9;11.1;4.5;6.51;0;3.7;19192
100095;50.48832;4.94402;172;20220421;17.5;5.4;11.4;4.8;7.67;0;3.81;21764
100095;50.48832;4.94402;172;20220422;16.4;6.3;11.4;4.9;8.6;0;3.28;18615
100095;50.48832;4.94402;172;20220423;19.1;8.3;13.7;4.6;9.07;0;3.59;15330
100095;50.48832;4.94402;172;20220424;18.2;7.9;13;4.7;7.7;0;4.15;21051
100095;50.48832;4.94402;172;20220425;12.6;4.7;8.7;2.9;8.4;1;2.09;13829
100095;50.48832;4.94402;172;20220426;13.1;6;9.5;3.4;8.34;0;2.19;12100
100095;50.48832;4.94402;172;20220427;15.6;2.6;9.1;3.5;7.8;0;3.21;23639
100095;50.48832;4.94402;172;20220428;17.9;3.9;10.9;3.7;7.94;0;3.66;22788
100095;50.48832;4.94402;172;20220429;14.1;7.1;10.6;3.3;8.67;0;2.37;12476
100095;50.48832;4.94402;172;20220430;12.7;3.8;8.3;3.7;7.47;0;2.63;18160
100095;50.48832;4.94402;172;20220501;14.4;3.1;8.7;2;7.57;0;2.52;17248
100095;50.48832;4.94402;172;20220502;17.6;5.7;11.7;3.3;7.74;0;3.8;23713
100095;50.48832;4.94402;172;20220503;17.9;5.6;11.7;3.4;8.17;0;3.18;15161
100095;50.48832;4.94402;172;20220504;17.6;5.7;11.7;2.1;8.97;0;3.25;21842
100095;50.48832;4.94402;172;20220505;17.8;8.4;13.1;2.1;10.67;0;2.51;13810
100095;50.48832;4.94402;172;20220506;19.9;7.2;13.5;1.5;10.5;0;3.22;20597
100095;50.48832;4.94402;172;20220507;20.3;10.2;15.2;2.6;10.97;1;3.16;15073
100095;50.48832;4.94402;172;20220508;18.9;10.1;14.5;3.9;10.8;0;3.63;19929
100095;50.48832;4.94402;172;20220509;23.8;7.5;15.6;2;9.94;0;4.35;24829
100095;50.48832;4.94402;172;20220510;24.6;12.4;18.5;3.9;11.6;0;4.43;15980
100095;50.48832;4.94402;172;20220511;24.4;11.9;18.2;4.3;11.4;0;5.36;25106
100095;50.48832;4.94402;172;20220512;19.2;10.2;14.7;4;10.87;0;3.68;19238
100095;50.48832;4.94402;172;20220513;18.4;7.6;13;4.5;9.2;0;3.92;21305
100095;50.48832;4.94402;172;20220514;21.8;7.7;14.7;2.6;9.84;0;4.29;24700
100095;50.48832;4.94402;172;20220515;26.5;9.6;18.1;2.8;10.3;0;5.1;23664
100095;50.48832;4.94402;172;20220516;22.5;17;19.7;3.9;12.47;0;4.47;16466
100095;50.48832;4.94402;172;20220517;26.5;13.3;19.9;3;12.84;0;4.65;19517
100095;50.48832;4.94402;172;20220518;26.7;16.1;21.4;2.4;14.07;0;4.6;19807
100095;50.48832;4.94402;172;20220519;27.4;18.1;22.8;3.9;15;5;5.23;18566
100095;50.48832;4.94402;172;20220520;22.5;13;17.7;3.7;14.67;8;3.32;13940
100095;50.48832;4.94402;172;20220521;19.5;9.7;14.6;4;11.04;0;3.85;21025
100095;50.48832;4.94402;172;20220522;23.1;9.2;16.2;1.6;11.87;1;4.12;24453
100095;50.48832;4.94402;172;20220523;21.7;14.8;18.3;3.6;13.87;6;3.46;12850
100095;50.48832;4.94402;172;20220524;16.7;10.2;13.5;5.4;10.97;1;3.25;17124
100095;50.48832;4.94402;172;20220525;18.4;7.8;13.1;5.2;9.97;0;3.95;22102
100095;50.48832;4.94402;172;20220526;19.6;12.6;16.1;6;12.34;0;3.91;17587
100095;50.48832;4.94402;172;20220527;19.1;11.8;15.5;4.8;11.44;1;4.06;20703
100095;50.48832;4.94402;172;20220528;17.1;7.3;12.2;3.1;8.64;0;3.77;22758
100095;50.48832;4.94402;172;20220529;13.8;4.2;9;2.5;8.94;2;2.52;18033
100095;50.48832;4.94402;172;20220530;15.7;4.1;9.9;1.8;8.44;0;2.94;19851
100095;50.48832;4.94402;172;20220531;18.9;9.1;14;2.3;8.6;0;3.81;20413
100095;50.48832;4.94402;172;20220601;18.3;6.9;12.6;3.3;8.94;0;3.91;22591
100095;50.48832;4.94402;172;20220602;20.8;5.5;13.2;2.3;9.1;0;4.5;28259
100095;50.48832;4.94402;172;20220603;24.4;9.2;16.8;3;10.27;0;4.74;21488
100095;50.48832;4.94402;172;20220604;25.6;13.8;19.7;4.3;13.74;6;5.3;23331
100095;50.48832;4.94402;172;20220605;19.4;15.8;17.6;3.4;17.67;14;1.92;8872
100095;50.48832;4.94402;172;20220606;19.2;11.7;15.5;5.2;12.2;1;3.9;19912
100095;50.48832;4.94402;172;20220607;18.4;11.6;15;3.1;13.37;8;2.63;13695
100095;50.48832;4.94402;172;20220608;17.7;12.7;15.2;3.8;14.27;13;2.25;11291
100095;50.48832;4.94402;172;20220609;19.9;11.7;15.8;4.1;12.7;1;3.69;19582
100095;50.48832;4.94402;172;20220610;22.7;13.8;18.3;3.7;13.14;0;4.12;17824
100095;50.48832;4.94402;172;20220611;22.8;15.3;19;2.6;14.44;0;4.27;21763
100095;50.48832;4.94402;172;20220612;21.5;10.1;15.8;2.5;11.37;0;4.61;27248
100094;50.47228;4.59257;155;20220710;22.5;9.6;16;2.5;12;0;4.16;22968
100094;50.47228;4.59257;155;20220711;24.7;11.7;18.2;2.2;14.45;0;4.53;24954
100094;50.47228;4.59257;155;20220712;29.8;11.9;20.9;1.6;13.85;0;4.83;23016
100094;50.47228;4.59257;155;20220713;31.3;20.6;26;3.3;13.95;0;6.45;22227
100094;50.47228;4.59257;155;20220714;25;16;20.5;3.1;14.25;0;4.87;22131
100094;50.47228;4.59257;155;20220715;22.5;10;16.3;2;11.4;0;4.29;24430
100094;50.47228;4.59257;155;20220716;24.2;12.1;18.1;2.5;11.01;0;4.79;24225
100094;50.47228;4.59257;155;20220717;26.9;11.6;19.2;2.8;10.21;0;5.6;26308
100094;50.47228;4.59257;155;20220718;34;16.3;25.1;1.9;10.01;0;6.12;25476
100094;50.47228;4.59257;155;20220719;37.5;17.5;27.5;3;11.7;0;7.95;28278
100094;50.47228;4.59257;155;20220720;25.4;19.3;22.3;4;16.35;2;4.09;12624
100094;50.47228;4.59257;155;20220721;20;16.5;18.2;4;17.5;1;2;7973
100094;50.47228;4.59257;155;20220722;22.8;12;17.4;2.7;14.7;0;3.27;16392
100094;50.47228;4.59257;155;20220723;26.6;12.8;19.7;1.8;15.05;0;4.29;22465
100094;50.47228;4.59257;155;20220724;30.4;14.6;22.5;2.6;15.05;0;5.67;25477
100094;50.47228;4.59257;155;20220725;24.9;19.4;22.1;4.2;14.3;0;4.91;16764
100094;50.47228;4.59257;155;20220726;22.7;14.6;18.7;3.9;14.3;0;3.64;14538
100094;50.47228;4.59257;155;20220727;21.3;10;15.6;3.3;10.5;0;4.21;21468
100094;50.47228;4.59257;155;20220728;24.5;11.1;17.8;3.9;10.65;0;4.76;19233
100094;50.47228;4.59257;155;20220729;25.8;12.7;19.2;2.6;11.85;0;4.93;24012
100094;50.47228;4.59257;155;20220730;26.4;11.4;18.9;1.9;12.7;0;4.32;21858
100094;50.47228;4.59257;155;20220731;24.3;15.9;20.1;4.6;15.9;0;4.19;17717
100094;50.47228;4.59257;155;20220801;25.1;17.3;21.2;2.1;16.5;1;3.33;13945
100094;50.47228;4.59257;155;20220802;28.2;15.2;21.7;2.6;15.1;0;4.73;20771
100094;50.47228;4.59257;155;20220803;32.6;15.9;24.3;1.9;15.7;0;5.44;24687
100094;50.47228;4.59257;155;20220804;28;18.3;23.1;2.2;17.45;5;3.81;15005
100094;50.47228;4.59257;155;20220805;23;16.6;19.8;3;15.45;0;3.72;17283
100094;50.47228;4.59257;155;20220806;21.6;8.1;14.9;2.8;9.95;0;4.19;23847
100094;50.47228;4.59257;155;20220807;23.9;9.7;16.8;3.1;10.8;0;4.76;25351
100094;50.47228;4.59257;155;20220808;24.9;11.2;18.1;3.6;12.35;0;4.87;24195
100094;50.47228;4.59257;155;20220809;27.1;13.3;20.2;4.3;13.15;0;5.67;25075
100094;50.47228;4.59257;155;20220810;30.4;14.7;22.6;4;12.2;0;6.46;25012
100094;50.47228;4.59257;155;20220811;31.3;14.7;23;2.8;11.05;0;6.02;24785
100094;50.47228;4.59257;155;20220812;31.9;15.1;23.5;2.7;10.4;0;6.11;24661
100094;50.47228;4.59257;155;20220813;31.4;14.5;23;2.7;9.85;0;6.05;24607
100094;50.47228;4.59257;155;20220814;31.2;15.5;23.4;2.4;10.9;0;5.03;17184
100094;50.47228;4.59257;155;20220815;28.4;19.2;23.8;3.5;15.1;0;4.59;14069
100094;50.47228;4.59257;155;20220816;28;16.5;22.2;2.8;15.6;2;4.22;16916
100094;50.47228;4.59257;155;20220817;23.3;17.5;20.4;2.3;17.55;4;2.87;13463
100094;50.47228;4.59257;155;20220818;25.3;15.1;20.2;1.5;17.4;0;2.94;14785
100094;50.47228;4.59257;155;20220819;23.7;14.5;19.1;3.6;17.25;0;2.77;12302
100094;50.47228;4.59257;155;20220820;24.1;13.4;18.7;3.2;14;0;3.95;20003
100094;50.47228;4.59257;155;20220821;23.6;11.4;17.5;2.1;12.6;0;3.36;17102
100094;50.47228;4.59257;155;20220822;27.4;15.6;21.5;2;13.3;0;3.82;16031
100094;50.47228;4.59257;155;20220823;28.8;15;21.9;2;15;0;4.03;18349
100094;50.47228;4.59257;155;20220824;32.1;15.4;23.7;1.4;16.2;0;4.2;20066
100094;50.47228;4.59257;155;20220825;32.2;18.4;25.3;2.5;15.15;0;4.94;18084
100094;50.47228;4.59257;155;20220826;22.5;17.6;20;3.4;16.6;0;2.86;11254
100094;50.47228;4.59257;155;20220827;21.2;12.8;17;3;13.3;0;2.94;13858
100094;50.47228;4.59257;155;20220828;23;15;19;4.6;11.85;0;4.51;18047
100094;50.47228;4.59257;155;20220829;22.8;13.1;18;4;11;0;4.02;15106
100094;50.47228;4.59257;155;20220830;26.8;13.5;20.1;3.9;12.4;2;4.53;16213
100094;50.47228;4.59257;155;20220831;24.8;14.2;19.5;4.7;13.05;0;4.35;16020
100094;50.47228;4.59257;155;20220901;25.5;12.7;19.1;3.1;11.75;0;4.23;19347
100094;50.47228;4.59257;155;20220902;27.4;12.8;20.1;2.2;11.55;0;3.92;17499
100094;50.47228;4.59257;155;20220903;25;16.7;20.9;2.3;14.8;2;2.95;10553
100094;50.47228;4.59257;155;20220904;26.9;14.7;20.8;2.8;14.65;0;3.85;16843
100094;50.47228;4.59257;155;20220905;30.4;16;23.2;3;14.1;10;4.57;16331
100094;50.47228;4.59257;155;20220906;27.8;15.3;21.5;3.4;16.45;3;4.02;17624
100094;50.47228;4.59257;155;20220907;23;15.3;19.2;2.9;15.65;4;2.93;14248
100094;50.47228;4.59257;155;20220908;20.7;14.1;17.4;4.3;14.85;4;2.57;11143
100094;50.47228;4.59257;155;20220909;18.3;14;16.2;5.4;14.5;9;2.09;8234
100094;50.47228;4.59257;155;20220910;20.2;13.4;16.8;4.5;15.55;1;2.16;10924
100094;50.47228;4.59257;155;20220911;21.8;13.2;17.5;1.9;15;0;2.31;13090
100094;50.47228;4.59257;155;20220912;25.7;11.6;18.7;1.7;13.6;0;3.02;16829
100094;50.47228;4.59257;155;20220913;22;15.2;18.6;1.9;16.1;8;1.77;6263
100094;50.47228;4.59257;155;20220914;16.6;14.9;15.8;3;17.2;18;0.64;1623
100094;50.47228;4.59257;155;20220915;18.2;10.8;14.5;1.8;12.81;0;1.67;8881
100094;50.47228;4.59257;155;20220916;14;10.3;12.2;3.1;11.05;6;1.64;9119
100094;50.47228;4.59257;155;20220917;13.1;8.2;10.7;3.8;11.15;6;1.28;8862
100094;50.47228;4.59257;155;20220918;15.1;8.1;11.6;4.4;10.2;1;1.96;10717
100094;50.47228;4.59257;155;20220919;16.4;7.4;11.9;2.8;10.6;0;1.87;12351
100094;50.47228;4.59257;155;20220920;15.3;7.6;11.4;2.2;10.8;0;1.53;10160
100094;50.47228;4.59257;155;20220921;16.5;5.4;10.9;1.2;9.95;0;1.66;13225
100094;50.47228;4.59257;155;20220922;18.4;5.1;11.8;1.6;9;0;2.09;15286
100094;50.47228;4.59257;155;20220923;17.5;7.4;12.4;1.9;9.95;0;1.7;8231
100094;50.47228;4.59257;155;20220924;14.3;11.1;12.7;2.2;12.75;3;0.94;3495
100094;50.47228;4.59257;155;20220925;16.1;8.3;12.2;3.2;11.45;1;1.69;11477
100094;50.47228;4.59257;155;20220926;11.9;9;10.5;5.1;11.2;10;0.94;4026
100094;50.47228;4.59257;155;20220927;13;7.7;10.3;3.9;10.3;6;1.34;7957
100094;50.47228;4.59257;155;20220928;14.1;6.4;10.2;2.9;9.75;0;1.58;12316
100094;50.47228;4.59257;155;20220929;14.3;3.9;9.1;1.7;8.95;0;1.36;10980
100094;50.47228;4.59257;155;20220930;15.9;5;10.4;3.5;9.6;10;1.86;13356
100094;50.47228;4.59257;155;20221001;18.4;10.2;14.3;6.5;12.55;4;2.19;9937
100094;50.47228;4.59257;155;20221002;13.7;12.9;13.3;3.6;13.35;8;0.99;4088
100094;50.47228;4.59257;155;20221003;15;5;10;1.3;10.5;0;1.21;11480
100094;50.47228;4.59257;155;20221004;17.8;6.7;12.2;3;11.15;0;1.73;12323
100094;50.47228;4.59257;155;20221005;19.4;12.1;15.7;5.3;12.85;1;2.29;8561
100094;50.47228;4.59257;155;20221006;16.6;9.2;12.9;3.5;10.35;0;1.96;12699
100094;50.47228;4.59257;155;20221007;17;7.2;12.1;2.9;9.7;0;1.86;12499
100094;50.47228;4.59257;155;20221008;15.3;10.2;12.8;3;10.4;0;1.68;10025
100094;50.47228;4.59257;155;20221009;17.3;4.2;10.7;2.5;8.8;0;1.75;12596
100094;50.47228;4.59257;155;20221010;17.9;8.8;13.4;3.2;10.85;0;1.75;7905
100094;50.47228;4.59257;155;20221011;14.1;3.5;8.8;1.5;8.75;0;1.15;11821
100094;50.47228;4.59257;155;20221012;16.4;3.2;9.8;2.1;9.3;0;1.32;9702
100094;50.47228;4.59257;155;20221013;15.4;11.2;13.3;3.5;12.1;1;1.26;3709
100094;50.47228;4.59257;155;20221014;16.2;12.4;14.3;2.9;14.4;0;0.89;3818
100094;50.47228;4.59257;155;20221015;17.7;12.3;15;3.7;14.2;2;1.23;5309
100094;50.47228;4.59257;155;20221016;17.9;12.3;15.1;3.3;13.8;0;1.35;7351
100094;50.47228;4.59257;155;20221017;18.2;14.4;16.3;3.8;16.15;5;1.03;2961
100094;50.47228;4.59257;155;20221018;18.4;14;16.2;1.7;14.85;0;1.12;7778
100094;50.47228;4.59257;155;20221019;17;7.9;12.4;3.6;12.5;0;1.15;8550
100094;50.47228;4.59257;155;20221020;20;11.6;15.8;4;14.2;3;1.57;6284
100094;50.47228;4.59257;155;20221021;19.1;13.8;16.4;4.8;14.25;0;1.74;6979
100094;50.47228;4.59257;155;20221022;18.3;13.3;15.8;3.8;13.55;0;1.53;6254
100094;50.47228;4.59257;155;20221023;19.6;12.9;16.3;4.3;13.75;0;1.72;4456
100094;50.47228;4.59257;155;20221024;17.5;15.2;16.4;8;12.45;2;2.66;5296
100094;50.47228;4.59257;155;20221025;16.1;12.6;14.3;4.5;12.55;0;1.41;5223
100094;50.47228;4.59257;155;20221026;19.7;12.3;16;4.3;13.4;0;1.71;7637
100094;50.47228;4.59257;155;20221027;21.7;13.1;17.4;3.9;13.75;0;1.95;6605
100094;50.47228;4.59257;155;20221028;22.1;16.4;19.2;4;14.15;0;2.25;5879
100094;50.47228;4.59257;155;20221029;24.3;14.3;19.3;3.1;14.05;0;2.07;6194
100094;50.47228;4.59257;155;20221030;20;12.4;16.2;2.3;13;0;1.29;5195
100094;50.47228;4.59257;155;20221031;19.2;10.2;14.7;2.9;13.15;0;1.19;5000
100094;50.47228;4.59257;155;20221101;15.6;11.4;13.5;7.8;11.1;0;1.94;7597
100094;50.47228;4.59257;155;20221102;14.3;10.6;12.5;5.9;9.75;0;1.82;6561
100094;50.47228;4.59257;155;20221103;14.2;10.7;12.4;5.7;10.5;4;1.6;2677
100094;50.47228;4.59257;155;20221104;10.9;7.9;9.4;3;9.95;1;0.7;3338
100094;50.47228;4.59257;155;20221105;10.9;3.8;7.3;3.8;8.85;0;0.66;4955
100094;50.47228;4.59257;155;20221106;10.6;8.3;9.5;5.8;9.55;3;1.06;2663
100094;50.47228;4.59257;155;20221107;14.3;8.5;11.4;5.9;11.55;0;0.94;3755
100094;50.47228;4.59257;155;20221108;14.9;10.3;12.6;5.9;10.55;0;1.63;3800
101094;50.69632;4.56668;130;20220811;31.4;15.6;23.5;2.3;11.73;0;5.55;23858
101094;50.69632;4.56668;130;20220812;31.8;16.4;24.1;2.6;11.1;0;5.9;23759
101094;50.69632;4.56668;130;20220813;31.3;15.2;23.2;2.3;10.67;0;5.5;22897
101094;50.69632;4.56668;130;20220814;31.9;15.7;23.8;2.2;11.47;0;5.07;19108
101094;50.69632;4.56668;130;20220815;27.2;19.9;23.6;2.9;16.17;0;3.93;11948
101094;50.69632;4.56668;130;20220816;28.3;16.9;22.6;2.4;16.37;2;4.11;17135
101094;50.69632;4.56668;130;20220817;23.3;18.6;21;2.2;18.17;3;2.69;11325
101094;50.69632;4.56668;130;20220818;25.8;15.8;20.8;1.3;18.1;0;2.88;14530
101094;50.69632;4.56668;130;20220819;24;14.9;19.5;2.9;18.13;1;2.6;11978
101094;50.69632;4.56668;130;20220820;24.2;13.8;19;3;14.93;0;3.68;18137
101094;50.69632;4.56668;130;20220821;23.5;12.2;17.9;2;13.53;0;3.17;16203
101094;50.69632;4.56668;130;20220822;27.3;15.6;21.5;1.5;14.3;0;3.39;15262
101094;50.69632;4.56668;130;20220823;28.5;15.8;22.2;2;16.13;0;3.86;17691
101094;50.69632;4.56668;130;20220824;31.6;16.4;24;1.5;17.83;0;3.96;18441
101094;50.69632;4.56668;130;20220825;32.4;18.6;25.5;2.5;16.13;0;4.74;17481
101094;50.69632;4.56668;130;20220826;22.6;17.6;20.1;3.5;17.23;0;2.74;10306
101094;50.69632;4.56668;130;20220827;21;13.4;17.2;2.6;13.83;0;2.43;9821
101094;50.69632;4.56668;130;20220828;23.4;15.1;19.2;4.3;12.37;0;4.36;17826
101094;50.69632;4.56668;130;20220829;22.8;12.6;17.7;3.1;11.83;0;3.6;15771
101094;50.69632;4.56668;130;20220830;26.8;13.8;20.3;3.4;13.43;0;4.32;17631
101094;50.69632;4.56668;130;20220831;24.9;14.8;19.8;4;13.53;0;4.11;16043
101094;50.69632;4.56668;130;20220901;25.3;13.4;19.4;2.7;11.73;0;4;18214
101094;50.69632;4.56668;130;20220902;27.6;13.7;20.7;2;11.73;0;3.83;17381
101094;50.69632;4.56668;130;20220903;25.5;16.2;20.8;1.9;15.07;2;2.8;11146
101094;50.69632;4.56668;130;20220904;27.3;15.6;21.4;2.7;15.13;0;3.82;16895
101094;50.69632;4.56668;130;20220905;30.4;16.5;23.4;3.1;14.37;10;4.62;16245
101094;50.69632;4.56668;130;20220906;27.9;15.7;21.8;3;16.87;3;3.79;16632
101094;50.69632;4.56668;130;20220907;23.8;15.5;19.7;2.5;16.4;4;2.84;14063
101094;50.69632;4.56668;130;20220908;20.4;14.4;17.4;3.5;15.6;6;2.27;10793
101094;50.69632;4.56668;130;20220909;19.1;13.6;16.4;5.1;15.03;7;2.06;8387
101094;50.69632;4.56668;130;20220910;20.2;14.1;17.2;4.1;16.17;2;2.02;9258
101094;50.69632;4.56668;130;20220911;22;13.1;17.5;1.7;15.43;0;2.27;13148
101094;50.69632;4.56668;130;20220912;25.7;12.5;19.1;1.7;14.23;0;2.97;16345
101094;50.69632;4.56668;130;20220913;22.2;16.3;19.3;1.6;16.9;6;1.58;5344
101094;50.69632;4.56668;130;20220914;15.8;14.6;15.2;2.7;17;10;0.59;1754
101094;50.69632;4.56668;130;20220915;18;11.1;14.6;1.6;13.49;0;1.55;8449
101094;50.69632;4.56668;130;20220916;14.2;10.7;12.5;3.3;11.43;7;1.59;7646
101094;50.69632;4.56668;130;20220917;14;8.5;11.3;3.8;11.77;8;1.29;8335
101094;50.69632;4.56668;130;20220918;15.6;8.2;11.9;4;10.97;2;1.74;9033
101094;50.69632;4.56668;130;20220919;16.3;7.5;11.9;2.4;11;0;1.74;11452
101094;50.69632;4.56668;130;20220920;15.6;8.5;12.1;1.9;11.43;0;1.39;8552
101094;50.69632;4.56668;130;20220921;16.9;5.9;11.4;1.3;10.23;0;1.65;12568
101094;50.69632;4.56668;130;20220922;18.8;6.1;12.5;1.5;9.33;0;2.04;14866
101094;50.69632;4.56668;130;20220923;17.7;8.9;13.3;1.9;10.67;2;1.67;8125
101094;50.69632;4.56668;130;20220924;14;11.4;12.7;2.2;13.43;5;0.79;2622
101094;50.69632;4.56668;130;20220925;16.3;8.4;12.3;2.6;11.87;0;1.48;9913
101094;50.69632;4.56668;130;20220926;12.1;9.1;10.6;5.1;11.53;12;0.93;4150
101094;50.69632;4.56668;130;20220927;12.6;8;10.3;3.7;10.67;9;1.23;7758
101094;50.69632;4.56668;130;20220928;14.5;6.4;10.5;2.8;10.03;0;1.55;11298
101094;50.69632;4.56668;130;20220929;14.7;4.4;9.6;1.6;9.37;0;1.35;10707
101094;50.69632;4.56668;130;20220930;16.4;5.5;10.9;3.3;10.03;8;1.81;12649
101094;50.69632;4.56668;130;20221001;18.3;10.5;14.4;6;13.03;4;2.01;9191
101094;50.69632;4.56668;130;20221002;14.8;12.9;13.9;3.3;13.97;3;1;3793
101094;50.69632;4.56668;130;20221003;16;6.7;11.4;1.6;11.2;0;1.27;10358
101094;50.69632;4.56668;130;20221004;18.3;7.7;13;3.3;11.63;0;1.81;12038
101094;50.69632;4.56668;130;20221005;19.6;12.8;16.2;5.5;13.37;1;2.31;7826
101094;50.69632;4.56668;130;20221006;16.8;9.5;13.2;3.3;10.53;0;1.95;12252
101094;50.69632;4.56668;130;20221007;17.5;7.7;12.6;2.8;10.17;0;1.83;11849
101094;50.69632;4.56668;130;20221008;15.8;10.9;13.3;3;10.9;0;1.71;9842
101094;50.69632;4.56668;130;20221009;17.5;5.3;11.4;2.5;9.23;0;1.73;11443
101094;50.69632;4.56668;130;20221010;18.3;9;13.7;3.1;11.07;0;1.76;7700
101094;50.69632;4.56668;130;20221011;14.8;4.9;9.9;1.3;9.17;0;1.13;11142
101094;50.69632;4.56668;130;20221012;16.4;3.6;10;1.9;9.6;0;1.23;8785
101094;50.69632;4.56668;130;20221013;15.2;11.3;13.3;3.1;12.7;0;1.07;3120
101094;50.69632;4.56668;130;20221014;16.5;12.6;14.6;2.6;14.93;0;0.86;3503
101094;50.69632;4.56668;130;20221015;18.1;12.3;15.2;3.6;14.53;2;1.24;5049
101094;50.69632;4.56668;130;20221016;18.6;12.6;15.6;3.4;14.1;0;1.44;7223
101094;50.69632;4.56668;130;20221017;18.4;14.1;16.2;3.7;16.83;6;0.85;2446
101094;50.69632;4.56668;130;20221018;19.1;14.1;16.6;1.5;14.97;0;1.15;8057
101094;50.69632;4.56668;130;20221019;16.6;8;12.3;3.4;12.2;0;1.17;8454
101094;50.69632;4.56668;130;20221020;20.2;10.3;15.3;3.7;14.5;1;1.37;6056
101094;50.69632;4.56668;130;20221021;19.8;13.8;16.8;4.5;14.87;0;1.69;6657
101094;50.69632;4.56668;130;20221022;18.8;13.5;16.2;4;14.1;0;1.59;6814
101094;50.69632;4.56668;130;20221023;19.8;13.5;16.6;4.7;14.43;1;1.73;4389
101094;50.69632;4.56668;130;20221024;17.8;15;16.4;7.3;13.2;4;2.36;5136
101094;50.69632;4.56668;130;20221025;16.8;12.9;14.8;4.4;13.07;0;1.47;5881
101094;50.69632;4.56668;130;20221026;19.8;12.4;16.1;4.2;13.87;0;1.65;7167
101094;50.69632;4.56668;130;20221027;21.9;13.9;17.9;4.5;14.43;0;2.08;6238
101094;50.69632;4.56668;130;20221028;22.5;16.3;19.4;3.5;14.87;0;2.02;6341
101094;50.69632;4.56668;130;20221029;24.4;14.2;19.3;2.6;14.77;0;1.8;6329
101094;50.69632;4.56668;130;20221030;20.3;13.3;16.8;2.1;13.7;0;1.22;5680
101094;50.69632;4.56668;130;20221031;19;10.9;15;2.8;13.73;1;1.09;4605
101094;50.69632;4.56668;130;20221101;16;12;14;7.6;11.63;1;1.97;6570
101094;50.69632;4.56668;130;20221102;14.7;11;12.8;6.3;10.1;0;1.93;6367
101094;50.69632;4.56668;130;20221103;14.5;11;12.7;5.8;10.93;2;1.63;2615
101094;50.69632;4.56668;130;20221104;11.2;8;9.6;2.7;10.3;2;0.69;2792
101094;50.69632;4.56668;130;20221105;11.2;4;7.6;3.6;9.17;0;0.66;4549
101094;50.69632;4.56668;130;20221106;11.1;8.4;9.8;6.1;10.03;3;1.06;2338
101094;50.69632;4.56668;130;20221107;14.5;8.6;11.6;6;11.97;0;0.93;3357
101094;50.69632;4.56668;130;20221108;15.3;10.4;12.8;6.2;11.13;0;1.6;4003
101094;50.69632;4.56668;130;20221109;13.5;11.3;12.4;5.4;11.3;0;1.25;4182
101094;50.69632;4.56668;130;20221110;14.4;7.8;11.1;4.4;10.27;0;1.07;6132
101094;50.69632;4.56668;130;20221111;14;6.2;10.1;3.1;9.83;0;0.83;5116
101094;50.69632;4.56668;130;20221112;17;5.7;11.4;1.8;9.77;0;0.72;5701
101094;50.69632;4.56668;130;20221113;14.4;4.9;9.6;1.5;9.13;0;0.54;5652
101094;50.69632;4.56668;130;20221114;6.6;3.1;4.8;2.7;8.33;1;0.25;3158
101094;50.69632;4.56668;130;20221115;12.6;6;9.3;4.4;11.9;3;0.19;3392
101094;50.69632;4.56668;130;20221116;12.1;8.1;10.1;5.3;11.49;7;0.49;3872
101094;50.69632;4.56668;130;20221117;11.8;9.2;10.5;7.4;10.69;2;1.1;2263
101094;50.69632;4.56668;130;20221118;10.3;6.7;8.5;3.9;9.8;3;0.59;2853
101094;50.69632;4.56668;130;20221119;7.1;6.7;6.9;2.2;8.9;5;0.55;481
101094;50.69632;4.56668;130;20221120;8;2.1;5.1;3;8.2;2;0.39;1942
101094;50.69632;4.56668;130;20221121;8;4.4;6.2;4.4;8.5;3;0.49;2478
101094;50.69632;4.56668;130;20221122;8.6;4.1;6.3;5.8;8.47;0;0.65;1750
101094;50.69632;4.56668;130;20221123;9.3;6.7;8;5.9;9.03;4;0.82;2435
101094;50.69632;4.56668;130;20221124;11;6.9;9;6.1;9.33;2;0.86;4445
101094;50.69632;4.56668;130;20221125;10.9;7.6;9.2;3.7;9.93;1;0.55;3601
101094;50.69632;4.56668;130;20221126;10;4.1;7.1;3.5;8.73;0;0.48;3609
101094;50.69632;4.56668;130;20221127;7.6;5.8;6.7;5.1;8.23;1;0.82;895
101094;50.69632;4.56668;130;20221128;9.3;6.9;8.1;3.4;9.8;1;0.51;1341
101094;50.69632;4.56668;130;20221129;7.4;3.3;5.3;1.4;8.6;0;0.2;1994
101094;50.69632;4.56668;130;20221130;6.7;4;5.3;1.6;8.53;0;0.27;1573
101094;50.69632;4.56668;130;20221201;5.6;3.4;4.5;3.1;8.07;0;0.36;716
101094;50.69632;4.56668;130;20221202;3.3;3.3;3.3;3.9;7;0;0.53;166
101094;50.69632;4.56668;130;20221203;2;0.8;1.4;4.1;5.83;0;0.52;855
101094;50.69632;4.56668;130;20221204;1;0.2;0.6;3.5;5.83;2;0.38;865
101094;50.69632;4.56668;130;20221205;2;0.2;1.1;1.7;6.67;4;0.24;692
101094;50.69632;4.56668;130;20221206;6;2;4;2.1;7.9;0;0.14;2417
101094;50.69632;4.56668;130;20221207;6;2.1;4.1;2.9;7.7;1;0.23;2150
101094;50.69632;4.56668;130;20221208;4.3;1.6;2.9;3.4;6.7;0;0.31;2564
101094;50.69632;4.56668;130;20221209;-0.6;-2.2;-1.4;1.5;5.53;0;0.21;816
101094;50.69632;4.56668;130;20221210;-0.8;-2.9;-1.8;2.4;5.37;0;0.16;1078
101094;50.69632;4.56668;130;20221211;1.3;-0.8;0.2;2.8;5.5;0;0.37;1157
101094;50.69632;4.56668;130;20221212;1.5;-4.6;-1.5;2;4.47;0;0.13;4047
101094;50.69632;4.56668;130;20221213;-0.6;-5.8;-3.2;2.6;4;0;0.22;3484
101094;50.69632;4.56668;130;20221214;-0.2;-3.7;-2;1.4;4.03;0;0.2;2954
101094;50.69632;4.56668;130;20221215;1.7;-6.8;-2.6;1.2;3.83;0;0.15;3372
101094;50.69632;4.56668;130;20221216;1.4;-5.6;-2.1;1.7;4.97;0;0.13;2336
101094;50.69632;4.56668;130;20221217;-0.7;-6.6;-3.7;1.5;4.2;0;0.08;3088
101094;50.69632;4.56668;130;20221218;0.3;-7.1;-3.4;3.8;4.13;3;0.33;2088
101094;50.69632;4.56668;130;20221219;11;0.2;5.6;7;8.7;2;0.58;1004
101094;50.69632;4.56668;130;20221220;11.7;9.9;10.8;5.3;10.53;13;1.1;807
101094;50.69632;4.56668;130;20221221;8.9;7.1;8;2.9;10.73;12;0.15;1671
101094;50.69632;4.56668;130;20221222;10.6;8.6;9.6;3.6;11.7;6;0.29;1093
101094;50.69632;4.56668;130;20221223;13.2;9.1;11.2;5.2;11.43;11;0.91;693
101094;50.69632;4.56668;130;20221224;11.3;9.4;10.4;5;10.73;1;0.71;2140
101094;50.69632;4.56668;130;20221225;11.4;8.6;10;3.4;11.33;12;0.55;519
101094;50.69632;4.56668;130;20221226;10.1;9.4;9.8;4.8;9.67;1;1.01;1007
101094;50.69632;4.56668;130;20221227;7.9;3.1;5.5;5.2;7.5;0;0.62;2847
101094;50.69632;4.56668;130;20221228;10;4.9;7.4;8.5;9.77;3;0.48;1285
101094;50.69632;4.56668;130;20221229;10.4;8.7;9.6;8.3;9.5;2;1.25;1475
101094;50.69632;4.56668;130;20221230;12.8;4.5;8.7;6.6;9.83;7;0.88;1356
101094;50.69632;4.56668;130;20221231;16.4;12.4;14.4;10.1;12.83;1;1.82;1545
99094;50.24822;4.61816;248;20220813;31.2;15.6;23.4;2;9.61;0;5.2;22124
99094;50.24822;4.61816;248;20220814;30.8;15.6;23.2;2.2;10.91;0;5.18;21681
99094;50.24822;4.61816;248;20220815;27.6;17.9;22.7;2.9;15.41;0;4.59;19307
99094;50.24822;4.61816;248;20220816;27.7;16.5;22.1;2.2;15.81;8;4.05;18354
99094;50.24822;4.61816;248;20220817;23;16.6;19.8;1.9;17.31;4;2.32;10026
99094;50.24822;4.61816;248;20220818;24.5;15;19.7;1.6;17.41;0;3.21;18051
99094;50.24822;4.61816;248;20220819;23.1;14.3;18.7;3.2;17.01;1;2.58;12045
99094;50.24822;4.61816;248;20220820;23.4;13.6;18.5;3.2;14.11;0;3.65;18151
99094;50.24822;4.61816;248;20220821;23.7;12.1;17.9;1.7;12.61;0;3.31;17919
99094;50.24822;4.61816;248;20220822;26.8;15.6;21.2;1.5;13.41;0;3.35;15204
99094;50.24822;4.61816;248;20220823;28.2;15.4;21.8;1.5;15.21;0;3.93;20528
99094;50.24822;4.61816;248;20220824;31.7;16.2;23.9;1.2;15.51;0;4.13;20953
99094;50.24822;4.61816;248;20220825;31.8;18.7;25.2;2.3;14.61;0;4.77;18646
99094;50.24822;4.61816;248;20220826;22.7;17.4;20;3.1;16.71;0;2.6;9725
99094;50.24822;4.61816;248;20220827;20.3;14;17.1;2.1;13.71;0;2.34;10917
99094;50.24822;4.61816;248;20220828;23.4;14.4;18.9;3.7;12.21;0;3.82;14827
99094;50.24822;4.61816;248;20220829;23.8;14.4;19.1;3.6;10.91;0;3.83;11582
99094;50.24822;4.61816;248;20220830;27.8;13;20.4;2.4;11.71;0;3.94;15714
99094;50.24822;4.61816;248;20220831;25.1;13.6;19.3;3.1;13.41;0;3.78;17130
99094;50.24822;4.61816;248;20220901;25.8;13.5;19.6;1.8;12.21;0;3.42;16737
99094;50.24822;4.61816;248;20220902;27.2;13;20.1;1.7;11.61;0;3.51;16751
99094;50.24822;4.61816;248;20220903;25.3;17.5;21.4;1.5;14.01;3;2.51;8900
99094;50.24822;4.61816;248;20220904;26.4;15;20.7;2.2;14.21;0;3.43;15631
99094;50.24822;4.61816;248;20220905;29.2;17.4;23.3;2.1;13.41;9;3.82;14885
99094;50.24822;4.61816;248;20220906;28.5;15.2;21.8;3.2;15.91;6;4.14;18012
99094;50.24822;4.61816;248;20220907;22.5;14.9;18.7;2.6;15.71;4;2.43;11146
99094;50.24822;4.61816;248;20220908;20.6;13.4;17;3.9;14.91;4;2.33;11043
99094;50.24822;4.61816;248;20220909;18.7;13.3;16;5.4;14.41;8;2.12;9615
99094;50.24822;4.61816;248;20220910;20.9;12.8;16.8;4.4;15.01;1;2.22;9577
99094;50.24822;4.61816;248;20220911;20.9;13.8;17.3;1.4;15.01;0;2.04;11832
99094;50.24822;4.61816;248;20220912;25;10.2;17.6;1.5;13.51;0;2.63;15044
99094;50.24822;4.61816;248;20220913;21;15.4;18.2;1.5;16.41;9;1.39;4971
99094;50.24822;4.61816;248;20220914;20.2;16.9;18.5;1.4;18.11;21;1.11;3788
99094;50.24822;4.61816;248;20220915;18.1;10.9;14.5;2.4;13.61;0;1.76;11224
99094;50.24822;4.61816;248;20220916;13.8;10;11.9;3.8;11.21;4;1.62;10117
99094;50.24822;4.61816;248;20220917;12;7.9;9.9;5.1;10.61;5;1.25;9128
99094;50.24822;4.61816;248;20220918;14.3;8.1;11.2;4.5;9.61;0;2.01;11167
99094;50.24822;4.61816;248;20220919;14.8;7.5;11.1;2.9;10.41;0;1.6;10084
99094;50.24822;4.61816;248;20220920;15.4;7.7;11.5;2;10.51;0;1.72;12900
99094;50.24822;4.61816;248;20220921;16.3;5.4;10.8;1.3;9.81;0;1.69;13650
99094;50.24822;4.61816;248;20220922;18.2;5.6;11.9;1.1;8.81;0;1.96;16058
99094;50.24822;4.61816;248;20220923;16.2;6.9;11.5;1.4;9.41;0;1.5;8806
99094;50.24822;4.61816;248;20220924;15.1;9.6;12.3;1.3;11.91;2;1.1;6216
99094;50.24822;4.61816;248;20220925;15.9;9.6;12.7;3.2;11.21;0;1.66;9013
99094;50.24822;4.61816;248;20220926;12.2;7.8;10;5;10.51;9;1.08;5282
99094;50.24822;4.61816;248;20220927;12.7;7.4;10;4.8;9.81;5;1.43;7874
99094;50.24822;4.61816;248;20220928;13.3;6.9;10.1;2.7;9.31;1;1.49;10104
99094;50.24822;4.61816;248;20220929;13.8;2.2;8;1.1;8.41;0;1.25;11460
99094;50.24822;4.61816;248;20220930;15.7;3;9.3;3.1;9.11;10;1.71;13729
99094;50.24822;4.61816;248;20221001;17.6;9.6;13.6;7.2;12.51;3;1.88;8848
99094;50.24822;4.61816;248;20221002;13.1;12.4;12.7;3.4;13.21;9;0.87;4204
99094;50.24822;4.61816;248;20221003;14.8;5.1;9.9;1.1;10.81;0;1.03;8824
99094;50.24822;4.61816;248;20221004;16.3;6.3;11.3;2;10.41;0;1.36;9349
99094;50.24822;4.61816;248;20221005;19.3;10.9;15.1;4.4;13.29;1;2.07;10011
99094;50.24822;4.61816;248;20221006;16.3;9.4;12.8;2.9;10.61;0;1.73;11647
99094;50.24822;4.61816;248;20221007;16.8;7.6;12.2;2.2;9.61;0;1.63;10452
99094;50.24822;4.61816;248;20221008;15;8.9;11.9;3.1;10.01;0;1.5;6308
99094;50.24822;4.61816;248;20221009;17.2;1.2;9.2;2.2;8.59;0;1.64;12596
99094;50.24822;4.61816;248;20221010;16.8;8.8;12.8;2.4;11.44;2;1.43;7505
99094;50.24822;4.61816;248;20221011;14.1;5.1;9.6;1.6;9.01;0;1.17;11300
99094;50.24822;4.61816;248;20221012;16.4;3.4;9.9;1.9;9.41;0;1.23;9124
99094;50.24822;4.61816;248;20221013;14.8;10.5;12.6;3.1;12.11;1;1.07;5304
99094;50.24822;4.61816;248;20221014;15.7;12.3;14;2.8;14.21;1;0.86;4422
99094;50.24822;4.61816;248;20221015;17.4;12.4;14.9;3.8;14.31;2;1.16;5362
99094;50.24822;4.61816;248;20221016;17.7;11.9;14.8;3.3;14.11;0;1.14;5508
99094;50.24822;4.61816;248;20221017;18;15.3;16.6;4.1;16.21;7;1.1;3564
99094;50.24822;4.61816;248;20221018;18.4;14.2;16.3;1.9;15.21;0;1.08;6780
99094;50.24822;4.61816;248;20221019;18.5;9.6;14;3.3;13.01;0;1.28;7056
99094;50.24822;4.61816;248;20221020;19.5;12.8;16.1;4.7;14.41;5;1.59;6364
99094;50.24822;4.61816;248;20221021;18.3;13.3;15.8;5.3;14.51;1;1.45;5451
99094;50.24822;4.61816;248;20221022;17.8;12.4;15.1;4;13.81;0;1.26;3883
99094;50.24822;4.61816;248;20221023;19.3;12.9;16.1;4.7;14.01;3;1.61;4651
99094;50.24822;4.61816;248;20221024;17.1;14.2;15.6;6.5;13.01;0;1.93;4935
99094;50.24822;4.61816;248;20221025;15.6;11.8;13.7;4.3;12.61;0;1.19;5602
99094;50.24822;4.61816;248;20221026;20.1;12.4;16.3;3.7;13.89;0;1.62;7787
99094;50.24822;4.61816;248;20221027;20.3;13.2;16.7;4.8;13.91;0;1.83;5766
99094;50.24822;4.61816;248;20221028;21.5;16.5;19;4.2;14.41;0;2.14;5780
99094;50.24822;4.61816;248;20221029;22.5;14.4;18.4;3;14.11;0;1.77;5774
99094;50.24822;4.61816;248;20221030;19.9;12.3;16.1;1.8;12.81;0;1.15;4976
99094;50.24822;4.61816;248;20221031;18.9;10.1;14.5;2.8;13.01;0;1.11;4903
99094;50.24822;4.61816;248;20221101;14.8;10.4;12.6;7.3;11.31;0;1.51;3937
99094;50.24822;4.61816;248;20221102;13.6;9.4;11.5;5.7;9.91;0;1.51;3466
99094;50.24822;4.61816;248;20221103;13.4;9.9;11.6;4.8;10.41;5;1.26;3585
99094;50.24822;4.61816;248;20221104;10.3;7.5;8.9;2.9;9.51;0;0.71;2695
99094;50.24822;4.61816;248;20221105;10.2;2.3;6.2;3.2;8.74;0;0.56;5055
99094;50.24822;4.61816;248;20221106;9.3;7.8;8.6;5.4;9.79;2;0.82;2413
99094;50.24822;4.61816;248;20221107;13.9;7.8;10.8;5.6;11.94;0;0.74;3405
99094;50.24822;4.61816;248;20221108;14.5;10;12.3;5.4;10.89;1;1.42;4200
99094;50.24822;4.61816;248;20221109;12.6;10.4;11.5;5.1;10.91;0;1.02;3465
99094;50.24822;4.61816;248;20221110;12.2;6.8;9.5;3.4;9.71;0;0.69;5645
99094;50.24822;4.61816;248;20221111;12.1;6.3;9.2;2.5;9.51;0;0.65;3942
99094;50.24822;4.61816;248;20221112;17.7;3.7;10.7;1.8;9.39;0;0.78;6168
99094;50.24822;4.61816;248;20221113;14.8;2.1;8.5;1.2;8.69;0;0.44;6662
99094;50.24822;4.61816;248;20221114;6.4;-0.8;2.8;2.3;8.04;1;0.18;3138
99094;50.24822;4.61816;248;20221115;11.9;6.2;9;4.1;11.41;5;0.2;3374
99094;50.24822;4.61816;248;20221116;10.6;7.7;9.1;4.6;11.19;12;0.34;3497
99094;50.24822;4.61816;248;20221117;11.2;8.8;10;7.9;10.21;1;0.96;2981
99094;50.24822;4.61816;248;20221118;9.6;6.8;8.2;4.1;9.31;0;0.61;2586
99094;50.24822;4.61816;248;20221119;9.1;5.7;7.4;3;8.91;3;0.51;2491
99094;50.24822;4.61816;248;20221120;7.2;3.5;5.3;3.9;8.31;2;0.31;2782
99094;50.24822;4.61816;248;20221121;6.7;2.5;4.6;5;8.11;2;0.25;2206
99094;50.24822;4.61816;248;20221122;7.6;3.3;5.4;6;8.01;1;0.47;3092
99094;50.24822;4.61816;248;20221123;8.2;5.3;6.7;6.1;8.71;5;0.56;1897
99094;50.24822;4.61816;248;20221124;9.3;6.9;8.1;6.2;9.01;3;0.72;3375
99094;50.24822;4.61816;248;20221125;9.8;7.3;8.5;3.9;9.51;0;0.61;2014
99094;50.24822;4.61816;248;20221126;8;4.6;6.3;3.2;8.51;0;0.4;2262
99094;50.24822;4.61816;248;20221127;7.3;4.3;5.8;5.8;7.71;1;0.7;1821
99094;50.24822;4.61816;248;20221128;8.6;5.9;7.2;3.2;9.11;1;0.48;1167
99094;50.24822;4.61816;248;20221129;7.9;1.4;4.6;1.1;8.11;0;0.09;3545
99094;50.24822;4.61816;248;20221130;6.2;2.3;4.2;1.8;8.01;0;0.2;1918
99094;50.24822;4.61816;248;20221201;4.5;3.9;4.2;3.9;7.81;0;0.32;565
99094;50.24822;4.61816;248;20221202;2.5;2.5;2.5;4.1;6.61;0;0.45;61
99094;50.24822;4.61816;248;20221203;1.5;0.5;1;3.8;5.71;0;0.38;1710
99094;50.24822;4.61816;248;20221204;0.5;0.4;0.4;3.1;5.51;3;0.34;1626
99094;50.24822;4.61816;248;20221205;0.6;-0.2;0.2;1.3;6.01;2;0.26;619
99094;50.24822;4.61816;248;20221206;5.2;0.5;2.8;2.1;6.91;0;0.16;2841
99094;50.24822;4.61816;248;20221207;4.7;1.9;3.3;3.7;7.21;1;0.23;2062
99094;50.24822;4.61816;248;20221208;2.4;0.6;1.5;2.7;6.21;0;0.22;2144
99094;50.24822;4.61816;248;20221209;-0.7;-3.6;-2.2;1;5.01;0;0.08;2398
99094;50.24822;4.61816;248;20221210;-1.5;-4.3;-2.9;1.4;4.81;0;0.1;2018
99094;50.24822;4.61816;248;20221211;-0.6;-1.9;-1.3;2.6;5.01;0;0.2;2174
99094;50.24822;4.61816;248;20221212;-0.7;-5.1;-2.9;2.2;4.21;0;0.08;4063
99094;50.24822;4.61816;248;20221213;-1.3;-6.4;-3.9;2;3.41;0;0.23;3548
99094;50.24822;4.61816;248;20221214;0.2;-4.5;-2.2;1.5;3.61;0;0.27;3025
99094;50.24822;4.61816;248;20221215;-0.1;-8.8;-4.5;1.4;3.51;0;0.07;4168
99094;50.24822;4.61816;248;20221216;-0.7;-8;-4.3;1.1;4.29;0;0.17;1784
99094;50.24822;4.61816;248;20221217;-1.6;-7.1;-4.4;1.3;4.11;0;0.08;2528
99094;50.24822;4.61816;248;20221218;0;-6.1;-3.1;3.7;3.81;3;0.41;2685
99094;50.24822;4.61816;248;20221219;10.2;0;5.1;7.7;8.21;1;0.42;3010
99094;50.24822;4.61816;248;20221220;11.1;9.8;10.4;6.4;10.11;11;1.12;721
99094;50.24822;4.61816;248;20221221;9.6;9.1;9.3;4.2;10.81;21;0.35;1816
99094;50.24822;4.61816;248;20221222;10;8.4;9.2;5.7;11.31;6;0.19;1395
99094;50.24822;4.61816;248;20221223;12.9;8.4;10.6;6.4;10.91;9;0.78;2068
99094;50.24822;4.61816;248;20221224;10.8;8.9;9.8;5.2;10.31;0;0.71;1640
99094;50.24822;4.61816;248;20221225;11.4;8;9.7;4.2;10.91;5;0.44;1627
99094;50.24822;4.61816;248;20221226;9.9;9.4;9.6;5.5;9.51;2;0.96;1582
99094;50.24822;4.61816;248;20221227;6.2;2;4.1;5;7.01;0;0.44;2752
99094;50.24822;4.61816;248;20221228;8.6;3.8;6.2;7.8;9.21;4;0.22;1348
99094;50.24822;4.61816;248;20221229;9.6;8.3;8.9;7.8;9.11;1;1.09;1349
99094;50.24822;4.61816;248;20221230;12.1;4.2;8.1;7.2;9.61;8;0.63;2673
99094;50.24822;4.61816;248;20221231;15.2;12.1;13.6;9.7;12.11;0;1.62;1734
100096;50.50328;5.29569;226;20220912;25.1;11.5;18.3;2.5;13.4;0;3.28;16763
100096;50.50328;5.29569;226;20220913;21.9;16.2;19;2.2;16.13;9;2.01;6831
100096;50.50328;5.29569;226;20220914;17.9;15.2;16.6;2;17.53;24;1.02;3692
100096;50.50328;5.29569;226;20220915;17.5;11;14.2;2.1;13.7;0;1.5;7954
100096;50.50328;5.29569;226;20220916;14.2;10.2;12.2;3.4;11.37;4;1.63;8310
100096;50.50328;5.29569;226;20220917;13.1;7.8;10.5;4.3;10.93;5;1.41;9395
100096;50.50328;5.29569;226;20220918;13.4;8.2;10.8;4.2;10.9;4;1.3;6537
100096;50.50328;5.29569;226;20220919;16.1;6.6;11.4;2.9;10.57;0;1.84;12154
100096;50.50328;5.29569;226;20220920;15.6;8.7;12.2;1.8;10.93;0;1.52;9398
100096;50.50328;5.29569;226;20220921;16.3;5.2;10.7;1.4;9.57;0;1.73;13482
100096;50.50328;5.29569;226;20220922;18.5;5.9;12.2;1.9;8.63;0;2.28;15936
100096;50.50328;5.29569;226;20220923;16.6;8.4;12.5;2.3;9.83;0;1.81;7772
100096;50.50328;5.29569;226;20220924;15.5;10.4;13;1.5;12.27;3;1.14;5286
100096;50.50328;5.29569;226;20220925;15.9;9.8;12.8;2.6;11.67;0;1.78;12329
100096;50.50328;5.29569;226;20220926;12.6;8.5;10.5;5.4;10.83;7;1.29;5394
100096;50.50328;5.29569;226;20220927;11.4;7.4;9.4;4;10.33;8;1.08;6963
100096;50.50328;5.29569;226;20220928;13.4;6.3;9.8;3.2;9.67;2;1.44;9545
100096;50.50328;5.29569;226;20220929;14.4;3.7;9;2;8.53;0;1.53;12415
100096;50.50328;5.29569;226;20220930;16.1;4.1;10.1;3.6;9.33;9;1.95;14135
100096;50.50328;5.29569;226;20221001;17.7;9.8;13.8;6.9;12.57;7;2.04;9311
100096;50.50328;5.29569;226;20221002;13.7;12;12.9;3.8;13.47;8;0.95;4133
100096;50.50328;5.29569;226;20221003;15.5;6.9;11.2;1.8;11.07;0;1.31;9968
100096;50.50328;5.29569;226;20221004;18.5;7.3;12.9;3;11;0;1.94;12457
100096;50.50328;5.29569;226;20221005;20.4;11.5;16;5.6;13.27;0;2.53;10701
100096;50.50328;5.29569;226;20221006;16.2;8.6;12.4;3.5;10.63;0;1.88;12745
100096;50.50328;5.29569;226;20221007;17.1;6.9;12;3.3;9.67;0;1.98;12443
100096;50.50328;5.29569;226;20221008;15.3;9.3;12.3;3.4;10.3;0;1.71;9748
100096;50.50328;5.29569;226;20221009;17.2;4.1;10.7;2.8;8.63;0;1.86;12683
100096;50.50328;5.29569;226;20221010;18.2;9;13.6;3.4;11.23;1;1.77;7570
100096;50.50328;5.29569;226;20221011;14;4.5;9.2;1.5;9.27;0;1.13;11781
100096;50.50328;5.29569;226;20221012;16;3.6;9.8;2.3;9.17;0;1.39;10511
100096;50.50328;5.29569;226;20221013;15.3;10.5;12.9;3.9;12.2;0;1.26;4197
100096;50.50328;5.29569;226;20221014;16.3;11.5;13.9;2.9;14.23;0;0.92;4121
100096;50.50328;5.29569;226;20221015;18.9;12.4;15.6;3.7;14.5;2;1.43;5815
100096;50.50328;5.29569;226;20221016;18.3;12.2;15.2;4.1;14.2;2;1.48;7421
100096;50.50328;5.29569;226;20221017;19.1;15.3;17.2;4.6;16.3;3;1.42;3654
100096;50.50328;5.29569;226;20221018;17.9;14.1;16;1.4;15.5;2;0.98;6520
100096;50.50328;5.29569;226;20221019;16.5;8;12.3;3.1;12.57;0;1.06;8524
100096;50.50328;5.29569;226;20221020;19.4;11.8;15.6;4.3;14.2;4;1.55;6122
100096;50.50328;5.29569;226;20221021;18.9;14.3;16.6;5.1;14.77;4;1.78;6744
100096;50.50328;5.29569;226;20221022;17.8;13;15.4;4.4;14.07;0;1.49;6261
100096;50.50328;5.29569;226;20221023;19.9;13.4;16.6;4.9;14.13;1;1.9;5044
100096;50.50328;5.29569;226;20221024;17.3;14.8;16;8;12.9;2;2.47;5767
100096;50.50328;5.29569;226;20221025;15.8;12.6;14.2;4.5;12.87;0;1.38;4753
100096;50.50328;5.29569;226;20221026;20.1;11.8;16;4.2;13.63;0;1.72;7900
100096;50.50328;5.29569;226;20221027;21.8;14.4;18.1;4.8;13.97;0;2.39;6697
100096;50.50328;5.29569;226;20221028;22.7;17.1;19.9;4.9;14.63;0;2.7;6424
100096;50.50328;5.29569;226;20221029;23.1;14.8;18.9;3.3;14;0;2.11;5092
100096;50.50328;5.29569;226;20221030;20.7;13.1;16.9;3;12.8;1;1.72;6849
100096;50.50328;5.29569;226;20221031;19.6;11;15.3;3.1;13.27;0;1.33;5165
100096;50.50328;5.29569;226;20221101;15.1;12.3;13.7;7.5;11.73;0;1.82;7785
100096;50.50328;5.29569;226;20221102;14.1;10;12;6.4;10.13;0;1.71;7298
100096;50.50328;5.29569;226;20221103;14;10.1;12.1;6.4;10.67;3;1.59;3028
100096;50.50328;5.29569;226;20221104;11.1;7.7;9.4;3.3;10.07;3;0.73;3303
100096;50.50328;5.29569;226;20221105;10.5;3.9;7.2;3.8;8.83;0;0.67;5528
100096;50.50328;5.29569;226;20221106;10.2;7.7;9;6.1;9.37;1;1.09;2999
100096;50.50328;5.29569;226;20221107;14.2;8.1;11.1;6.8;11.63;0;0.97;3542
100096;50.50328;5.29569;226;20221108;15.3;9.5;12.4;5.8;10.9;1;1.5;4293
100096;50.50328;5.29569;226;20221109;13.1;11.2;12.2;5.8;11.07;0;1.3;4546
100096;50.50328;5.29569;226;20221110;13.5;7.3;10.4;4.9;9.93;0;1.04;6673
100096;50.50328;5.29569;226;20221111;13.9;7.4;10.6;4.1;9.27;0;1.31;5099
100096;50.50328;5.29569;226;20221112;17.8;6.3;12;2.1;9.2;0;1.02;6401
100096;50.50328;5.29569;226;20221113;15;5.5;10.2;1.8;8.53;0;0.68;6676
100096;50.50328;5.29569;226;20221114;7.4;1.5;4.4;2.7;7.97;0;0.32;3610
100096;50.50328;5.29569;226;20221115;12.6;6.2;9.4;4.6;11.53;5;0.34;4011
100096;50.50328;5.29569;226;20221116;11.6;8.3;9.9;4.8;11.1;9;0.52;4044
100096;50.50328;5.29569;226;20221117;12;8.8;10.4;7.1;10.4;3;1.03;4073
100096;50.50328;5.29569;226;20221118;10.2;7.1;8.6;3.9;9.6;4;0.65;3277
100096;50.50328;5.29569;226;20221119;6.9;5.6;6.3;2.6;8.83;8;0.43;893
100096;50.50328;5.29569;226;20221120;7.5;2.4;5;3.7;8.13;2;0.42;2312
100096;50.50328;5.29569;226;20221121;7.5;3.9;5.7;4.6;8.27;2;0.46;2869
100096;50.50328;5.29569;226;20221122;7.6;4.2;5.9;6.5;8.23;1;0.6;2804
100096;50.50328;5.29569;226;20221123;9.1;6.5;7.8;6.4;8.8;5;0.82;3353
100096;50.50328;5.29569;226;20221124;10.4;6.3;8.4;6.2;9.13;2;0.76;4873
100096;50.50328;5.29569;226;20221125;10.3;6.9;8.6;4.6;9.57;1;0.64;3352
100096;50.50328;5.29569;226;20221126;8.5;3.4;6;3.7;8.27;0;0.42;3681
100096;50.50328;5.29569;226;20221127;8.3;5.2;6.7;4.6;7.67;0;0.97;1366
100096;50.50328;5.29569;226;20221128;8.4;6.3;7.3;3.7;9.27;2;0.51;1404
100096;50.50328;5.29569;226;20221129;8;4.8;6.4;1.3;8.93;0;0.25;2249
100096;50.50328;5.29569;226;20221130;6.3;4.2;5.3;1.8;8.47;1;0.28;1273
100096;50.50328;5.29569;226;20221201;4.7;4.1;4.4;2.9;8;0;0.38;355
100096;50.50328;5.29569;226;20221202;2.2;2.1;2.1;3.7;6.6;1;0.43;310
100096;50.50328;5.29569;226;20221203;1.6;0.3;1;3.8;5.83;0;0.43;1162
100096;50.50328;5.29569;226;20221204;0.6;0.5;0.5;3.4;5.7;3;0.42;746
100096;50.50328;5.29569;226;20221205;0.5;-0.2;0.1;1.2;6.1;6;0.21;1226
100096;50.50328;5.29569;226;20221206;4.5;-0.1;2.2;1.9;6.87;0;0.17;2085
100096;50.50328;5.29569;226;20221207;4.7;2;3.3;3;7.37;2;0.25;1805
100096;50.50328;5.29569;226;20221208;3.3;1.9;2.6;3.6;6.47;0;0.43;1610
100096;50.50328;5.29569;226;20221209;0;-1.9;-1;1.5;5.23;0;0.22;1681
100096;50.50328;5.29569;226;20221210;-1.4;-3.1;-2.3;1.9;5.03;0;0.18;1291
100096;50.50328;5.29569;226;20221211;0.5;-2;-0.8;2.6;4.97;0;0.3;2185
100096;50.50328;5.29569;226;20221212;1.6;-5.2;-1.8;2.2;4.23;0;0.16;4675
100096;50.50328;5.29569;226;20221213;-0.2;-6.9;-3.6;2.5;3.67;0;0.23;3736
100096;50.50328;5.29569;226;20221214;-0.4;-4.8;-2.6;1.5;3.67;0;0.25;2968
100096;50.50328;5.29569;226;20221215;1.2;-8.1;-3.5;1.5;3.57;0;0.13;4400
100096;50.50328;5.29569;226;20221216;-1.4;-7.4;-4.4;1.2;4.2;0;0.17;1452
100096;50.50328;5.29569;226;20221217;0.6;-5.1;-2.3;1.6;4.23;0;0.11;4100
100096;50.50328;5.29569;226;20221218;1.6;-6.7;-2.6;3.5;3.8;2;0.55;2433
100096;50.50328;5.29569;226;20221219;10.5;0.7;5.6;7.7;8.37;1;0.63;2339
100096;50.50328;5.29569;226;20221220;11.7;9.8;10.8;6.5;10.33;8;1.2;1131
100096;50.50328;5.29569;226;20221221;9.3;8.8;9;4.2;10.83;10;0.35;2013
100096;50.50328;5.29569;226;20221222;9.8;8.4;9.1;4.5;11.3;11;0.27;1468
100096;50.50328;5.29569;226;20221223;12.4;8.5;10.4;5.6;11.1;10;0.83;884
100096;50.50328;5.29569;226;20221224;11.1;8.3;9.7;5.2;10.5;1;0.65;2062
100096;50.50328;5.29569;226;20221225;11.9;8;9.9;4.7;10.87;5;0.73;1054
100096;50.50328;5.29569;226;20221226;10;9.1;9.5;5.8;9.77;2;1;1297
100096;50.50328;5.29569;226;20221227;7.3;1.4;4.4;6;7.17;0;0.51;3572
100096;50.50328;5.29569;226;20221228;9.2;3.7;6.5;9.1;9.2;2;0.43;1665
100096;50.50328;5.29569;226;20221229;9.9;8.1;9;8.5;9.43;1;1.1;1863
100096;50.50328;5.29569;226;20221230;11.6;4.4;8;7.6;9.53;4;0.86;1525
100096;50.50328;5.29569;226;20221231;15.8;11.3;13.6;11.1;12.63;0;1.63;1703
101095;50.71245;4.9198;111;20221115;12.8;6;9.4;4.2;11.7;4;0.27;3476
101095;50.71245;4.9198;111;20221116;12.2;8.2;10.2;5;11.3;6;0.5;4545
101095;50.71245;4.9198;111;20221117;12;9.1;10.6;7.7;10.4;2;1.17;2726
101095;50.71245;4.9198;111;20221118;10.2;6.6;8.4;4.3;9.7;6;0.55;3561
101095;50.71245;4.9198;111;20221119;7;6.9;7;2.5;8.6;6;0.6;843
101095;50.71245;4.9198;111;20221120;8.1;1.8;5;3.1;8;1;0.35;3128
101095;50.71245;4.9198;111;20221121;8;5;6.5;4.8;8.5;3;0.56;2634
101095;50.71245;4.9198;111;20221122;8.6;4;6.3;6.4;8.4;1;0.63;2750
101095;50.71245;4.9198;111;20221123;9.4;6.8;8.1;6.6;9;5;0.83;3306
101095;50.71245;4.9198;111;20221124;11;6.9;9;6.7;9.2;1;0.97;4035
101095;50.71245;4.9198;111;20221125;10.9;7.6;9.3;3.9;9.8;1;0.7;2404
101095;50.71245;4.9198;111;20221126;9.7;4.4;7.1;3.7;8.6;0;0.54;3029
101095;50.71245;4.9198;111;20221127;7.5;5.7;6.6;4.8;8.1;5;0.81;887
101095;50.71245;4.9198;111;20221128;9.5;7;8.3;3.8;9.6;2;0.53;2123
101095;50.71245;4.9198;111;20221129;9.4;4;6.7;1.3;8.9;0;0.2;2983
101095;50.71245;4.9198;111;20221130;6.6;4;5.3;1.4;8.4;0;0.24;1919
101095;50.71245;4.9198;111;20221201;5.6;2.9;4.3;3;8;0;0.29;1048
101095;50.71245;4.9198;111;20221202;2.9;2.9;2.9;4.1;6.8;0;0.51;0
101095;50.71245;4.9198;111;20221203;1.9;0.5;1.2;4.2;5.8;0;0.47;1167
101095;50.71245;4.9198;111;20221204;1;0.1;0.6;3.5;5.8;2;0.3;1695
101095;50.71245;4.9198;111;20221205;1.7;0;0.9;1.4;6.5;6;0.23;777
101095;50.71245;4.9198;111;20221206;5.9;1.7;3.8;1.7;7.7;0;0.1;2753
101095;50.71245;4.9198;111;20221207;6.4;2.2;4.3;3.1;7.6;1;0.23;2852
101095;50.71245;4.9198;111;20221208;4.4;1.6;3;4;6.5;0;0.43;2294
101095;50.71245;4.9198;111;20221209;-1;-2.6;-1.8;1.6;5.4;0;0.14;1250
101095;50.71245;4.9198;111;20221210;-1;-3;-2;2.2;5.3;0;0.13;1336
101095;50.71245;4.9198;111;20221211;1.2;-1.1;0.1;2.7;5.4;0;0.39;871
101095;50.71245;4.9198;111;20221212;1.1;-4.7;-1.8;1.4;4.4;0;0.04;4043
101095;50.71245;4.9198;111;20221213;-1.3;-6.8;-4;1.9;3.9;0;0.11;3254
101095;50.71245;4.9198;111;20221214;-0.4;-4;-2.2;1.1;4;0;0.16;2763
101095;50.71245;4.9198;111;20221215;1.7;-6.6;-2.4;1.1;3.8;0;0.08;3816
101095;50.71245;4.9198;111;20221216;1.4;-5.8;-2.2;1.2;5;0;0.04;2810
101095;50.71245;4.9198;111;20221217;-1.9;-6.6;-4.2;1.1;4.2;0;0.07;2365
101095;50.71245;4.9198;111;20221218;0.1;-7.2;-3.5;2.5;4;3;0.21;2965
101095;50.71245;4.9198;111;20221219;11.1;0.1;5.6;7.5;8.5;2;0.55;2713
101095;50.71245;4.9198;111;20221220;11.4;9.7;10.6;5.3;10.4;11;1;1123
101095;50.71245;4.9198;111;20221221;9;7;8;3.2;10.6;14;0.13;2014
101095;50.71245;4.9198;111;20221222;10.5;8.6;9.6;3.6;11.5;10;0.26;1581
101095;50.71245;4.9198;111;20221223;13.3;9.1;11.2;5.7;11.2;11;0.92;1581
101095;50.71245;4.9198;111;20221224;11.3;9.4;10.4;5.8;10.6;1;0.79;2220
101095;50.71245;4.9198;111;20221225;11.6;8.8;10.2;3.4;11.1;12;0.54;1357
101095;50.71245;4.9198;111;20221226;10.2;9.6;9.9;5.3;9.7;1;1.04;1321
101095;50.71245;4.9198;111;20221227;8.1;3;5.6;5.9;7.4;0;0.72;2842
101095;50.71245;4.9198;111;20221228;10;4.7;7.4;9.7;9.6;2;0.48;1857
101095;50.71245;4.9198;111;20221229;10.6;8.7;9.7;9;9.4;2;1.32;1927
101095;50.71245;4.9198;111;20221230;13.1;4.4;8.8;6.9;9.7;6;0.83;3069
101095;50.71245;4.9198;111;20221231;16.6;12.5;14.6;11.7;12.5;0;2.11;2235
101095;50.71245;4.9198;111;20220923;17.7;10;13.9;1.8;10.3;1;1.82;9177
101095;50.71245;4.9198;111;20220924;14;11.3;12.7;2.3;13.1;4;0.87;3166
101095;50.71245;4.9198;111;20220925;16.7;8.3;12.5;2.1;11.7;0;1.51;9939
101095;50.71245;4.9198;111;20220926;12.3;9.3;10.8;5.9;11.3;10;1.15;5850
101095;50.71245;4.9198;111;20220927;12.9;7.9;10.4;4.2;10.3;9;1.38;7675
101095;50.71245;4.9198;111;20220928;14.8;6.6;10.7;3.3;9.8;1;1.68;10795
101095;50.71245;4.9198;111;20220929;14.7;4.7;9.7;1.6;9.2;0;1.44;12122
101095;50.71245;4.9198;111;20220930;16.6;6.1;11.4;3.6;10.2;7;1.88;12448
101095;50.71245;4.9198;111;20221001;18.3;10.5;14.4;6.7;12.9;5;2.09;8773
101095;50.71245;4.9198;111;20221002;15.1;12.8;14;4;13.8;3;1.2;5879
101095;50.71245;4.9198;111;20221003;16.4;7.9;12.2;1.6;11.4;0;1.34;10476
101095;50.71245;4.9198;111;20221004;18.6;8.5;13.6;3.8;11.4;0;2.01;10714
101095;50.71245;4.9198;111;20221005;19.8;13;16.4;6.2;13.2;1;2.55;7680
101095;50.71245;4.9198;111;20221006;16.8;9.6;13.2;3.5;10.4;0;1.99;11358
101095;50.71245;4.9198;111;20221007;17.6;8.6;13.1;2.9;10.1;0;1.91;10947
101095;50.71245;4.9198;111;20221008;15.8;10.8;13.3;2.9;10.7;0;1.66;8126
101095;50.71245;4.9198;111;20221009;17.3;6.5;11.9;2;9.1;0;1.59;9631
101095;50.71245;4.9198;111;20221010;18.4;9.6;14;2.9;11.1;0;1.79;8901
101095;50.71245;4.9198;111;20221011;14.7;6.5;10.6;1.2;9.5;0;1.11;10226
101095;50.71245;4.9198;111;20221012;16.3;4.1;10.2;1.9;9.6;0;1.24;9556
101095;50.71245;4.9198;111;20221013;15.6;11.5;13.6;3.7;12.6;1;1.26;4562
101095;50.71245;4.9198;111;20221014;16.7;12.6;14.7;2.7;14.6;0;0.95;3910
101095;50.71245;4.9198;111;20221015;18.2;12.2;15.2;3.7;14.3;2;1.31;5447
101095;50.71245;4.9198;111;20221016;19;12.5;15.8;3.5;13.9;0;1.54;6469
101095;50.71245;4.9198;111;20221017;18.8;14.4;16.6;3.6;16.6;6;1.06;4039
101095;50.71245;4.9198;111;20221018;18.9;14;16.5;1.2;14.9;1;1.04;7171
101095;50.71245;4.9198;111;20221019;16.2;7.7;12;3.3;11.7;0;1.15;8262
101095;50.71245;4.9198;111;20221020;20.3;9.8;15.1;3.3;14.1;1;1.37;7270
101095;50.71245;4.9198;111;20221021;19.7;14.6;17.2;4.7;14.8;0;1.81;6171
101095;50.71245;4.9198;111;20221022;18.8;13.3;16.1;4.2;14;0;1.61;7342
101095;50.71245;4.9198;111;20221023;19.8;13.8;16.8;4.3;14.3;0;1.75;5769
101095;50.71245;4.9198;111;20221024;18.2;15.4;16.8;8.2;13.5;3;2.54;5710
101095;50.71245;4.9198;111;20221025;16.5;13;14.8;4.7;12.9;0;1.51;5343
101095;50.71245;4.9198;111;20221026;19.8;12.1;16;3.5;13.6;0;1.53;6002
101095;50.71245;4.9198;111;20221027;21.9;14.1;18;4.2;14.3;0;2.05;6714
101095;50.71245;4.9198;111;20221028;22.7;16.2;19.5;3.7;14.8;0;2.12;6124
101095;50.71245;4.9198;111;20221029;23.9;14.4;19.2;1.9;14.8;0;1.44;6487
101095;50.71245;4.9198;111;20221030;20.6;14.6;17.6;2.3;13.8;0;1.39;5940
101095;50.71245;4.9198;111;20221031;18.5;12.1;15.3;2.5;13.8;0;1.05;5115
101095;50.71245;4.9198;111;20221101;16;12.1;14.1;8.7;11.5;0;2.21;3911
101095;50.71245;4.9198;111;20221102;14.7;11;12.9;6.9;10;0;2.1;4802
101095;50.71245;4.9198;111;20221103;14.4;10.9;12.7;6.1;10.8;3;1.65;3647
101095;50.71245;4.9198;111;20221104;11.3;8;9.7;2.8;10.2;2;0.7;3377
101095;50.71245;4.9198;111;20221105;11.5;4.2;7.9;4.3;9;0;0.77;5649
101095;50.71245;4.9198;111;20221106;11.3;8.3;9.8;7;9.9;2;1.14;3015
101095;50.71245;4.9198;111;20221107;14.6;8.6;11.6;6.8;11.9;0;0.97;3972
101095;50.71245;4.9198;111;20221108;15.3;10.3;12.8;6.3;11.1;0;1.56;4910
101095;50.71245;4.9198;111;20221109;13.8;11.2;12.5;6.3;11.3;0;1.35;4446
101095;50.71245;4.9198;111;20221110;14.5;7.6;11.1;4.8;10.2;0;1.14;5798
101095;50.71245;4.9198;111;20221111;14.4;5.7;10.1;2.7;9.6;0;0.82;4950
101095;50.71245;4.9198;111;20221112;16.8;6.5;11.7;1.2;9.7;0;0.59;5303
101095;50.71245;4.9198;111;20221113;13.7;5.1;9.4;1;9;0;0.42;4757
101095;50.71245;4.9198;111;20221114;6.1;4.7;5.4;2.6;8;1;0.37;3674
99095;50.26417;4.96796;257;20221112;17.3;3.3;10.3;1.4;8.95;0;0.67;6200
99095;50.26417;4.96796;257;20221113;15.7;3.5;9.6;1.6;8.2;0;0.74;6900
99095;50.26417;4.96796;257;20221114;6.5;0.2;3.3;1.6;7.7;1;0.3;1750
99095;50.26417;4.96796;257;20221115;12.1;6.3;9.2;4.1;11.31;5;0.29;3287
99095;50.26417;4.96796;257;20221116;10.8;7.5;9.2;4.7;11.1;12;0.37;2900
99095;50.26417;4.96796;257;20221117;10.9;8.9;9.9;7.3;10.16;3;0.95;2840
99095;50.26417;4.96796;257;20221118;9.3;7;8.1;3.8;9.31;0;0.62;2143
99095;50.26417;4.96796;257;20221119;8.8;5.9;7.3;2.9;9.01;4;0.5;1995
99095;50.26417;4.96796;257;20221120;7.1;3.6;5.3;3.9;8.41;4;0.31;2341
99095;50.26417;4.96796;257;20221121;6.9;2.8;4.8;4.8;8.01;2;0.36;2403
99095;50.26417;4.96796;257;20221122;7.4;3.7;5.5;6;8.01;1;0.54;2396
99095;50.26417;4.96796;257;20221123;8.4;5.6;7;6;8.56;6;0.69;2248
99095;50.26417;4.96796;257;20221124;9.2;6.4;7.8;5.8;8.91;2;0.65;3987
99095;50.26417;4.96796;257;20221125;9.9;6.9;8.4;3.6;9.26;0;0.63;2257
99095;50.26417;4.96796;257;20221126;7.8;3.6;5.7;3;8.31;0;0.35;2481
99095;50.26417;4.96796;257;20221127;7;4.1;5.6;5.2;7.51;1;0.72;1660
99095;50.26417;4.96796;257;20221128;8.3;6;7.1;3.3;8.91;1;0.53;1083
99095;50.26417;4.96796;257;20221129;6.7;2.3;4.5;1.3;8.16;0;0.11;3072
99095;50.26417;4.96796;257;20221130;6.3;3.1;4.7;1.9;8.21;0;0.24;1709
99095;50.26417;4.96796;257;20221201;4.4;4.1;4.3;3.7;7.76;0;0.38;382
99095;50.26417;4.96796;257;20221202;2.4;2.4;2.4;3.6;6.7;1;0.44;263
99095;50.26417;4.96796;257;20221203;1.7;0.5;1.1;3.6;5.76;0;0.42;1205
99095;50.26417;4.96796;257;20221204;0.6;0.3;0.4;3.3;5.46;4;0.41;1113
99095;50.26417;4.96796;257;20221205;0.7;-0.2;0.2;1.3;6.01;5;0.24;909
99095;50.26417;4.96796;257;20221206;4.4;0.3;2.4;1.8;6.86;0;0.18;2170
99095;50.26417;4.96796;257;20221207;4.4;1.5;3;3.1;7.31;2;0.2;1731
99095;50.26417;4.96796;257;20221208;2.3;1;1.7;2.8;6.41;0;0.25;1472
99095;50.26417;4.96796;257;20221209;-0.6;-3.4;-2;1.1;5.16;0;0.12;1849
99095;50.26417;4.96796;257;20221210;-1.9;-3.9;-2.9;1.5;4.91;0;0.13;1509
99095;50.26417;4.96796;257;20221211;-0.6;-2.3;-1.5;2.4;4.96;0;0.18;2287
99095;50.26417;4.96796;257;20221212;-0.2;-5.7;-2.9;2.1;4.06;0;0.08;4481
99095;50.26417;4.96796;257;20221213;-1.4;-6.2;-3.8;3;3.41;0;0.35;3374
99095;50.26417;4.96796;257;20221214;0.1;-4.2;-2;1.8;3.56;0;0.36;2762
99095;50.26417;4.96796;257;20221215;-0.2;-8.8;-4.5;1.6;3.51;0;0.07;4484
99095;50.26417;4.96796;257;20221216;-1.5;-9.2;-5.3;0.8;3.9;0;0.23;800
99095;50.26417;4.96796;257;20221217;-1.8;-6.9;-4.3;1.4;4.06;0;0.04;3514
99095;50.26417;4.96796;257;20221218;0.2;-5.6;-2.7;3.2;3.76;2;0.45;2442
99095;50.26417;4.96796;257;20221219;10.1;-0.2;4.9;6.6;7.96;1;0.58;1755
99095;50.26417;4.96796;257;20221220;11.3;9.8;10.6;5.9;9.81;7;1.28;510
99095;50.26417;4.96796;257;20221221;9.6;9;9.3;4;10.66;16;0.36;2158
99095;50.26417;4.96796;257;20221222;10;8.4;9.2;5.3;11.16;7;0.28;1247
99095;50.26417;4.96796;257;20221223;12.6;8.4;10.5;5.9;11.01;10;0.77;1184
99095;50.26417;4.96796;257;20221224;10.8;8.7;9.7;4.9;10.16;1;0.72;1820
99095;50.26417;4.96796;257;20221225;11.6;8;9.8;4.3;10.71;7;0.6;1163
99095;50.26417;4.96796;257;20221226;10;9.7;9.8;5.5;9.36;2;1.12;1241
99095;50.26417;4.96796;257;20221227;6.2;1.8;4;4.8;6.91;0;0.41;3276
99095;50.26417;4.96796;257;20221228;8.5;3.6;6;8.3;8.96;4;0.34;1074
99095;50.26417;4.96796;257;20221229;9.5;8.3;8.9;8.1;9.11;1;1.11;1474
99095;50.26417;4.96796;257;20221230;11.8;4.2;8;6.9;9.41;6;0.75;1686
99095;50.26417;4.96796;257;20221231;14.9;11.7;13.3;10;12.06;0;1.57;1417
99095;50.26417;4.96796;257;20220927;12.2;7.3;9.8;4.4;9.81;4;1.33;7587
99095;50.26417;4.96796;257;20220928;13.3;6.9;10.1;2.8;9.41;0;1.48;9652
99095;50.26417;4.96796;257;20220929;13.8;2.9;8.3;1.4;8.21;0;1.38;12130
99095;50.26417;4.96796;257;20220930;15.5;2.7;9.1;3;8.76;10;1.75;13714
99095;50.26417;4.96796;257;20221001;17.2;9.6;13.4;6.8;12.16;3;1.92;8774
99095;50.26417;4.96796;257;20221002;13;12.1;12.5;3.2;13.06;10;0.81;3052
99095;50.26417;4.96796;257;20221003;15.3;6.5;10.9;1.2;10.96;0;1.19;10062
99095;50.26417;4.96796;257;20221004;16.8;6.1;11.4;2.3;10.46;0;1.53;11424
99095;50.26417;4.96796;257;20221005;19.5;10.2;14.9;4.6;13.45;1;2.01;11850
99095;50.26417;4.96796;257;20221006;16.3;8.9;12.6;2.9;10.56;0;1.73;12223
99095;50.26417;4.96796;257;20221007;16.8;6.7;11.7;2.3;9.26;0;1.71;11926
99095;50.26417;4.96796;257;20221008;14.9;8.1;11.5;2.8;9.51;0;1.53;7704
99095;50.26417;4.96796;257;20221009;16.9;1.5;9.2;2.5;8.45;0;1.69;13250
99095;50.26417;4.96796;257;20221010;17.2;8.4;12.8;2.2;11.45;2;1.31;6350
99095;50.26417;4.96796;257;20221011;14.1;4.3;9.2;1.8;9.01;0;1.19;11950
99095;50.26417;4.96796;257;20221012;16.5;3.6;10.1;1.8;9.16;0;1.29;9512
99095;50.26417;4.96796;257;20221013;14.8;9.8;12.3;3;11.86;1;1.06;4952
99095;50.26417;4.96796;257;20221014;15.9;12.1;14;2.6;13.91;2;0.9;3661
99095;50.26417;4.96796;257;20221015;17.6;12.3;15;3.4;14.26;2;1.18;5481
99095;50.26417;4.96796;257;20221016;17.8;12.2;15;3.7;13.96;0;1.3;6054
99095;50.26417;4.96796;257;20221017;18.3;15.4;16.9;4;15.76;7;1.29;3482
99095;50.26417;4.96796;257;20221018;18;14.3;16.1;1.9;15.41;0;1.04;6640
99095;50.26417;4.96796;257;20221019;17.9;9.2;13.5;3.6;12.91;0;1.25;8628
99095;50.26417;4.96796;257;20221020;19.3;12.6;15.9;4.8;14.06;8;1.64;5682
99095;50.26417;4.96796;257;20221021;18.1;13.5;15.8;4.6;14.31;0;1.43;5675
99095;50.26417;4.96796;257;20221022;17.9;12.4;15.1;3.9;13.66;0;1.32;4891
99095;50.26417;4.96796;257;20221023;19.2;13;16.1;4.5;13.61;2;1.71;4475
99095;50.26417;4.96796;257;20221024;16.7;14.4;15.6;7.3;12.51;1;2.21;5367
99095;50.26417;4.96796;257;20221025;15.6;12;13.8;4.1;12.36;0;1.28;4851
99095;50.26417;4.96796;257;20221026;19.8;12.2;16;3.3;13.75;0;1.49;8600
99095;50.26417;4.96796;257;20221027;20.6;12.9;16.8;4.1;13.36;0;1.84;6133
99095;50.26417;4.96796;257;20221028;21.7;16.5;19.1;3.8;13.91;0;2.16;6240
99095;50.26417;4.96796;257;20221029;21.9;14.3;18.1;2.8;13.71;0;1.71;4637
99095;50.26417;4.96796;257;20221030;20;12.1;16;2;12.11;1;1.31;5888
99095;50.26417;4.96796;257;20221031;18.7;10.4;14.6;2.9;12.66;1;1.23;4951
99095;50.26417;4.96796;257;20221101;14.5;10.8;12.7;7.1;11.16;0;1.56;5818
99095;50.26417;4.96796;257;20221102;13.4;9.4;11.4;5.8;9.66;0;1.56;5383
99095;50.26417;4.96796;257;20221103;13.2;9.5;11.4;5;10.26;4;1.3;2742
99095;50.26417;4.96796;257;20221104;10.3;7.2;8.8;2.9;9.51;1;0.7;2647
99095;50.26417;4.96796;257;20221105;10;3.2;6.6;2.8;8.85;0;0.5;4650
99095;50.26417;4.96796;257;20221106;9.1;7.6;8.3;5.1;9.5;1;0.78;2250
99095;50.26417;4.96796;257;20221107;13.4;7.8;10.6;5.8;11.8;0;0.68;2750
99095;50.26417;4.96796;257;20221108;14.7;9.9;12.3;5.3;10.85;2;1.41;3850
99095;50.26417;4.96796;257;20221109;12.7;10.6;11.7;5.3;10.71;0;1.15;4032
99095;50.26417;4.96796;257;20221110;11.9;6.2;9;3.1;9.46;0;0.63;6122
99095;50.26417;4.96796;257;20221111;12.6;6.1;9.4;2.5;9.21;0;0.74;4571
100095;50.48832;4.94402;172;20221117;12;9.1;10.5;7.5;9.96;2;1.29;3038
100095;50.48832;4.94402;172;20221118;10.1;6.7;8.4;4.6;9.3;2;0.68;3526
100095;50.48832;4.94402;172;20221119;7.6;6.3;6.9;2.9;8.7;8;0.6;962
100095;50.48832;4.94402;172;20221120;7.7;2.5;5.1;3.7;8;1;0.42;2511
100095;50.48832;4.94402;172;20221121;7.7;3.8;5.7;4.8;8.07;3;0.53;2914
100095;50.48832;4.94402;172;20221122;8;3.9;5.9;6.5;8.04;1;0.7;2192
100095;50.48832;4.94402;172;20221123;9.2;6.3;7.7;6;8.64;5;0.85;2935
100095;50.48832;4.94402;172;20221124;10.4;6.2;8.3;6.1;8.94;2;0.82;4215
100095;50.48832;4.94402;172;20221125;10.4;7.3;8.9;4.6;9.47;1;0.64;4108
100095;50.48832;4.94402;172;20221126;9.3;4;6.7;3.8;8.37;0;0.47;3744
100095;50.48832;4.94402;172;20221127;7.8;5.4;6.6;5.7;7.64;1;1.02;1288
100095;50.48832;4.94402;172;20221128;8.9;6.5;7.7;4;9.2;2;0.57;1748
100095;50.48832;4.94402;172;20221129;6.6;2.6;4.6;1.4;8.27;0;0.2;2282
100095;50.48832;4.94402;172;20221130;6.3;3.9;5.1;1.8;8.27;1;0.3;1508
100095;50.48832;4.94402;172;20221201;5;3.4;4.2;3.4;7.87;0;0.35;667
100095;50.48832;4.94402;172;20221202;2.9;2.9;2.9;4.3;6.67;1;0.5;498
100095;50.48832;4.94402;172;20221203;1.8;0.5;1.1;4.9;5.67;0;0.51;1380
100095;50.48832;4.94402;172;20221204;0.8;0.4;0.6;4.1;5.6;4;0.44;1056
100095;50.48832;4.94402;172;20221205;1.1;-0.1;0.5;1.8;6.17;6;0.27;489
100095;50.48832;4.94402;172;20221206;5.5;0.9;3.2;2.2;7.3;0;0.14;2604
100095;50.48832;4.94402;172;20221207;5.2;2;3.6;3.2;7.34;2;0.27;2005
100095;50.48832;4.94402;172;20221208;3.6;1.7;2.7;4.1;6.37;0;0.43;2189
100095;50.48832;4.94402;172;20221209;-0.4;-2;-1.2;1.6;5.3;0;0.22;1220
100095;50.48832;4.94402;172;20221210;-1.1;-3.1;-2.1;2.5;5.07;0;0.18;1280
100095;50.48832;4.94402;172;20221211;1.1;-1.3;-0.1;3.4;5.07;0;0.42;1840
100095;50.48832;4.94402;172;20221212;1.1;-4.8;-1.8;3.1;4.17;0;0.26;4398
100095;50.48832;4.94402;172;20221213;-0.1;-5.7;-2.9;2.7;3.67;0;0.31;3684
100095;50.48832;4.94402;172;20221214;-0.3;-4.1;-2.2;1.3;3.7;0;0.22;2916
100095;50.48832;4.94402;172;20221215;1.1;-7.6;-3.3;1.3;3.5;0;0.14;3853
100095;50.48832;4.94402;172;20221216;0.2;-6.3;-3.1;1.8;4.54;0;0.13;2242
100095;50.48832;4.94402;172;20221217;0.1;-6.8;-3.3;2.2;3.97;0;0.19;3560
100095;50.48832;4.94402;172;20221218;0.5;-6;-2.8;4.6;3.8;3;0.6;2282
100095;50.48832;4.94402;172;20221219;10.8;0.2;5.5;7.8;8.2;1;0.74;1627
100095;50.48832;4.94402;172;20221220;11.6;9.7;10.6;6.2;10.04;10;1.24;1157
100095;50.48832;4.94402;172;20221221;8.9;7.3;8.1;3.5;10.47;13;0.26;1460
100095;50.48832;4.94402;172;20221222;10.4;8.3;9.3;4.1;11.2;6;0.34;1175
100095;50.48832;4.94402;172;20221223;12.8;8.9;10.9;6;10.87;10;0.97;1282
100095;50.48832;4.94402;172;20221224;11;9.1;10.1;5.5;10.17;0;0.84;2092
100095;50.48832;4.94402;172;20221225;11.6;7.9;9.7;4.6;10.77;6;0.62;1222
100095;50.48832;4.94402;172;20221226;9.9;9.1;9.5;5.6;9.34;2;1.07;1447
100095;50.48832;4.94402;172;20221227;7.6;2.6;5.1;5.7;7.07;0;0.68;3114
100095;50.48832;4.94402;172;20221228;9.6;4.3;6.9;8.5;9.17;3;0.52;1784
100095;50.48832;4.94402;172;20221229;10.1;8.3;9.2;8.6;9.07;1;1.27;1918
100095;50.48832;4.94402;172;20221230;11.8;4.3;8.1;6.9;9.34;5;0.83;1743
100095;50.48832;4.94402;172;20221231;16.1;11.7;13.9;10.3;12.14;1;1.86;1864
100094;50.47228;4.59257;155;20221217;-0.4;-7.3;-3.8;1.9;3.85;0;0.13;3589
100094;50.47228;4.59257;155;20221218;0.3;-6.7;-3.2;4.3;3.9;4;0.45;2223
100094;50.47228;4.59257;155;20221219;10.9;0.3;5.6;7.2;8.3;2;0.69;1282
100094;50.47228;4.59257;155;20221220;11.5;9.7;10.6;5.8;10.1;13;1.12;1089
100094;50.47228;4.59257;155;20221221;8.8;6.9;7.8;3.1;10.5;13;0.15;1669
100094;50.47228;4.59257;155;20221222;10.6;8.4;9.5;4.1;11.35;7;0.33;1110
100094;50.47228;4.59257;155;20221223;13;9.1;11;5.9;11;11;0.97;1047
100094;50.47228;4.59257;155;20221224;11.1;9.3;10.2;5;10.25;0;0.8;1995
100094;50.47228;4.59257;155;20221225;11.6;8;9.8;4.3;10.95;7;0.56;953
100094;50.47228;4.59257;155;20221226;9.9;9.2;9.6;5;9.35;2;1.01;1275
100094;50.47228;4.59257;155;20221227;7.7;2.9;5.3;5.3;7.15;0;0.66;3062
100094;50.47228;4.59257;155;20221228;9.7;4.6;7.1;8.3;9.35;4;0.48;1678
100094;50.47228;4.59257;155;20221229;10.2;8.5;9.3;8.2;9.1;1;1.25;1832
100094;50.47228;4.59257;155;20221230;12.1;4.3;8.2;6.6;9.5;7;0.8;1477
100094;50.47228;4.59257;155;20221231;16.1;12;14;9.8;12.2;0;1.82;1741
100094;50.47228;4.59257;155;20221109;13.3;11;12.1;5.5;10.8;0;1.26;4873
100094;50.47228;4.59257;155;20221110;13.7;7.4;10.5;4.7;9.75;0;1.08;6290
100094;50.47228;4.59257;155;20221111;13.6;6.5;10.1;3.5;9.45;0;0.93;5069
100094;50.47228;4.59257;155;20221112;17.2;5.3;11.2;2.2;9.25;0;0.94;5868
100094;50.47228;4.59257;155;20221113;14.5;4.3;9.4;1.6;8.7;0;0.53;6412
100094;50.47228;4.59257;155;20221114;6.3;1.1;3.7;2.8;8.05;1;0.17;3288
100094;50.47228;4.59257;155;20221115;12.3;6.2;9.2;4.3;11.6;4;0.23;3737
100094;50.47228;4.59257;155;20221116;10.8;7.9;9.3;4.9;10.71;10;0.44;3894
100094;50.47228;4.59257;155;20221117;11.9;9.1;10.5;7.7;10.01;2;1.24;3057
100094;50.47228;4.59257;155;20221118;10.1;6.6;8.4;4.5;9.3;1;0.66;3523
100094;50.47228;4.59257;155;20221119;7.8;6.2;7;2.8;8.8;6;0.55;1353
100094;50.47228;4.59257;155;20221120;7.7;2.7;5.2;3.5;8.2;1;0.37;2249
100094;50.47228;4.59257;155;20221121;7.7;3.6;5.6;4.7;8.1;3;0.46;2968
100094;50.47228;4.59257;155;20221122;8.1;3.9;6;6.2;8.1;1;0.67;1731
100094;50.47228;4.59257;155;20221123;9.1;6.2;7.6;5.5;8.7;5;0.73;3072
100094;50.47228;4.59257;155;20221124;10.4;6.3;8.3;5.9;9.05;3;0.73;4362
100094;50.47228;4.59257;155;20221125;10.4;7.5;8.9;4.3;9.6;1;0.55;4284
100094;50.47228;4.59257;155;20221126;9.6;4.1;6.9;3.5;8.5;0;0.44;3895
100094;50.47228;4.59257;155;20221127;7.6;5.5;6.5;5.3;7.8;4;0.89;1183
100094;50.47228;4.59257;155;20221128;9.1;6.7;7.9;3.6;9.3;2;0.55;1666
100094;50.47228;4.59257;155;20221129;5.8;1.9;3.8;1.4;8;0;0.19;1799
100094;50.47228;4.59257;155;20221130;6.3;3.6;4.9;1.8;8.2;0;0.28;1453
100094;50.47228;4.59257;155;20221201;5.1;3.2;4.1;3.4;7.85;0;0.3;867
100094;50.47228;4.59257;155;20221202;3.2;3.2;3.2;4.3;6.8;0;0.51;533
100094;50.47228;4.59257;155;20221203;1.8;0.6;1.2;5;5.7;0;0.51;1227
100094;50.47228;4.59257;155;20221204;0.9;0.4;0.7;4.3;5.65;3;0.42;1014
100094;50.47228;4.59257;155;20221205;1.3;0;0.7;1.9;6.25;4;0.25;644
100094;50.47228;4.59257;155;20221206;5.8;1.3;3.5;2.3;7.5;0;0.14;2628
100094;50.47228;4.59257;155;20221207;5.3;2;3.7;3;7.45;1;0.24;1949
100094;50.47228;4.59257;155;20221208;3.7;1.7;2.7;3.8;6.4;0;0.35;2568
100094;50.47228;4.59257;155;20221209;-0.5;-2.2;-1.3;1.7;5.25;0;0.22;1108
100094;50.47228;4.59257;155;20221210;-1.1;-3.1;-2.1;2.6;5.1;0;0.15;1384
100094;50.47228;4.59257;155;20221211;1.2;-1;0.1;3.5;5.2;0;0.39;1982
100094;50.47228;4.59257;155;20221212;1.2;-4.8;-1.8;2.8;4.25;0;0.19;4484
100094;50.47228;4.59257;155;20221213;-0.2;-5.3;-2.8;3.1;3.75;0;0.33;3671
100094;50.47228;4.59257;155;20221214;-0.2;-3.7;-1.9;1.3;3.8;0;0.2;3071
100094;50.47228;4.59257;155;20221215;1;-7.6;-3.3;1.1;3.5;0;0.11;3729
100094;50.47228;4.59257;155;20221216;0.7;-6.1;-2.7;1.9;4.7;0;0.14;2184
101094;50.69632;4.56668;130;20230324;13.8;8.9;11.3;7.2;10.37;2;2.05;10721
101094;50.69632;4.56668;130;20230325;12.3;7.4;9.9;7.4;8.77;1;2.12;8551
101094;50.69632;4.56668;130;20230326;7.7;7.1;7.4;4;8.6;6;1.01;3515
101094;50.69632;4.56668;130;20230327;7.2;2.5;4.9;3.4;6.23;0;1.47;10310
101094;50.69632;4.56668;130;20230328;9.1;-1.3;3.9;3.2;5.87;0;1.53;11051
101094;50.69632;4.56668;130;20230329;16.2;4.6;10.4;4.4;9.17;0;2.14;9434
101094;50.69632;4.56668;130;20230330;15;11.9;13.4;5.9;10.9;7;2.44;9558
101094;50.69632;4.56668;130;20230331;12.3;9.5;10.9;7.8;10.8;8;1.54;6527
101094;50.69632;4.56668;130;20230401;9.7;8.3;9;6.2;10.63;5;0.83;4401
101094;50.69632;4.56668;130;20230402;5.3;5.2;5.2;4.7;8.4;0;0.59;3010
101094;50.69632;4.56668;130;20230403;9.1;-0.2;4.4;3.5;5.53;0;2.14;19430
101094;50.69632;4.56668;130;20230404;9.1;-1.2;3.9;2.5;4.83;0;2.11;18901
101094;50.69632;4.56668;130;20230405;11.9;-0.6;5.6;1.3;5.03;0;2.08;18353
101094;50.69632;4.56668;130;20230406;10;4.2;7.1;3.4;7.7;7;1.38;5690
101094;50.69632;4.56668;130;20230407;10.5;6.7;8.6;2.6;9.5;0;1.26;7802
101094;50.69632;4.56668;130;20230408;12.9;6.5;9.7;1.6;9;0;1.39;6965
101094;50.69632;4.56668;130;20230409;15.9;3.2;9.6;2.1;8.17;0;2.36;16624
101094;50.69632;4.56668;130;20230410;16.1;7.6;11.9;4.9;8.57;4;2.76;9467
101094;50.69632;4.56668;130;20230411;13.1;6.9;10;5.5;8.73;3;2.37;13059
101094;50.69632;4.56668;130;20230412;11;7.5;9.3;6.2;8.97;8;1.94;10648
101094;50.69632;4.56668;130;20230413;13.1;5.1;9.1;5.8;7.67;1;2.66;14940
101094;50.69632;4.56668;130;20230414;13.2;2.5;7.9;2.7;7.4;0;2.19;15524
101094;50.69632;4.56668;130;20230415;14.6;6.3;10.5;3.3;8.37;0;2.79;18783
101094;50.69632;4.56668;130;20230416;8.9;5.9;7.4;3.7;9.3;1;0.91;4305
101094;50.69632;4.56668;130;20230417;13.6;7.4;10.5;3.3;9.57;0;1.86;9423
101094;50.69632;4.56668;130;20230418;13.8;4.3;9;4.4;8.67;0;2.57;19406
101094;50.69632;4.56668;130;20230419;15.3;6.7;11;4.4;8;0;3.23;18631
101094;50.69632;4.56668;130;20230420;9.4;3.6;6.5;3.6;6.37;1;1.92;9599
101094;50.69632;4.56668;130;20230421;16.2;4.5;10.3;3.2;8.53;1;2.92;19514
101094;50.69632;4.56668;130;20230422;14.3;5.2;9.7;2.3;10.37;2;1.46;8695
101094;50.69632;4.56668;130;20230423;14.8;8.1;11.4;5;10.53;5;2.16;11642
101094;50.69632;4.56668;130;20230424;12;7.1;9.6;5.2;9.07;3;2;10473
101094;50.69632;4.56668;130;20230425;10.5;5.4;7.9;2.6;7.34;0;2.09;13472
101094;50.69632;4.56668;130;20230426;11.5;-0.4;5.5;1.3;6.13;0;2.18;18249
101094;50.69632;4.56668;130;20230427;14;1.7;7.9;2.4;7.07;3;2.65;19189
101094;50.69632;4.56668;130;20230428;17.2;8.7;13;3.6;12.33;2;2.05;10912
101094;50.69632;4.56668;130;20230429;13.1;8;10.6;2.7;10.33;0;1.59;7876
101094;50.69632;4.56668;130;20230430;17.7;5.6;11.7;2.6;9.43;0;3.16;20714
101094;50.69632;4.56668;130;20230501;16.5;9.8;13.2;2.3;10.57;1;2.49;13355
101094;50.69632;4.56668;130;20230502;14.9;8.2;11.6;2.5;9.6;0;2.73;17742
101094;50.69632;4.56668;130;20230503;16.1;2.7;9.4;3.4;7.5;0;3.51;24578
101094;50.69632;4.56668;130;20230504;24.5;6.7;15.6;3.2;9.93;0;4.53;21892
101094;50.69632;4.56668;130;20230505;18.1;11.5;14.8;2.9;13;1;2.6;14641
101094;50.69632;4.56668;130;20230506;19;8.9;14;1.8;12.37;1;2.47;14314
101094;50.69632;4.56668;130;20230507;16.7;12.1;14.4;1.2;14.5;5;1.43;7129
101094;50.69632;4.56668;130;20230508;18.6;12.4;15.5;1.9;14.77;0;2.15;11955
101094;50.69632;4.56668;130;20230509;14;12.6;13.3;3.4;13.73;15;1.12;4253
101094;50.69632;4.56668;130;20230510;14.9;10.6;12.8;3;13.03;2;1.56;8723
101094;50.69632;4.56668;130;20230511;17.5;9.7;13.6;2.2;12.4;9;2.41;14254
101094;50.69632;4.56668;130;20230512;17.6;10.8;14.2;2.5;13.47;6;2.12;11581
101094;50.69632;4.56668;130;20230513;21.3;10.6;16;3;12.37;0;4.06;23547
101094;50.69632;4.56668;130;20230514;19;10.7;14.9;2.8;12.63;0;3.02;16953
101094;50.69632;4.56668;130;20230515;14.5;7.6;11;3.1;10.73;2;2.02;12253
101094;50.69632;4.56668;130;20230516;14.5;5.3;9.9;4;8.7;0;3.05;20884
101094;50.69632;4.56668;130;20230517;15.9;4.9;10.4;2.8;8.77;0;3.11;20772
101094;50.69632;4.56668;130;20230518;15.7;4.4;10;2.9;7.87;0;3.42;22971
101094;50.69632;4.56668;130;20230519;18.8;5.8;12.3;3;8.33;0;4.14;25461
101094;50.69632;4.56668;130;20230520;20.3;9;14.6;3.9;10.13;0;4.29;23045
101094;50.69632;4.56668;130;20230521;22.1;10.3;16.2;3;12.8;0;4.01;22181
101094;50.69632;4.56668;130;20230522;17.8;11.4;14.6;2.9;14.07;0;2.05;10921
101094;50.69632;4.56668;130;20230523;17.2;12;14.6;4;11.53;0;3.23;16803
101094;50.69632;4.56668;130;20230524;16.1;5.2;10.6;2.6;9.13;0;3.02;19783
101094;50.69632;4.56668;130;20230525;18.2;7.7;12.9;3.4;10.17;0;3.9;25006
101094;50.69632;4.56668;130;20230526;19;7.6;13.3;4.5;9.23;0;4.55;27006
101094;50.69632;4.56668;130;20230527;21.9;7.5;14.7;3.5;9.63;0;4.87;26932
101094;50.69632;4.56668;130;20230528;23.8;10.5;17.2;3.2;10.9;0;5.12;26351
101094;50.69632;4.56668;130;20230529;19.1;9.8;14.5;5.1;10.3;0;4.43;24021
101094;50.69632;4.56668;130;20230530;19.8;7.8;13.8;4.8;9.7;0;4.66;26605
101094;50.69632;4.56668;130;20230531;24.1;9.9;17;4.3;11.83;0;5.43;28216
101094;50.69632;4.56668;130;20230601;21.7;10.4;16;3.9;11.93;0;4.7;26339
101094;50.69632;4.56668;130;20230602;18.3;9.6;14;4.1;9.67;0;4.16;22626
101094;50.69632;4.56668;130;20230603;22;10;16;3.8;9.67;0;5.21;26981
101094;50.69632;4.56668;130;20230604;23;9.9;16.5;3.8;8.63;0;5.65;27257
101094;50.69632;4.56668;130;20230605;23.1;10.1;16.6;3.8;11.6;0;5.2;28083
101094;50.69632;4.56668;130;20230606;24.6;10.1;17.3;3.3;12.37;0;5.17;27174
101094;50.69632;4.56668;130;20230607;22.7;12.4;17.5;2.7;13.7;0;4.18;21832
101094;50.69632;4.56668;130;20230608;25.8;12.7;19.2;3.3;14.13;0;5.37;27257
101094;50.69632;4.56668;130;20230609;28.6;14.5;21.6;2.9;14.23;0;5.96;27686
101094;50.69632;4.56668;130;20230610;29.5;16.8;23.2;2.8;13.6;0;6.06;25354
101094;50.69632;4.56668;130;20230611;30.4;16;23.2;2.3;14.97;0;5.79;25939
101094;50.69632;4.56668;130;20230612;29.8;16.2;23;1.9;13.23;0;5.76;26798
101094;50.69632;4.56668;130;20230613;27.3;15.8;21.5;2.5;11.7;0;5.93;27641
101094;50.69632;4.56668;130;20230614;25.7;14.2;20;2.9;10.7;0;5.9;27734
101094;50.69632;4.56668;130;20230615;26;13.1;19.6;2.2;11.1;0;5.47;27372
101094;50.69632;4.56668;130;20230616;26.8;12.6;19.7;1.7;11.5;0;5.1;25956
101094;50.69632;4.56668;130;20230617;27.7;13;20.3;1.7;12.17;0;4.66;21807
101094;50.69632;4.56668;130;20230618;24.6;17.4;21;2.9;15.2;1;3.57;11773
101094;50.69632;4.56668;130;20230619;26;16.7;21.3;3.1;16.47;1;4.89;22819
101094;50.69632;4.56668;130;20230620;29.1;17.6;23.4;3.2;18.27;11;4.56;16810
101094;50.69632;4.56668;130;20230621;25.5;16.8;21.2;2.3;17.8;0;4.65;24084
101094;50.69632;4.56668;130;20230622;19.8;17.5;18.6;3.2;17.53;24;1.89;5794
101094;50.69632;4.56668;130;20230623;25.3;13;19.1;2.2;16.2;0;4.63;25760
101094;50.69632;4.56668;130;20230624;27.1;13.8;20.5;1.7;14.33;0;5.13;27130
101094;50.69632;4.56668;130;20230625;30.4;15.9;23.1;2.5;15.5;0;5.96;26943
101094;50.69632;4.56668;130;20230626;22.4;16.5;19.4;4.2;14.1;0;4.7;21229
101094;50.69632;4.56668;130;20230627;22.4;13.1;17.7;2.5;12.97;0;3.86;18614
101094;50.69632;4.56668;130;20230628;22.8;15;18.9;1.8;15.5;0;3.06;13960
101094;50.69632;4.56668;130;20230629;23.1;17;20.1;2;17.43;3;2.64;10603
101094;50.69632;4.56668;130;20230630;22.1;12.3;17.2;2.2;13.57;0;4.07;22822
101094;50.69632;4.56668;130;20230701;20.7;14.6;17.7;4.9;15.23;2;2.9;10876
101094;50.69632;4.56668;130;20230702;21.7;13.9;17.8;4.4;12.87;0;4.24;18403
101094;50.69632;4.56668;130;20230703;20.9;12.8;16.9;5.1;12;0;4.54;21381
101094;50.69632;4.56668;130;20230704;21.1;12.6;16.8;4.1;13.37;4;3.7;17592
101094;50.69632;4.56668;130;20230705;19.5;12.6;16.1;6.4;13.07;1;3.84;19174
101094;50.69632;4.56668;130;20230706;22.5;10.7;16.6;2.7;11.77;0;4.34;23041
101094;50.69632;4.56668;130;20230707;28.6;13.2;20.9;2.2;12.6;0;5.49;26290
101094;50.69632;4.56668;130;20230708;31.7;15.8;23.7;1.5;16.6;2;5.16;24181
101094;50.69632;4.56668;130;20230709;28.2;20.8;24.5;2.4;19.2;4;4.17;16263
101094;50.69632;4.56668;130;20230710;26.7;15.1;20.9;2.1;15.33;0;4.92;24995
101094;50.69632;4.56668;130;20230711;29.8;16.8;23.3;3.2;15.73;2;5.79;24076
101094;50.69632;4.56668;130;20230712;23;15.1;19.1;4.2;14.4;1;4.56;21505
101094;50.69632;4.56668;130;20230713;22.1;13.1;17.6;3.6;13.57;0;3.88;18147
101094;50.69632;4.56668;130;20230714;26.8;12.9;19.8;3.2;13.17;0;4.88;20483
101094;50.69632;4.56668;130;20230715;25.6;19.8;22.7;4.4;15.1;6;4.74;13514
101094;50.69632;4.56668;130;20230716;22.2;14;18.1;4.6;13.9;1;4.03;17754
101094;50.69632;4.56668;130;20230717;22.1;13.3;17.7;3.4;13.37;1;4.06;20029
101094;50.69632;4.56668;130;20230718;24.8;10.9;17.9;1.7;12.17;0;4.34;23786
101094;50.69632;4.56668;130;20230719;21.6;12.9;17.2;2.7;13.8;0;3.35;16305
101094;50.69632;4.56668;130;20230720;22.4;14.1;18.2;2;14.63;1;3.27;16123
101094;50.69632;4.56668;130;20230721;21;11.9;16.4;2;13.37;0;3.42;19236
101094;50.69632;4.56668;130;20230722;21.3;11.1;16.2;3.4;12.03;0;3.68;17507
101094;50.69632;4.56668;130;20230723;22;15.9;18.9;5.2;15.13;19;3.24;9536
101094;50.69632;4.56668;130;20230724;20;16.3;18.1;3.3;17.13;10;2.58;12925
101094;50.69632;4.56668;130;20230725;19.4;13.1;16.2;2.6;12.87;1;2.92;13875
101094;50.69632;4.56668;130;20230726;21.5;12.8;17.1;3.1;12.67;2;3.83;19110
101094;50.69632;4.56668;130;20230727;17.8;14.2;16;4.7;17;16;1.27;5726
101094;50.69632;4.56668;130;20230728;23.7;16.6;20.2;3.7;19.2;4;2.86;12836
101094;50.69632;4.56668;130;20230729;22.5;15.8;19.1;3.1;17.03;7;3.22;15881
101094;50.69632;4.56668;130;20230730;21.7;13.5;17.6;4.7;14.77;3;3.3;14126
101094;50.69632;4.56668;130;20230731;19.1;15.5;17.3;5.7;17.03;17;1.71;5383
101094;50.69632;4.56668;130;20230801;20.7;14.6;17.6;5;15.5;1;3.14;15070
101094;50.69632;4.56668;130;20230802;21.6;14.8;18.2;5.7;16.57;16;3.01;13313
101094;50.69632;4.56668;130;20230803;18.8;15.2;17;5.6;15.67;4;2.52;11477
101094;50.69632;4.56668;130;20230804;20.9;11.7;16.3;2.3;14.37;1;3.06;17621
101094;50.69632;4.56668;130;20230805;17.6;11.1;14.4;3;14.17;8;1.81;9493
101094;50.69632;4.56668;130;20230806;15.4;13;14.2;5;14.1;8;1.75;9078
101094;50.69632;4.56668;130;20230807;19.2;10.1;14.6;4;11.87;0;3.3;17830
101094;50.69632;4.56668;130;20230808;18.6;11.6;15.1;3.6;13.77;5;2.35;12080
101094;50.69632;4.56668;130;20230809;21.3;13.8;17.6;2.8;14.47;1;3.49;19180
101094;50.69632;4.56668;130;20230810;24.9;10.1;17.5;1.6;12.87;0;4.01;23713
101094;50.69632;4.56668;130;20230811;28.1;15.7;21.9;2.2;17.33;2;3.99;18440
101094;50.69632;4.56668;130;20230812;23.6;18.8;21.2;3.2;18.4;4;3.47;15898
101094;50.69632;4.56668;130;20230813;24.2;14.5;19.3;2.7;14.77;0;3.65;17130
101094;50.69632;4.56668;130;20230814;27;13.6;20.3;2.2;15.77;0;4.11;21261
101094;50.69632;4.56668;130;20230815;25.7;15.9;20.8;2.3;17.1;0;3.55;17104
101094;50.69632;4.56668;130;20230816;23.6;17.1;20.3;2.3;17.2;0;2.83;12347
101094;50.69632;4.56668;130;20230817;20.7;16.2;18.4;2.6;17.4;0;1.95;7909
101094;50.69632;4.56668;130;20230818;27.3;17;22.1;2.4;20.83;0;3.27;15365
101094;50.69632;4.56668;130;20230819;25.4;22.4;23.9;3;21.33;1;3.01;10713
101094;50.69632;4.56668;130;20230820;27.9;15.7;21.8;1.5;17.53;0;3.68;19077
101094;50.69632;4.56668;130;20230821;26.3;15.3;20.8;1.8;16.2;0;3.88;21053
101094;50.69632;4.56668;130;20230822;25.4;14.3;19.9;1.4;16.2;0;3.3;18248
101094;50.69632;4.56668;130;20230823;27.1;13.8;20.5;1.4;16.43;2;3.71;20712
101094;50.69632;4.56668;130;20230824;23.5;17.7;20.6;2.7;19.27;10;2.11;7500
101094;50.69632;4.56668;130;20230825;21.3;17.6;19.5;2.3;18.73;20;1.73;6484
101094;50.69632;4.56668;130;20230826;20.9;12.2;16.6;3.4;13.1;2;3.31;18100
101094;50.69632;4.56668;130;20230101;13.3;12.9;13.1;7.2;10.27;5;2.07;1295
101094;50.69632;4.56668;130;20230102;11.3;10.2;10.8;5.3;10.9;6;0.9;1239
101094;50.69632;4.56668;130;20230103;8.5;3.8;6.1;5;8.8;3;0.37;1889
101094;50.69632;4.56668;130;20230104;12.3;7.8;10.1;8.6;11.37;4;0.68;1053
101094;50.69632;4.56668;130;20230105;11.2;9.9;10.5;4.9;11.13;1;0.69;1768
101094;50.69632;4.56668;130;20230106;11;9.8;10.4;6.1;10.9;1;0.85;1045
101094;50.69632;4.56668;130;20230107;11;9.4;10.2;6.3;9.87;2;1.05;3006
101094;50.69632;4.56668;130;20230108;9.9;6.3;8.1;5.8;9.13;5;0.73;2821
101094;50.69632;4.56668;130;20230109;7.2;5.2;6.2;5.8;8.07;3;0.73;1537
101094;50.69632;4.56668;130;20230110;7.2;3.3;5.2;5.7;7.87;4;0.56;1886
101094;50.69632;4.56668;130;20230111;10.8;7.3;9;6.9;10.7;8;0.41;3200
101094;50.69632;4.56668;130;20230112;10.9;8.1;9.5;9.7;10.3;10;0.96;1263
101094;50.69632;4.56668;130;20230113;9.3;7.1;8.2;7.2;8.37;0;1.21;2216
101094;50.69632;4.56668;130;20230114;11.2;5.5;8.3;6.8;9.37;11;0.96;1055
101094;50.69632;4.56668;130;20230115;6.3;5.4;5.9;6.9;7.4;3;0.95;2100
101094;50.69632;4.56668;130;20230116;5.6;4.1;4.8;6.4;7.23;7;0.75;1576
101094;50.69632;4.56668;130;20230117;3.3;-1.1;1.1;2.4;5.4;0;0.3;4376
101094;50.69632;4.56668;130;20230118;3.5;-2.7;0.4;3.2;5.2;0;0.37;4560
101094;50.69632;4.56668;130;20230119;2.8;-0.2;1.3;3.9;6;1;0.41;2002
101094;50.69632;4.56668;130;20230120;3.9;-0.6;1.7;3.9;6.1;8;0.45;2167
101094;50.69632;4.56668;130;20230121;-0.4;-2.6;-1.5;3.7;5.3;0;0.18;2835
101094;50.69632;4.56668;130;20230122;-0.4;-1.8;-1.1;3.7;5.47;0;0.25;1017
101094;50.69632;4.56668;130;20230123;2;-0.5;0.8;3.4;6.13;0;0.32;1151
101094;50.69632;4.56668;130;20230124;1.3;1;1.2;3.6;5.73;0;0.53;792
101094;50.69632;4.56668;130;20230125;-0.9;-1.1;-1;1.8;5.23;0;0.34;822
101094;50.69632;4.56668;130;20230126;4.8;-2.8;1;2.7;6.3;2;0.32;1908
101094;50.69632;4.56668;130;20230127;3.8;2.8;3.3;4.5;6.67;0;0.62;1178
101094;50.69632;4.56668;130;20230128;1.8;1.5;1.7;2.5;5.4;0;0.59;2089
101094;50.69632;4.56668;130;20230129;2.6;-3.4;-0.4;3.1;5.27;0;0.41;2512
101094;50.69632;4.56668;130;20230130;7.7;1.6;4.7;5.3;7.63;0;0.55;4147
101094;50.69632;4.56668;130;20230131;7.1;1.5;4.3;5.9;7.77;0;0.47;2720
101094;50.69632;4.56668;130;20230201;9.1;4;6.6;5.5;7.87;0;0.9;4480
101094;50.69632;4.56668;130;20230202;9.7;6.3;8;5.3;8.77;0;0.95;2994
101094;50.69632;4.56668;130;20230203;9.9;8.1;9;5.2;9.73;1;0.9;1436
101094;50.69632;4.56668;130;20230204;9.3;7.3;8.3;2.1;10.47;1;0.43;1879
101094;50.69632;4.56668;130;20230205;7.9;5.9;6.9;4.1;8.23;1;0.76;3959
101094;50.69632;4.56668;130;20230206;5.8;1.6;3.7;2.7;6.9;0;0.49;4901
101094;50.69632;4.56668;130;20230207;5;-2.2;1.4;2;5.53;0;0.45;7479
101094;50.69632;4.56668;130;20230208;6.7;-3.2;1.8;1.7;4.17;0;0.72;7952
101094;50.69632;4.56668;130;20230209;5.3;-1.9;1.7;2.8;4.4;0;0.9;6659
101094;50.69632;4.56668;130;20230210;7.1;0.6;3.8;3.1;6.97;0;0.59;4213
101094;50.69632;4.56668;130;20230211;7.3;4.5;5.9;2.9;8.8;0;0.45;1043
101094;50.69632;4.56668;130;20230212;7.6;5.6;6.6;1.3;8.3;0;0.58;1929
101094;50.69632;4.56668;130;20230213;12.1;0.1;6.1;1.5;7.5;0;0.69;8694
101094;50.69632;4.56668;130;20230214;13.2;1.3;7.3;1.5;7.27;0;0.81;8683
101094;50.69632;4.56668;130;20230215;12.1;1.8;7;2.5;6.97;0;1.08;7648
101094;50.69632;4.56668;130;20230216;11.8;4.7;8.3;4.4;8.67;0;1.12;4970
101094;50.69632;4.56668;130;20230217;13.5;9.2;11.4;6.4;11.23;0;1.21;3725
101094;50.69632;4.56668;130;20230218;10.6;9.1;9.8;6.8;11.23;1;0.66;1807
101094;50.69632;4.56668;130;20230219;10;8.9;9.5;4.8;9.73;0;1.05;2786
101094;50.69632;4.56668;130;20230220;8;4.6;6.3;5;8.57;0;0.7;2675
101094;50.69632;4.56668;130;20230221;8.1;5.1;6.6;2.2;8.77;0;0.59;3881
101094;50.69632;4.56668;130;20230222;10.2;1;5.6;2.1;8.33;2;0.63;3733
101094;50.69632;4.56668;130;20230223;8.7;7;7.9;1.8;9.73;0;0.58;2659
101094;50.69632;4.56668;130;20230224;6.6;2.5;4.6;2.9;7.37;0;0.68;5191
101094;50.69632;4.56668;130;20230225;6.8;1.4;4.1;3.4;6.17;0;1;6824
101094;50.69632;4.56668;130;20230226;3.7;-1.5;1.1;4.3;4.37;0;1.2;9235
101094;50.69632;4.56668;130;20230227;5;-2.7;1.1;3.8;4.6;0;1.13;11436
101094;50.69632;4.56668;130;20230228;4.1;-2.7;0.7;3.4;4.2;0;1.15;11067
101094;50.69632;4.56668;130;20230301;5.6;-3.5;1;3.3;4.2;0;1.25;11697
101094;50.69632;4.56668;130;20230302;8.6;-2.9;2.9;3.4;4.8;0;1.44;12198
101094;50.69632;4.56668;130;20230303;4.5;-1.5;1.5;3;5.8;0;0.72;5508
101094;50.69632;4.56668;130;20230304;6.3;1.5;3.9;2.7;6.5;0;0.83;3389
101094;50.69632;4.56668;130;20230305;4.7;2.5;3.6;2.1;6.9;1;0.64;3487
101094;50.69632;4.56668;130;20230306;6.3;1.3;3.8;3.8;6.43;2;0.97;6275
101094;50.69632;4.56668;130;20230307;4.9;3.3;4.1;5;7.2;13;0.72;2505
101094;50.69632;4.56668;130;20230308;1.8;0;0.9;2.6;6.67;21;0.31;3106
101094;50.69632;4.56668;130;20230309;12.5;1.5;7;4.1;9.83;8;0.67;4623
101094;50.69632;4.56668;130;20230310;9.4;8.4;8.9;6.2;9.13;4;1.29;3156
101094;50.69632;4.56668;130;20230311;6.2;-1.6;2.3;2;5.3;0;1.08;11016
101094;50.69632;4.56668;130;20230312;11.6;2.1;6.8;5.3;8.33;2;1.23;6131
101094;50.69632;4.56668;130;20230313;16;10;13;9;11.53;3;2.23;8962
101094;50.69632;4.56668;130;20230314;9.2;8.3;8.8;5.8;8.8;8;1.36;3102
101094;50.69632;4.56668;130;20230315;8.4;1.3;4.8;2.9;6.43;0;1.35;11668
101094;50.69632;4.56668;130;20230316;14.1;4.5;9.3;5.4;6.5;0;2.75;12138
101094;50.69632;4.56668;130;20230317;17.6;8.3;12.9;4.4;8.07;2;2.88;9056
101094;50.69632;4.56668;130;20230318;15.9;8.9;12.4;4.1;11.1;3;1.82;9455
101094;50.69632;4.56668;130;20230319;13.1;8.5;10.8;3.2;10.37;1;1.39;7493
101094;50.69632;4.56668;130;20230320;10.6;3.9;7.3;3.6;8.47;0;1.18;6952
101094;50.69632;4.56668;130;20230321;13.8;8.9;11.3;4;10;0;1.75;7786
101094;50.69632;4.56668;130;20230322;11.8;9.1;10.4;6.4;10.43;0;1.39;5111
101094;50.69632;4.56668;130;20230323;14.4;11.2;12.8;7.4;11.07;6;2.15;7080
100095;50.48832;4.94402;172;20230101;12.6;12.4;12.5;7.6;9.74;5;2.13;1155
100095;50.48832;4.94402;172;20230102;11.1;9.9;10.5;5.6;10.44;9;0.96;1519
100095;50.48832;4.94402;172;20230103;8.2;4;6.1;5.4;8.37;1;0.51;2152
100095;50.48832;4.94402;172;20230104;11.7;7.2;9.4;9;10.67;5;0.69;1572
100095;50.48832;4.94402;172;20230105;10.9;9.5;10.2;5.9;10.7;2;0.76;1751
100095;50.48832;4.94402;172;20230106;10.5;9.1;9.8;6.3;10.44;1;0.81;1390
100095;50.48832;4.94402;172;20230107;10.6;9.1;9.9;6.5;9.4;2;1.15;2497
100095;50.48832;4.94402;172;20230108;9.6;5.9;7.7;6.1;8.7;6;0.75;3326
100095;50.48832;4.94402;172;20230109;6.8;4.9;5.8;6.3;7.74;5;0.77;1733
100095;50.48832;4.94402;172;20230110;6.5;2.7;4.6;6.4;7.6;6;0.47;2457
100095;50.48832;4.94402;172;20230111;10.5;6.5;8.5;8;9.97;5;0.55;3149
100095;50.48832;4.94402;172;20230112;10.4;7.8;9.1;10;9.67;7;1.08;1345
100095;50.48832;4.94402;172;20230113;9;6.5;7.8;8.3;8.07;1;1.26;2548
100095;50.48832;4.94402;172;20230114;10.6;5;7.8;7.5;8.8;14;1.01;1428
100095;50.48832;4.94402;172;20230115;6.1;4.7;5.4;7.5;7.04;2;0.99;2515
100095;50.48832;4.94402;172;20230116;5;3.9;4.5;7;6.8;8;0.86;1547
100095;50.48832;4.94402;172;20230117;2.7;-1.1;0.8;2.9;5.2;0;0.36;4346
100095;50.48832;4.94402;172;20230118;3.3;-3.1;0.1;3.2;4.94;0;0.39;4703
100095;50.48832;4.94402;172;20230119;2.7;-0.4;1.1;4.6;5.67;0;0.47;2485
100095;50.48832;4.94402;172;20230120;2.7;-0.8;1;4.4;5.77;9;0.42;1839
100095;50.48832;4.94402;172;20230121;-1.1;-2.7;-1.9;3.9;4.97;0;0.24;1997
100095;50.48832;4.94402;172;20230122;-0.7;-2.3;-1.5;3.4;5.24;0;0.23;1343
100095;50.48832;4.94402;172;20230123;1.3;-0.9;0.2;3.7;5.87;0;0.29;1235
100095;50.48832;4.94402;172;20230124;0.6;0.4;0.5;4.5;5.4;0;0.56;424
100095;50.48832;4.94402;172;20230125;-1.4;-1.5;-1.5;2;5.1;0;0.32;364
100095;50.48832;4.94402;172;20230126;2.9;-3.5;-0.3;2.4;5.87;1;0.23;2222
100095;50.48832;4.94402;172;20230127;3.2;2;2.6;4.8;6.44;0;0.52;1603
100095;50.48832;4.94402;172;20230128;1.3;1.2;1.2;2.8;5.17;0;0.6;2165
100095;50.48832;4.94402;172;20230129;2.2;-4.1;-0.9;3.4;4.87;0;0.43;3832
100095;50.48832;4.94402;172;20230130;7.2;1.1;4.2;6;7.1;1;0.64;4246
100095;50.48832;4.94402;172;20230131;6.4;1.1;3.8;5.2;7.3;1;0.45;3645
100095;50.48832;4.94402;172;20230201;8.4;3.6;6;6.1;7.67;0;0.83;4754
100095;50.48832;4.94402;172;20230202;8.8;5.9;7.3;6.2;8.4;0;0.94;2961
100095;50.48832;4.94402;172;20230203;9.1;7.3;8.2;6;9.3;1;0.84;2048
100095;50.48832;4.94402;172;20230204;8.9;6.8;7.9;2.2;9.84;1;0.45;2229
100095;50.48832;4.94402;172;20230205;7.2;5.5;6.4;4.5;7.87;1;0.78;3599
100095;50.48832;4.94402;172;20230206;4.9;1;2.9;3.1;6.37;0;0.5;5221
100095;50.48832;4.94402;172;20230207;4.3;-2.6;0.9;2.3;5.27;0;0.46;7681
100095;50.48832;4.94402;172;20230208;6.4;-3.4;1.5;1.8;3.74;0;0.78;8295
100095;50.48832;4.94402;172;20230209;5.1;-2.4;1.4;3.3;4.04;0;1.05;6500
100095;50.48832;4.94402;172;20230210;7;1.2;4.1;3.3;6.5;0;0.76;5060
100095;50.48832;4.94402;172;20230211;6.8;4;5.4;3.4;8.3;0;0.48;1169
100095;50.48832;4.94402;172;20230212;7.6;5.1;6.4;1.4;8.34;0;0.54;2015
100095;50.48832;4.94402;172;20230213;12;-0.2;5.9;1.7;7.1;0;0.73;9309
100095;50.48832;4.94402;172;20230214;13;1.2;7.1;2.2;6.8;0;1.05;9315
100095;50.48832;4.94402;172;20230215;12.8;1.7;7.2;3.2;6.54;0;1.45;7639
100095;50.48832;4.94402;172;20230216;11.4;4.8;8.1;5;8.04;0;1.34;5324
100095;50.48832;4.94402;172;20230217;13.6;8.8;11.2;7.5;10.84;1;1.37;4237
100095;50.48832;4.94402;172;20230218;10;8.7;9.3;7.8;10.74;2;0.69;1646
100095;50.48832;4.94402;172;20230219;9.9;8.4;9.1;5.3;9.4;0;1.08;3616
100095;50.48832;4.94402;172;20230220;8.7;4.1;6.4;5.3;8.04;0;0.93;5190
100095;50.48832;4.94402;172;20230221;9.4;4.8;7.1;2.4;8.5;0;0.76;5315
100095;50.48832;4.94402;172;20230222;10.6;1.9;6.3;2.9;8.14;2;0.86;5331
100095;50.48832;4.94402;172;20230223;8.3;6.7;7.5;1.8;9.4;0;0.56;1836
100095;50.48832;4.94402;172;20230224;5.9;2.4;4.1;2.8;7.27;0;0.61;5083
100095;50.48832;4.94402;172;20230225;6.4;0.8;3.6;3.6;5.84;0;1.03;7369
100095;50.48832;4.94402;172;20230226;3.4;-2;0.7;4.7;4.14;0;1.23;10439
100095;50.48832;4.94402;172;20230227;4.5;-3.4;0.6;4.4;4.3;0;1.18;11320
100095;50.48832;4.94402;172;20230228;3.6;-3.6;0;4;4.04;0;1.13;10833
100095;50.48832;4.94402;172;20230301;5;-4.1;0.4;3.6;4.1;0;1.2;11656
100095;50.48832;4.94402;172;20230302;8.1;-3.5;2.3;3.4;4.64;0;1.39;12604
100095;50.48832;4.94402;172;20230303;2.3;-1.6;0.4;3.4;5.47;0;0.59;4951
100095;50.48832;4.94402;172;20230304;5.7;-1.5;2.1;2.4;6.14;0;0.68;5112
100095;50.48832;4.94402;172;20230305;4.7;2;3.4;2.4;6.5;1;0.72;4245
100095;50.48832;4.94402;172;20230306;6.1;0.9;3.5;4.4;6.1;2;1.05;6173
100095;50.48832;4.94402;172;20230307;5.4;2.7;4;5.9;6.7;11;0.89;2111
100095;50.48832;4.94402;172;20230308;2.5;-0.1;1.2;2.5;6.74;21;0.35;3773
100095;50.48832;4.94402;172;20230309;12.2;2.1;7.1;5.9;10.24;12;0.57;5926
100095;50.48832;4.94402;172;20230310;9;8.3;8.6;6.7;8.77;4;1.36;3338
100095;50.48832;4.94402;172;20230311;5.9;-1.5;2.2;2;4.97;0;1.12;11044
100095;50.48832;4.94402;172;20230312;11.3;1.8;6.5;5.7;7.77;1;1.39;6880
100095;50.48832;4.94402;172;20230313;15.4;9.6;12.5;9.1;11.04;3;2.14;7976
100095;50.48832;4.94402;172;20230314;9;8.2;8.6;6.2;8.37;9;1.52;4386
100095;50.48832;4.94402;172;20230315;7.8;0.9;4.4;3.2;6.04;1;1.34;10500
100095;50.48832;4.94402;172;20230316;13.5;4.2;8.8;5.4;6;0;2.7;9799
100095;50.48832;4.94402;172;20230317;16.9;8.5;12.7;4.9;7.44;1;3.1;8460
100095;50.48832;4.94402;172;20230318;15.4;9;12.2;4.1;10.34;4;1.97;9901
100095;50.48832;4.94402;172;20230319;12.6;8.9;10.7;3.4;10.04;2;1.48;7875
100095;50.48832;4.94402;172;20230320;10.4;3.6;7;4;8;0;1.29;7215
100095;50.48832;4.94402;172;20230321;13.9;8.5;11.2;4.7;9.34;0;2.03;8595
100095;50.48832;4.94402;172;20230322;11.8;8.7;10.2;7;9.84;1;1.61;6086
100095;50.48832;4.94402;172;20230323;14.2;10.7;12.5;7.6;10.6;5;2.16;6788
100094;50.47228;4.59257;155;20230101;12.6;12.3;12.4;7;9.8;5;1.94;1255
100094;50.47228;4.59257;155;20230102;11.1;10;10.5;5.5;10.45;6;0.91;1624
100094;50.47228;4.59257;155;20230103;8.1;3.9;6;5.1;8.5;2;0.41;2021
100094;50.47228;4.59257;155;20230104;11.8;7.4;9.6;8.3;10.9;5;0.62;1406
100094;50.47228;4.59257;155;20230105;10.9;9.7;10.3;5.7;10.8;2;0.73;1715
100094;50.47228;4.59257;155;20230106;10.7;9.2;9.9;6.1;10.5;1;0.79;1233
100094;50.47228;4.59257;155;20230107;10.7;9.2;10;6.3;9.45;2;1.09;2823
100094;50.47228;4.59257;155;20230108;9.5;5.9;7.7;6;8.65;6;0.72;3473
100094;50.47228;4.59257;155;20230109;6.7;5;5.8;6.1;7.75;5;0.72;1661
100094;50.47228;4.59257;155;20230110;6.7;2.7;4.7;6.1;7.65;5;0.45;2235
100094;50.47228;4.59257;155;20230111;10.6;6.7;8.6;7.5;10.15;5;0.47;3308
100094;50.47228;4.59257;155;20230112;10.4;8;9.2;9.4;9.7;7;1.07;1175
100094;50.47228;4.59257;155;20230113;8.9;6.7;7.8;7.8;8;0;1.27;2358
100094;50.47228;4.59257;155;20230114;10.8;5;7.9;7;8.9;14;0.97;1234
100094;50.47228;4.59257;155;20230115;6.1;4.7;5.4;7;7.05;3;0.93;2477
100094;50.47228;4.59257;155;20230116;5;4;4.5;6.7;6.85;7;0.81;1484
100094;50.47228;4.59257;155;20230117;2.7;-1.2;0.7;2.5;5.2;0;0.29;4611
100094;50.47228;4.59257;155;20230118;3.4;-2.8;0.3;3.1;5;0;0.38;4804
100094;50.47228;4.59257;155;20230119;2.9;-0.4;1.3;4.1;5.75;0;0.43;2520
100094;50.47228;4.59257;155;20230120;3.4;-0.5;1.4;4.4;5.85;4;0.48;2035
100094;50.47228;4.59257;155;20230121;-1.1;-2.1;-1.6;4.8;5.1;0;0.24;1891
100094;50.47228;4.59257;155;20230122;-0.7;-1.9;-1.3;4.2;5.25;0;0.26;1195
100094;50.47228;4.59257;155;20230123;1.4;-0.7;0.3;4.1;5.9;0;0.3;933
100094;50.47228;4.59257;155;20230124;0.8;0.5;0.6;4.8;5.45;0;0.54;567
100094;50.47228;4.59257;155;20230125;-1.2;-1.3;-1.2;2.1;5.15;0;0.34;210
100094;50.47228;4.59257;155;20230126;3.6;-3.4;0.1;2.8;6;1;0.24;2239
100094;50.47228;4.59257;155;20230127;3.4;2.5;2.9;5.2;6.45;0;0.6;1205
100094;50.47228;4.59257;155;20230128;1.4;1.3;1.3;3;5.2;0;0.62;2051
100094;50.47228;4.59257;155;20230129;2.4;-4.1;-0.8;3.1;4.95;0;0.39;3807
100094;50.47228;4.59257;155;20230130;7.4;1.2;4.3;5.6;7.25;1;0.58;4352
100094;50.47228;4.59257;155;20230131;6.6;1.2;3.9;4.7;7.4;1;0.44;3311
100094;50.47228;4.59257;155;20230201;8.6;3.8;6.2;5.5;7.75;0;0.8;4841
100094;50.47228;4.59257;155;20230202;9;6.1;7.5;5.8;8.45;0;0.93;2849
100094;50.47228;4.59257;155;20230203;9.3;7.5;8.4;5.7;9.35;1;0.84;1642
100094;50.47228;4.59257;155;20230204;9.1;7.2;8.1;2.3;10.05;1;0.45;2258
100094;50.47228;4.59257;155;20230205;7.6;5.6;6.6;4.6;7.85;1;0.82;4204
100094;50.47228;4.59257;155;20230206;5.1;1.4;3.2;3.3;6.45;0;0.53;5458
100094;50.47228;4.59257;155;20230207;4.3;-2.7;0.8;2.2;5.4;0;0.4;7823
100094;50.47228;4.59257;155;20230208;6.6;-3.6;1.5;1.7;3.95;0;0.71;8558
100094;50.47228;4.59257;155;20230209;5.2;-2.6;1.3;3.1;4.1;0;0.97;6544
100094;50.47228;4.59257;155;20230210;6.7;1.3;4;3.3;6.65;0;0.68;4556
100094;50.47228;4.59257;155;20230211;6.9;4.2;5.6;3.3;8.45;0;0.47;1026
100094;50.47228;4.59257;155;20230212;7.6;5.2;6.4;1.5;8.2;0;0.56;2412
100094;50.47228;4.59257;155;20230213;12.2;-0.4;5.9;1.6;7;0;0.72;9464
100094;50.47228;4.59257;155;20230214;12.9;0.6;6.7;1.7;6.7;0;0.9;9392
100094;50.47228;4.59257;155;20230215;12.5;0.7;6.6;2.6;6.55;0;1.19;7559
100094;50.47228;4.59257;155;20230216;11.5;4.8;8.1;4.7;8.15;0;1.25;5297
100094;50.47228;4.59257;155;20230217;13.5;9.1;11.3;7.1;10.9;1;1.32;4053
100094;50.47228;4.59257;155;20230218;10.1;8.7;9.4;7.9;10.8;3;0.65;1081
100094;50.47228;4.59257;155;20230219;10;8.5;9.2;5;9.4;0;1.06;3695
100094;50.47228;4.59257;155;20230220;8.4;4.4;6.4;5.4;8.1;0;0.87;4452
100094;50.47228;4.59257;155;20230221;9.4;5;7.2;2.3;8.55;0;0.75;5374
100094;50.47228;4.59257;155;20230222;10.1;1.9;6;2.5;8.15;3;0.75;4695
100094;50.47228;4.59257;155;20230223;8.4;6.7;7.5;1.8;9.45;0;0.54;1575
100094;50.47228;4.59257;155;20230224;6.2;2.3;4.2;2.8;7.25;0;0.63;5760
100094;50.47228;4.59257;155;20230225;6.5;0.6;3.6;3.5;5.9;0;0.98;7310
100094;50.47228;4.59257;155;20230226;3.4;-1.6;0.9;5;4.2;0;1.26;10794
100094;50.47228;4.59257;155;20230227;4.5;-3;0.8;4.5;4.4;0;1.18;11679
100094;50.47228;4.59257;155;20230228;3.6;-3.4;0.1;4;4.1;0;1.13;11336
100094;50.47228;4.59257;155;20230301;5;-3.6;0.7;3.9;4.15;0;1.24;12033
100094;50.47228;4.59257;155;20230302;8.1;-3.3;2.4;3.8;4.7;0;1.42;12781
100094;50.47228;4.59257;155;20230303;2.7;-1.4;0.7;3.6;5.55;0;0.6;4657
100094;50.47228;4.59257;155;20230304;5.9;-1.5;2.2;2.8;6.15;0;0.69;4622
100094;50.47228;4.59257;155;20230305;4.8;2.1;3.5;2.3;6.55;1;0.7;3849
100094;50.47228;4.59257;155;20230306;6.1;0.9;3.5;4.3;6.15;2;1.02;6143
100094;50.47228;4.59257;155;20230307;5.4;2.8;4.1;5.4;6.75;10;0.84;2136
100094;50.47228;4.59257;155;20230308;2.4;0.1;1.2;2.6;6.85;22;0.32;3856
100094;50.47228;4.59257;155;20230309;12.3;2.1;7.2;6.2;10.6;12;0.44;5616
100094;50.47228;4.59257;155;20230310;9;8.3;8.6;6.5;8.75;5;1.3;2879
100094;50.47228;4.59257;155;20230311;6.1;-1.4;2.4;2;5.05;0;1.12;11567
100094;50.47228;4.59257;155;20230312;11.4;1.9;6.7;5.5;7.95;2;1.31;6465
100094;50.47228;4.59257;155;20230313;15.5;9.7;12.6;8.6;11.1;3;2.11;8390
100094;50.47228;4.59257;155;20230314;9;8.3;8.6;5.8;8.4;8;1.44;4004
100094;50.47228;4.59257;155;20230315;8;1.3;4.6;3.3;6.1;0;1.38;10986
100094;50.47228;4.59257;155;20230316;13.6;4.4;9;5.1;6.05;0;2.68;10901
100094;50.47228;4.59257;155;20230317;17;8.3;12.6;4.6;7.6;3;2.93;8813
100094;50.47228;4.59257;155;20230318;15.3;9.1;12.2;3.9;10.6;4;1.82;9382
100094;50.47228;4.59257;155;20230319;12.7;8.7;10.7;3.3;10;3;1.49;8814
100094;50.47228;4.59257;155;20230320;10.4;3.6;7;3.6;8;0;1.25;7152
100094;50.47228;4.59257;155;20230321;13.7;8.7;11.2;4.4;9.4;0;1.92;8414
100094;50.47228;4.59257;155;20230322;11.6;8.8;10.2;6.7;9.95;1;1.46;5433
100094;50.47228;4.59257;155;20230323;14.2;10.8;12.5;7.1;10.65;5;2.11;6749
100094;50.47228;4.59257;155;20230324;13.8;8.5;11.2;7.5;9.9;3;2.17;11124
100094;50.47228;4.59257;155;20230325;12.6;7.1;9.8;8.1;8.3;2;2.42;10651
100094;50.47228;4.59257;155;20230326;7.8;6.5;7.1;4.4;8.2;7;1.06;4036
100094;50.47228;4.59257;155;20230327;6.9;2.4;4.6;3.6;5.95;0;1.52;11151
100094;50.47228;4.59257;155;20230328;8.9;-1.8;3.6;3;5.45;0;1.6;11904
100094;50.47228;4.59257;155;20230329;16.2;5;10.6;4.7;8.65;0;2.38;10071
100094;50.47228;4.59257;155;20230330;14.6;12.4;13.5;6.1;10.3;7;2.63;9760
100094;50.47228;4.59257;155;20230331;12.3;9.5;10.9;8.2;10.3;10;1.74;7125
100094;50.47228;4.59257;155;20230401;9.6;8.1;8.8;6.3;10.1;7;0.94;4600
100094;50.47228;4.59257;155;20230402;5.2;5.1;5.2;5;8.2;0;0.6;3138
100094;50.47228;4.59257;155;20230403;8.7;-0.6;4;4.2;5.4;0;2.14;20111
100094;50.47228;4.59257;155;20230404;8.3;-1.9;3.2;3.2;4.8;0;2.05;18934
100094;50.47228;4.59257;155;20230405;11.2;-1.4;4.9;1.3;4.85;0;2;17897
100094;50.47228;4.59257;155;20230406;9.9;3.2;6.6;3.3;7.3;6;1.46;7430
100094;50.47228;4.59257;155;20230407;10.7;6.6;8.6;2.8;9.1;1;1.38;8761
100094;50.47228;4.59257;155;20230408;12.4;5.8;9.1;1.6;8.5;0;1.49;8841
100094;50.47228;4.59257;155;20230409;15.6;2.2;8.9;1.8;7.65;0;2.27;16413
100094;50.47228;4.59257;155;20230410;15.7;6.6;11.1;4.5;8.05;5;2.6;9129
100094;50.47228;4.59257;155;20230411;12.5;6.7;9.6;6.3;8.3;4;2.47;14231
100094;50.47228;4.59257;155;20230412;11.1;7.3;9.2;6.3;8.5;9;2.1;11558
100094;50.47228;4.59257;155;20230413;12.1;4.7;8.4;6.5;7.5;3;2.51;14789
100094;50.47228;4.59257;155;20230414;12.6;1.9;7.2;2.8;7.1;0;2.15;15261
100094;50.47228;4.59257;155;20230415;14.5;6.1;10.3;3.7;8.15;0;2.84;18870
100094;50.47228;4.59257;155;20230416;8.7;5.8;7.2;3.9;8.85;0;1.03;5528
100094;50.47228;4.59257;155;20230417;12.7;7.1;9.9;3.6;9.25;0;1.78;9430
100094;50.47228;4.59257;155;20230418;13.6;4.4;9;4.9;8.35;0;2.69;20635
100094;50.47228;4.59257;155;20230419;15.3;6;10.6;4.9;7.8;0;3.39;21492
100094;50.47228;4.59257;155;20230420;9.1;3;6.1;4;6.15;1;1.98;10951
100094;50.47228;4.59257;155;20230421;15.9;3.6;9.8;3.4;8.05;1;2.86;18954
100094;50.47228;4.59257;155;20230422;13.6;4.7;9.2;2.5;9.95;3;1.46;9205
100094;50.47228;4.59257;155;20230423;14.2;7.8;11;5.3;10;4;2.22;12334
100094;50.47228;4.59257;155;20230424;11.7;6.7;9.2;5.4;8.85;4;1.93;10349
100094;50.47228;4.59257;155;20230425;10.3;5.1;7.7;2.3;7.01;0;1.94;13186
100094;50.47228;4.59257;155;20230426;12;-0.2;5.9;1.6;5.9;0;2.34;18595
100094;50.47228;4.59257;155;20230427;14.1;1.4;7.8;2.8;6.95;5;2.7;19172
100094;50.47228;4.59257;155;20230428;17.7;9.3;13.5;3.8;12.25;2;2.41;13751
100094;50.47228;4.59257;155;20230429;12.6;7.9;10.2;2.7;10;0;1.67;9648
100094;50.47228;4.59257;155;20230430;17.2;5.4;11.3;2.8;9.2;0;3.05;20029
100094;50.47228;4.59257;155;20230501;16.4;9.3;12.8;2.1;10.15;2;2.46;13521
100094;50.47228;4.59257;155;20230502;14.9;7.2;11.1;2.4;9.3;0;2.64;17357
100094;50.47228;4.59257;155;20230503;15.9;2.3;9.1;3.8;7.45;0;3.5;25373
100094;50.47228;4.59257;155;20230504;24.6;5.9;15.2;3.5;9.55;0;4.61;21602
100094;50.47228;4.59257;155;20230505;16.9;11.1;14;3.1;12.5;1;2.44;13921
100094;50.47228;4.59257;155;20230506;18.8;9.2;14;2;11.95;0;2.63;15158
100094;50.47228;4.59257;155;20230507;16.9;11.7;14.3;1.5;13.7;6;1.7;8591
100094;50.47228;4.59257;155;20230508;18.6;11.7;15.2;2.2;14.2;0;2.35;13541
100094;50.47228;4.59257;155;20230509;13.6;12.3;12.9;3.3;13;16;1.37;6577
100094;50.47228;4.59257;155;20230510;14.4;9.8;12.1;3.5;12.25;5;1.72;10536
100094;50.47228;4.59257;155;20230511;17.4;9.1;13.3;2.5;11.4;8;2.65;15759
100094;50.47228;4.59257;155;20230512;17.1;10.8;13.9;2.8;13;6;2.23;12912
100094;50.47228;4.59257;155;20230513;21.1;10;15.6;3.4;11.65;0;4.23;25098
100094;50.47228;4.59257;155;20230514;18.7;10.5;14.6;2.8;12.25;0;2.75;14849
100094;50.47228;4.59257;155;20230515;14.3;7.1;10.7;3.1;10.25;1;2.13;13286
100094;50.47228;4.59257;155;20230516;14.4;5;9.7;4.1;8.4;0;3.1;21791
100094;50.47228;4.59257;155;20230517;16.1;4.1;10.1;3;8.4;0;3.09;20177
100094;50.47228;4.59257;155;20230518;15.5;4.5;10;3.6;7.55;0;3.38;21164
100094;50.47228;4.59257;155;20230519;18.5;4.9;11.7;3.6;8;0;4.21;26664
100094;50.47228;4.59257;155;20230520;19.9;8.6;14.3;4.5;9.85;0;4.44;24918
100094;50.47228;4.59257;155;20230521;21.8;10.1;15.9;3.4;12.45;0;3.76;19844
100094;50.47228;4.59257;155;20230522;16.5;10.8;13.7;2.8;13.5;0;1.74;9392
100094;50.47228;4.59257;155;20230523;17;11.7;14.4;4.1;11.25;0;3.13;15875
100094;50.47228;4.59257;155;20230524;16.1;4.6;10.3;2.9;8.8;0;3.25;22376
100094;50.47228;4.59257;155;20230525;18.3;7.2;12.7;4.1;9.7;0;4.11;26512
100094;50.47228;4.59257;155;20230526;18.6;7.3;13;5.2;9.1;0;4.49;27061
100094;50.47228;4.59257;155;20230527;21.7;7.4;14.6;3.9;9.45;0;5;28174
100094;50.47228;4.59257;155;20230528;23.6;9.2;16.4;3.8;10.15;0;5.36;27823
100094;50.47228;4.59257;155;20230529;19.4;10.1;14.8;5.6;10.1;0;4.59;23901
100094;50.47228;4.59257;155;20230530;19.7;7.4;13.6;5.5;9.05;0;4.8;26783
100094;50.47228;4.59257;155;20230531;24;9.7;16.8;4.9;11.2;0;5.61;28759
100094;50.47228;4.59257;155;20230601;22;10.9;16.4;4.3;11.7;0;4.95;27374
100094;50.47228;4.59257;155;20230602;18;9.5;13.7;4.7;9.35;0;4.2;22827
100094;50.47228;4.59257;155;20230603;22;9.4;15.7;4.6;9.3;0;5.55;29126
100094;50.47228;4.59257;155;20230604;23.2;10;16.6;4.2;8;0;6.03;29048
100094;50.47228;4.59257;155;20230605;23.4;10.5;16.9;4.1;11;0;5.48;28871
100094;50.47228;4.59257;155;20230606;24.6;10.2;17.4;3.7;11.8;0;5.27;26793
100094;50.47228;4.59257;155;20230607;23.7;13;18.3;3.8;13.35;0;4.71;22606
99095;50.26417;4.96796;257;20230101;12.1;11.4;11.8;7.1;10.1;6;1.78;1093
99095;50.26417;4.96796;257;20230102;10.3;9.7;10;5.4;10.11;11;0.96;762
99095;50.26417;4.96796;257;20230103;7.5;3.4;5.4;5;8.31;1;0.31;2378
99095;50.26417;4.96796;257;20230104;11.6;6.5;9.1;8.3;10.31;5;0.72;1192
99095;50.26417;4.96796;257;20230105;10.7;8.9;9.8;5.8;10.41;2;0.72;1746
99095;50.26417;4.96796;257;20230106;9.9;8.6;9.2;5.9;10.36;1;0.64;937
99095;50.26417;4.96796;257;20230107;9.6;8.4;9;6;9.26;2;0.91;2205
99095;50.26417;4.96796;257;20230108;8.6;5.9;7.3;6.5;8.81;6;0.61;2772
99095;50.26417;4.96796;257;20230109;5.7;4.4;5;6.6;7.71;7;0.55;1382
99095;50.26417;4.96796;257;20230110;5.9;1.7;3.8;5.8;7.26;5;0.38;2614
99095;50.26417;4.96796;257;20230111;9.9;5.7;7.8;6.2;10.15;4;0.35;2050
99095;50.26417;4.96796;257;20230112;9.7;7.1;8.4;9.5;9.41;8;0.91;908
99095;50.26417;4.96796;257;20230113;7.9;6;7;7.8;8.06;1;0.93;2521
99095;50.26417;4.96796;257;20230114;10.1;4.7;7.4;7.2;8.71;16;0.88;1446
99095;50.26417;4.96796;257;20230115;5.5;4.1;4.8;7;7.06;4;0.79;1837
99095;50.26417;4.96796;257;20230116;4.1;3.4;3.7;7.1;6.81;9;0.64;1415
99095;50.26417;4.96796;257;20230117;2.2;-1.7;0.2;2.2;5.16;0;0.27;4185
99095;50.26417;4.96796;257;20230118;2.6;-3.6;-0.5;2.7;4.81;0;0.31;4729
99095;50.26417;4.96796;257;20230119;1.5;-0.7;0.4;3.5;5.51;0;0.39;1845
99095;50.26417;4.96796;257;20230120;1.6;-1.6;0;3.9;5.56;5;0.35;1335
99095;50.26417;4.96796;257;20230121;-1.1;-2.6;-1.9;4.7;4.91;0;0.2;3594
99095;50.26417;4.96796;257;20230122;-1.2;-2.7;-2;3.8;5.06;0;0.21;1594
99095;50.26417;4.96796;257;20230123;0.6;-1.3;-0.4;3.8;5.76;0;0.23;1194
99095;50.26417;4.96796;257;20230124;0.4;-0.4;0;3.5;5.31;0;0.44;1036
99095;50.26417;4.96796;257;20230125;-1.6;-1.9;-1.7;1.5;5.16;0;0.27;784
99095;50.26417;4.96796;257;20230126;2.2;-4;-0.9;1.9;5.61;1;0.21;2207
99095;50.26417;4.96796;257;20230127;2.7;1.4;2.1;5;6.61;0;0.36;977
99095;50.26417;4.96796;257;20230128;1;0.8;0.9;3.1;5.26;0;0.54;1982
100096;50.50328;5.29569;226;20230201;7.6;3.5;5.5;6.3;7.83;1;0.71;4260
100096;50.50328;5.29569;226;20230202;8.4;5.3;6.9;6.3;8.63;0;0.77;2762
100096;50.50328;5.29569;226;20230203;8.5;7.1;7.8;6.3;9.5;2;0.68;1653
100096;50.50328;5.29569;226;20230204;8.4;5.9;7.1;2;9.53;1;0.42;2690
100096;50.50328;5.29569;226;20230205;6.2;5.4;5.8;4.3;8.17;1;0.6;2662
100096;50.50328;5.29569;226;20230206;4.5;0.1;2.3;2.6;6.43;0;0.4;5915
100096;50.50328;5.29569;226;20230207;4.7;-2.6;1.1;2.4;5.13;0;0.52;8199
100096;50.50328;5.29569;226;20230208;5.9;-3.6;1.1;1.9;3.67;0;0.77;8623
100096;50.50328;5.29569;226;20230209;5.4;-2.6;1.4;2.9;4.07;0;0.95;7570
100096;50.50328;5.29569;226;20230210;7.7;0.5;4.1;3.1;6.47;0;0.77;5823
100096;50.50328;5.29569;226;20230211;6.5;3;4.7;3.3;8.13;0;0.44;1318
100096;50.50328;5.29569;226;20230212;7.6;5.1;6.4;1.4;8.57;0;0.51;2073
100096;50.50328;5.29569;226;20230213;11.7;0.2;5.9;1.6;7.33;0;0.69;9500
100096;50.50328;5.29569;226;20230214;13.8;1.8;7.8;2.1;7.07;0;1.05;9554
100096;50.50328;5.29569;226;20230215;14;3.1;8.5;3.1;6.63;0;1.55;8533
100096;50.50328;5.29569;226;20230216;11.2;4.8;8;4.9;8.13;0;1.28;5126
100096;50.50328;5.29569;226;20230217;14.1;8.2;11.1;7.1;11.17;1;1.26;4168
100096;50.50328;5.29569;226;20230218;9.4;8.5;9;7.7;10.55;2;0.64;1784
100096;50.50328;5.29569;226;20230219;9.6;8.1;8.8;5.2;9.73;1;0.88;2986
100096;50.50328;5.29569;226;20230220;9.8;3.5;6.7;4.6;8.17;0;0.95;7288
100096;50.50328;5.29569;226;20230221;10.7;3.7;7.2;2.4;8.17;0;0.85;7565
100096;50.50328;5.29569;226;20230222;11.9;1.1;6.5;2.8;8.3;4;0.89;5334
100096;50.50328;5.29569;226;20230223;8.3;6.7;7.5;1.6;9.53;0;0.55;1753
100096;50.50328;5.29569;226;20230224;5.6;3;4.3;3;7.6;0;0.59;4643
100096;50.50328;5.29569;226;20230225;6.2;1.2;3.7;3.6;5.93;0;1.03;6629
100096;50.50328;5.29569;226;20230226;3.1;-2.7;0.2;3.8;4.17;0;1.08;10176
100096;50.50328;5.29569;226;20230227;4.5;-3.9;0.3;3.5;4.23;0;1.12;11867
100096;50.50328;5.29569;226;20230228;3.6;-3.7;0;3;4.07;0;1.05;11242
100096;50.50328;5.29569;226;20230301;5.1;-5.5;-0.2;2.6;4.17;0;1.03;12033
100096;50.50328;5.29569;226;20230302;8.3;-4;2.1;2.6;4.7;0;1.25;12583
100096;50.50328;5.29569;226;20230303;1.4;-2.1;-0.3;2.3;5.43;0;0.5;4079
100096;50.50328;5.29569;226;20230304;5.2;-2.2;1.5;1.8;6.03;0;0.58;4098
100096;50.50328;5.29569;226;20230305;4.5;1.8;3.1;2.2;6.57;1;0.67;3812
100096;50.50328;5.29569;226;20230306;5.5;0.7;3.1;4.1;6.23;1;0.88;5577
100096;50.50328;5.29569;226;20230307;5.3;2.3;3.8;5.8;6.83;5;0.81;2453
100096;50.50328;5.29569;226;20230308;4.3;-0.4;1.9;2.9;7.2;20;0.51;4735
100096;50.50328;5.29569;226;20230309;11.7;3;7.4;5.2;9.93;11;0.81;5449
100096;50.50328;5.29569;226;20230310;9.2;8.4;8.8;7;9.03;4;1.36;3618
100096;50.50328;5.29569;226;20230311;5.5;-2.1;1.7;2.3;5;0;1.12;11899
100096;50.50328;5.29569;226;20230312;11.2;1.1;6.1;5.7;7.8;1;1.29;6203
100096;50.50328;5.29569;226;20230313;14.9;9.1;12;8.9;11.5;2;1.71;6216
100096;50.50328;5.29569;226;20230314;9.1;7.9;8.5;6.6;8.57;4;1.46;4983
100096;50.50328;5.29569;226;20230315;7.6;-0.4;3.6;3.1;6.2;3;1.18;9976
100096;50.50328;5.29569;226;20230316;13.3;3.7;8.5;5.1;6.3;0;2.52;10698
100096;50.50328;5.29569;226;20230317;16.9;9.1;13;4.6;7.67;0;3.03;9484
100096;50.50328;5.29569;226;20230318;15.9;8.8;12.3;3.9;10.43;2;2.08;11213
100096;50.50328;5.29569;226;20230319;12.9;9.2;11;3.4;10.43;2;1.47;7432
100096;50.50328;5.29569;226;20230320;10.2;3.1;6.6;3.8;8.13;0;1.16;7314
100096;50.50328;5.29569;226;20230321;14.4;7.8;11.1;4.9;9.5;0;2.01;9019
100096;50.50328;5.29569;226;20230322;12.3;8.5;10.4;7.2;10.13;1;1.65;7130
100096;50.50328;5.29569;226;20230323;14.1;10.4;12.2;8;11.07;3;1.97;7221
100096;50.50328;5.29569;226;20230324;14;8.1;11.1;7.5;10.4;3;2.04;11466
100096;50.50328;5.29569;226;20230325;12.2;6.5;9.4;7.9;8.67;2;2.15;10191
100096;50.50328;5.29569;226;20230326;7.9;6.5;7.2;4.3;8.53;10;1;3257
100096;50.50328;5.29569;226;20230327;6.7;0.9;3.8;3.5;6;1;1.4;10991
100096;50.50328;5.29569;226;20230328;8.8;-2;3.4;3.5;5.53;0;1.64;12598
100096;50.50328;5.29569;226;20230329;15.7;4.3;10;4.9;8.87;0;2.2;9381
100096;50.50328;5.29569;226;20230330;15;12.4;13.7;6.7;10.67;6;2.74;10324
100096;50.50328;5.29569;226;20230331;12.7;9.2;10.9;8.3;10.6;8;1.77;8347
100096;50.50328;5.29569;226;20230401;10;7.8;8.9;6.9;10.37;8;0.92;4296
100096;50.50328;5.29569;226;20230402;4.9;4.4;4.7;4.7;7.88;0;0.67;3629
100096;50.50328;5.29569;226;20230403;8.9;-1.4;3.7;3.5;5.3;0;2.12;19610
100096;50.50328;5.29569;226;20230404;8.3;-2.4;3;2.4;4.63;0;2.04;19445
100096;50.50328;5.29569;226;20230405;10.6;-1.5;4.6;1.6;4.73;0;2.1;18987
100096;50.50328;5.29569;226;20230406;8.7;1.9;5.3;3.7;7.03;5;1.29;6483
100096;50.50328;5.29569;226;20230407;10.2;6.3;8.3;2.7;9.3;0;1.23;7390
100096;50.50328;5.29569;226;20230408;12.3;4.7;8.5;1.6;8.43;0;1.58;10958
100096;50.50328;5.29569;226;20230409;15;2.6;8.8;2.2;7.7;0;2.33;16993
100096;50.50328;5.29569;226;20230410;15.8;7.1;11.5;5.1;8;4;2.94;10406
100096;50.50328;5.29569;226;20230411;13.1;6.6;9.9;5.9;8.63;3;2.47;14143
100096;50.50328;5.29569;226;20230412;11.3;7;9.2;6.2;8.83;8;1.97;10406
100096;50.50328;5.29569;226;20230413;12.6;4.4;8.5;6.6;7.47;1;2.61;14861
100096;50.50328;5.29569;226;20230414;13.6;2.3;8;2.9;6.7;0;2.46;16229
100096;50.50328;5.29569;226;20230415;14;5.9;9.9;3.3;7.43;0;2.62;15620
100096;50.50328;5.29569;226;20230416;9.2;5.4;7.3;3.2;9.37;0;0.86;4389
100096;50.50328;5.29569;226;20230417;13.6;6.9;10.2;3;9.17;0;1.87;9461
100096;50.50328;5.29569;226;20230418;13.8;2.6;8.2;3.5;7.97;0;2.44;18411
100096;50.50328;5.29569;226;20230419;14.1;6.1;10.1;4.3;7.77;0;2.94;18067
100096;50.50328;5.29569;226;20230420;9.9;2.5;6.2;3.4;6.47;0;1.91;11497
100096;50.50328;5.29569;226;20230421;16.1;3.7;9.9;3.1;8.2;0;2.83;19140
100096;50.50328;5.29569;226;20230422;16.2;6.1;11.1;3.5;10.33;1;2.07;10716
100096;50.50328;5.29569;226;20230423;14.8;8.3;11.5;5.3;10.37;3;2.3;11893
100096;50.50328;5.29569;226;20230424;12;6.5;9.2;5.2;8.67;4;1.98;9315
100096;50.50328;5.29569;226;20230425;9.8;4.7;7.2;2.1;7.23;0;1.72;10463
100096;50.50328;5.29569;226;20230426;11.3;0;5.7;1.5;5.9;0;2.33;19451
100096;50.50328;5.29569;226;20230427;14.5;0.9;7.7;2.4;6.97;5;2.69;19555
100096;50.50328;5.29569;226;20230428;19.6;9.9;14.7;3.7;12.27;2;2.95;14916
100096;50.50328;5.29569;226;20230429;12.2;7.9;10;2.6;10.2;0;1.37;6503
100096;50.50328;5.29569;226;20230430;17.3;4;10.7;2.4;9;0;2.89;19845
100096;50.50328;5.29569;226;20230501;16.7;9.2;13;2.5;10.13;4;2.4;11573
100096;50.50328;5.29569;226;20230502;14.4;7.5;10.9;2.5;9.27;0;2.4;14613
100096;50.50328;5.29569;226;20230503;16.2;1.9;9.1;2.9;7.3;0;3.38;24274
100096;50.50328;5.29569;226;20230504;24.3;6.2;15.2;3;9.3;0;4.5;22175
100096;50.50328;5.29569;226;20230505;17.6;12;14.8;2.9;12.73;1;2.56;13641
100096;50.50328;5.29569;226;20230506;18.9;9.7;14.3;2;12.27;1;2.54;14064
100096;50.50328;5.29569;226;20230507;17.8;12.3;15.1;1.7;14.1;5;1.84;9205
100096;50.50328;5.29569;226;20230508;19.6;12.2;15.9;1.9;14.6;0;2.52;14448
100096;50.50328;5.29569;226;20230509;15;12.6;13.8;3.2;13.67;14;1.63;7890
100096;50.50328;5.29569;226;20230510;14.8;10.5;12.7;3.3;12.5;4;1.77;10080
100096;50.50328;5.29569;226;20230511;15.9;8.6;12.3;2.1;11.6;7;2.08;12615
100096;50.50328;5.29569;226;20230512;17.3;10.3;13.8;2.3;12.73;4;2.26;12758
100096;50.50328;5.29569;226;20230513;20.8;8.4;14.6;1.6;11.67;0;3.54;22335
100096;50.50328;5.29569;226;20230514;18.9;9.1;14;2.1;12.1;1;2.88;16866
100096;50.50328;5.29569;226;20230515;16.5;7.8;12.1;3.3;11.1;2;2.86;18909
100096;50.50328;5.29569;226;20230516;14.1;5.7;9.9;3.8;8.67;0;2.82;18261
100096;50.50328;5.29569;226;20230517;15.3;4.7;10;2.3;8.3;0;3;20415
100096;50.50328;5.29569;226;20230518;15.4;3.2;9.3;2.4;7.67;0;3.29;23655
100096;50.50328;5.29569;226;20230519;18.1;4.1;11.1;2.5;8.53;0;3.91;27326
100096;50.50328;5.29569;226;20230520;18.8;8;13.4;3.3;10.33;0;3.73;22610
100096;50.50328;5.29569;226;20230521;21.5;9.6;15.5;2.1;13.33;0;3.48;20488
100096;50.50328;5.29569;226;20230522;19.3;11.7;15.5;2.5;14.5;0;2.24;11452
100096;50.50328;5.29569;226;20230523;16.1;11.6;13.9;3.3;11.73;0;2.57;12702
100096;50.50328;5.29569;226;20230524;15;4.1;9.5;2.4;8.63;0;2.85;19904
100096;50.50328;5.29569;226;20230525;17.5;5.5;11.5;2.7;9.97;0;3.63;25558
100096;50.50328;5.29569;226;20230526;17.9;6.7;12.3;3.5;9.6;0;3.8;23808
100096;50.50328;5.29569;226;20230527;21.8;6.7;14.2;3.1;9.8;0;4.73;28044
100096;50.50328;5.29569;226;20230528;23.1;8.4;15.8;2.3;10.9;0;4.64;26700
100096;50.50328;5.29569;226;20230529;18.8;9.8;14.3;3.9;10.73;0;4.18;24674
100096;50.50328;5.29569;226;20230530;19.2;6.9;13.1;3.6;9.5;0;4.4;27419
100096;50.50328;5.29569;226;20230531;23.5;9.1;16.3;3.3;11.57;0;5.09;28668
100096;50.50328;5.29569;226;20230601;21.5;10.1;15.8;3;11.5;0;4.48;25418
100096;50.50328;5.29569;226;20230602;17.5;9;13.2;3.5;9.63;0;3.99;23765
100096;50.50328;5.29569;226;20230603;22;7.4;14.7;3;9.53;0;4.99;29192
100096;50.50328;5.29569;226;20230604;22.8;7.5;15.2;2.7;8.27;0;5.25;29406
100096;50.50328;5.29569;226;20230605;23.4;8.8;16.1;2.7;10.4;0;5.07;28968
100096;50.50328;5.29569;226;20230606;24.5;10.2;17.4;2.4;11.97;0;5.01;27757
100096;50.50328;5.29569;226;20230607;21.1;13.1;17.1;2.4;13.3;1;3.54;18190
100096;50.50328;5.29569;226;20230608;25.6;11.5;18.6;2.3;14.63;0;4.81;26464
100096;50.50328;5.29569;226;20230609;28.8;13.9;21.4;3.1;13.5;0;5.94;27802
100096;50.50328;5.29569;226;20230610;29.5;16.2;22.8;3;12.87;0;6.34;27648
100096;50.50328;5.29569;226;20230611;29.9;16.5;23.2;2.9;14.07;0;5.86;24994
100096;50.50328;5.29569;226;20230612;28.9;15;22;2.5;12.37;0;5.71;25552
100096;50.50328;5.29569;226;20230613;27;14.4;20.7;2.9;10.73;0;6.13;28890
100096;50.50328;5.29569;226;20230614;25.1;12.6;18.8;2.7;10.37;0;5.64;28749
100096;50.50328;5.29569;226;20230615;26;12.1;19.1;2.1;10.47;0;5.41;28029
100096;50.50328;5.29569;226;20230616;26.5;12.2;19.4;1.6;10.6;0;5.21;27559
100096;50.50328;5.29569;226;20230617;27.1;12.3;19.7;1.5;11.1;0;4.77;23836
100096;50.50328;5.29569;226;20230618;25.7;17.1;21.4;2.6;13.43;0;3.93;12664
100096;50.50328;5.29569;226;20230619;27.1;17.2;22.1;3.5;16.03;2;5.36;22903
100096;50.50328;5.29569;226;20230620;29.4;17.9;23.7;3.5;18.3;1;5.2;20523
100096;50.50328;5.29569;226;20230621;26.4;17;21.7;2.9;17.67;0;4.69;21774
100096;50.50328;5.29569;226;20230622;21.5;16.4;19;3.1;17.33;51;2.4;8992
100096;50.50328;5.29569;226;20230623;24.9;13.7;19.3;2.9;16.2;0;4.64;25001
100096;50.50328;5.29569;226;20230624;26.6;14.5;20.5;2;13.87;0;5.5;29109
100096;50.50328;5.29569;226;20230625;30.5;15.5;23;2.6;14.4;0;6.31;28792
100096;50.50328;5.29569;226;20230626;22.8;16.5;19.6;3.9;13.8;0;4.84;21945
100096;50.50328;5.29569;226;20230627;22.3;12.4;17.4;2.8;12.5;0;3.95;19374
100096;50.50328;5.29569;226;20230628;23.1;14.3;18.7;1.5;14.93;0;2.96;13668
100096;50.50328;5.29569;226;20230629;23;17.5;20.2;2;17.27;6;2.81;11772
100096;50.50328;5.29569;226;20230630;21.5;13;17.2;2.3;13.53;1;4.08;22850
100096;50.50328;5.29569;226;20230701;21;14.3;17.6;5.3;14.33;1;3.34;12121
100096;50.50328;5.29569;226;20230702;21.2;13;17.1;4.7;12.67;0;4.01;17179
100096;50.50328;5.29569;226;20230703;21.3;11.7;16.5;5.3;11.53;0;4.61;21186
100096;50.50328;5.29569;226;20230704;21.7;11.8;16.7;4.4;13.03;2;3.98;18936
100096;50.50328;5.29569;226;20230705;18.2;12;15.1;6.4;12.97;1;3.29;17187
100096;50.50328;5.29569;226;20230706;22;9.7;15.9;2.7;11.37;0;4.42;24926
100096;50.50328;5.29569;226;20230707;28.7;12.4;20.5;2.5;12.1;0;5.78;27029
99094;50.24822;4.61816;248;20230101;12;11.2;11.6;6.7;9.91;9;1.55;1224
99094;50.24822;4.61816;248;20230102;10.6;9.4;10;4.8;10.51;5;0.75;724
99094;50.24822;4.61816;248;20230103;7.4;3.7;5.5;5.2;8.51;2;0.22;2556
99094;50.24822;4.61816;248;20230104;11.9;6.7;9.3;8.5;10.71;5;0.54;1985
99094;50.24822;4.61816;248;20230105;11.1;9.1;10.1;6;10.51;1;0.74;1993
99094;50.24822;4.61816;248;20230106;9.8;8.5;9.1;5.9;10.61;1;0.51;775
99094;50.24822;4.61816;248;20230107;9.8;8.6;9.2;5.8;9.31;3;0.97;1411
99094;50.24822;4.61816;248;20230108;8.6;5.8;7.2;6.2;8.91;5;0.55;2145
99094;50.24822;4.61816;248;20230109;5.7;4.6;5.1;6.9;7.71;6;0.53;1965
99094;50.24822;4.61816;248;20230110;6.3;2;4.1;5.9;7.01;7;0.53;2828
99094;50.24822;4.61816;248;20230111;9.9;5.8;7.8;6.5;10.34;3;0.29;2708
99094;50.24822;4.61816;248;20230112;9.6;7.1;8.3;9.8;9.61;8;0.77;1117
99094;50.24822;4.61816;248;20230113;8.1;6.1;7.1;8.5;7.91;1;1.04;2742
99094;50.24822;4.61816;248;20230114;10.4;4.6;7.5;7.2;8.91;17;0.75;2292
99094;50.24822;4.61816;248;20230115;5.6;4.3;4.9;7.2;7.01;4;0.85;1574
99094;50.24822;4.61816;248;20230116;4.5;3.3;3.9;7.1;6.81;8;0.7;831
99094;50.24822;4.61816;248;20230117;1.7;-2.3;-0.3;2;5.21;0;0.21;3671
99094;50.24822;4.61816;248;20230118;2.7;-3.2;-0.3;3;4.91;0;0.34;4459
99094;50.24822;4.61816;248;20230119;1.3;-0.5;0.4;3.5;5.71;0;0.28;2291
99094;50.24822;4.61816;248;20230120;2;-1.1;0.4;4;5.71;5;0.36;1371
99094;50.24822;4.61816;248;20230121;-1.2;-2.2;-1.7;4.6;5.01;0;0.21;2688
99094;50.24822;4.61816;248;20230122;-1.2;-2.8;-2;4.2;5.11;0;0.14;2488
99094;50.24822;4.61816;248;20230123;0.8;-1.3;-0.3;3.9;5.71;0;0.25;1189
99094;50.24822;4.61816;248;20230124;0.2;-0.4;-0.1;3.8;5.31;0;0.43;673
99094;50.24822;4.61816;248;20230125;-1.7;-2.1;-1.9;1.5;5.11;0;0.27;569
99094;50.24822;4.61816;248;20230126;3.2;-4.1;-0.5;2.1;5.71;0;0.21;3114
99094;50.24822;4.61816;248;20230127;2.7;2;2.3;5.2;6.41;0;0.49;755
99094;50.24822;4.61816;248;20230128;1.1;0.9;1;3.2;5.21;0;0.56;2264
99094;50.24822;4.61816;248;20230129;1;-5.4;-2.2;2.5;4.71;1;0.24;4529
99094;50.24822;4.61816;248;20230130;7;0.5;3.7;5.5;6.91;1;0.57;4437
99094;50.24822;4.61816;248;20230131;5.8;0.6;3.2;4.2;7.21;2;0.3;3997
100096;50.50328;5.29569;226;20230101;12.8;12.5;12.6;8.3;10.13;4;2.12;1185
100096;50.50328;5.29569;226;20230102;11;10;10.5;5.8;10.77;9;0.93;1070
100096;50.50328;5.29569;226;20230103;8.6;4.2;6.4;5.4;8.5;1;0.52;2804
100096;50.50328;5.29569;226;20230104;11.2;6.7;9;9.2;10.63;4;0.66;1101
100096;50.50328;5.29569;226;20230105;10.7;9;9.9;5.9;10.9;2;0.65;1708
100096;50.50328;5.29569;226;20230106;10;8.9;9.5;6.2;10.73;0;0.63;1334
100096;50.50328;5.29569;226;20230107;10.5;8.9;9.7;6.4;9.7;1;0.89;3848
100096;50.50328;5.29569;226;20230108;9.6;6;7.8;6.3;9.13;5;0.62;3611
100096;50.50328;5.29569;226;20230109;6.7;4.7;5.7;6.4;8.03;5;0.64;1392
100096;50.50328;5.29569;226;20230110;6.2;2.5;4.3;6.5;7.73;5;0.37;2666
100096;50.50328;5.29569;226;20230111;10.2;6;8.1;8.2;10.07;5;0.51;2677
100096;50.50328;5.29569;226;20230112;10.1;7.2;8.7;10.1;10.03;7;0.78;1161
100096;50.50328;5.29569;226;20230113;8.8;6.1;7.5;7.7;8.63;1;0.88;2442
100096;50.50328;5.29569;226;20230114;10.2;5.1;7.6;7.8;8.97;14;0.98;1139
100096;50.50328;5.29569;226;20230115;6;4.6;5.3;7.4;7.33;2;0.84;2664
100096;50.50328;5.29569;226;20230116;5.1;3.5;4.3;7.2;7;8;0.75;1791
100096;50.50328;5.29569;226;20230117;2.9;-0.9;1;3.1;5.43;0;0.33;4938
100096;50.50328;5.29569;226;20230118;3;-3.8;-0.4;2.9;4.93;0;0.3;5134
100096;50.50328;5.29569;226;20230119;1.8;-0.5;0.6;4.5;5.77;0;0.41;1871
100096;50.50328;5.29569;226;20230120;0.8;-1.2;-0.2;3.5;5.77;12;0.3;1249
100096;50.50328;5.29569;226;20230121;-0.5;-4.4;-2.5;2.8;4.87;0;0.18;3469
100096;50.50328;5.29569;226;20230122;-0.9;-2.9;-1.9;2.6;5.33;0;0.18;1480
100096;50.50328;5.29569;226;20230123;1.2;-1;0.1;2.7;5.9;0;0.25;1913
100096;50.50328;5.29569;226;20230124;0.4;0.1;0.3;3.6;5.53;0;0.45;1179
100096;50.50328;5.29569;226;20230125;-1.8;-1.8;-1.8;1.7;5.23;0;0.26;1091
100096;50.50328;5.29569;226;20230126;1.5;-3.7;-1.1;1.6;5.63;1;0.24;1796
100096;50.50328;5.29569;226;20230127;2.9;1;2;3.6;6.63;0;0.38;1199
100096;50.50328;5.29569;226;20230128;1;0.8;0.9;2.5;5.3;0;0.51;2331
100096;50.50328;5.29569;226;20230129;1.5;-4.5;-1.5;3.4;4.8;0;0.37;3561
100096;50.50328;5.29569;226;20230130;7;0.7;3.8;5.8;6.97;1;0.64;3645
100096;50.50328;5.29569;226;20230131;5.7;0.5;3.1;5.3;7.2;1;0.39;2704
100095;50.48832;4.94402;172;20230324;13.8;8.4;11.1;7.7;9.94;3;2.17;11082
100095;50.48832;4.94402;172;20230325;12.4;6.9;9.7;8.4;8.27;2;2.39;10159
100095;50.48832;4.94402;172;20230326;7.7;6.6;7.2;4.6;8.2;9;1.08;3181
100095;50.48832;4.94402;172;20230327;6.8;2;4.4;3.6;5.9;1;1.52;11225
100095;50.48832;4.94402;172;20230328;8.9;-1.7;3.6;3.4;5.4;1;1.68;12301
100095;50.48832;4.94402;172;20230329;16;4.8;10.4;5;8.57;0;2.38;10095
100095;50.48832;4.94402;172;20230330;14.6;12.4;13.5;6.5;10.27;8;2.69;9230
100095;50.48832;4.94402;172;20230331;12.4;9.3;10.9;8.5;10.27;10;1.81;7064
100095;50.48832;4.94402;172;20230401;9.7;8;8.8;7;10.07;7;0.99;4529
100095;50.48832;4.94402;172;20230402;5.2;4.9;5;5;8.04;0;0.68;4139
100095;50.48832;4.94402;172;20230403;8.7;-1;3.9;4.2;5.27;0;2.14;19451
100095;50.48832;4.94402;172;20230404;8.3;-2;3.1;3.2;4.64;0;2.07;18168
100095;50.48832;4.94402;172;20230405;10.9;-1.2;4.9;1.5;4.77;0;2.04;17486
100095;50.48832;4.94402;172;20230406;9.5;3.1;6.3;3.7;7.1;6;1.47;7537
100095;50.48832;4.94402;172;20230407;10.4;6.5;8.4;2.6;9.07;0;1.34;8531
100095;50.48832;4.94402;172;20230408;12.4;5.8;9.1;1.6;8.4;0;1.6;9786
100095;50.48832;4.94402;172;20230409;15.3;2.6;8.9;2.1;7.6;0;2.35;16902
100095;50.48832;4.94402;172;20230410;15.7;6.7;11.2;4.9;7.87;4;2.81;9659
100095;50.48832;4.94402;172;20230411;12.8;6.6;9.7;6.4;8.27;3;2.59;14530
100095;50.48832;4.94402;172;20230412;11.1;7.2;9.2;6.4;8.44;9;2.13;11145
100095;50.48832;4.94402;172;20230413;12.3;4.7;8.5;6.9;7.44;1;2.61;14387
100095;50.48832;4.94402;172;20230414;12.9;2.2;7.6;3;6.87;0;2.37;15836
100095;50.48832;4.94402;172;20230415;14.5;6.3;10.4;3.7;7.8;0;2.84;17100
100095;50.48832;4.94402;172;20230416;8.8;5.6;7.2;3.6;9.07;0;1;5875
100095;50.48832;4.94402;172;20230417;13;7;10;3.5;9.17;0;1.95;10714
100095;50.48832;4.94402;172;20230418;13.6;4.1;8.8;4.8;8.2;0;2.7;20567
100095;50.48832;4.94402;172;20230419;15;6.1;10.5;5.1;7.8;0;3.28;19628
100095;50.48832;4.94402;172;20230420;9.3;3;6.2;4.2;6.2;2;2.05;11364
100095;50.48832;4.94402;172;20230421;15.9;3.8;9.8;3.3;8.04;0;2.9;19143
100095;50.48832;4.94402;172;20230422;14.3;5.3;9.8;3.1;10.07;2;1.82;10586
100095;50.48832;4.94402;172;20230423;14.3;8;11.1;5.5;10.07;3;2.28;12249
100095;50.48832;4.94402;172;20230424;11.7;6.6;9.2;5.6;8.77;4;2;10415
100095;50.48832;4.94402;172;20230425;10.1;5;7.5;2.3;7.01;0;1.9;12338
100095;50.48832;4.94402;172;20230426;11.8;0.1;5.9;1.6;5.87;0;2.3;18214
100095;50.48832;4.94402;172;20230427;14;1.3;7.7;2.8;6.87;6;2.68;18736
100095;50.48832;4.94402;172;20230428;18.1;9.4;13.8;4;12.14;2;2.64;14183
100095;50.48832;4.94402;172;20230429;12.5;7.8;10.1;2.7;10.04;0;1.61;8969
100095;50.48832;4.94402;172;20230430;17.2;5.2;11.2;2.9;9.17;0;3.05;19765
100095;50.48832;4.94402;172;20230501;16.4;9.7;13;2.7;10.04;2;2.58;12753
100095;50.48832;4.94402;172;20230502;14.8;7.4;11.1;2.6;9.24;0;2.64;16651
100095;50.48832;4.94402;172;20230503;15.9;2.3;9.1;3.7;7.37;0;3.43;23923
100095;50.48832;4.94402;172;20230504;24.5;6;15.3;3.3;9.4;0;4.52;20610
100095;50.48832;4.94402;172;20230505;17.1;11.5;14.3;3.3;12.47;1;2.61;14222
100095;50.48832;4.94402;172;20230506;18.8;9.5;14.1;2.1;12;0;2.66;15103
100095;50.48832;4.94402;172;20230507;17.2;12.2;14.7;1.7;13.8;5;1.88;9399
100095;50.48832;4.94402;172;20230508;18.9;12;15.4;2.2;14.34;0;2.33;12709
100095;50.48832;4.94402;172;20230509;13.9;12.4;13.1;3.4;13.07;15;1.51;7208
100095;50.48832;4.94402;172;20230510;14.6;10;12.3;3.6;12.3;5;1.79;10171
100095;50.48832;4.94402;172;20230511;17.1;9;13;2.4;11.5;7;2.47;14521
100095;50.48832;4.94402;172;20230512;17.1;10.7;13.9;2.7;12.9;5;2.26;12900
100095;50.48832;4.94402;172;20230513;21;9.6;15.3;2.8;11.6;0;4.07;24567
100095;50.48832;4.94402;172;20230514;18.7;10.1;14.4;2.6;12.24;0;2.69;14633
100095;50.48832;4.94402;172;20230515;14.8;7.2;11;3.1;10.47;1;2.28;14100
100095;50.48832;4.94402;172;20230516;14.4;5.1;9.8;4;8.47;0;3.02;20522
100095;50.48832;4.94402;172;20230517;15.8;4.3;10.1;2.8;8.34;0;3.08;20300
100095;50.48832;4.94402;172;20230518;15.4;4.3;9.8;3.5;7.6;0;3.33;21064
100095;50.48832;4.94402;172;20230519;18.4;4.7;11.6;3.5;8.17;0;4.15;26535
100095;50.48832;4.94402;172;20230520;19.6;8.5;14.1;4.5;9.94;0;4.3;24289
100095;50.48832;4.94402;172;20230521;21.6;10;15.8;3.1;12.67;0;3.57;18885
100095;50.48832;4.94402;172;20230522;17.2;10.9;14.1;2.8;13.8;0;1.96;10313
100095;50.48832;4.94402;172;20230523;16.7;11.6;14.1;3.9;11.3;0;2.94;14852
100095;50.48832;4.94402;172;20230524;15.9;4.5;10.2;2.7;8.7;0;3.24;22655
100095;50.48832;4.94402;172;20230525;18.1;6.7;12.4;3.9;9.77;0;3.92;25733
100095;50.48832;4.94402;172;20230526;18.4;7.2;12.8;5;9.2;0;4.32;25849
100095;50.48832;4.94402;172;20230527;21.7;7.3;14.5;4;9.54;0;4.97;27827
100095;50.48832;4.94402;172;20230528;23.5;9.1;16.3;3.5;10.44;0;5.11;26949
100095;50.48832;4.94402;172;20230529;19.2;10;14.6;5.4;10.24;0;4.4;23209
100095;50.48832;4.94402;172;20230530;19.5;7.2;13.4;5.1;9.2;0;4.61;26075
100095;50.48832;4.94402;172;20230531;23.9;9.5;16.7;4.7;11.24;0;5.48;28208
100095;50.48832;4.94402;172;20230601;21.9;10.7;16.3;4.1;11.6;0;4.78;25901
100095;50.48832;4.94402;172;20230602;17.8;9.3;13.6;4.5;9.34;0;4.1;22283
100095;50.48832;4.94402;172;20230603;22.1;9;15.5;4.3;9.3;0;5.46;28876
100095;50.48832;4.94402;172;20230604;23.1;9.5;16.3;4;8;0;5.9;29104
100095;50.48832;4.94402;172;20230605;23.4;10.2;16.8;3.9;10.9;0;5.43;28916
100095;50.48832;4.94402;172;20230606;24.6;10.1;17.3;3.5;11.77;0;5.26;27219
100095;50.48832;4.94402;172;20230607;22.9;13.2;18;3.5;13.44;0;4.29;20628
100095;50.48832;4.94402;172;20230608;25.8;12.6;19.2;3.4;13.8;0;5.52;28364
100095;50.48832;4.94402;172;20230609;29.1;14;21.6;3.1;13.1;0;6.32;28615
100095;50.48832;4.94402;172;20230610;29.8;16.5;23.2;3.2;12.4;0;6.65;27502
100095;50.48832;4.94402;172;20230611;30.3;16.6;23.5;2.5;13.67;0;6.28;27667
100095;50.48832;4.94402;172;20230612;29.5;15.5;22.5;2.4;12.07;0;5.99;26378
100095;50.48832;4.94402;172;20230613;27.3;15.5;21.4;3.1;10.6;0;6.4;28324
100095;50.48832;4.94402;172;20230614;25.5;13.3;19.4;3;10.2;0;5.96;28437
100095;50.48832;4.94402;172;20230615;26.1;12.4;19.2;2.5;10.24;0;5.82;28985
100095;50.48832;4.94402;172;20230616;26.4;12.5;19.5;1.9;10.7;0;5.32;27132
100095;50.48832;4.94402;172;20230617;27.4;12.8;20.1;1.6;11.04;1;4.7;22431
100095;50.48832;4.94402;172;20230618;25.3;16.5;20.9;3.2;13.74;1;4.12;12934
100095;50.48832;4.94402;172;20230619;26.1;16.7;21.4;3.8;15.84;1;5.04;21201
100095;50.48832;4.94402;172;20230620;29.2;17.3;23.2;3.5;17.77;5;4.96;18328
100095;50.48832;4.94402;172;20230621;25.9;16.8;21.4;3;17.34;0;4.72;22414
100095;50.48832;4.94402;172;20230622;20.1;17.4;18.8;3.6;16.84;40;2.45;9125
100095;50.48832;4.94402;172;20230623;25.2;12.8;19;2.7;15.67;0;4.67;25116
100095;50.48832;4.94402;172;20230624;26.5;14;20.3;2.1;13.6;0;5.48;28714
100095;50.48832;4.94402;172;20230625;30.2;15.3;22.8;2.8;14.3;0;6.42;29002
100095;50.48832;4.94402;172;20230626;22.5;16;19.3;4.5;13.5;0;4.82;21040
100095;50.48832;4.94402;172;20230627;22.6;12.8;17.7;3;12.4;0;4.18;19603
100095;50.48832;4.94402;172;20230628;22.7;14.8;18.7;1.9;14.67;0;3.14;14094
100095;50.48832;4.94402;172;20230629;23;16.9;19.9;2.1;16.77;5;2.82;11453
100095;50.48832;4.94402;172;20230630;22;12.7;17.3;2.4;13.17;1;4.14;22564
100095;50.48832;4.94402;172;20230701;20.9;14.2;17.5;5.9;14.27;2;3.39;12428
100095;50.48832;4.94402;172;20230702;21.5;13.3;17.4;5.5;12.24;0;4.55;19469
100095;50.48832;4.94402;172;20230703;21.1;12;16.6;5.9;11.4;0;4.75;21267
100095;50.48832;4.94402;172;20230704;21.2;12;16.6;4.8;12.64;3;4.11;19616
100095;50.48832;4.94402;172;20230705;19;12.1;15.6;7.2;12.47;2;3.83;19036
100095;50.48832;4.94402;172;20230706;22.3;10.1;16.2;3.2;11.14;0;4.73;25712
100095;50.48832;4.94402;172;20230707;28.4;12.4;20.4;2.6;11.9;0;5.76;26674
100095;50.48832;4.94402;172;20230708;31.5;16.5;24;2.1;15.34;1;5.79;25225
100095;50.48832;4.94402;172;20230709;29.1;20.3;24.7;2.7;18.8;5;4.86;18611
100095;50.48832;4.94402;172;20230710;26.4;14.9;20.6;2.2;14.9;0;5.03;25770
100095;50.48832;4.94402;172;20230711;30.1;17;23.5;3.9;14.84;1;6.51;25618
100095;50.48832;4.94402;172;20230712;23.1;15.1;19.1;4.6;13.7;0;4.78;21162
100095;50.48832;4.94402;172;20230713;22.4;12.7;17.5;4.2;12.77;0;4.22;19182
100095;50.48832;4.94402;172;20230714;26.8;12.2;19.5;3.1;12.64;0;4.91;20566
100095;50.48832;4.94402;172;20230715;25.4;20;22.7;5.6;14.34;5;5.49;15163
100095;50.48832;4.94402;172;20230716;22.5;14.1;18.3;5.5;13.27;1;4.72;20538
100095;50.48832;4.94402;172;20230717;22.4;12.9;17.6;3.9;13;1;4.28;20619
100095;50.48832;4.94402;172;20230718;25.3;10.9;18.1;1.8;11.64;0;4.6;24383
100095;50.48832;4.94402;172;20230719;21.8;12.6;17.2;3.1;12.84;0;3.71;17343
100095;50.48832;4.94402;172;20230720;23;13.7;18.4;2.4;13.7;0;3.62;17092
100095;50.48832;4.94402;172;20230721;21.7;12.1;16.9;2.3;12.74;0;3.59;18452
100095;50.48832;4.94402;172;20230722;21.4;10.2;15.8;4.1;10.9;0;4.08;17921
100095;50.48832;4.94402;172;20230723;20.7;15.5;18.1;5.9;14.34;9;3.34;10632
100095;50.48832;4.94402;172;20230724;20.3;16.4;18.4;4.4;16.3;8;2.99;13175
100095;50.48832;4.94402;172;20230725;18.8;12.7;15.7;2.7;12.6;0;2.85;13934
100095;50.48832;4.94402;172;20230726;21.5;12.4;17;4.2;11.84;4;4.18;18940
100095;50.48832;4.94402;172;20230727;17.6;13.9;15.8;5.8;16.04;15;1.46;5997
100095;50.48832;4.94402;172;20230728;23.4;16.1;19.8;4.5;18.5;6;2.92;12641
100095;50.48832;4.94402;172;20230729;22.5;15.7;19.1;3.7;16.74;6;3.21;14710
100095;50.48832;4.94402;172;20230730;21.6;12.8;17.2;5.6;14.1;1;3.54;15122
100095;50.48832;4.94402;172;20230731;18.7;15.4;17.1;6.5;16.2;18;2.13;8545
100095;50.48832;4.94402;172;20230801;20.1;14.3;17.2;5.5;15.1;4;3.21;16424
100095;50.48832;4.94402;172;20230802;21.3;14.4;17.8;6.3;15.9;11;3.15;13990
100095;50.48832;4.94402;172;20230803;19.9;14.9;17.4;6.5;15.14;5;3.12;13924
100095;50.48832;4.94402;172;20230804;21.1;11.7;16.4;2.6;13.87;1;3.15;17556
100095;50.48832;4.94402;172;20230805;17.4;10.8;14.1;3.6;13.44;14;2.15;11863
100095;50.48832;4.94402;172;20230806;15;12.9;13.9;5.3;13.64;7;1.7;8408
100095;50.48832;4.94402;172;20230807;19.6;9.9;14.7;4.6;11.54;0;3.54;18513
100095;50.48832;4.94402;172;20230808;17.9;11;14.4;4.6;13.04;3;2.58;14204
100095;50.48832;4.94402;172;20230809;21.4;13.6;17.5;3.2;14.07;1;3.55;18914
100095;50.48832;4.94402;172;20230810;24.7;10.2;17.4;1.8;12.3;0;4.21;24558
100095;50.48832;4.94402;172;20230811;28.1;14.8;21.4;3;16.47;7;4.4;19001
100095;50.48832;4.94402;172;20230812;23.3;18.3;20.8;3.5;18.24;3;3.34;15490
100095;50.48832;4.94402;172;20230813;23.9;14;18.9;2.8;14.2;0;3.75;17878
100095;50.48832;4.94402;172;20230814;26.8;12.6;19.7;2.9;15.47;0;4.27;21050
100095;50.48832;4.94402;172;20230815;25.6;16;20.8;2.5;17.1;0;3.52;16429
100095;50.48832;4.94402;172;20230816;23.2;16.9;20;2.9;17.2;0;2.82;11813
100095;50.48832;4.94402;172;20230817;20.9;15.9;18.4;3.1;17.34;0;2.21;10130
100095;50.48832;4.94402;172;20230818;28.2;16.2;22.2;2.6;20.1;0;3.61;16604
100095;50.48832;4.94402;172;20230819;25.2;22.5;23.9;3;20.5;1;3.15;10713
100095;50.48832;4.94402;172;20230820;27.5;15.6;21.5;1.8;17.84;0;3.71;18929
100095;50.48832;4.94402;172;20230821;25.7;14.9;20.3;2;15.84;0;3.84;20675
100095;50.48832;4.94402;172;20230822;25;13.5;19.3;1.6;15.37;0;3.36;18496
100095;50.48832;4.94402;172;20230823;27.4;14.2;20.8;1.7;16.4;1;3.89;21207
100095;50.48832;4.94402;172;20230824;23.9;17.8;20.9;3;18.67;12;2.67;10828
100095;50.48832;4.94402;172;20230825;21.4;17.3;19.4;3.1;17.97;18;2.21;9066
101095;50.71245;4.9198;111;20230101;13.5;12.9;13.2;8.2;10.2;4;2.28;1085
101095;50.71245;4.9198;111;20230102;11.5;10.3;10.9;6.5;10.8;6;1;1717
101095;50.71245;4.9198;111;20230103;8.6;4;6.3;5.5;8.6;1;0.44;2567
101095;50.71245;4.9198;111;20230104;12.6;7.8;10.2;9.8;11.2;3;0.75;2161
101095;50.71245;4.9198;111;20230105;11.2;9.8;10.5;5.2;10.9;1;0.74;1904
101095;50.71245;4.9198;111;20230106;11;9.8;10.4;6.7;10.8;1;0.87;1535
101095;50.71245;4.9198;111;20230107;10.9;9.3;10.1;6.8;9.7;1;1.21;1820
101095;50.71245;4.9198;111;20230108;10.1;6.2;8.2;6.9;9;4;0.86;2763
101095;50.71245;4.9198;111;20230109;7.2;5;6.1;6.2;7.9;3;0.72;2313
101095;50.71245;4.9198;111;20230110;7.3;3.4;5.4;6.6;7.4;4;0.76;2558
101095;50.71245;4.9198;111;20230111;11;7.2;9.1;7;10.54;5;0.47;3166
101095;50.71245;4.9198;111;20230112;11;8.1;9.6;11;10.2;9;1.01;2190
101095;50.71245;4.9198;111;20230113;9.2;7.4;8.3;7.9;8.2;0;1.28;3248
101095;50.71245;4.9198;111;20230114;11.2;5.4;8.3;7.8;9.2;11;0.98;2267
101095;50.71245;4.9198;111;20230115;6.5;5.5;6;8.1;7.2;2;1.14;2101
101095;50.71245;4.9198;111;20230116;6.1;4.2;5.2;6.3;7.1;6;0.85;2230
101095;50.71245;4.9198;111;20230117;2.8;-0.9;1;2.4;5.3;0;0.33;3928
101095;50.71245;4.9198;111;20230118;3.4;-2.2;0.6;3.7;5;1;0.51;4082
101095;50.71245;4.9198;111;20230119;2.7;-0.3;1.2;5;5.9;1;0.42;2608
101095;50.71245;4.9198;111;20230120;4.1;-0.6;1.8;4.3;6;9;0.44;3403
101095;50.71245;4.9198;111;20230121;-0.8;-3.5;-2.1;3.5;5.2;0;0.08;3406
101095;50.71245;4.9198;111;20230122;-0.6;-2;-1.3;3.3;5.4;0;0.2;1753
101095;50.71245;4.9198;111;20230123;2;-0.6;0.7;2.8;6;0;0.33;1253
101095;50.71245;4.9198;111;20230124;1.3;1;1.2;3.3;5.7;0;0.54;377
101095;50.71245;4.9198;111;20230125;-1;-1.1;-1;1.6;5.1;0;0.33;1267
101095;50.71245;4.9198;111;20230126;5.3;-3.1;1.1;2.2;6.2;1;0.3;3026
101095;50.71245;4.9198;111;20230127;3.7;2.7;3.2;3.9;6.6;0;0.56;1835
101095;50.71245;4.9198;111;20230128;1.5;1.2;1.4;2.2;5.3;0;0.52;2467
101095;50.71245;4.9198;111;20230129;2.5;-3;-0.2;3.7;5.2;0;0.45;3038
101095;50.71245;4.9198;111;20230130;7.6;1.5;4.6;5.8;7.5;0;0.57;4343
101095;50.71245;4.9198;111;20230131;7.2;1.4;4.3;9.8;7.6;1;0.55;4360
101095;50.71245;4.9198;111;20230201;9.1;4;6.6;6.2;7.6;0;1.08;3542
101095;50.71245;4.9198;111;20230202;9.7;6.1;7.9;5.8;8.6;0;1;3583
101095;50.71245;4.9198;111;20230203;10;8.2;9.1;5.3;9.6;1;0.94;2510
101095;50.71245;4.9198;111;20230204;9.2;6.9;8.1;1.5;10.2;1;0.41;2137
101095;50.71245;4.9198;111;20230205;7.9;5.8;6.9;3.8;8.1;1;0.78;3378
101095;50.71245;4.9198;111;20230206;5.7;1.1;3.4;2.2;6.7;0;0.47;4405
101095;50.71245;4.9198;111;20230207;4.5;-2.3;1.1;1.6;5.4;0;0.41;6039
101095;50.71245;4.9198;111;20230208;5.8;-2.8;1.5;1.6;4;0;0.66;7558
101095;50.71245;4.9198;111;20230209;5.4;-1.6;1.9;3.2;4.3;0;1.01;6678
101095;50.71245;4.9198;111;20230210;7.7;0.5;4.1;3.7;6.8;0;0.7;6240
101095;50.71245;4.9198;111;20230211;7.3;4.5;5.9;3.2;8.7;0;0.46;1830
101095;50.71245;4.9198;111;20230212;7.5;5.6;6.6;1.1;8.4;0;0.51;2989
101095;50.71245;4.9198;111;20230213;11.6;0.1;5.9;1.2;7.7;0;0.55;8983
101095;50.71245;4.9198;111;20230214;13.3;2.3;7.8;1.1;7.4;0;0.7;9050
101095;50.71245;4.9198;111;20230215;11.8;3.2;7.5;2.4;6.9;0;1.09;7844
101095;50.71245;4.9198;111;20230216;12.1;5;8.6;5.4;8.6;1;1.31;4810
101095;50.71245;4.9198;111;20230217;14;9.1;11.6;7.7;11.1;0;1.41;4075
101095;50.71245;4.9198;111;20230218;10.6;9.1;9.9;7.4;11;1;0.77;3122
101095;50.71245;4.9198;111;20230219;9.8;8.9;9.4;4.8;9.6;0;1.05;2558
101095;50.71245;4.9198;111;20230220;7.8;4.8;6.3;5.8;8.4;0;0.75;2226
101095;50.71245;4.9198;111;20230221;8.2;5.1;6.7;2.2;8.7;0;0.62;4543
101095;50.71245;4.9198;111;20230222;10.3;0.5;5.4;1.8;8;2;0.66;5701
101095;50.71245;4.9198;111;20230223;8.6;7;7.8;1.7;9.5;0;0.61;3578
101095;50.71245;4.9198;111;20230224;6.7;2.2;4.5;2.7;7.3;0;0.67;5975
101095;50.71245;4.9198;111;20230225;7;1.5;4.3;3.2;6.1;0;1.02;6072
101095;50.71245;4.9198;111;20230226;3.6;-2.1;0.8;3.7;4.3;0;1.07;6405
101095;50.71245;4.9198;111;20230227;4.8;-3.1;0.9;3.4;4.5;0;1.06;10208
101095;50.71245;4.9198;111;20230228;3.9;-3.2;0.4;2.9;4;0;1.07;9801
101095;50.71245;4.9198;111;20230301;5.4;-4.6;0.4;2.5;4.1;0;1.07;11292
101095;50.71245;4.9198;111;20230302;8.5;-3.8;2.4;2.7;4.7;0;1.28;12096
101095;50.71245;4.9198;111;20230303;4.6;-2.3;1.2;2.2;5.6;0;0.7;6726
101095;50.71245;4.9198;111;20230304;6.2;1.7;4;2.3;6.4;0;0.84;5068
101095;50.71245;4.9198;111;20230305;4.7;2.5;3.6;2;6.8;1;0.67;4563
101095;50.71245;4.9198;111;20230306;6.4;1.2;3.8;4.3;6.3;2;1.04;6227
101095;50.71245;4.9198;111;20230307;4.9;3.2;4.1;5.3;7.2;14;0.71;3517
101095;50.71245;4.9198;111;20230308;1.6;-0.2;0.7;2.2;6.4;20;0.34;2218
101095;50.71245;4.9198;111;20230309;12.6;1.3;7;3.8;9.3;7;0.89;5770
101095;50.71245;4.9198;111;20230310;9.6;8;8.8;6.3;9;4;1.35;5070
101095;50.71245;4.9198;111;20230311;5.8;-1.4;2.2;1.9;5.2;0;0.99;8250
101095;50.71245;4.9198;111;20230312;11.6;2.2;6.9;5.4;8.2;2;1.31;6993
101095;50.71245;4.9198;111;20230313;16.1;10;13.1;10.1;11.5;2;2.3;8687
101095;50.71245;4.9198;111;20230314;9.3;8.1;8.7;6.2;8.8;8;1.36;3508
101095;50.71245;4.9198;111;20230315;8.6;0.8;4.7;2.7;6.4;1;1.27;10404
101095;50.71245;4.9198;111;20230316;14.2;4.4;9.3;5;6.4;0;2.66;10515
101095;50.71245;4.9198;111;20230317;17.8;8.2;13;4.2;8;2;2.87;9169
101095;50.71245;4.9198;111;20230318;16.2;9.1;12.7;5;11;2;2.05;10067
101095;50.71245;4.9198;111;20230319;13.8;8.6;11.2;3.5;10.3;2;1.55;7781
101095;50.71245;4.9198;111;20230320;10.7;4.4;7.6;4.2;8.4;0;1.33;8058
101095;50.71245;4.9198;111;20230321;14;8.8;11.4;4.2;9.9;0;1.83;8260
101095;50.71245;4.9198;111;20230322;12;9;10.5;7.1;10.3;0;1.51;5734
101095;50.71245;4.9198;111;20230323;14.3;11.3;12.8;7.8;11.1;5;2.13;7040
101095;50.71245;4.9198;111;20230324;13.7;8.9;11.3;8;10.3;3;2.06;9965
101095;50.71245;4.9198;111;20230325;12.3;7.5;9.9;8.7;8.6;0;2.25;7554
101095;50.71245;4.9198;111;20230326;7.7;7;7.4;3.6;8.5;9;1;3547
101095;50.71245;4.9198;111;20230327;7.4;2.4;4.9;2.9;6.2;1;1.43;10130
101095;50.71245;4.9198;111;20230328;9.1;-0.4;4.4;3.3;5.8;0;1.68;12653
101095;50.71245;4.9198;111;20230329;16.3;4.5;10.4;5;9.1;0;2.32;11103
101095;50.71245;4.9198;111;20230330;14.7;11.4;13.1;6.9;10.8;7;2.38;8576
101095;50.71245;4.9198;111;20230331;12.7;9.8;11.3;8.7;10.6;8;1.82;6982
101095;50.71245;4.9198;111;20230401;10;8.3;9.2;6.5;10.6;6;0.9;4903
101095;50.71245;4.9198;111;20230402;5.2;5;5.1;4.8;8.1;0;0.64;2930
101095;50.71245;4.9198;111;20230403;8.9;-0.3;4.3;3;5.4;0;1.98;17192
101095;50.71245;4.9198;111;20230404;8.8;-1.2;3.8;2.1;4.7;0;1.92;16504
101095;50.71245;4.9198;111;20230405;12;0.2;6.1;1.1;4.7;0;1.98;16561
101095;50.71245;4.9198;111;20230406;9.9;4.6;7.3;3.8;7.5;8;1.55;7271
101095;50.71245;4.9198;111;20230407;10.4;6.5;8.5;2.1;9.4;0;1.2;7508
101095;50.71245;4.9198;111;20230408;12.9;6.5;9.7;1.3;8.9;0;1.3;6297
101095;50.71245;4.9198;111;20230409;15.8;3.6;9.7;1.6;8.1;0;2.25;16373
101095;50.71245;4.9198;111;20230410;16.3;7.8;12.1;4.9;8.4;4;3.04;12903
101095;50.71245;4.9198;111;20230411;13.3;7.1;10.2;5.8;8.6;2;2.47;12579
101095;50.71245;4.9198;111;20230412;10.9;7.5;9.2;6.1;8.9;8;1.9;10346
101095;50.71245;4.9198;111;20230413;13.4;5.4;9.4;6.2;7.5;1;2.82;14320
101095;50.71245;4.9198;111;20230414;13.5;3.2;8.4;2.3;7.1;0;2.28;15473
101095;50.71245;4.9198;111;20230415;14.5;6.1;10.3;2.9;7.9;0;2.57;15449
101095;50.71245;4.9198;111;20230416;8.8;5.6;7.2;3;9.4;0;1.06;8217
101095;50.71245;4.9198;111;20230417;13.8;7.3;10.6;2.6;9.5;0;2.03;12470
101095;50.71245;4.9198;111;20230418;13.6;3.3;8.5;3.9;8.4;0;2.4;18419
101095;50.71245;4.9198;111;20230419;15;6.5;10.8;4.4;7.9;0;3.04;16693
101095;50.71245;4.9198;111;20230420;9.4;3;6.2;3.1;6.5;2;1.81;10597
101095;50.71245;4.9198;111;20230421;16.1;4.1;10.1;2.8;8.5;0;2.77;18842
101095;50.71245;4.9198;111;20230422;15.7;5.5;10.6;2.5;10.4;2;2.08;13986
101095;50.71245;4.9198;111;20230423;15.1;8.3;11.7;5.2;10.4;3;2.5;14727
101095;50.71245;4.9198;111;20230424;12.3;7;9.7;5.5;8.9;3;2.23;12819
101095;50.71245;4.9198;111;20230425;10.5;5;7.8;2.1;7.3;0;1.96;13045
101095;50.71245;4.9198;111;20230426;11.4;-0.7;5.4;1.1;6.1;0;2.08;17648
101095;50.71245;4.9198;111;20230427;13.9;1.4;7.7;2;7;3;2.5;18468
101095;50.71245;4.9198;111;20230428;17.6;8.3;13;3.2;12.1;2;2.13;11536
101095;50.71245;4.9198;111;20230429;13;7.9;10.5;2.1;10.3;0;1.61;9230
101095;50.71245;4.9198;111;20230430;17.6;5.3;11.5;2.2;9.4;0;2.96;19644
101095;50.71245;4.9198;111;20230501;16.6;9.8;13.2;2.1;10.3;1;2.48;13365
101095;50.71245;4.9198;111;20230502;14.8;8.7;11.8;2.3;9.4;0;2.68;16828
101095;50.71245;4.9198;111;20230503;15.7;2;8.9;3.1;7.4;0;3.25;23334
101095;50.71245;4.9198;111;20230504;24.2;6.6;15.4;3;9.8;0;4.38;21577
101095;50.71245;4.9198;111;20230505;18.6;12.1;15.4;3.4;12.9;1;2.89;15425
101095;50.71245;4.9198;111;20230506;19;8.9;14;1.6;12.2;1;2.73;17043
101095;50.71245;4.9198;111;20230507;16.9;12.3;14.6;1.1;14.3;4;1.66;8888
101095;50.71245;4.9198;111;20230508;19.1;12.8;16;2;14.7;0;2.19;11365
101095;50.71245;4.9198;111;20230509;14.3;12.8;13.6;3.6;13.6;16;1.19;3860
101095;50.71245;4.9198;111;20230510;15.3;10.8;13.1;3.2;13;8;1.67;8969
101095;50.71245;4.9198;111;20230511;17.5;9.8;13.7;1.8;12.2;9;2.37;13862
101095;50.71245;4.9198;111;20230512;17.5;10.7;14.1;2;13.3;5;2.12;11945
101095;50.71245;4.9198;111;20230513;21.4;9.8;15.6;2;12.3;0;3.71;22443
101095;50.71245;4.9198;111;20230514;18.9;10.4;14.7;2.4;12.6;0;2.91;16960
101095;50.71245;4.9198;111;20230515;15.4;7.7;11.6;2.8;10.7;0;2.38;14859
101095;50.71245;4.9198;111;20230516;14.4;4.9;9.7;3.2;8.6;0;2.97;21252
101095;50.71245;4.9198;111;20230517;15.6;5.1;10.4;2.2;8.6;0;3.04;20918
101095;50.71245;4.9198;111;20230518;15.7;3.4;9.6;2.2;7.8;0;3.15;21914
101095;50.71245;4.9198;111;20230519;18.7;5.5;12.1;2.4;8.3;0;3.72;22683
101095;50.71245;4.9198;111;20230520;20.3;8.5;14.4;3.5;10.1;0;4.03;21535
101095;50.71245;4.9198;111;20230521;22.3;9.5;15.9;2.3;12.8;0;3.85;22444
101095;50.71245;4.9198;111;20230522;18.6;11.6;15.1;2.8;14.2;0;2.49;14165
101095;50.71245;4.9198;111;20230523;17.5;12.1;14.8;3.4;11.4;0;3.23;16609
101095;50.71245;4.9198;111;20230524;15.9;5.2;10.6;2.3;9;0;3.13;21651
101095;50.71245;4.9198;111;20230525;18.2;7.1;12.7;2.7;10;0;3.79;25020
101095;50.71245;4.9198;111;20230526;19;7.3;13.2;4.2;9.2;0;4.37;25720
101095;50.71245;4.9198;111;20230527;21.8;7.1;14.5;3.4;9.6;0;4.57;24698
101095;50.71245;4.9198;111;20230528;23.9;10.5;17.2;2.6;10.8;0;4.67;23654
101095;50.71245;4.9198;111;20230529;19;9.5;14.3;5;10.2;0;4.02;19964
101095;50.71245;4.9198;111;20230530;19.7;7.4;13.6;4.3;9.7;0;4.23;23315
101095;50.71245;4.9198;111;20230531;23.9;9.5;16.7;3.6;11.9;0;5.05;27248
101095;50.71245;4.9198;111;20230601;21.5;9.7;15.6;3.3;11.9;0;4.18;23319
101095;50.71245;4.9198;111;20230602;18.1;9.3;13.7;4;9.7;0;3.88;20780
101095;50.71245;4.9198;111;20230603;21.8;9.5;15.7;3.4;9.6;0;4.66;23044
101095;50.71245;4.9198;111;20230604;22.7;8.9;15.8;3.2;8.8;0;4.98;24472
101095;50.71245;4.9198;111;20230605;22.9;9;16;2.9;11.7;0;4.84;28349
101095;50.71245;4.9198;111;20230606;24.5;9.3;16.9;2.7;12.5;0;4.98;28224
101095;50.71245;4.9198;111;20230607;22;11.5;16.8;1.7;14;0;3.76;21996
100094;50.47228;4.59257;155;20230608;25.9;13;19.4;3.8;13.65;0;5.64;28349
100094;50.47228;4.59257;155;20230609;28.9;13.7;21.3;3.2;13.25;0;6.31;28869
100094;50.47228;4.59257;155;20230610;29.8;15.9;22.9;3;12.5;0;6.53;27631
100094;50.47228;4.59257;155;20230611;30.2;15.9;23.1;2.3;14.15;0;6.07;27860
100094;50.47228;4.59257;155;20230612;29.5;15.1;22.3;2;12.85;0;5.64;26138
100094;50.47228;4.59257;155;20230613;27.4;15.3;21.4;2.9;10.95;0;6.31;28801
100094;50.47228;4.59257;155;20230614;25.8;12.9;19.3;2.9;10.35;0;5.94;29032
100094;50.47228;4.59257;155;20230615;26.1;12.1;19.1;2.5;10.35;0;5.83;29485
100094;50.47228;4.59257;155;20230616;26.5;12;19.3;1.9;10.95;0;5.27;26859
100094;50.47228;4.59257;155;20230617;27.5;12.6;20;1.5;11.3;1;4.53;21342
100094;50.47228;4.59257;155;20230618;25.1;15.7;20.4;3;14.8;2;3.58;12204
100094;50.47228;4.59257;155;20230619;25.8;16.4;21.1;3.4;16.1;0;4.81;21746
100094;50.47228;4.59257;155;20230620;28.8;16.9;22.9;3.1;17.8;10;4.5;16908
100094;50.47228;4.59257;155;20230621;25.8;16.7;21.2;2.7;17.45;0;4.76;23861
100094;50.47228;4.59257;155;20230622;19.8;17.9;18.8;3.5;16.75;19;2.18;6849
100094;50.47228;4.59257;155;20230623;25.4;12.6;19;2.3;15.5;0;4.62;25022
100094;50.47228;4.59257;155;20230624;26.6;13.7;20.1;1.9;13.7;0;5.39;28958
100094;50.47228;4.59257;155;20230625;30;14.8;22.4;2.4;14.55;0;6.12;29065
100094;50.47228;4.59257;155;20230626;22.5;15.9;19.2;4.5;13.5;0;4.78;21642
100094;50.47228;4.59257;155;20230627;22.6;12.7;17.6;2.9;12.35;0;4.04;19143
100094;50.47228;4.59257;155;20230628;22.5;14.9;18.7;2.1;14.65;0;3.14;13990
100094;50.47228;4.59257;155;20230629;23;16.4;19.7;2;16.7;4;2.68;10822
100094;50.47228;4.59257;155;20230630;22.1;12.5;17.3;2.3;13.1;1;4.17;22971
100094;50.47228;4.59257;155;20230701;20.8;14.2;17.5;5.5;14.35;2;3.25;12561
100094;50.47228;4.59257;155;20230702;21.6;13.3;17.5;5.1;12.25;0;4.6;20834
100094;50.47228;4.59257;155;20230703;21;12.1;16.5;5.6;11.5;0;4.6;21122
100094;50.47228;4.59257;155;20230704;21;12;16.5;4.5;12.65;5;3.93;19069
100094;50.47228;4.59257;155;20230705;19.2;12.1;15.7;6.8;12.4;2;3.9;19624
100094;50.47228;4.59257;155;20230706;22.4;10;16.2;3.1;11.15;0;4.67;25579
100094;50.47228;4.59257;155;20230707;28.2;11.9;20.1;2.3;12;0;5.5;26418
100094;50.47228;4.59257;155;20230708;31.2;15.4;23.3;1.9;15.8;2;5.44;25065
100094;50.47228;4.59257;155;20230709;28.3;19.7;24;2.5;18.75;4;4.33;17037
100094;50.47228;4.59257;155;20230710;26.5;14.6;20.5;2.1;14.7;0;5.12;26605
100094;50.47228;4.59257;155;20230711;30;16.5;23.3;3.5;14.85;1;6.32;26033
100094;50.47228;4.59257;155;20230712;23;15;19;4.6;13.6;1;4.73;21211
100094;50.47228;4.59257;155;20230713;22.5;12.7;17.6;4;12.75;0;4.21;19238
100094;50.47228;4.59257;155;20230714;26.8;11.5;19.1;3.1;12.55;0;4.92;21649
100094;50.47228;4.59257;155;20230715;25.3;19.6;22.5;5;14.35;6;5.12;15269
100094;50.47228;4.59257;155;20230716;22.3;13.9;18.1;4.6;13.35;0;4.39;20357
100094;50.47228;4.59257;155;20230717;22.4;13;17.7;3.5;13.1;1;4.1;19805
100094;50.47228;4.59257;155;20230718;25.3;10.3;17.8;1.7;11.65;0;4.54;24949
100094;50.47228;4.59257;155;20230719;21.6;12.2;16.9;3;12.8;0;3.55;16675
100094;50.47228;4.59257;155;20230720;23.3;13.8;18.5;2.4;13.6;0;3.79;18171
100094;50.47228;4.59257;155;20230721;21.4;11.7;16.6;2.3;12.6;0;3.5;18113
100094;50.47228;4.59257;155;20230722;21.1;10.2;15.7;3.8;11.1;0;3.85;17933
100094;50.47228;4.59257;155;20230723;21;15.2;18.1;5.6;14.45;11;3.26;11279
100094;50.47228;4.59257;155;20230724;19.7;16.5;18.1;4.1;16.45;11;2.8;13791
100094;50.47228;4.59257;155;20230725;19.1;12.9;16;2.9;12.45;0;2.96;14014
100094;50.47228;4.59257;155;20230726;21.5;12.5;17;3.8;11.85;3;4.15;19532
100094;50.47228;4.59257;155;20230727;17.6;14.1;15.9;5.3;16.15;17;1.43;6289
100094;50.47228;4.59257;155;20230728;23.4;16.3;19.9;4.1;18.45;4;2.88;12285
100094;50.47228;4.59257;155;20230729;22.5;15.7;19.1;3.5;16.45;6;3.25;15034
100094;50.47228;4.59257;155;20230730;21.5;12.8;17.1;5.2;14.1;1;3.41;14780
100094;50.47228;4.59257;155;20230731;18.7;15.6;17.2;5.9;16.2;17;2.03;7707
100094;50.47228;4.59257;155;20230801;20.3;14.4;17.3;5.2;15.05;3;3.22;16421
100094;50.47228;4.59257;155;20230802;21;14.4;17.7;6;16;16;2.97;13854
100094;50.47228;4.59257;155;20230803;19.9;15.1;17.5;6;15.05;4;3.19;14804
100094;50.47228;4.59257;155;20230804;21.4;11.7;16.6;2.5;13.8;1;3.25;17984
100094;50.47228;4.59257;155;20230805;17.2;10.6;13.9;3.5;13.45;13;1.93;10418
100094;50.47228;4.59257;155;20230806;15.5;12.9;14.2;5.5;13.55;8;1.94;10166
100094;50.47228;4.59257;155;20230807;19.6;10;14.8;4.1;11.55;0;3.57;19655
100094;50.47228;4.59257;155;20230808;17.9;10.9;14.4;4.1;13.1;2;2.44;13414
100094;50.47228;4.59257;155;20230809;21.5;13.7;17.6;3.3;14;1;3.68;19868
100094;50.47228;4.59257;155;20230810;25.1;9.8;17.4;1.7;12.25;0;4.26;25001
100094;50.47228;4.59257;155;20230811;28.1;14.2;21.1;2.4;16.6;4;4.07;18568
100094;50.47228;4.59257;155;20230812;23.5;18.5;21;3.3;17.9;2;3.49;16083
100094;50.47228;4.59257;155;20230813;23.9;13.8;18.9;2.6;14.1;0;3.68;17925
100094;50.47228;4.59257;155;20230814;26.9;12.2;19.5;2.5;15.15;1;4.23;21855
100094;50.47228;4.59257;155;20230815;25.7;15.7;20.7;2.5;16.65;0;3.63;17189
100094;50.47228;4.59257;155;20230816;23.5;17;20.3;2.9;16.8;0;3.02;12551
100094;50.47228;4.59257;155;20230817;21;15.9;18.5;3.1;17;0;2.28;10140
100094;50.47228;4.59257;155;20230818;28.4;16.2;22.3;2.5;20;0;3.62;16401
100094;50.47228;4.59257;155;20230819;25;22.2;23.6;2.9;20.4;1;2.94;9926
100094;50.47228;4.59257;155;20230820;27.7;15.1;21.4;1.8;17.35;0;3.71;18898
100094;50.47228;4.59257;155;20230821;25.9;14.8;20.3;2.3;15.6;0;3.99;21090
100094;50.47228;4.59257;155;20230822;25.3;13.1;19.2;1.6;15.25;0;3.42;19318
100094;50.47228;4.59257;155;20230823;27.7;13.9;20.8;1.6;16.35;1;3.91;21480
100094;50.47228;4.59257;155;20230824;23.7;17.7;20.7;3;18.8;12;2.51;10102
100094;50.47228;4.59257;155;20230825;20.8;17.4;19.1;2.8;17.8;23;1.91;7300
100094;50.47228;4.59257;155;20230826;20.9;11.6;16.3;3.6;12.2;1;3.51;19119
100094;50.47228;4.59257;155;20230827;19.3;12;15.7;2.9;13;1;2.96;17990
100094;50.47228;4.59257;155;20230828;19.1;10.4;14.7;1.9;12.9;1;2.11;11845
100094;50.47228;4.59257;155;20230829;20.1;11.8;15.9;1.5;13.35;1;2.22;12264
100094;50.47228;4.59257;155;20230830;18;11.1;14.6;3.4;12.6;6;2.13;9669
100094;50.47228;4.59257;155;20230831;18.4;10.8;14.6;3.7;12.7;6;2.27;11418
100094;50.47228;4.59257;155;20230901;21.6;12.7;17.1;3;17.05;7;2.06;11665
100094;50.47228;4.59257;155;20230902;24.9;14.9;19.9;2;17.5;0;2.96;16232
100094;50.47228;4.59257;155;20230903;23.7;14.9;19.3;2.1;16.7;0;2.68;13935
100094;50.47228;4.59257;155;20230904;25.8;11;18.4;2.5;14.5;0;3.36;16863
100094;50.47228;4.59257;155;20230905;30.4;13.3;21.9;2.3;15;0;4.28;20127
100094;50.47228;4.59257;155;20230906;29.3;16.3;22.8;2.3;15.85;0;4.18;19413
100094;50.47228;4.59257;155;20230907;29.2;13.7;21.4;1.9;15.3;0;3.81;19769
100094;50.47228;4.59257;155;20230908;30.1;16.2;23.2;1.8;17.9;0;3.7;18746
100094;50.47228;4.59257;155;20230909;31.4;16.3;23.8;1.1;19.05;0;3.4;18312
100094;50.47228;4.59257;155;20230910;31;18.5;24.8;2.4;18.15;0;3.98;16628
100094;50.47228;4.59257;155;20230911;27.1;18.2;22.6;2.5;17.4;0;3.22;13496
100094;50.47228;4.59257;155;20230912;24.9;16.9;20.9;1.8;18.5;5;2.27;10957
100094;50.47228;4.59257;155;20230913;21.2;15.9;18.5;3.3;16.3;0;2.38;11790
100094;50.47228;4.59257;155;20230914;22.4;10.2;16.3;1.4;12.95;0;2.53;16837
100094;50.47228;4.59257;155;20230915;23.7;10.3;17;1.7;12.95;0;2.69;15912
100094;50.47228;4.59257;155;20230916;25.5;12.7;19.1;1.9;15.4;5;2.5;12045
100094;50.47228;4.59257;155;20230917;24;16.8;20.4;2.4;19.1;2;2.19;10944
100094;50.47228;4.59257;155;20230918;22.7;17.5;20.1;5.3;16.95;2;3;11911
100094;50.47228;4.59257;155;20230919;18.6;12.9;15.7;6;12.95;0;2.51;9587
100094;50.47228;4.59257;155;20230920;21.6;15.1;18.3;5.6;14.5;0;2.98;10119
100094;50.47228;4.59257;155;20230921;17.3;16.2;16.8;4.9;14.75;12;1.81;4904
100094;50.47228;4.59257;155;20230922;15.3;11.6;13.4;4.3;12.25;8;1.71;9046
100094;50.47228;4.59257;155;20230923;17.2;9;13.1;3.6;11.1;0;2.15;13712
100094;50.47228;4.59257;155;20230924;19.1;7.1;13.1;2.8;10.5;0;2.36;16124
100094;50.47228;4.59257;155;20230925;21.9;11.3;16.6;3.1;11.1;0;2.86;13405
100094;50.47228;4.59257;155;20230926;22.6;10.5;16.5;2;12.7;0;2.13;10602
100094;50.47228;4.59257;155;20230927;24;11.6;17.8;2.3;13.91;0;2.24;10112
100094;50.47228;4.59257;155;20230928;20.7;14.5;17.6;3.4;14.51;0;2.13;8900
100094;50.47228;4.59257;155;20230929;19.8;15.5;17.7;3.4;15.5;2;1.81;6658
100094;50.47228;4.59257;155;20230930;18.5;9.9;14.2;1.7;12.1;0;1.67;11630
100094;50.47228;4.59257;155;20231001;23.9;11.2;17.5;3;13;0;2.72;14133
100094;50.47228;4.59257;155;20231002;25.8;14.1;20;3;14.65;0;2.84;11695
100094;50.47228;4.59257;155;20231003;17.9;17.5;17.7;5.7;13.8;0;2.55;7335
100094;50.47228;4.59257;155;20231004;16.9;9.3;13.1;3.8;11.4;0;1.75;9092
100094;50.47228;4.59257;155;20231005;17;11.2;14.1;3.4;11.7;0;1.72;7926
100094;50.47228;4.59257;155;20231006;18.7;10.4;14.6;3.6;11.65;0;2.03;10131
100094;50.47228;4.59257;155;20231007;22;12.3;17.2;4.8;13.3;0;2.69;11213
100094;50.47228;4.59257;155;20231008;23.2;12.2;17.7;3;13.05;0;2.38;10714
100094;50.47228;4.59257;155;20231009;20.5;14.3;17.4;3.3;13.7;0;2;6941
100094;50.47228;4.59257;155;20231010;24.2;11.3;17.7;3.6;12.25;0;2.8;10390
100094;50.47228;4.59257;155;20231011;22.9;14.3;18.6;4.5;12.45;1;3.01;10039
100094;50.47228;4.59257;155;20231012;17;14;15.5;3.3;14.95;4;1.09;3918
100094;50.47228;4.59257;155;20231013;22.2;16.8;19.5;6;16.7;3;2.35;4833
100094;50.47228;4.59257;155;20231014;13.6;8.6;11.1;5;10.9;2;1.28;9034
100094;50.47228;4.59257;155;20231015;10.9;5.4;8.2;2.9;8.05;1;1.16;8493
100094;50.47228;4.59257;155;20231016;11.3;1.3;6.3;2.3;7.6;0;0.99;8677
100094;50.47228;4.59257;155;20231017;12.7;4.6;8.7;4.1;7.8;0;1.56;8861
100094;50.47228;4.59257;155;20231018;16.9;4.7;10.8;3.8;9.95;8;1.48;6497
100094;50.47228;4.59257;155;20231019;17.9;12.4;15.2;4.6;14.6;2;1.23;5277
100094;50.47228;4.59257;155;20231020;15.3;14.2;14.7;3.6;14.7;8;0.89;2664
100094;50.47228;4.59257;155;20231021;14.5;11.5;13;6.5;12.05;3;1.44;6322
100094;50.47228;4.59257;155;20231022;14.7;9.7;12.2;4.3;11.8;2;1.11;4958
100094;50.47228;4.59257;155;20231023;11.6;6.5;9.1;2.9;10.7;5;0.58;4164
100094;50.47228;4.59257;155;20231024;15;10.3;12.6;4.4;11.1;3;1.42;5063
100094;50.47228;4.59257;155;20231025;12.7;8.6;10.6;3.5;10.8;11;0.88;2880
100094;50.47228;4.59257;155;20231026;12.7;6.6;9.6;2.5;10.85;10;0.63;5081
100094;50.47228;4.59257;155;20231027;13.4;9.6;11.5;4.2;11.55;4;0.91;5007
100094;50.47228;4.59257;155;20231028;13.4;9.5;11.4;5.9;11.35;4;1.05;4692
100094;50.47228;4.59257;155;20231029;14.6;11.4;13;7.7;11.4;1;1.69;4503
100094;50.47228;4.59257;155;20231030;12.4;9.7;11;4;11.6;5;0.74;2479
100094;50.47228;4.59257;155;20231031;11.3;9;10.2;4.5;11.15;3;0.66;3032
100094;50.47228;4.59257;155;20231101;14.2;10.8;12.5;6.3;11.5;4;1.32;4128
100094;50.47228;4.59257;155;20231102;12.9;9.1;11;10.3;9.45;2;1.97;4126
100094;50.47228;4.59257;155;20231103;10.6;6.8;8.7;7.4;8.45;0;1.37;5355
100094;50.47228;4.59257;155;20231104;11.3;6.9;9.1;6;9.5;4;1.01;3089
100094;50.47228;4.59257;155;20231105;11.4;8.8;10.1;6.6;10.2;3;1.04;3531
100094;50.47228;4.59257;155;20231106;11.4;7.6;9.5;6.3;9.4;1;1.09;5055
100094;50.47228;4.59257;155;20231107;9.6;7.8;8.7;5.1;9.3;3;0.85;3402
100094;50.47228;4.59257;155;20231108;10.2;6.3;8.2;6.2;9.15;11;0.84;3947
100094;50.47228;4.59257;155;20231109;10.7;8.2;9.5;6;10;7;0.85;3781
100094;50.47228;4.59257;155;20231110;9;5.6;7.3;6.6;8.51;9;0.87;2933
100096;50.50328;5.29569;226;20230708;32;17.6;24.8;1.9;15.3;1;5.7;24715
100096;50.50328;5.29569;226;20230709;31.8;20.2;26;2.4;19.4;5;5.01;18653
100096;50.50328;5.29569;226;20230710;26;16;21;2.2;15.9;0;4.95;25333
100096;50.50328;5.29569;226;20230711;30.4;17.6;24;3.7;15.27;0;6.61;26796
100096;50.50328;5.29569;226;20230712;23.3;15.2;19.3;3.9;14.23;1;4.65;21821
100096;50.50328;5.29569;226;20230713;22;12.1;17.1;3.6;12.93;0;3.81;17489
100096;50.50328;5.29569;226;20230714;26.8;12.8;19.8;2.9;12.97;0;4.79;20700
100096;50.50328;5.29569;226;20230715;25.6;20.8;23.2;5.9;14.93;4;5.69;15783
100096;50.50328;5.29569;226;20230716;23;14.6;18.8;5.6;13.53;1;4.8;20067
100096;50.50328;5.29569;226;20230717;22.4;12.3;17.3;3.4;13.03;0;4.24;21815
100096;50.50328;5.29569;226;20230718;25.4;11.3;18.4;2;11.8;0;4.57;23750
100096;50.50328;5.29569;226;20230719;22.7;12.6;17.7;2.9;13.2;1;3.77;17793
100096;50.50328;5.29569;226;20230720;22.8;13;17.9;2.3;13.83;1;3.78;19411
100096;50.50328;5.29569;226;20230721;22.3;13;17.6;2;13.1;0;3.36;16410
100096;50.50328;5.29569;226;20230722;22.4;9.6;16;3.7;10.87;0;4.23;19432
100096;50.50328;5.29569;226;20230723;20.1;16;18.1;6;14.57;5;3.1;8646
100096;50.50328;5.29569;226;20230724;21.7;16.1;18.9;4;16.5;7;2.97;12247
100096;50.50328;5.29569;226;20230725;17.8;12.4;15.1;2.1;13.07;0;2.51;13191
100096;50.50328;5.29569;226;20230726;21.3;11.3;16.3;3.7;12.07;4;3.68;17118
100096;50.50328;5.29569;226;20230727;17.6;13.7;15.6;5.3;16.1;15;1.4;5570
100096;50.50328;5.29569;226;20230728;23.1;15.7;19.4;3.8;18.9;5;2.64;12085
100096;50.50328;5.29569;226;20230729;22.7;16;19.4;3;17.73;7;3.13;15353
100096;50.50328;5.29569;226;20230730;21.7;12.9;17.3;4.9;14.57;1;3.37;14868
100096;50.50328;5.29569;226;20230731;18.7;14.9;16.8;6.4;16.53;16;1.91;7807
100096;50.50328;5.29569;226;20230801;19.9;14;16.9;4.9;15.8;4;2.79;14509
100096;50.50328;5.29569;226;20230802;22.2;14.2;18.2;6;16.2;8;3.3;14553
100096;50.50328;5.29569;226;20230803;19.2;14.5;16.9;6.3;15.67;6;2.38;10187
100096;50.50328;5.29569;226;20230804;20.4;11.6;16;2.2;14.47;1;2.66;14600
100096;50.50328;5.29569;226;20230805;18.3;10.8;14.6;3.2;13.7;9;2.28;12151
100096;50.50328;5.29569;226;20230806;14;12.8;13.4;4.9;13.9;8;1.38;6897
100096;50.50328;5.29569;226;20230807;19.4;9.9;14.7;4.8;11.87;0;3.32;16309
100096;50.50328;5.29569;226;20230808;18;10.7;14.3;4.2;12.87;5;2.54;13361
100096;50.50328;5.29569;226;20230809;21.4;13.4;17.4;2.9;14.4;2;3.51;19135
100096;50.50328;5.29569;226;20230810;24.2;10.3;17.3;1.4;12.27;0;4.01;24290
100096;50.50328;5.29569;226;20230811;28.3;14.9;21.6;3;16.37;5;4.67;20822
100096;50.50328;5.29569;226;20230812;22.8;18;20.4;3.3;19.3;6;2.9;14101
100096;50.50328;5.29569;226;20230813;23.6;13.9;18.8;2.8;14.77;0;3.67;18328
100096;50.50328;5.29569;226;20230814;26.6;13.1;19.9;2.8;16.43;0;3.89;18879
100096;50.50328;5.29569;226;20230815;25.2;16.9;21;2.4;18.8;1;3.35;16536
100096;50.50328;5.29569;226;20230816;22.6;16.4;19.5;2;18.57;1;2.32;10879
100096;50.50328;5.29569;226;20230817;20.8;16.3;18.6;2.5;18.5;0;1.96;9270
100096;50.50328;5.29569;226;20230818;28.3;16.4;22.3;2.4;20.5;0;3.67;17537
100096;50.50328;5.29569;226;20230819;25.9;23.3;24.6;2.8;20.93;1;3.3;11496
100096;50.50328;5.29569;226;20230820;27.2;16.5;21.8;1.5;19.2;0;3.77;20396
100096;50.50328;5.29569;226;20230821;25.6;15.2;20.4;1.5;17.2;0;3.64;20515
100096;50.50328;5.29569;226;20230822;24.8;14.3;19.5;1.4;15.9;0;3.3;18351
100096;50.50328;5.29569;226;20230823;26.6;14.6;20.6;1.5;16.8;0;3.72;20687
100096;50.50328;5.29569;226;20230824;24.6;17.7;21.2;2.7;18.8;12;2.45;8427
100096;50.50328;5.29569;226;20230825;22.8;16.9;19.8;3.1;18.67;12;2.23;9166
100096;50.50328;5.29569;226;20230826;20.8;11.7;16.2;4.1;12.87;1;3.31;16928
100096;50.50328;5.29569;226;20230827;19.5;12.1;15.8;3.1;13.2;1;2.84;16085
100096;50.50328;5.29569;226;20230828;17.8;10.1;14;1.9;12.97;0;1.89;10908
100096;50.50328;5.29569;226;20230829;19.4;11.7;15.5;1.7;13.77;3;2.07;11554
100096;50.50328;5.29569;226;20230830;16.7;11.6;14.2;3.2;12.83;5;1.85;8846
100096;50.50328;5.29569;226;20230831;18.7;10.2;14.5;3.7;12.8;3;2.38;12438
100096;50.50328;5.29569;226;20230901;20.4;12.9;16.7;3;17;7;1.75;9387
100096;50.50328;5.29569;226;20230902;24.4;14.4;19.4;2.1;17.43;0;2.95;16411
100096;50.50328;5.29569;226;20230903;21.8;14;17.9;2.1;15.87;0;2.58;14901
100096;50.50328;5.29569;226;20230904;25.2;11.8;18.5;2.9;13.83;0;3.55;18014
100096;50.50328;5.29569;226;20230905;31.3;15.2;23.3;2.6;14.43;0;4.69;19797
100096;50.50328;5.29569;226;20230906;29.2;15.9;22.6;2.4;15.6;0;4.19;19489
100096;50.50328;5.29569;226;20230907;30;13.5;21.8;2.4;15.5;0;4.19;19765
100096;50.50328;5.29569;226;20230908;29.6;17.7;23.7;2.1;17.63;0;3.9;18258
100096;50.50328;5.29569;226;20230909;30;17.1;23.6;1.8;19.03;0;3.6;17965
100096;50.50328;5.29569;226;20230910;30.4;19.1;24.8;2.1;18.67;0;3.78;16808
100096;50.50328;5.29569;226;20230911;27.8;19.2;23.5;2.5;18.07;0;3.51;14978
100096;50.50328;5.29569;226;20230912;24.4;16.5;20.4;1.6;18.73;16;2.28;12058
100096;50.50328;5.29569;226;20230913;20.5;15.7;18.1;3;17;0;1.9;8907
100096;50.50328;5.29569;226;20230914;20.9;10.2;15.6;1.6;13.27;0;2.3;15210
100096;50.50328;5.29569;226;20230915;22.9;11.1;17;2.2;12.97;0;2.75;15448
100096;50.50328;5.29569;226;20230916;24.9;13.2;19;1.7;15.8;7;2.32;11709
100096;50.50328;5.29569;226;20230917;24.2;16.7;20.5;2.2;19.43;1;2.34;12549
100096;50.50328;5.29569;226;20230918;23;17.6;20.3;5.8;17.37;1;3.14;11911
100096;50.50328;5.29569;226;20230919;18.7;12.4;15.6;6.3;13.4;0;2.47;10526
100096;50.50328;5.29569;226;20230920;22.1;14.9;18.5;6.3;14.6;0;3.33;11450
100096;50.50328;5.29569;226;20230921;18.9;17.2;18.1;5.5;14.7;8;2.39;4524
100096;50.50328;5.29569;226;20230922;16.8;11.6;14.2;5;12.47;4;2.06;10396
100096;50.50328;5.29569;226;20230923;16.6;9;12.8;4.2;11.13;0;2.1;12721
100096;50.50328;5.29569;226;20230924;19;8.2;13.6;3.3;10.45;0;2.52;15822
100096;50.50328;5.29569;226;20230925;21.5;10.6;16;2.9;10.7;0;2.78;13562
100096;50.50328;5.29569;226;20230926;22.2;11.3;16.8;2.7;12.5;0;2.46;11787
100096;50.50328;5.29569;226;20230927;23.8;12.3;18.1;3;13.68;0;2.64;11479
100096;50.50328;5.29569;226;20230928;21.8;15.3;18.5;3.5;15.5;0;2.29;9097
100096;50.50328;5.29569;226;20230929;20.9;16.5;18.7;3.9;15.9;3;2.04;7191
100096;50.50328;5.29569;226;20230930;18.4;10.2;14.3;1.9;12.4;0;1.7;11604
100096;50.50328;5.29569;226;20231001;23.6;11.6;17.6;3.7;13;0;2.93;13895
100096;50.50328;5.29569;226;20231002;26;16.2;21.1;3.8;14.5;0;3.34;11790
100096;50.50328;5.29569;226;20231003;18.3;17.9;18.1;5.9;13.8;6;2.72;5971
100096;50.50328;5.29569;226;20231004;16.3;9.1;12.7;4.1;11.25;0;1.73;9454
100096;50.50328;5.29569;226;20231005;16.6;10.7;13.7;3.7;11.43;0;1.74;7399
100096;50.50328;5.29569;226;20231006;17.9;10.2;14.1;4.3;11.45;0;2.08;9882
100096;50.50328;5.29569;226;20231007;21.3;11.5;16.4;5.2;13.05;0;2.61;10688
100096;50.50328;5.29569;226;20231008;22.3;12.4;17.4;3.2;13.18;0;2.37;10511
100096;50.50328;5.29569;226;20231009;21;14.2;17.6;3.4;13.83;0;2.13;7326
100096;50.50328;5.29569;226;20231010;23.1;11.9;17.5;3.9;12.4;0;2.75;10245
100096;50.50328;5.29569;226;20231011;23.2;14.2;18.7;5;12.97;0;3.19;9493
100096;50.50328;5.29569;226;20231012;16.9;14.1;15.5;4.3;14.55;2;1.33;4040
100096;50.50328;5.29569;226;20231013;21.7;16.1;18.9;7.2;16.28;2;2.5;4987
100096;50.50328;5.29569;226;20231014;13.4;8.9;11.1;5.5;11;2;1.29;8895
100096;50.50328;5.29569;226;20231015;10.3;4.6;7.5;3.3;7.93;1;1.14;8354
100096;50.50328;5.29569;226;20231016;11.1;1.5;6.3;2.8;7.5;0;1.06;8578
100096;50.50328;5.29569;226;20231017;12.6;4.4;8.5;3.9;7.57;0;1.52;8837
100096;50.50328;5.29569;226;20231018;16.7;4.8;10.8;4.4;9.93;5;1.64;6817
100096;50.50328;5.29569;226;20231019;17.6;11.9;14.7;4.6;14.87;2;1.14;5484
100096;50.50328;5.29569;226;20231020;15;14.2;14.6;4;14.48;13;0.95;2612
100096;50.50328;5.29569;226;20231021;14.3;11.9;13.1;7.3;11.75;1;1.65;6801
100096;50.50328;5.29569;226;20231022;14;9.5;11.7;5.3;11.6;2;1.13;4483
100096;50.50328;5.29569;226;20231023;12.4;6.6;9.5;3.4;10.77;3;0.7;4411
100096;50.50328;5.29569;226;20231024;13.9;10.1;12;5;11.03;4;1.35;4954
100096;50.50328;5.29569;226;20231025;12.5;8.3;10.4;4.4;10.58;8;0.99;2643
100096;50.50328;5.29569;226;20231026;11.4;7.2;9.3;2.9;10.73;11;0.63;4322
100096;50.50328;5.29569;226;20231027;13.3;8.8;11;4.7;11.23;5;0.91;4316
100096;50.50328;5.29569;226;20231028;12.8;9;10.9;6.2;11.1;3;1.02;4572
100096;50.50328;5.29569;226;20231029;13.8;11.1;12.4;8.6;11.48;1;1.56;4467
100096;50.50328;5.29569;226;20231030;14;10.1;12.1;4.7;11.38;6;1.15;3146
100096;50.50328;5.29569;226;20231031;12.3;8.6;10.5;5.6;10.88;2;0.91;3839
100096;50.50328;5.29569;226;20231101;14;10.4;12.2;6.8;11.2;1;1.42;4068
100096;50.50328;5.29569;226;20231102;13.5;9.6;11.5;10.3;9.4;1;2.26;4196
100096;50.50328;5.29569;226;20231103;10.5;6.8;8.7;8.6;8.15;0;1.59;5267
100096;50.50328;5.29569;226;20231104;10.7;6.8;8.7;7.1;9.18;3;1.13;3255
100096;50.50328;5.29569;226;20231105;10.8;8.8;9.8;7.2;10.33;3;0.99;2608
100096;50.50328;5.29569;226;20231106;11.3;7.7;9.5;7.5;9.3;2;1.26;4936
100096;50.50328;5.29569;226;20231107;9.8;7.5;8.6;6.2;9.25;2;0.94;3506
100096;50.50328;5.29569;226;20231108;9.8;6.6;8.2;7.6;8.98;8;1.01;4175
100096;50.50328;5.29569;226;20231109;10.5;8.3;9.4;7;9.68;6;1.03;3480
100096;50.50328;5.29569;226;20231110;8.2;5.3;6.8;6.8;8.49;7;0.82;2486
100096;50.50328;5.29569;226;20231111;8.5;4;6.3;4.3;8.43;3;0.53;4211
100096;50.50328;5.29569;226;20231112;8.6;3.6;6.1;2.9;8.33;3;0.51;3390
100096;50.50328;5.29569;226;20231113;14.3;5.8;10.1;6.3;11.2;6;0.84;2066
100096;50.50328;5.29569;226;20231114;11.6;9.4;10.5;8;10.57;11;1.16;1734
100096;50.50328;5.29569;226;20231115;11.7;8.5;10.1;6;10.17;2;0.97;3538
100096;50.50328;5.29569;226;20231116;7.6;5.7;6.6;3;8.9;5;0.49;1715
100096;50.50328;5.29569;226;20231117;7.7;5.6;6.6;2.5;8.73;0;0.44;2475
100096;50.50328;5.29569;226;20231118;9;3.9;6.4;5.2;9.37;7;0.38;1271
100096;50.50328;5.29569;226;20231119;12.6;9;10.8;7.1;11.53;2;0.73;4178
100096;50.50328;5.29569;226;20231120;10.2;8.5;9.4;5.4;10.63;5;0.6;2554
100096;50.50328;5.29569;226;20231121;9.2;6.7;7.9;2.2;9.97;1;0.4;1682
100096;50.50328;5.29569;226;20231122;5.8;2.9;4.4;2.9;7.37;0;0.34;3783
100096;50.50328;5.29569;226;20231123;10.4;3.6;7;5.4;9.6;0;0.44;1611
100096;50.50328;5.29569;226;20231124;6.3;5.6;6;5;8.33;5;0.51;2194
100096;50.50328;5.29569;226;20231125;5.5;0.8;3.1;3.8;7.03;5;0.37;2178
100096;50.50328;5.29569;226;20231126;5.1;2.5;3.8;4.2;7.47;4;0.36;1701
100096;50.50328;5.29569;226;20231127;4.5;2;3.2;6.5;7.03;11;0.5;962
100096;50.50328;5.29569;226;20231128;1.5;-0.2;0.6;4.5;5.7;0;0.36;2594
100096;50.50328;5.29569;226;20231129;3.6;-1.7;1;4.5;6.07;2;0.34;1967
100096;50.50328;5.29569;226;20231130;3.5;1;2.2;1.8;6.53;1;0.27;2153
100096;50.50328;5.29569;226;20231201;-0.2;-1.5;-0.8;3;5.03;0;0.42;888
100096;50.50328;5.29569;226;20231202;-0.6;-3.4;-2;2.8;4.13;0;0.29;4066
100096;50.50328;5.29569;226;20231203;0.8;-3;-1.1;4.8;4.7;1;0.42;3027
100096;50.50328;5.29569;226;20231204;4.4;-0.1;2.1;5.4;5.47;8;0.84;1911
100096;50.50328;5.29569;226;20231205;6.1;4.4;5.3;5;8.23;4;0.47;836
100096;50.50328;5.29569;226;20231206;5.2;1.5;3.3;3.2;6.93;1;0.29;2508
100096;50.50328;5.29569;226;20231207;3.9;0;2;3.5;5.73;2;0.43;2967
100096;50.50328;5.29569;226;20231208;6.8;1.8;4.3;4.7;7.43;1;0.49;1235
100096;50.50328;5.29569;226;20231209;8.4;5.9;7.1;7;8.7;8;0.75;1405
100096;50.50328;5.29569;226;20231210;9.4;7.4;8.4;8.7;8.77;2;1.14;1899
100096;50.50328;5.29569;226;20231211;9.6;7.9;8.8;6.9;9.3;1;0.95;1539
101095;50.71245;4.9198;111;20230608;25.6;11.8;18.7;2.7;14.2;0;5.13;27871
101095;50.71245;4.9198;111;20230609;28.6;14.3;21.5;2.8;14.4;0;5.96;28558
101095;50.71245;4.9198;111;20230610;29.2;17;23.1;2.7;14;0;5.65;23263
101095;50.71245;4.9198;111;20230611;30.3;15.9;23.1;2.2;14.7;0;5.66;25318
101095;50.71245;4.9198;111;20230612;30;16.8;23.4;2.2;12.9;0;5.82;25295
101095;50.71245;4.9198;111;20230613;26.8;15.8;21.3;2.6;11.9;0;5.78;26824
101095;50.71245;4.9198;111;20230614;25.4;13.9;19.7;2.7;11.1;0;5.52;26504
101095;50.71245;4.9198;111;20230615;25.9;13.5;19.7;1.9;11.4;0;5.31;27617
101095;50.71245;4.9198;111;20230616;27;12.5;19.8;1.1;11.5;0;4.89;26968
101095;50.71245;4.9198;111;20230617;27.7;13;20.4;1.2;12.2;0;4.86;25722
101095;50.71245;4.9198;111;20230618;24.3;18.2;21.3;2.6;14.8;0;3.92;14919
101095;50.71245;4.9198;111;20230619;26.3;16.7;21.5;3.3;16.5;0;4.87;21759
101095;50.71245;4.9198;111;20230620;29.6;18.1;23.9;3.3;18.2;10;5.16;20032
101095;50.71245;4.9198;111;20230621;25.6;17.1;21.4;1.9;17.9;1;4.2;20954
101095;50.71245;4.9198;111;20230622;19.8;17.1;18.5;2.7;17.9;36;2.16;9782
101095;50.71245;4.9198;111;20230623;25.5;13.3;19.4;2.2;16.2;0;4.73;26080
101095;50.71245;4.9198;111;20230624;27.6;14.6;21.1;1.5;14;0;4.82;24190
101095;50.71245;4.9198;111;20230625;30.6;17;23.8;2.2;14.8;0;5.7;24731
101095;50.71245;4.9198;111;20230626;22.3;16.6;19.5;4.2;14.2;0;4.34;18089
101095;50.71245;4.9198;111;20230627;22.3;13;17.7;2.7;13;0;3.84;18342
101095;50.71245;4.9198;111;20230628;22.7;15;18.9;1.6;15.3;0;3.1;14881
101095;50.71245;4.9198;111;20230629;23.2;17.3;20.3;1.8;17.4;4;3;13611
101095;50.71245;4.9198;111;20230630;22.1;12.6;17.4;2.1;13.7;0;3.99;22266
101095;50.71245;4.9198;111;20230701;20.6;14.6;17.6;5.6;15.2;3;3.11;12630
101095;50.71245;4.9198;111;20230702;21.8;14;17.9;5.2;13;0;4.18;16209
101095;50.71245;4.9198;111;20230703;21.1;12.8;17;6.2;11.9;0;4.77;21443
101095;50.71245;4.9198;111;20230704;21.1;12.5;16.8;4.8;13.3;4;4.04;20178
101095;50.71245;4.9198;111;20230705;19.5;12.7;16.1;7.2;12.9;2;3.94;19124
101095;50.71245;4.9198;111;20230706;22.6;10.6;16.6;2.7;11.6;0;4.51;24424
101095;50.71245;4.9198;111;20230707;28.7;14.9;21.8;1.9;12.2;0;5.73;28272
101095;50.71245;4.9198;111;20230708;31.8;16.5;24.2;1.2;16.6;2;5.25;25745
101095;50.71245;4.9198;111;20230709;29;22.2;25.6;2.2;19;2;4.48;17090
101095;50.71245;4.9198;111;20230710;27;15.6;21.3;2.2;14.9;0;4.95;23886
101095;50.71245;4.9198;111;20230711;30.1;18.3;24.2;3.6;15.8;1;6.18;24030
101095;50.71245;4.9198;111;20230712;23.2;15.1;19.2;4.6;14.4;1;4.61;21016
101095;50.71245;4.9198;111;20230713;21.8;13;17.4;3.9;13.5;0;3.87;18243
101095;50.71245;4.9198;111;20230714;26.8;13.8;20.3;3.3;13.1;0;5.06;20950
101095;50.71245;4.9198;111;20230715;25.9;19.8;22.9;4.8;15.2;6;5;14344
101095;50.71245;4.9198;111;20230716;22.7;13.8;18.3;5.3;14.2;1;4.16;17764
101095;50.71245;4.9198;111;20230717;22.1;13.1;17.6;4;13.4;1;4.44;23189
101095;50.71245;4.9198;111;20230718;24.8;12.1;18.5;1.6;12.1;0;4.54;25058
101095;50.71245;4.9198;111;20230719;21.7;13;17.4;2.7;13.9;1;3.5;17816
101095;50.71245;4.9198;111;20230720;22.5;13.8;18.2;2.1;14.8;1;3.23;15969
101095;50.71245;4.9198;111;20230721;20.9;12.6;16.8;2;13.8;1;3.5;20110
101095;50.71245;4.9198;111;20230722;21.5;11.1;16.3;3.7;12;0;3.79;17621
101095;50.71245;4.9198;111;20230723;22.3;16.2;19.3;5.8;15;9;3.66;11109
101095;50.71245;4.9198;111;20230724;20.3;16.2;18.3;3;17.3;9;2.52;12576
101095;50.71245;4.9198;111;20230725;19.7;13;16.4;2.3;12.9;0;3.06;15626
101095;50.71245;4.9198;111;20230726;21.7;12.8;17.3;3.5;12.6;3;4.01;19630
101095;50.71245;4.9198;111;20230727;17.8;14.1;16;5.2;16.9;14;1.5;8579
101095;50.71245;4.9198;111;20230728;24;16.5;20.3;4.7;19.5;5;3.05;14008
101095;50.71245;4.9198;111;20230729;22.5;15.8;19.2;3.3;17.2;9;3.29;16643
101095;50.71245;4.9198;111;20230730;21.9;13.3;17.6;5.5;14.8;3;3.38;13979
101095;50.71245;4.9198;111;20230731;19.4;15.4;17.4;6.6;17;18;1.89;6451
101095;50.71245;4.9198;111;20230801;20.9;14.5;17.7;5.3;15.4;1;3.2;14712
101095;50.71245;4.9198;111;20230802;21.7;14.7;18.2;6.2;16.5;14;3.05;13339
101095;50.71245;4.9198;111;20230803;19;15.3;17.2;6.3;15.6;3;2.55;10431
101095;50.71245;4.9198;111;20230804;20.9;12;16.5;2.2;14.5;1;2.98;17064
101095;50.71245;4.9198;111;20230805;18.1;11.4;14.8;3.1;14.2;8;2.21;12679
101095;50.71245;4.9198;111;20230806;15.2;12.8;14;4.9;13.9;9;1.84;10635
101095;50.71245;4.9198;111;20230807;18.8;10.1;14.5;4.3;11.7;0;3.32;18390
101095;50.71245;4.9198;111;20230808;19.1;11.7;15.4;4.2;13.8;7;2.7;14341
101095;50.71245;4.9198;111;20230809;21.5;13.8;17.7;2.8;14.3;1;3.21;16040
101095;50.71245;4.9198;111;20230810;24.9;10.5;17.7;1.2;12.7;0;3.95;24039
101095;50.71245;4.9198;111;20230811;28.5;17.6;23.1;2.1;17.1;2;4.27;19221
101095;50.71245;4.9198;111;20230812;23.7;18.8;21.3;3.2;18.4;4;3.39;15195
101095;50.71245;4.9198;111;20230813;24.4;15.1;19.8;2.9;14.5;0;3.75;16292
101095;50.71245;4.9198;111;20230814;27.3;14.8;21.1;1.7;15.9;0;3.88;19484
101095;50.71245;4.9198;111;20230815;25.9;16.3;21.1;2.1;17.2;0;3.41;15913
101095;50.71245;4.9198;111;20230816;23.9;16.8;20.4;1.8;17.3;0;2.77;12842
101095;50.71245;4.9198;111;20230817;20.6;15.8;18.2;2.2;17.6;0;1.63;6328
101095;50.71245;4.9198;111;20230818;27;17;22;2.5;20.9;0;3.04;13896
101095;50.71245;4.9198;111;20230819;25.9;22.6;24.3;2.7;21.5;1;3.14;11739
101095;50.71245;4.9198;111;20230820;28.1;16.7;22.4;1.1;17.8;0;3.35;17033
101095;50.71245;4.9198;111;20230821;26.6;15.3;21;1.1;16.4;0;3.64;20760
101095;50.71245;4.9198;111;20230822;25.7;14.8;20.3;1.2;16.5;0;3.16;17246
101095;50.71245;4.9198;111;20230823;27;14.3;20.7;1.1;16.7;2;3.63;21138
101095;50.71245;4.9198;111;20230824;23.8;17.9;20.9;2.8;19.3;8;2.53;10802
101095;50.71245;4.9198;111;20230825;21.4;17.7;19.6;2;18.8;20;1.79;7453
101095;50.71245;4.9198;111;20230826;21.1;12.1;16.6;3.6;13.17;2;3.4;18466
101095;50.71245;4.9198;111;20230827;19.5;12.3;15.9;2.6;13.8;1;2.7;16033
101095;50.71245;4.9198;111;20230828;19.7;11.6;15.7;2.1;13.67;0;2.02;10766
101095;50.71245;4.9198;111;20230829;20.1;11.7;15.9;1.3;14.2;1;2.29;14132
101095;50.71245;4.9198;111;20230830;18.2;11.8;15;3.1;13;6;2.14;10077
101095;50.71245;4.9198;111;20230831;18.7;10.7;14.7;3.4;13.3;0;2.51;15739
101095;50.71245;4.9198;111;20230901;22.4;12.8;17.6;2.2;17.4;12;2.19;12626
101095;50.71245;4.9198;111;20230902;25.3;16.3;20.8;1.2;18.2;0;2.79;15601
101095;50.71245;4.9198;111;20230903;23.4;14.6;19;1.7;17.1;0;2.5;13740
101095;50.71245;4.9198;111;20230904;25;11.6;18.3;1.9;15.5;0;2.97;16849
101095;50.71245;4.9198;111;20230905;30;14.1;22.1;1.7;15.1;0;3.86;19614
101095;50.71245;4.9198;111;20230906;28.5;15.4;22;1.4;17.1;0;3.39;18512
101095;50.71245;4.9198;111;20230907;28.8;14.6;21.7;1.4;16.7;0;3.43;18949
101095;50.71245;4.9198;111;20230908;30.4;17;23.7;1.1;19.1;0;3.12;16115
101095;50.71245;4.9198;111;20230909;31.2;18.6;24.9;0.9;20.7;0;3;15455
101095;50.71245;4.9198;111;20230910;31.7;20.2;26;1.4;19.4;0;3.3;14599
101095;50.71245;4.9198;111;20230911;27.6;18.7;23.2;2.1;18.5;0;3.18;14393
101095;50.71245;4.9198;111;20230912;24.9;17;21;1.5;19.1;7;2.26;11588
101095;50.71245;4.9198;111;20230913;20.7;16.2;18.5;2.5;17.3;0;1.84;8610
101095;50.71245;4.9198;111;20230914;21.9;11.3;16.6;1.1;14;0;2.1;13389
101095;50.71245;4.9198;111;20230915;23.2;11.9;17.6;1.3;13.8;0;2.47;15656
101095;50.71245;4.9198;111;20230916;25.2;13.7;19.5;1.5;16.4;5;2.33;12435
101095;50.71245;4.9198;111;20230917;24.2;17.4;20.8;1.4;19.8;1;2.04;11094
101095;50.71245;4.9198;111;20230918;23.7;17.8;20.8;5.5;17.4;1;3.23;11771
101095;50.71245;4.9198;111;20230919;19.3;13.1;16.2;6.6;13.3;0;2.69;9057
101095;50.71245;4.9198;111;20230920;21.5;15.3;18.4;5.9;14.9;0;2.99;10352
101095;50.71245;4.9198;111;20230921;18;16.6;17.3;5.2;15.2;9;1.99;5121
101095;50.71245;4.9198;111;20230922;15.7;11.8;13.8;4.6;12.8;7;1.68;8464
101095;50.71245;4.9198;111;20230923;17.3;9.6;13.5;4.2;11.5;0;2.17;12233
101095;50.71245;4.9198;111;20230924;19.5;9.5;14.5;2.9;10.8;0;2.33;11480
101095;50.71245;4.9198;111;20230925;22.4;12.5;17.5;2.8;11.6;0;2.74;11405
101095;50.71245;4.9198;111;20230926;22.8;12.9;17.9;1.6;13.3;0;2.13;11786
101095;50.71245;4.9198;111;20230927;24.6;11.4;18;2.2;14.8;0;2.3;11947
101095;50.71245;4.9198;111;20230928;21.3;15.1;18.2;3;15.4;0;2.16;10378
101095;50.71245;4.9198;111;20230929;20.6;16.4;18.5;3.8;16;3;2;6494
101095;50.71245;4.9198;111;20230930;19.4;10.8;15.1;1.8;12.7;0;1.66;9803
101095;50.71245;4.9198;111;20231001;24.6;12.8;18.7;3;13.5;0;2.74;11337
101095;50.71245;4.9198;111;20231002;26.3;16.8;21.6;2.6;15.5;0;2.75;10727
101095;50.71245;4.9198;111;20231003;18.3;17.7;18;6.1;14.4;2;2.53;4996
101095;50.71245;4.9198;111;20231004;17.7;9.8;13.8;3.8;12.1;0;1.8;9953
101095;50.71245;4.9198;111;20231005;17.7;11.6;14.7;3.4;12.2;0;1.77;7244
101095;50.71245;4.9198;111;20231006;19.1;11.1;15.1;4.1;12.2;0;2.16;10173
101095;50.71245;4.9198;111;20231007;22.2;12.6;17.4;5;13.9;0;2.6;8952
101095;50.71245;4.9198;111;20231008;22.8;13.2;18;2.8;13.3;0;2.25;9214
101095;50.71245;4.9198;111;20231009;20.4;14.7;17.6;2.5;14.5;0;1.72;7390
101095;50.71245;4.9198;111;20231010;24.5;13.1;18.8;3.5;12.9;0;2.79;9135
101095;50.71245;4.9198;111;20231011;23.2;14.7;19;5.9;13;1;3.47;8812
101095;50.71245;4.9198;111;20231012;17.1;14.3;15.7;4;15.7;8;1.08;4530
101095;50.71245;4.9198;111;20231013;22.5;17;19.8;6.7;17.5;3;2.39;5468
101095;50.71245;4.9198;111;20231014;13.9;8.9;11.4;5;11.4;2;1.16;5564
101095;50.71245;4.9198;111;20231015;10.7;6.1;8.4;2.7;8.6;1;1.04;6713
101095;50.71245;4.9198;111;20231016;11.3;4;7.7;1.7;8.5;0;0.86;7831
101095;50.71245;4.9198;111;20231017;12.4;5.9;9.2;3.4;8.3;0;1.35;7194
101095;50.71245;4.9198;111;20231018;17.2;5;11.1;3.9;10;7;1.58;6634
101095;50.71245;4.9198;111;20231019;18.1;12.3;15.2;4.2;15;2;1.16;6186
101095;50.71245;4.9198;111;20231020;15.7;14.3;15;3.6;15.2;9;0.87;2785
101095;50.71245;4.9198;111;20231021;15;12.3;13.7;7.7;12.4;2;1.65;5106
101095;50.71245;4.9198;111;20231022;15.3;10.3;12.8;4.7;12.1;1;1.24;5138
101095;50.71245;4.9198;111;20231023;12.1;8.1;10.1;2.7;11.3;5;0.65;5195
101095;50.71245;4.9198;111;20231024;14.5;10.6;12.6;4.8;11.6;3;1.29;4716
101095;50.71245;4.9198;111;20231025;12.7;8.8;10.8;3.4;11.2;8;0.82;2355
101095;50.71245;4.9198;111;20231026;12.6;7;9.8;2.1;11;10;0.61;6066
101095;50.71245;4.9198;111;20231027;13.8;10;11.9;3.8;12;5;0.88;4914
101095;50.71245;4.9198;111;20231028;14.2;9.8;12;6.7;11.5;1;1.3;3630
99094;50.24822;4.61816;248;20230201;7.1;3.5;5.3;6.2;7.61;0;0.64;4472
99094;50.24822;4.61816;248;20230202;8.4;5.3;6.8;5.5;8.21;0;0.81;2449
99094;50.24822;4.61816;248;20230203;8.6;6.8;7.7;6.5;9.21;1;0.66;2891
99094;50.24822;4.61816;248;20230204;8.4;7.4;7.9;2.6;9.81;1;0.45;1811
99094;50.24822;4.61816;248;20230205;6.6;5.2;5.9;4.7;7.71;1;0.73;2492
99094;50.24822;4.61816;248;20230206;4.9;1.2;3;3.7;6.01;0;0.65;5321
99094;50.24822;4.61816;248;20230207;4.8;-1.9;1.4;2.1;5.01;0;0.53;7851
99094;50.24822;4.61816;248;20230208;6.6;-3.9;1.3;1.8;3.31;0;0.82;8429
99094;50.24822;4.61816;248;20230209;5.2;-3.6;0.8;2.2;3.71;0;0.87;5664
99094;50.24822;4.61816;248;20230210;6.4;1.5;3.9;2.6;6.41;0;0.67;3919
99094;50.24822;4.61816;248;20230211;6.6;2.8;4.7;2.7;8.01;0;0.4;2136
99094;50.24822;4.61816;248;20230212;7.3;4.9;6.1;1.2;8.21;0;0.5;1738
99094;50.24822;4.61816;248;20230213;11.9;-2;4.9;1.2;7.11;0;0.58;10083
99094;50.24822;4.61816;248;20230214;13.6;1.7;7.6;1.6;6.81;0;0.91;9941
99094;50.24822;4.61816;248;20230215;12.4;3.1;7.7;2;6.41;0;1.11;7462
99094;50.24822;4.61816;248;20230216;10.1;4.3;7.2;3.5;8.01;1;0.93;4403
99094;50.24822;4.61816;248;20230217;13.5;8.3;10.9;7;11.01;1;1.09;3969
99094;50.24822;4.61816;248;20230218;9.3;8.2;8.7;7.6;10.41;4;0.56;2561
99094;50.24822;4.61816;248;20230219;9.5;8.2;8.8;5.6;9.31;0;0.99;2714
99094;50.24822;4.61816;248;20230220;10.7;4.1;7.4;4.6;7.91;0;1.16;7168
99094;50.24822;4.61816;248;20230221;13.3;2.1;7.7;2.1;8.21;0;0.97;7642
99094;50.24822;4.61816;248;20230222;8.9;5.2;7;2.1;7.51;4;0.89;4687
99094;50.24822;4.61816;248;20230223;7.3;6.4;6.8;1.5;9.31;0;0.48;2643
99094;50.24822;4.61816;248;20230224;6.4;3;4.7;3;7.51;0;0.6;3612
99094;50.24822;4.61816;248;20230225;6.2;0.9;3.5;3.2;5.91;0;0.91;4538
99094;50.24822;4.61816;248;20230226;2.7;-2.4;0.1;5.2;4.11;0;1.14;7903
99094;50.24822;4.61816;248;20230227;4.2;-3.6;0.3;4.8;4.11;0;1.21;10971
99094;50.24822;4.61816;248;20230228;3.1;-3.9;-0.4;3.9;3.91;0;1.09;10835
99094;50.24822;4.61816;248;20230301;4.6;-4.1;0.2;3.1;4.11;0;1.09;11435
99094;50.24822;4.61816;248;20230302;7.7;-3.1;2.3;2.7;4.61;0;1.25;12097
99094;50.24822;4.61816;248;20230303;-0.2;-1.8;-1;3.1;5.41;0;0.35;3450
99094;50.24822;4.61816;248;20230304;4.7;-2.3;1.2;2.1;6.11;0;0.58;6843
99094;50.24822;4.61816;248;20230305;4.9;2;3.4;1.9;6.31;1;0.72;4675
99094;50.24822;4.61816;248;20230306;4.7;0.5;2.6;3.4;5.91;2;0.83;5654
99094;50.24822;4.61816;248;20230307;5.3;1.1;3.2;5.4;6.61;7;0.71;3256
99094;50.24822;4.61816;248;20230308;9.9;0.3;5.1;3.2;8.11;22;0.71;4962
99094;50.24822;4.61816;248;20230309;11.8;6.9;9.3;7.7;10.41;10;0.96;5771
99094;50.24822;4.61816;248;20230310;8.6;8.3;8.4;7.4;8.61;4;1.31;2648
99094;50.24822;4.61816;248;20230311;5.9;-1.5;2.2;1.8;5.01;0;0.98;7691
99094;50.24822;4.61816;248;20230312;10.9;0.9;5.9;5.8;7.81;2;1.12;5354
99094;50.24822;4.61816;248;20230313;14.7;9.3;12;8.4;11.31;3;1.65;6892
99094;50.24822;4.61816;248;20230314;8.5;7.4;7.9;6.3;8.41;6;1.26;4603
99094;50.24822;4.61816;248;20230315;7.6;0.8;4.2;3.4;6.01;0;1.24;8390
99094;50.24822;4.61816;248;20230316;12.8;3.7;8.2;4.7;5.91;0;2.38;9074
99094;50.24822;4.61816;248;20230317;16.1;8.6;12.3;4.3;7.31;1;2.78;8849
99094;50.24822;4.61816;248;20230318;15.1;9;12;3.9;10.51;9;1.62;6086
99094;50.24822;4.61816;248;20230319;12.7;8.6;10.6;3;10.01;9;1.29;5697
99094;50.24822;4.61816;248;20230320;10.1;3;6.5;3.5;7.71;0;1.22;7525
99094;50.24822;4.61816;248;20230321;13.8;7.8;10.8;4.2;9.31;0;1.75;7215
99094;50.24822;4.61816;248;20230322;11.6;8.3;9.9;6.8;9.91;1;1.42;6567
99094;50.24822;4.61816;248;20230323;13.9;10.3;12.1;7.3;10.91;4;1.79;6327
99094;50.24822;4.61816;248;20230324;13.2;8.1;10.6;7.4;10.01;4;1.85;10593
99094;50.24822;4.61816;248;20230325;12.3;6.7;9.5;8.5;8.21;3;2.26;9657
99094;50.24822;4.61816;248;20230326;8;5.3;6.6;4.7;8.21;9;1.06;6542
99094;50.24822;4.61816;248;20230327;5.2;2.2;3.7;3.4;5.81;0;1.28;9292
99094;50.24822;4.61816;248;20230328;8;-2;3;2.3;5.31;1;1.29;8684
99094;50.24822;4.61816;248;20230329;15.4;4.3;9.8;5.2;8.61;0;2.25;11295
99094;50.24822;4.61816;248;20230330;14.6;12.1;13.3;6.7;10.11;9;2.55;7369
99094;50.24822;4.61816;248;20230331;12.4;9.1;10.7;8.6;10.11;12;1.77;7525
99094;50.24822;4.61816;248;20230401;10;7.8;8.9;7.2;9.91;5;1.05;5478
99094;50.24822;4.61816;248;20230402;5.2;5.1;5.1;5.1;8.01;0;0.53;747
99094;50.24822;4.61816;248;20230403;9.1;0;4.5;3.4;5.31;0;2.1;18091
99094;50.24822;4.61816;248;20230404;8.3;-2.2;3;2.1;4.51;0;1.86;16847
99094;50.24822;4.61816;248;20230405;11.2;-0.9;5.1;1;4.41;0;1.99;18448
99094;50.24822;4.61816;248;20230406;9.1;3.3;6.2;2.7;7.01;3;1.41;8549
99094;50.24822;4.61816;248;20230407;11;6.3;8.6;2.9;8.71;0;1.48;8900
99094;50.24822;4.61816;248;20230408;11.6;3.3;7.4;1.5;7.91;0;1.43;9812
99094;50.24822;4.61816;248;20230409;15.4;2.5;8.9;1.6;7.41;0;2.09;14209
99094;50.24822;4.61816;248;20230410;15.4;6.5;10.9;5;7.91;5;2.66;9532
99094;50.24822;4.61816;248;20230411;12.4;6.7;9.5;6.2;8.31;5;2.26;11623
99094;50.24822;4.61816;248;20230412;10.4;6.8;8.6;5.9;8.31;6;1.94;12105
99094;50.24822;4.61816;248;20230413;11.5;3.8;7.6;5.7;7.41;1;2.11;12415
99094;50.24822;4.61816;248;20230414;11.7;2.2;6.9;2;7.11;1;1.89;14159
99094;50.24822;4.61816;248;20230415;14;6.3;10.1;2.9;7.61;0;2.24;10821
99094;50.24822;4.61816;248;20230416;8;5.1;6.5;3.4;8.71;0;1.06;8525
99094;50.24822;4.61816;248;20230417;11.5;6.9;9.2;3.2;9.11;0;1.62;9707
99094;50.24822;4.61816;248;20230418;14.1;4;9;3.5;8.01;0;2.65;19686
99094;50.24822;4.61816;248;20230419;14.6;5.3;9.9;4.6;7.41;0;3.09;18904
99094;50.24822;4.61816;248;20230420;7.8;1.9;4.8;3.5;6.21;3;1.68;11886
99094;50.24822;4.61816;248;20230421;15.6;2.6;9.1;2.7;7.61;2;2.69;18370
99094;50.24822;4.61816;248;20230422;13.2;5.9;9.5;2.7;10.21;5;1.63;11570
99094;50.24822;4.61816;248;20230423;14.9;7.9;11.4;5.3;10.11;3;2.17;10575
99094;50.24822;4.61816;248;20230424;11.7;6.1;8.9;5.3;8.61;6;1.95;11393
99094;50.24822;4.61816;248;20230425;9.4;4.3;6.8;2;7.21;0;1.7;11676
99094;50.24822;4.61816;248;20230426;11.5;-0.1;5.7;1;6.01;0;2.04;16843
99094;50.24822;4.61816;248;20230427;14.8;2.4;8.6;1.2;6.81;8;2.4;17280
99094;50.24822;4.61816;248;20230428;18.9;10.4;14.6;4.2;12.51;1;2.63;13234
99094;50.24822;4.61816;248;20230429;11.3;7.8;9.5;2.2;10.01;0;1.51;9898
99094;50.24822;4.61816;248;20230430;17.1;5.8;11.4;1.6;9.41;0;2.72;18516
99094;50.24822;4.61816;248;20230501;16;8.6;12.3;2.2;10.31;2;2.07;10563
99094;50.24822;4.61816;248;20230502;14.1;7.3;10.7;2.2;9.51;0;2.41;16647
99094;50.24822;4.61816;248;20230503;16.9;2.8;9.8;2.5;7.21;0;3.34;22712
99094;50.24822;4.61816;248;20230504;24.3;6.5;15.4;3.5;9.41;0;4.34;18702
99094;50.24822;4.61816;248;20230505;15.8;11.9;13.8;2.5;12.41;1;2.24;13027
99094;50.24822;4.61816;248;20230506;18.5;9.1;13.8;1.4;12.11;0;2.39;14378
99094;50.24822;4.61816;248;20230507;15.5;10.9;13.2;1.3;13.71;4;1.73;10893
99094;50.24822;4.61816;248;20230508;18.5;12.6;15.5;1.9;14.21;0;2.27;12691
99094;50.24822;4.61816;248;20230509;13.1;12.1;12.6;3.1;13.01;15;0.94;2994
99094;50.24822;4.61816;248;20230510;13.7;9.4;11.5;3.6;11.71;7;1.67;10522
99094;50.24822;4.61816;248;20230511;16.6;8.2;12.4;2.4;11.21;5;2.3;13700
99094;50.24822;4.61816;248;20230512;16;10.6;13.3;2.9;12.61;5;1.95;10998
99094;50.24822;4.61816;248;20230513;20.3;10.4;15.3;2.8;11.81;1;3.57;20452
99094;50.24822;4.61816;248;20230514;18.4;9.9;14.1;1.9;12.11;0;2.72;16310
99094;50.24822;4.61816;248;20230515;15.2;6.7;10.9;3.2;10.31;0;2.49;17025
99094;50.24822;4.61816;248;20230516;13.3;5;9.1;4.3;8.41;0;2.78;20244
99094;50.24822;4.61816;248;20230517;15;4.9;9.9;3.1;8.21;0;2.95;19318
99094;50.24822;4.61816;248;20230518;15.3;4.1;9.7;2.6;7.51;0;3.18;21407
99094;50.24822;4.61816;248;20230519;18.6;5.4;12;3;8.01;0;3.8;22228
99094;50.24822;4.61816;248;20230520;19.8;8.3;14;4.5;10.11;0;3.67;17272
99094;50.24822;4.61816;248;20230521;21.1;9.8;15.4;2.9;12.81;0;3.89;24120
99094;50.24822;4.61816;248;20230522;18.1;10.9;14.5;2.4;13.71;0;2.12;11686
99094;50.24822;4.61816;248;20230523;16.3;11.3;13.8;3.8;11.51;0;2.51;12052
99094;50.24822;4.61816;248;20230524;15;4.4;9.7;2.6;8.51;0;3.19;23673
99094;50.24822;4.61816;248;20230525;18.3;6.7;12.5;3.7;9.61;0;4.06;27138
99094;50.24822;4.61816;248;20230526;18.3;7.3;12.8;4.5;9.41;0;4.16;26039
99094;50.24822;4.61816;248;20230527;22.2;7;14.6;3;9.54;0;4.7;27024
99094;50.24822;4.61816;248;20230528;23.6;7.6;15.6;3;10.24;0;5;27223
99094;50.24822;4.61816;248;20230529;19.3;10.2;14.7;4.9;10.71;0;3.76;17866
99094;50.24822;4.61816;248;20230530;19.1;7.3;13.2;4.7;9.01;0;4.26;23276
99094;50.24822;4.61816;248;20230531;23.5;9.4;16.4;3.8;11.41;0;5;26994
99094;50.24822;4.61816;248;20230601;21.4;11.3;16.3;3.8;11.81;0;4.62;26065
99094;50.24822;4.61816;248;20230602;16.9;9.3;13.1;4.6;9.61;0;3.6;19623
99094;50.24822;4.61816;248;20230603;21.5;9.1;15.3;3.6;9.61;0;4.59;23488
99094;50.24822;4.61816;248;20230604;22.5;9.4;15.9;3.7;8.01;0;4.99;21585
99094;50.24822;4.61816;248;20230605;22.6;10.1;16.3;3.4;10.51;0;5.2;29081
99094;50.24822;4.61816;248;20230606;23.7;10.1;16.9;3.1;12.01;0;4.72;25395
99094;50.24822;4.61816;248;20230607;22.7;13.7;18.2;3.2;13.01;0;4.4;21981
99094;50.24822;4.61816;248;20230608;25;12.5;18.7;2.3;14.31;0;5.06;28800
99094;50.24822;4.61816;248;20230609;27.6;14;20.8;3.1;13.01;0;6.01;28887
99094;50.24822;4.61816;248;20230610;28.9;15.6;22.2;2.7;12.11;0;5.78;24441
99094;50.24822;4.61816;248;20230611;28.6;15.6;22.1;1.7;14.11;0;5.03;24194
99094;50.24822;4.61816;248;20230612;28.9;15.8;22.3;1.5;12.31;0;4.98;23524
99094;50.24822;4.61816;248;20230613;26.9;15.5;21.2;2.1;10.71;0;5.77;28471
99094;50.24822;4.61816;248;20230614;25.4;12.4;18.9;2.3;10.21;0;5.51;28558
99094;50.24822;4.61816;248;20230615;25.6;13.9;19.7;1.6;10.21;0;5.3;28439
99094;50.24822;4.61816;248;20230616;26;13.6;19.8;1.3;10.71;0;5.06;27718
99094;50.24822;4.61816;248;20230617;27.1;12.7;19.9;1.2;11.31;2;4.68;24702
99094;50.24822;4.61816;248;20230618;24.9;15.9;20.4;2.5;14.61;2;3.81;15610
99094;50.24822;4.61816;248;20230619;26.1;16.3;21.2;3.2;16.31;1;4.53;20167
99094;50.24822;4.61816;248;20230620;27.3;17;22.1;3.1;18.41;2;4.49;20226
99094;50.24822;4.61816;248;20230621;26.2;17.1;21.6;2.5;17.41;0;4.41;20945
99094;50.24822;4.61816;248;20230622;19.5;16.7;18.1;3.4;16.51;35;2.47;11227
99094;50.24822;4.61816;248;20230623;24.9;13.9;19.4;2.7;15.51;0;4.57;24079
99094;50.24822;4.61816;248;20230624;26;14.1;20;1.6;13.11;0;4.57;23268
99094;50.24822;4.61816;248;20230625;29.5;17.3;23.4;2.2;14.11;0;5.43;23551
99094;50.24822;4.61816;248;20230626;21.5;15.4;18.4;5;13.41;0;4.59;21546
99094;50.24822;4.61816;248;20230627;21.7;12.3;17;2.9;12.11;0;3.69;17057
99094;50.24822;4.61816;248;20230628;22.2;14.6;18.4;1.6;14.51;0;2.71;11957
99094;50.24822;4.61816;248;20230629;22.5;16.9;19.7;2;16.81;3;2.89;13099
99094;50.24822;4.61816;248;20230630;21.6;13;17.3;2.6;12.71;1;3.91;20182
99094;50.24822;4.61816;248;20230701;20.4;13.8;17.1;5.8;14.21;1;3.09;11927
99094;50.24822;4.61816;248;20230702;20.6;12.1;16.3;4.9;12.21;0;3.64;15210
99094;50.24822;4.61816;248;20230703;20.9;11.1;16;5.3;11.61;0;4.15;19130
99094;50.24822;4.61816;248;20230704;21.1;11.1;16.1;4.2;12.91;6;3.9;21179
99094;50.24822;4.61816;248;20230705;18;10.8;14.4;6.3;12.71;2;2.91;15902
99094;50.24822;4.61816;248;20230706;21.6;10.6;16.1;1.9;11.21;0;4.18;24304
99094;50.24822;4.61816;248;20230707;27.2;11.4;19.3;2;12.21;0;5.32;28135
100095;50.48832;4.94402;172;20230826;20.9;11.7;16.3;4;12.27;1;3.56;18674
100095;50.48832;4.94402;172;20230827;19.4;12.2;15.8;3.2;13.1;1;2.99;17312
100095;50.48832;4.94402;172;20230828;18.7;10.4;14.6;2;12.9;0;2.14;12238
100095;50.48832;4.94402;172;20230829;19.9;11.8;15.9;1.6;13.5;2;2.13;11396
100095;50.48832;4.94402;172;20230830;17.7;11.5;14.6;3.5;12.64;5;2.16;9792
100095;50.48832;4.94402;172;20230831;18.5;10.7;14.6;4.1;12.64;2;2.44;12217
100095;50.48832;4.94402;172;20230901;21.4;12.8;17.1;3.1;16.87;8;2.05;11331
100095;50.48832;4.94402;172;20230902;24.7;14.8;19.8;2.3;17.4;0;2.92;15466
100095;50.48832;4.94402;172;20230903;23.6;14.6;19.1;2.1;16.54;0;2.6;13057
100095;50.48832;4.94402;172;20230904;25.7;11.6;18.7;2.7;14.3;0;3.41;16056
100095;50.48832;4.94402;172;20230905;30.6;13.9;22.2;2.3;14.6;0;4.34;19915
100095;50.48832;4.94402;172;20230906;29.3;16.4;22.8;2.5;15.54;0;4.29;19198
100095;50.48832;4.94402;172;20230907;29.5;13.8;21.6;2.1;14.97;0;4.07;19878
100095;50.48832;4.94402;172;20230908;29.9;17.1;23.5;2.3;17.54;0;4.01;18455
100095;50.48832;4.94402;172;20230909;31;16.7;23.9;1.6;19.1;0;3.59;18273
100095;50.48832;4.94402;172;20230910;30.9;19;24.9;2.7;18.37;0;4.15;16527
100095;50.48832;4.94402;172;20230911;27.2;18.7;23;2.6;17.57;0;3.4;13842
100095;50.48832;4.94402;172;20230912;24.7;16.9;20.8;1.6;18.5;11;2.28;11429
100095;50.48832;4.94402;172;20230913;21;15.8;18.4;3.3;16.47;0;2.25;10801
100095;50.48832;4.94402;172;20230914;21.9;10.3;16.1;1.7;13.04;0;2.45;15635
100095;50.48832;4.94402;172;20230915;23.5;10.9;17.2;2.2;12.87;0;2.82;15490
100095;50.48832;4.94402;172;20230916;25.4;13;19.2;1.9;15.44;5;2.5;11972
100095;50.48832;4.94402;172;20230917;24.1;16.8;20.4;2.5;19.04;2;2.27;11245
100095;50.48832;4.94402;172;20230918;22.8;17.5;20.2;5.8;17;1;3.13;11451
100095;50.48832;4.94402;172;20230919;18.7;12.7;15.7;6.5;12.94;0;2.58;9051
100095;50.48832;4.94402;172;20230920;21.7;15;18.4;5.9;14.37;0;3.12;10096
100095;50.48832;4.94402;172;20230921;17.8;16.6;17.2;5.2;14.64;8;2.15;5261
100095;50.48832;4.94402;172;20230922;15.8;11.6;13.7;4.7;12.24;6;1.93;9561
100095;50.48832;4.94402;172;20230923;17.1;9;13.1;4;11.14;0;2.18;13361
100095;50.48832;4.94402;172;20230924;19.1;7.5;13.3;3.1;10.54;0;2.46;15596
100095;50.48832;4.94402;172;20230925;21.8;11.3;16.5;3.1;11.04;0;2.85;12783
100095;50.48832;4.94402;172;20230926;22.4;10.9;16.6;2.5;12.74;0;2.28;10583
100095;50.48832;4.94402;172;20230927;24;12.2;18.1;2.9;13.86;0;2.51;10259
100095;50.48832;4.94402;172;20230928;21.3;15;18.1;3.7;14.86;0;2.32;9141
100095;50.48832;4.94402;172;20230929;20.1;15.9;18;3.7;15.7;3;1.94;6855
100095;50.48832;4.94402;172;20230930;18.5;9.9;14.2;1.8;12.24;0;1.64;10806
100095;50.48832;4.94402;172;20231001;23.8;11.4;17.6;3.3;13.04;0;2.84;13793
100095;50.48832;4.94402;172;20231002;25.9;14.8;20.3;3.4;14.74;0;3.06;11253
100095;50.48832;4.94402;172;20231003;18;17.5;17.7;5.8;13.9;6;2.61;6995
100095;50.48832;4.94402;172;20231004;16.7;9.3;13;4.1;11.4;0;1.78;9439
100095;50.48832;4.94402;172;20231005;17;11.1;14.1;3.8;11.67;0;1.82;7732
100095;50.48832;4.94402;172;20231006;18.4;10.5;14.5;4;11.7;0;2.05;9743
100095;50.48832;4.94402;172;20231007;21.8;12;16.9;5;13.34;0;2.64;10784
100095;50.48832;4.94402;172;20231008;22.8;12.3;17.6;3.1;13.1;0;2.33;10281
100095;50.48832;4.94402;172;20231009;20.5;14.4;17.4;3.5;13.7;0;2.09;7020
100095;50.48832;4.94402;172;20231010;23.8;11.6;17.7;3.8;12.47;0;2.77;10094
100095;50.48832;4.94402;172;20231011;22.8;14.3;18.6;4.9;12.57;0;3.16;9543
100095;50.48832;4.94402;172;20231012;16.9;14;15.5;3.7;14.9;3;1.16;3887
100095;50.48832;4.94402;172;20231013;22.1;16.6;19.3;6.6;16.6;4;2.42;5116
100095;50.48832;4.94402;172;20231014;13.6;8.7;11.1;5.3;10.94;1;1.31;8927
100095;50.48832;4.94402;172;20231015;10.7;5.2;7.9;3.1;8.1;1;1.14;8305
100095;50.48832;4.94402;172;20231016;11.2;1.5;6.4;2.5;7.67;0;0.99;8038
100095;50.48832;4.94402;172;20231017;12.7;4.5;8.6;4.1;7.67;0;1.59;8378
100095;50.48832;4.94402;172;20231018;16.9;4.4;10.7;3.9;9.67;7;1.59;6782
100095;50.48832;4.94402;172;20231019;17.8;12.1;14.9;4.7;14.6;2;1.19;5632
100095;50.48832;4.94402;172;20231020;15.2;14.2;14.7;3.7;14.7;10;0.92;2949
100095;50.48832;4.94402;172;20231021;14.5;11.6;13.1;6.9;11.97;2;1.55;5868
100095;50.48832;4.94402;172;20231022;14.6;9.6;12.1;4.7;11.8;1;1.11;4810
100095;50.48832;4.94402;172;20231023;12;6.7;9.3;3.3;10.74;4;0.69;4721
100095;50.48832;4.94402;172;20231024;14.7;10.3;12.5;4.7;11.1;4;1.4;5005
100095;50.48832;4.94402;172;20231025;12.6;8.5;10.5;3.9;10.74;10;0.92;3057
100095;50.48832;4.94402;172;20231026;12.2;6.7;9.5;2.9;10.8;12;0.62;4763
100095;50.48832;4.94402;172;20231027;13.4;9.3;11.4;4.5;11.44;4;0.96;4855
100095;50.48832;4.94402;172;20231028;13.3;9.3;11.3;6;11.27;3;1.07;4563
100095;50.48832;4.94402;172;20231029;14.4;11.3;12.8;8;11.47;1;1.63;4756
100095;50.48832;4.94402;172;20231030;12.9;9.8;11.3;4.4;11.54;6;0.93;2995
100095;50.48832;4.94402;172;20231031;11.8;8.8;10.3;5.1;11.04;2;0.82;3353
100095;50.48832;4.94402;172;20231101;14.2;10.7;12.4;6.5;11.4;2;1.41;4024
100095;50.48832;4.94402;172;20231102;13.1;9.2;11.2;10.6;9.37;1;2.18;4252
100095;50.48832;4.94402;172;20231103;10.7;6.8;8.7;8;8.37;0;1.51;5023
100095;50.48832;4.94402;172;20231104;11.1;6.9;9;6.6;9.4;3;1.08;3373
100095;50.48832;4.94402;172;20231105;11.3;8.8;10;7;10.17;5;1.08;3629
100095;50.48832;4.94402;172;20231106;11.4;7.6;9.5;6.8;9.4;2;1.21;5015
100095;50.48832;4.94402;172;20231107;9.7;7.6;8.7;5.5;9.3;2;0.91;3808
100095;50.48832;4.94402;172;20231108;10.1;6.3;8.2;6.8;9.1;9;0.93;3667
100095;50.48832;4.94402;172;20231109;10.8;8.3;9.5;6.4;9.87;6;0.99;3507
100095;50.48832;4.94402;172;20231110;8.7;5.6;7.1;6.7;8.51;8;0.84;2709
100095;50.48832;4.94402;172;20231111;9.3;4;6.6;4.5;8.3;1;0.64;4812
100095;50.48832;4.94402;172;20231112;8.3;3.6;5.9;2.7;8.4;3;0.44;3319
100095;50.48832;4.94402;172;20231113;14.6;6.5;10.6;6.1;11.14;5;0.9;3135
100095;50.48832;4.94402;172;20231114;11.9;9.8;10.8;8.3;10.54;10;1.25;2230
100095;50.48832;4.94402;172;20231115;12;8.9;10.4;5.9;10.04;1;1.06;4319
100095;50.48832;4.94402;172;20231116;7.5;5.6;6.6;3.1;8.9;6;0.44;1968
100095;50.48832;4.94402;172;20231117;8.4;5.9;7.2;3.3;8.8;0;0.53;2791
100095;50.48832;4.94402;172;20231118;9.6;3.9;6.7;5.1;9.47;7;0.38;1658
100095;50.48832;4.94402;172;20231119;12.4;9.6;11;7.6;11.44;2;0.81;3274
100095;50.48832;4.94402;172;20231120;10.2;9;9.6;5.7;10.64;6;0.64;2355
100095;50.48832;4.94402;172;20231121;9.8;7.1;8.5;2.6;10.17;1;0.43;1667
100095;50.48832;4.94402;172;20231122;6.4;3.5;5;3.3;7.47;0;0.45;3116
100095;50.48832;4.94402;172;20231123;10.9;4.7;7.8;5.6;9.8;1;0.48;2389
100095;50.48832;4.94402;172;20231124;6.7;6.1;6.4;5.2;8.24;5;0.61;2275
100095;50.48832;4.94402;172;20231125;5.5;1.1;3.3;3.9;7.07;4;0.33;2871
100095;50.48832;4.94402;172;20231126;5.3;3.3;4.3;4.6;7.47;4;0.43;1869
100095;50.48832;4.94402;172;20231127;5.9;2.3;4.1;6.5;7.2;10;0.57;1468
100095;50.48832;4.94402;172;20231128;2.4;1;1.7;4.4;5.74;0;0.45;3091
100095;50.48832;4.94402;172;20231129;4.8;-1.1;1.8;4.1;6.1;3;0.37;3242
100095;50.48832;4.94402;172;20231130;3.5;1.7;2.6;2.3;6.67;0;0.32;1679
100095;50.48832;4.94402;172;20231201;0.1;-0.9;-0.4;3.8;4.97;0;0.5;931
100095;50.48832;4.94402;172;20231202;-0.1;-3.6;-1.8;3.1;4.24;0;0.33;3595
100095;50.48832;4.94402;172;20231203;0.9;-2.4;-0.7;4.9;4.7;1;0.5;2560
100095;50.48832;4.94402;172;20231204;4.3;0.3;2.3;5.4;5.47;9;0.84;1918
100095;50.48832;4.94402;172;20231205;6.1;4.4;5.3;4.2;8.3;4;0.38;1094
100095;50.48832;4.94402;172;20231206;5.2;2.4;3.8;3;7.14;1;0.32;2333
100095;50.48832;4.94402;172;20231207;4.2;1;2.6;4.6;6;2;0.54;2620
100095;50.48832;4.94402;172;20231208;7.5;2.6;5.1;4.8;7.87;1;0.49;1518
100095;50.48832;4.94402;172;20231209;10.2;6.4;8.3;6.7;9.14;8;0.89;1557
100095;50.48832;4.94402;172;20231210;9.7;8.2;8.9;9;8.97;3;1.25;2005
100095;50.48832;4.94402;172;20231211;10.2;8.5;9.3;7.2;9.41;1;1.07;1661
100095;50.48832;4.94402;172;20231212;11.4;7;9.2;4.2;10;4;0.59;2156
100095;50.48832;4.94402;172;20231213;8.4;6.9;7.7;4.3;9.67;4;0.41;1499
100095;50.48832;4.94402;172;20231214;5.8;5.1;5.4;3.3;8.7;1;0.26;1020
100095;50.48832;4.94402;172;20231215;7.9;4.6;6.3;3.2;8.54;0;0.4;1701
100095;50.48832;4.94402;172;20231216;8.2;5.1;6.7;4;7.9;0;0.72;1770
100095;50.48832;4.94402;172;20231217;8.8;4.7;6.7;4.5;8.07;0;0.52;3542
100095;50.48832;4.94402;172;20231218;1.9;1.5;1.7;5;6.44;0;0.3;1261
100095;50.48832;4.94402;172;20231219;6.8;1.4;4.1;6.7;7.94;11;0.27;1293
100095;50.48832;4.94402;172;20231220;7.5;3.8;5.7;5.8;8.57;2;0.31;2086
100095;50.48832;4.94402;172;20231221;11;7.2;9.1;8.4;10;5;0.83;1592
100095;50.48832;4.94402;172;20231222;9.5;6.1;7.8;7.8;8.9;5;0.88;1523
100095;50.48832;4.94402;172;20231223;9.9;7.5;8.7;8.1;9.3;0;0.98;1535
100095;50.48832;4.94402;172;20231224;11.2;8.2;9.7;9.5;10.7;6;0.8;1223
100095;50.48832;4.94402;172;20231225;10.8;9.6;10.2;8.4;11.37;5;0.65;948
100095;50.48832;4.94402;172;20231226;9.6;8.6;9.1;6;9.2;1;0.94;2341
100095;50.48832;4.94402;172;20231227;8.7;3.6;6.2;5.5;8.5;0;0.51;1951
100095;50.48832;4.94402;172;20231228;10.7;8.4;9.5;8.4;9.04;0;1.33;2425
100095;50.48832;4.94402;172;20231229;9.9;8.6;9.2;8.8;9.44;6;1.15;1424
100095;50.48832;4.94402;172;20231230;9.4;6.5;7.9;6.3;8.97;0;0.75;2179
100095;50.48832;4.94402;172;20231231;10;8.1;9.1;8.2;8.14;3;1.65;1585
101094;50.69632;4.56668;130;20230827;19.4;12.3;15.9;2.5;13.75;1;2.72;16550
101094;50.69632;4.56668;130;20230828;19.7;11.2;15.4;1.9;13.65;0;2.08;10950
101094;50.69632;4.56668;130;20230829;19.9;11.7;15.8;1.4;14;1;2.13;12177
101094;50.69632;4.56668;130;20230830;18.2;11.4;14.8;3.3;13.1;6;2.04;9225
101094;50.69632;4.56668;130;20230831;18.5;10.8;14.7;3.3;13.27;0;2.28;12913
101094;50.69632;4.56668;130;20230901;22.2;12.9;17.6;2.4;17.5;15;1.98;10575
101094;50.69632;4.56668;130;20230902;24.9;15.6;20.3;1.7;18.17;0;2.72;14633
101094;50.69632;4.56668;130;20230903;23.6;14.9;19.2;1.9;17.27;0;2.76;15446
101094;50.69632;4.56668;130;20230904;25.3;11.6;18.5;2.3;15.33;0;3.22;17516
101094;50.69632;4.56668;130;20230905;30.3;13.8;22.1;2.1;15.9;0;4.02;19104
101094;50.69632;4.56668;130;20230906;28.9;15.6;22.3;1.8;17.07;0;3.71;18870
101094;50.69632;4.56668;130;20230907;29.2;14.2;21.7;1.7;16.57;0;3.6;18849
101094;50.69632;4.56668;130;20230908;30.4;16.6;23.5;1.6;19;0;3.48;17205
101094;50.69632;4.56668;130;20230909;31.4;17.4;24.4;1.2;20.2;0;3.25;16285
101094;50.69632;4.56668;130;20230910;31.5;19.3;25.4;2;19.47;0;3.68;15733
101094;50.69632;4.56668;130;20230911;27.4;18.6;23;2.3;18.43;0;3.17;13464
101094;50.69632;4.56668;130;20230912;25;17.1;21.1;1.6;19.13;4;2.3;11529
101094;50.69632;4.56668;130;20230913;20.9;16.3;18.6;2.9;16.93;0;2.13;10003
101094;50.69632;4.56668;130;20230914;22.2;10.8;16.5;1.4;13.63;0;2.35;15129
101094;50.69632;4.56668;130;20230915;23.5;11.1;17.3;1.6;13.63;0;2.56;15452
101094;50.69632;4.56668;130;20230916;25.4;13.3;19.4;2;16.23;7;2.5;12011
101094;50.69632;4.56668;130;20230917;24;17.5;20.7;1.8;19.93;1;1.97;9764
101094;50.69632;4.56668;130;20230918;23.3;17.8;20.6;5;17.5;2;2.96;10923
101094;50.69632;4.56668;130;20230919;19.1;13.2;16.1;5.7;13.37;0;2.57;9619
101094;50.69632;4.56668;130;20230920;21.5;15.4;18.5;5.4;15.03;1;2.85;9184
101094;50.69632;4.56668;130;20230921;17.7;16.5;17.1;4.8;15.4;17;1.72;3640
101094;50.69632;4.56668;130;20230922;15.7;11.7;13.7;4.2;12.83;7;1.62;8221
101094;50.69632;4.56668;130;20230923;17.3;9.5;13.4;3.5;11.63;0;2.09;13077
101094;50.69632;4.56668;130;20230924;19.5;8.2;13.9;3.1;10.93;0;2.41;14460
101094;50.69632;4.56668;130;20230925;22.2;12;17.1;3.2;11.77;0;2.87;12801
101094;50.69632;4.56668;130;20230926;22.8;11.9;17.3;2;13.43;0;2.16;11328
101094;50.69632;4.56668;130;20230927;24.3;11.7;18;2.6;15.14;0;2.33;11473
101094;50.69632;4.56668;130;20230928;21;14.8;17.9;3;15.59;0;2.07;10639
101094;50.69632;4.56668;130;20230929;20.2;15.7;17.9;3.9;15.97;2;1.8;5531
101094;50.69632;4.56668;130;20230930;19;10.4;14.7;1.8;12.73;0;1.67;11367
101094;50.69632;4.56668;130;20231001;24.3;11.8;18;2.9;13.67;0;2.64;13079
101094;50.69632;4.56668;130;20231002;26.2;15.1;20.6;2.7;15.63;0;2.68;11375
101094;50.69632;4.56668;130;20231003;18.1;17.7;17.9;5.4;14.43;1;2.47;6865
101094;50.69632;4.56668;130;20231004;17.5;9.8;13.6;3.3;12.07;0;1.67;8917
101094;50.69632;4.56668;130;20231005;17.6;11.7;14.6;3.1;12.3;0;1.7;7581
101094;50.69632;4.56668;130;20231006;19.2;10.8;15;3.5;12.23;0;2.05;10824
101094;50.69632;4.56668;130;20231007;22.1;12.6;17.3;4.2;14;0;2.44;10717
101094;50.69632;4.56668;130;20231008;22.9;12.6;17.8;2.5;13.47;0;2.13;10404
101094;50.69632;4.56668;130;20231009;20.3;14.5;17.4;2.5;14.6;0;1.66;6830
101094;50.69632;4.56668;130;20231010;24.5;12.1;18.3;3.3;12.93;0;2.68;10411
101094;50.69632;4.56668;130;20231011;23;14.8;18.9;4.6;12.97;2;3.06;9337
101094;50.69632;4.56668;130;20231012;17.1;14.3;15.7;3.3;15.8;7;1;3443
101094;50.69632;4.56668;130;20231013;22.3;17;19.7;5.7;17.5;3;2.18;4622
101094;50.69632;4.56668;130;20231014;13.6;8.9;11.2;4.5;11.37;3;1.13;7321
101094;50.69632;4.56668;130;20231015;11;5.8;8.4;2.7;8.53;1;1.08;7537
101094;50.69632;4.56668;130;20231016;11.3;2.8;7.1;1.8;8.1;0;0.88;8377
101094;50.69632;4.56668;130;20231017;12.4;5.3;8.9;3.6;8.15;0;1.38;8747
101094;50.69632;4.56668;130;20231018;17;5.3;11.1;3.8;10.17;6;1.52;6578
101094;50.69632;4.56668;130;20231019;18.2;12.5;15.4;4.4;15.13;3;1.19;5195
101094;50.69632;4.56668;130;20231020;15.5;14.3;14.9;3.6;15.33;6;0.81;2195
101094;50.69632;4.56668;130;20231021;14.7;12;13.4;6.8;12.6;2;1.42;5802
101094;50.69632;4.56668;130;20231022;15.2;10.4;12.8;4.1;12.17;1;1.16;4746
101094;50.69632;4.56668;130;20231023;12;7.4;9.7;2.8;11.2;5;0.59;3965
101094;50.69632;4.56668;130;20231024;14.5;10.4;12.5;4.2;11.6;3;1.22;4738
101094;50.69632;4.56668;130;20231025;12.6;8.5;10.5;3.4;11.23;10;0.77;1918
101094;50.69632;4.56668;130;20231026;12.6;6.8;9.7;2.3;11.3;8;0.57;4488
101094;50.69632;4.56668;130;20231027;13.7;10;11.8;3.6;12.1;3;0.84;4604
101094;50.69632;4.56668;130;20231028;14;9.8;11.9;6;11.67;2;1.17;4276
101094;50.69632;4.56668;130;20231029;14.6;11.6;13.1;7.5;11.77;0;1.63;3924
101094;50.69632;4.56668;130;20231030;12.3;9.9;11.1;4.2;12;4;0.69;2320
101094;50.69632;4.56668;130;20231031;11.5;9.2;10.4;4.2;11.63;3;0.62;2354
101094;50.69632;4.56668;130;20231101;14.6;11;12.8;6.2;12.03;4;1.3;4417
101094;50.69632;4.56668;130;20231102;13.2;9.4;11.3;10.7;9.8;1;2.05;3349
101094;50.69632;4.56668;130;20231103;11.1;7.4;9.3;7.5;8.8;0;1.45;5566
101094;50.69632;4.56668;130;20231104;11.5;7.1;9.3;6.1;9.9;4;0.98;2865
101094;50.69632;4.56668;130;20231105;11.6;8.5;10;5.9;10.63;1;0.91;2975
101094;50.69632;4.56668;130;20231106;11.8;8;9.9;5.9;9.9;1;1.07;4867
101094;50.69632;4.56668;130;20231107;10.4;7.9;9.2;4.9;9.67;1;0.89;3608
101094;50.69632;4.56668;130;20231108;10.5;6.5;8.5;6.3;9.57;9;0.82;3906
101094;50.69632;4.56668;130;20231109;11.2;8.6;9.9;5.9;10.53;7;0.81;3971
101094;50.69632;4.56668;130;20231110;8.9;5.9;7.4;6.4;8.8;8;0.84;2811
101094;50.69632;4.56668;130;20231111;9.2;4.4;6.8;3.6;8.67;1;0.57;3863
101094;50.69632;4.56668;130;20231112;8.8;3.5;6.1;2.3;8.77;2;0.35;3397
101094;50.69632;4.56668;130;20231113;14.8;7;10.9;5.3;11.67;9;0.85;2016
101094;50.69632;4.56668;130;20231114;11.9;10.3;11.1;7.3;11.1;11;1.11;1539
101094;50.69632;4.56668;130;20231115;12.4;9;10.7;4.7;10.33;1;0.93;4398
101094;50.69632;4.56668;130;20231116;7.5;5.7;6.6;2.6;9.23;3;0.41;1088
101094;50.69632;4.56668;130;20231117;8.9;6.2;7.5;3.1;9.3;1;0.46;2883
101094;50.69632;4.56668;130;20231118;10.4;4.2;7.3;4.7;10.07;8;0.35;1298
101094;50.69632;4.56668;130;20231119;12.9;10.4;11.7;6.7;12.17;1;0.76;3217
101094;50.69632;4.56668;130;20231120;10.3;9.3;9.8;4.7;11.3;8;0.5;1784
101094;50.69632;4.56668;130;20231121;10.2;7.4;8.8;2.4;10.67;1;0.4;1483
101094;50.69632;4.56668;130;20231122;6.7;3.5;5.1;2.8;7.97;0;0.3;3566
101094;50.69632;4.56668;130;20231123;11.4;5.2;8.3;4.5;10.4;0;0.45;1938
101094;50.69632;4.56668;130;20231124;7;6.7;6.8;5;8.57;5;0.67;1823
101094;50.69632;4.56668;130;20231125;6.2;1.8;4;3.6;7.5;5;0.34;2352
101094;50.69632;4.56668;130;20231126;5.6;3.9;4.7;3.5;7.97;5;0.35;1777
101094;50.69632;4.56668;130;20231127;7;2.8;4.9;6;7.7;9;0.63;1007
101094;50.69632;4.56668;130;20231128;2.9;1.4;2.1;4.5;5.95;0;0.46;3281
101094;50.69632;4.56668;130;20231129;4.9;-1;1.9;3.6;6.35;1;0.25;3725
101094;50.69632;4.56668;130;20231130;2.8;1.3;2;1.6;6.83;0;0.23;1440
101094;50.69632;4.56668;130;20231201;0.4;-0.8;-0.2;2.9;5.2;0;0.43;1046
101094;50.69632;4.56668;130;20231202;0.5;-3.6;-1.6;2.3;4.53;0;0.21;3673
101094;50.69632;4.56668;130;20231203;1.2;-1.8;-0.3;4.3;5;3;0.49;1776
101094;50.69632;4.56668;130;20231204;4.4;0.4;2.4;5.5;5.83;8;0.74;1627
101094;50.69632;4.56668;130;20231205;6.7;4.4;5.6;3.2;8.67;2;0.36;698
101094;50.69632;4.56668;130;20231206;5.6;2.8;4.2;2.5;7.5;0;0.3;2076
101094;50.69632;4.56668;130;20231207;4.5;0.9;2.7;4;6.37;2;0.42;2711
101094;50.69632;4.56668;130;20231208;7.7;2.9;5.3;4.3;8.37;1;0.41;1176
101094;50.69632;4.56668;130;20231209;10.8;6.4;8.6;6.3;9.57;7;0.88;1182
101094;50.69632;4.56668;130;20231210;10.1;8.6;9.3;7.7;9.37;4;1.16;1840
101094;50.69632;4.56668;130;20231211;10.6;9.1;9.9;6;10.04;0;1.04;1180
101094;50.69632;4.56668;130;20231212;11.6;7.5;9.6;4.1;10.5;6;0.6;1704
101094;50.69632;4.56668;130;20231213;8.5;7.6;8;3.8;10.23;3;0.36;1115
101094;50.69632;4.56668;130;20231214;6.3;5.2;5.8;3;9;1;0.22;1458
101094;50.69632;4.56668;130;20231215;8.5;5.2;6.8;2.6;8.9;0;0.41;1515
101094;50.69632;4.56668;130;20231216;8.7;5.4;7;3.7;8.5;0;0.62;1608
101094;50.69632;4.56668;130;20231217;8.8;5.8;7.3;4.1;8.63;0;0.45;3345
101094;50.69632;4.56668;130;20231218;3.1;2.3;2.7;4.6;7.07;0;0.32;834
101094;50.69632;4.56668;130;20231219;7.6;2.5;5;5.8;8.57;10;0.33;674
101094;50.69632;4.56668;130;20231220;7.9;4.2;6.1;4.8;9.1;1;0.26;1708
101094;50.69632;4.56668;130;20231221;11.4;7.7;9.6;7.4;10.4;4;0.87;1130
101094;50.69632;4.56668;130;20231222;10.3;7.1;8.7;7.8;9.27;4;1.09;965
101094;50.69632;4.56668;130;20231223;10.5;8;9.2;7.3;9.63;0;1.05;1275
101094;50.69632;4.56668;130;20231224;11.8;8.8;10.3;8;11.4;6;0.74;774
101094;50.69632;4.56668;130;20231225;11.1;10.1;10.6;7.4;12.1;5;0.5;767
101094;50.69632;4.56668;130;20231226;9.7;9;9.3;5.3;9.67;1;0.78;2455
101094;50.69632;4.56668;130;20231227;9.3;3.8;6.5;5.3;9.03;0;0.39;1930
101094;50.69632;4.56668;130;20231228;11;8.6;9.8;8.3;9.53;0;1.22;2663
101094;50.69632;4.56668;130;20231229;10.3;9;9.6;8.4;9.93;8;1.12;1124
101094;50.69632;4.56668;130;20231230;9.8;7.2;8.5;5.6;9.43;0;0.73;1992
101094;50.69632;4.56668;130;20231231;10.6;8.4;9.5;7.8;8.57;4;1.6;1514
99094;50.24822;4.61816;248;20230708;29.7;16.1;22.9;1.6;15.61;0;4.71;21783
99094;50.24822;4.61816;248;20230709;29.3;21.1;25.2;2.2;18.81;2;4.64;18856
99094;50.24822;4.61816;248;20230710;25.8;15.7;20.7;1.7;14.81;0;4.83;25614
99094;50.24822;4.61816;248;20230711;29.5;17.5;23.5;3.8;14.71;1;6.32;25582
99094;50.24822;4.61816;248;20230712;22.4;14.8;18.6;4.1;13.91;0;4.36;21132
99094;50.24822;4.61816;248;20230713;21.5;12.4;16.9;3.5;12.91;0;3.8;18959
99094;50.24822;4.61816;248;20230714;26.7;12.1;19.4;2.6;12.81;0;4.61;20849
99094;50.24822;4.61816;248;20230715;23.9;19.4;21.6;5.4;15.01;2;4.32;11094
99094;50.24822;4.61816;248;20230716;22.4;13.6;18;5.4;13.11;0;4.01;14869
99094;50.24822;4.61816;248;20230717;23;12.9;17.9;3.5;12.21;0;4.72;23823
99094;50.24822;4.61816;248;20230718;26.5;11;18.7;1.5;11.41;0;4.75;25998
99094;50.24822;4.61816;248;20230719;20.9;13.6;17.2;3;12.81;0;3.47;16328
99094;50.24822;4.61816;248;20230720;23.1;13.4;18.2;2.1;13.61;0;3.63;18213
99094;50.24822;4.61816;248;20230721;21.4;14.3;17.8;2.4;12.31;0;3.57;16741
99094;50.24822;4.61816;248;20230722;21.2;10;15.6;3.7;11.21;0;3.83;18790
99094;50.24822;4.61816;248;20230723;19.2;14.5;16.8;5.6;14.61;9;2.74;11676
99094;50.24822;4.61816;248;20230724;20.3;15.9;18.1;3.4;16.51;7;2.88;15194
99094;50.24822;4.61816;248;20230725;17.9;12.4;15.1;2.9;12.81;1;2.5;12455
99094;50.24822;4.61816;248;20230726;20.6;11.1;15.8;3.7;11.91;5;3.66;18628
99094;50.24822;4.61816;248;20230727;17.5;13.8;15.6;5;16.11;17;1.3;5899
99094;50.24822;4.61816;248;20230728;23;15.9;19.4;3.6;18.71;8;2.57;12171
99094;50.24822;4.61816;248;20230729;23.5;15.6;19.5;3.3;16.61;5;3.21;14225
99094;50.24822;4.61816;248;20230730;20.9;12.8;16.8;5.6;14.01;1;3.01;11686
99094;50.24822;4.61816;248;20230731;17.8;15.4;16.6;6.2;16.21;25;1.51;4670
99094;50.24822;4.61816;248;20230801;19.4;14.1;16.7;5.8;15.21;4;2.74;14211
99094;50.24822;4.61816;248;20230802;21.9;14.1;18;6.3;16.31;11;2.85;12238
99094;50.24822;4.61816;248;20230803;19.4;14.3;16.8;5.9;14.81;7;2.56;10190
99094;50.24822;4.61816;248;20230804;19.9;12.4;16.1;1.7;14.11;3;2.48;13564
99094;50.24822;4.61816;248;20230805;17.5;10.1;13.8;3.2;13.51;13;1.91;10944
99094;50.24822;4.61816;248;20230806;14.8;12.4;13.6;6.8;13.11;5;1.77;9092
99094;50.24822;4.61816;248;20230807;19.2;9.8;14.5;3.6;11.71;0;3.44;20979
99094;50.24822;4.61816;248;20230808;17.8;10.9;14.3;4.5;12.81;1;2.62;15162
99094;50.24822;4.61816;248;20230809;21.6;14.6;18.1;3.8;14.31;1;3.33;15120
99094;50.24822;4.61816;248;20230810;25.1;10.6;17.8;1.2;11.71;0;3.28;17270
99094;50.24822;4.61816;248;20230811;28;14.4;21.2;1.7;16.31;9;3.54;16374
99094;50.24822;4.61816;248;20230812;22.7;18.4;20.5;3.2;18.71;1;2.69;11798
99094;50.24822;4.61816;248;20230813;22.8;13.9;18.3;2.3;14.21;0;3.24;16184
99094;50.24822;4.61816;248;20230814;25.8;12.6;19.2;2.3;16.11;3;3.24;15659
99094;50.24822;4.61816;248;20230815;24.9;16.5;20.7;2.2;17.91;0;3.09;14826
99094;50.24822;4.61816;248;20230816;22.8;16.5;19.6;2.1;18.11;0;2.58;13077
99094;50.24822;4.61816;248;20230817;21.5;15.6;18.5;2.2;18.11;0;2.24;12108
99094;50.24822;4.61816;248;20230818;29.4;16.3;22.8;1.7;20.31;0;3.32;15396
99094;50.24822;4.61816;248;20230819;25;23.2;24.1;2.8;20.71;1;2.86;9290
99094;50.24822;4.61816;248;20230820;27.7;16.3;22;1.4;18.21;0;3.55;18541
99094;50.24822;4.61816;248;20230821;26.1;16.4;21.2;1.2;16.41;0;3.64;20378
99094;50.24822;4.61816;248;20230822;24.9;14.2;19.5;1.6;15.31;0;3.28;17723
99094;50.24822;4.61816;248;20230823;27.4;14.8;21.1;1;17.41;1;3.64;21158
99094;50.24822;4.61816;248;20230824;22.3;18.5;20.4;3.3;19.11;14;2.3;9786
99094;50.24822;4.61816;248;20230825;21.8;16.7;19.2;3.1;17.91;5;2.34;11145
99094;50.24822;4.61816;248;20230826;19.9;10.9;15.4;3.1;12.11;0;3.05;17522
99094;50.24822;4.61816;248;20230827;18.3;10.9;14.6;2.5;12.91;1;2.42;15255
99094;50.24822;4.61816;248;20230828;17.7;9.9;13.8;1.3;13.21;0;1.62;9412
99094;50.24822;4.61816;248;20230829;19.3;11.6;15.4;1.4;13.21;1;1.94;10328
99094;50.24822;4.61816;248;20230830;17.2;10.9;14;3.1;12.61;5;1.92;9882
99094;50.24822;4.61816;248;20230831;17.9;9.9;13.9;3.7;12.81;8;2.11;12297
99094;50.24822;4.61816;248;20230901;21.3;12.1;16.7;3;17.41;1;1.87;11877
99094;50.24822;4.61816;248;20230902;24.7;13.5;19.1;1.4;17.71;0;2.67;15804
99094;50.24822;4.61816;248;20230903;24.1;15.9;20;2;17.81;0;2.58;13351
99094;50.24822;4.61816;248;20230904;25.9;12.6;19.2;2.1;14.31;0;3.07;14523
99094;50.24822;4.61816;248;20230905;29.6;17;23.3;2.7;14.41;0;4.59;20084
99094;50.24822;4.61816;248;20230906;29.1;16.5;22.8;2.1;14.81;0;4.08;19728
99094;50.24822;4.61816;248;20230907;28.4;14.9;21.6;2.2;15.31;0;3.89;19649
99094;50.24822;4.61816;248;20230908;29.4;16.2;22.8;1.4;18.41;0;3.55;19805
99094;50.24822;4.61816;248;20230909;31.2;17.3;24.2;1.1;19.61;0;3.51;19282
99094;50.24822;4.61816;248;20230910;30.3;19;24.6;1.8;18.61;0;3.6;16922
99094;50.24822;4.61816;248;20230911;27.9;19.8;23.8;1.7;17.41;0;3.13;14168
99094;50.24822;4.61816;248;20230912;24.6;16.5;20.5;2;18.61;8;2.3;11386
99094;50.24822;4.61816;248;20230913;21.6;15.4;18.5;3.1;16.51;0;2.3;11711
99094;50.24822;4.61816;248;20230914;21.9;9.7;15.8;1.3;13.04;0;2.37;15537
99094;50.24822;4.61816;248;20230915;22.6;11.3;16.9;1.6;13.21;0;2.46;14969
99094;50.24822;4.61816;248;20230916;24.3;12.6;18.4;2.1;15.71;7;2.56;14543
99094;50.24822;4.61816;248;20230917;23.5;16.1;19.8;2.2;19.11;6;2.18;12699
99094;50.24822;4.61816;248;20230918;22.2;16.8;19.5;4.9;17.11;2;2.53;10258
99094;50.24822;4.61816;248;20230919;18.3;12.1;15.2;5.9;13.21;0;2.12;8168
99094;50.24822;4.61816;248;20230920;21.7;14.5;18.1;5.3;14.61;1;2.78;10065
99094;50.24822;4.61816;248;20230921;17.4;15.8;16.6;5.2;14.61;12;1.76;4054
99094;50.24822;4.61816;248;20230922;14.8;11.4;13.1;4.1;12.51;9;1.42;7541
99094;50.24822;4.61816;248;20230923;16.9;9;12.9;3.1;11.21;0;1.76;9226
99094;50.24822;4.61816;248;20230924;18.3;7.4;12.8;2.5;10.61;0;2.07;14018
99094;50.24822;4.61816;248;20230925;21.8;10.2;16;2.3;11.31;0;2.39;12370
99094;50.24822;4.61816;248;20230926;22.3;9.9;16.1;1.2;12.81;0;1.78;10688
99094;50.24822;4.61816;248;20230927;23.6;11.1;17.3;2.5;14.11;0;2.2;10310
99094;50.24822;4.61816;248;20230928;21.4;14.7;18;3.2;15.31;0;2.21;11635
99094;50.24822;4.61816;248;20230929;19.9;16.1;18;3.5;15.81;1;1.83;7341
99094;50.24822;4.61816;248;20230930;18.7;9;13.8;1.2;11.81;0;1.46;10023
99094;50.24822;4.61816;248;20231001;23;10.4;16.7;2.4;13.21;0;2.14;10814
99094;50.24822;4.61816;248;20231002;25.5;16.2;20.8;2.3;14.71;0;2.49;9949
99094;50.24822;4.61816;248;20231003;18.2;17.4;17.8;5.7;14.11;2;2.41;5831
99094;50.24822;4.61816;248;20231004;16.4;9.1;12.7;3.3;11.51;0;1.57;10155
99094;50.24822;4.61816;248;20231005;16.6;10.3;13.4;2;11.61;0;1.3;6092
99094;50.24822;4.61816;248;20231006;17.7;10.4;14;3.3;11.81;0;1.67;7572
99094;50.24822;4.61816;248;20231007;21.3;12.3;16.8;4;13.11;0;2.28;8708
99094;50.24822;4.61816;248;20231008;24.1;11.7;17.9;2.5;13.21;0;2.15;8183
99094;50.24822;4.61816;248;20231009;22.7;14.4;18.5;2.1;13.31;0;1.93;7386
99094;50.24822;4.61816;248;20231010;23;10.5;16.7;3.3;12.91;0;2.26;9989
99094;50.24822;4.61816;248;20231011;22.3;13.9;18.1;3.9;12.91;0;2.54;8341
99094;50.24822;4.61816;248;20231012;16.6;14.4;15.5;3.2;14.51;1;1.12;3353
99094;50.24822;4.61816;248;20231013;20.9;16.4;18.6;6;16.61;5;1.98;5370
99094;50.24822;4.61816;248;20231014;13.4;8.6;11;5.4;10.61;1;1.25;5384
99094;50.24822;4.61816;248;20231015;10.9;4.6;7.7;2.7;7.81;0;1.12;8432
99094;50.24822;4.61816;248;20231016;11.2;-0.1;5.5;2.1;7.31;0;0.91;9026
99094;50.24822;4.61816;248;20231017;13.1;4.5;8.8;3.4;7.31;0;1.54;6926
99094;50.24822;4.61816;248;20231018;15.6;7;11.3;4.6;10.21;9;1.47;6012
99094;50.24822;4.61816;248;20231019;16.8;11.8;14.3;4.7;14.91;3;0.84;5291
99094;50.24822;4.61816;248;20231020;14.9;14.4;14.6;3.9;14.81;10;0.8;1999
99094;50.24822;4.61816;248;20231021;13.3;11.1;12.2;6.7;12.11;6;1.05;3958
99094;50.24822;4.61816;248;20231022;13.7;10.4;12;4.2;12.11;1;0.89;3868
99094;50.24822;4.61816;248;20231023;10.9;4;7.4;2.8;10.51;4;0.35;5641
99094;50.24822;4.61816;248;20231024;13.6;9.9;11.7;3.7;11.31;5;1;5276
99094;50.24822;4.61816;248;20231025;12.6;7.6;10.1;4.2;10.71;10;0.81;3818
99094;50.24822;4.61816;248;20231026;12.5;6.2;9.3;2.1;10.81;13;0.56;4809
99094;50.24822;4.61816;248;20231027;12.8;9.3;11;4.3;11.41;4;0.81;4446
99094;50.24822;4.61816;248;20231028;11.9;8.9;10.4;5.6;11.61;6;0.59;3806
99094;50.24822;4.61816;248;20231029;13.6;10.9;12.2;6.9;11.81;2;1.15;3531
99094;50.24822;4.61816;248;20231030;12.7;9.6;11.1;4.2;11.91;6;0.66;3713
99094;50.24822;4.61816;248;20231031;10.8;8.6;9.7;4.7;11.21;3;0.49;2995
99094;50.24822;4.61816;248;20231101;13.2;10.4;11.8;5.6;11.51;3;1.02;3392
99094;50.24822;4.61816;248;20231102;12.2;9.4;10.8;10.2;9.51;3;1.8;3648
99094;50.24822;4.61816;248;20231103;10.3;6;8.1;7.2;8.51;0;1.15;4890
99094;50.24822;4.61816;248;20231104;10.7;6.6;8.6;6.2;9.71;5;0.77;3331
99094;50.24822;4.61816;248;20231105;11.1;8.4;9.7;7.5;10.31;3;0.89;2912
99094;50.24822;4.61816;248;20231106;10.6;7.5;9;6.7;9.41;2;0.98;4040
99094;50.24822;4.61816;248;20231107;9.3;7.8;8.5;5.3;9.51;4;0.74;2761
99094;50.24822;4.61816;248;20231108;9.8;6;7.9;6.9;9.11;10;0.77;3799
99094;50.24822;4.61816;248;20231109;9.9;7.8;8.8;6.3;9.71;6;0.78;2776
99094;50.24822;4.61816;248;20231110;7.8;5.4;6.6;6;8.71;10;0.55;2169
99094;50.24822;4.61816;248;20231111;8.9;4;6.4;4.3;8.21;0;0.63;3349
99094;50.24822;4.61816;248;20231112;7.3;3.6;5.4;2.3;8.51;5;0.29;3049
99094;50.24822;4.61816;248;20231113;14.4;6.1;10.2;6.4;11.31;3;0.67;4420
99094;50.24822;4.61816;248;20231114;11.4;9.3;10.3;8.8;10.41;6;1.11;1254
99094;50.24822;4.61816;248;20231115;11.1;9.1;10.1;5.8;10.21;3;0.91;2497
99094;50.24822;4.61816;248;20231116;7.4;6.3;6.8;3;9.11;9;0.4;1729
99094;50.24822;4.61816;248;20231117;8.3;5.7;7;3.2;8.61;0;0.52;2664
99094;50.24822;4.61816;248;20231118;9.8;3.3;6.5;5;9.51;8;0.26;2033
99094;50.24822;4.61816;248;20231119;12.4;9.6;11;7;11.31;3;0.78;3225
99094;50.24822;4.61816;248;20231120;9.7;8.6;9.1;5.9;10.31;7;0.6;1858
99094;50.24822;4.61816;248;20231121;9.6;7.3;8.4;2.6;9.91;2;0.49;1183
99094;50.24822;4.61816;248;20231122;6.8;3.5;5.1;3.3;7.21;0;0.54;2967
99094;50.24822;4.61816;248;20231123;10.3;4.1;7.2;4.9;9.51;0;0.41;1851
99094;50.24822;4.61816;248;20231124;6.8;6.2;6.5;5.5;8.01;5;0.75;1564
99094;50.24822;4.61816;248;20231125;4.8;1.8;3.3;4.8;7.21;4;0.3;1868
99094;50.24822;4.61816;248;20231126;5.1;3.5;4.3;4.1;7.31;5;0.43;2033
99094;50.24822;4.61816;248;20231127;5.3;1.8;3.5;6.1;7.11;11;0.44;1336
99094;50.24822;4.61816;248;20231128;1.6;0.5;1;4.1;5.81;0;0.31;2708
99094;50.24822;4.61816;248;20231129;3.9;-1.5;1.2;3.5;6.21;2;0.22;2664
99094;50.24822;4.61816;248;20231130;4.8;1.6;3.2;1.6;6.91;0;0.24;2355
99094;50.24822;4.61816;248;20231201;-0.4;-1.2;-0.8;3.7;5.01;0;0.33;1878
99094;50.24822;4.61816;248;20231202;0.1;-3.8;-1.9;3.3;4.21;0;0.34;3650
99094;50.24822;4.61816;248;20231203;0.5;-3.3;-1.4;5;4.51;1;0.45;2570
99094;50.24822;4.61816;248;20231204;4.1;0.4;2.2;5.5;5.71;12;0.64;2470
99094;50.24822;4.61816;248;20231205;5.4;4;4.7;4.8;8.21;3;0.26;799
99094;50.24822;4.61816;248;20231206;5.2;2.7;3.9;3;7.11;0;0.32;2379
99094;50.24822;4.61816;248;20231207;3.8;0.8;2.3;4.6;6.01;2;0.47;2400
99094;50.24822;4.61816;248;20231208;7;2.3;4.6;3.8;8.11;0;0.27;1380
99094;50.24822;4.61816;248;20231209;10.4;6.4;8.4;7.1;9.21;8;0.83;1897
99094;50.24822;4.61816;248;20231210;8.8;7.8;8.3;9.2;9.01;1;0.98;1467
99095;50.26417;4.96796;257;20230705;17.5;11;14.3;6.2;12.36;1;2.87;14351
99095;50.26417;4.96796;257;20230706;21.6;9.3;15.5;2.2;10.91;0;4.39;26352
99095;50.26417;4.96796;257;20230707;27.3;10.9;19.1;2.4;11.56;0;5.41;26917
99095;50.26417;4.96796;257;20230708;29.8;16.3;23;2.1;14.71;1;5.31;23641
99095;50.26417;4.96796;257;20230709;30.2;20.8;25.5;2.3;18.06;2;4.77;18078
99095;50.26417;4.96796;257;20230710;25.8;16.1;21;1.9;14.81;0;4.94;25757
99095;50.26417;4.96796;257;20230711;29.5;16.5;23;3.4;14.51;1;6.17;26041
99095;50.26417;4.96796;257;20230712;22.4;15.1;18.7;3.9;13.41;0;4.5;21316
99095;50.26417;4.96796;257;20230713;21.3;11.5;16.4;3.3;12.31;0;3.73;18479
99095;50.26417;4.96796;257;20230714;26.7;11.6;19.2;2.9;12.31;0;4.88;21674
99095;50.26417;4.96796;257;20230715;23.7;19;21.4;5.5;14.36;6;4.45;11197
99095;50.26417;4.96796;257;20230716;22.2;13.6;17.9;5.8;12.61;0;4.56;19034
99095;50.26417;4.96796;257;20230717;22.6;12.7;17.7;3.3;11.91;0;4.43;21611
99095;50.26417;4.96796;257;20230718;26;10.4;18.2;1.7;11.21;0;4.64;24849
99095;50.26417;4.96796;257;20230719;21.3;12.9;17.1;3;12.46;0;3.65;17464
99095;50.26417;4.96796;257;20230720;22.5;12.5;17.5;2;13.06;0;3.57;18256
99095;50.26417;4.96796;257;20230721;21.3;13.4;17.4;2.4;12.21;0;3.36;15220
99095;50.26417;4.96796;257;20230722;21.3;9;15.1;3.5;10.61;0;3.97;20245
99095;50.26417;4.96796;257;20230723;18.6;14.8;16.7;5.4;14.16;6;2.55;8738
99095;50.26417;4.96796;257;20230724;20.8;15.6;18.2;3.9;15.96;6;3.05;14347
99095;50.26417;4.96796;257;20230725;17.2;12.4;14.8;3;12.81;0;2.34;11477
99095;50.26417;4.96796;257;20230726;20.4;10.5;15.5;3.3;11.56;5;3.45;17164
99095;50.26417;4.96796;257;20230727;17.4;13.7;15.5;4.5;15.66;16;1.31;4899
99095;50.26417;4.96796;257;20230728;22;15.6;18.8;3.4;18.76;10;2.23;10985
99095;50.26417;4.96796;257;20230729;22.9;15.7;19.3;3.4;16.81;6;3.19;14862
99095;50.26417;4.96796;257;20230730;20.7;13;16.8;5;13.86;1;3.09;12793
99095;50.26417;4.96796;257;20230731;17.6;15.2;16.4;6;15.76;27;1.61;4835
99095;50.26417;4.96796;257;20230801;19.2;14;16.6;5.4;15.31;5;2.67;14255
99095;50.26417;4.96796;257;20230802;22;13.9;17.9;6.3;15.86;14;3.03;12419
99095;50.26417;4.96796;257;20230803;19.1;14.2;16.7;5.8;14.76;6;2.46;9495
99095;50.26417;4.96796;257;20230804;19.7;12;15.8;1.7;13.66;1;2.49;13482
99095;50.26417;4.96796;257;20230805;17;10.1;13.6;3.1;13.51;13;1.75;9722
99095;50.26417;4.96796;257;20230806;14.5;12.5;13.5;6.3;13.16;5;1.71;8996
99095;50.26417;4.96796;257;20230807;19;9.4;14.2;3.7;11.41;0;3.4;20239
99095;50.26417;4.96796;257;20230808;18;10.1;14;4.2;12.31;3;2.55;13531
99095;50.26417;4.96796;257;20230809;21.3;14.5;17.9;3.8;14.01;1;3.51;16860
99095;50.26417;4.96796;257;20230810;25.1;9.9;17.5;1.5;11.61;0;3.77;20885
99095;50.26417;4.96796;257;20230811;27.7;13.9;20.8;1.9;15.86;9;3.88;19037
99095;50.26417;4.96796;257;20230812;22.6;17.8;20.2;3.1;18.41;2;2.63;11499
99095;50.26417;4.96796;257;20230813;22.4;13.5;18;2.4;14.26;0;3.26;16792
99095;50.26417;4.96796;257;20230814;25.5;12;18.8;2.7;15.91;1;3.4;16779
99095;50.26417;4.96796;257;20230815;24.4;16.5;20.5;2.4;18.01;0;3.21;16213
99095;50.26417;4.96796;257;20230816;22.7;16.6;19.6;2.3;18.21;1;2.69;13938
99095;50.26417;4.96796;257;20230817;22.1;16.4;19.2;2.3;18.26;0;2.39;11954
99095;50.26417;4.96796;257;20230818;29;15.9;22.5;2;19.56;0;3.66;17498
99095;50.26417;4.96796;257;20230819;25.7;22.7;24.2;2.8;19.81;1;3.24;10995
99095;50.26417;4.96796;257;20230820;27.5;16;21.8;1.4;17.91;0;3.61;19070
99095;50.26417;4.96796;257;20230821;26;16.1;21;1.5;16.76;0;3.77;21189
99095;50.26417;4.96796;257;20230822;24.7;13.7;19.2;1.4;15.36;0;3.28;18461
99095;50.26417;4.96796;257;20230823;27.2;14.2;20.7;1.3;16.46;1;3.7;20929
99095;50.26417;4.96796;257;20230824;22.8;17.9;20.3;2.9;18.31;14;2.13;7243
99095;50.26417;4.96796;257;20230825;22.1;16.3;19.2;3.1;17.76;7;2.25;9622
99095;50.26417;4.96796;257;20230826;19.8;10.5;15.1;3;11.96;0;2.95;16661
99095;50.26417;4.96796;257;20230827;18.5;11.3;14.9;2.7;12.66;1;2.61;15677
99095;50.26417;4.96796;257;20230828;17.4;9.3;13.3;1.4;12.66;2;1.61;9106
99095;50.26417;4.96796;257;20230829;18.4;11.4;14.9;1.3;13.21;4;1.78;9414
99095;50.26417;4.96796;257;20230830;16.4;10.3;13.4;2.9;12.56;4;1.62;7991
99095;50.26417;4.96796;257;20230831;17.7;10.1;13.9;3.6;12.56;8;2.16;12198
99095;50.26417;4.96796;257;20230901;20.6;12.3;16.4;3;16.96;5;1.72;10138
99095;50.26417;4.96796;257;20230902;24.4;13.7;19;1.9;17.01;0;3;17652
99095;50.26417;4.96796;257;20230903;24;14.8;19.4;2.3;17.01;0;2.83;15275
99095;50.26417;4.96796;257;20230904;25.9;12.7;19.3;3;13.66;0;3.77;17361
99095;50.26417;4.96796;257;20230905;29.4;17.3;23.3;2.6;13.86;0;4.62;20142
99095;50.26417;4.96796;257;20230906;28.8;16.7;22.8;2.5;14.11;0;4.4;19964
99095;50.26417;4.96796;257;20230907;28.3;15.8;22.1;2.5;14.86;0;4.15;19724
99095;50.26417;4.96796;257;20230908;29.2;16.7;22.9;1.7;17.31;0;3.7;19302
99095;50.26417;4.96796;257;20230909;30.5;16.5;23.5;1.6;18.41;0;3.62;18591
99095;50.26417;4.96796;257;20230910;29.9;18;24;2.1;17.66;0;3.78;17311
99095;50.26417;4.96796;257;20230911;28.3;18.9;23.6;1.8;16.81;0;3.32;15134
99095;50.26417;4.96796;257;20230912;24.2;16.2;20.2;2.1;18.11;15;2.33;11393
99095;50.26417;4.96796;257;20230913;21.1;15.2;18.2;3;16.56;0;2.13;10805
99095;50.26417;4.96796;257;20230914;21.6;8.9;15.2;1.4;12.75;0;2.42;16700
99095;50.26417;4.96796;257;20230915;22.5;11.2;16.8;2.1;12.81;0;2.69;15684
99095;50.26417;4.96796;257;20230916;23.9;13.1;18.5;2.3;15.41;7;2.45;11971
99095;50.26417;4.96796;257;20230917;23.7;15.8;19.8;2.2;18.61;3;2.31;13199
99095;50.26417;4.96796;257;20230918;22;17.1;19.6;4.7;16.56;2;2.76;11629
99095;50.26417;4.96796;257;20230919;18;11.9;15;5.7;12.91;0;2.22;9834
99095;50.26417;4.96796;257;20230920;21.3;14.6;18;5.7;14.21;0;2.97;10882
99095;50.26417;4.96796;257;20230921;17.7;16.2;17;4.9;14.11;11;2;3727
99095;50.26417;4.96796;257;20230922;15;11.3;13.1;4.3;12.26;6;1.56;7720
99095;50.26417;4.96796;257;20230923;16.3;8.7;12.5;3.2;11.06;0;1.8;10913
99095;50.26417;4.96796;257;20230924;18.3;6.8;12.6;2.6;10.26;0;2.2;15509
99095;50.26417;4.96796;257;20230925;21.3;10.4;15.9;2.4;10.76;0;2.58;13985
99095;50.26417;4.96796;257;20230926;21.8;9.7;15.8;1.9;12.26;0;2.1;12094
99095;50.26417;4.96796;257;20230927;23.2;10.8;17;2.7;13.61;0;2.34;11355
99095;50.26417;4.96796;257;20230928;21.3;14.2;17.7;2.9;14.86;0;2.13;10817
99095;50.26417;4.96796;257;20230929;19.8;15.9;17.8;3.3;15.76;2;1.75;6920
99095;50.26417;4.96796;257;20230930;18.7;9.9;14.3;1.4;12.06;0;1.64;11761
99095;50.26417;4.96796;257;20231001;22.8;10.4;16.6;2.7;12.91;0;2.34;12707
99095;50.26417;4.96796;257;20231002;25.2;15.4;20.3;2.4;14.06;0;2.63;11674
99095;50.26417;4.96796;257;20231003;18;17.4;17.7;5.3;13.56;3;2.47;5465
99095;50.26417;4.96796;257;20231004;16.3;8.5;12.4;3.1;11.16;0;1.58;10277
99095;50.26417;4.96796;257;20231005;16.3;9.9;13.1;2.2;11.31;0;1.36;6646
99095;50.26417;4.96796;257;20231006;17.4;9.6;13.5;3;11.36;0;1.69;9286
99095;50.26417;4.96796;257;20231007;20.9;11.3;16.1;3.7;12.71;0;2.21;10004
99095;50.26417;4.96796;257;20231008;23.5;11.6;17.6;2.3;13.06;0;2.09;9691
99095;50.26417;4.96796;257;20231009;22.3;14.2;18.3;2.1;13.11;0;1.96;8043
99095;50.26417;4.96796;257;20231010;22.8;10.1;16.5;3;12.51;0;2.22;10744
99095;50.26417;4.96796;257;20231011;22;13.1;17.5;4;12.76;0;2.54;9920
99095;50.26417;4.96796;257;20231012;16.4;14.1;15.3;3.3;14.26;1;1.15;3226
99095;50.26417;4.96796;257;20231013;20.5;16.2;18.4;6;16.21;4;1.97;4035
99095;50.26417;4.96796;257;20231014;13.2;8.7;10.9;5.2;10.71;1;1.25;7392
99095;50.26417;4.96796;257;20231015;10.7;4;7.3;2.6;7.66;0;1.09;8816
99095;50.26417;4.96796;257;20231016;11.4;-0.5;5.5;2.4;7.06;0;1.03;10063
99095;50.26417;4.96796;257;20231017;13.1;4.4;8.7;3.7;7.06;0;1.67;8613
99095;50.26417;4.96796;257;20231018;15.7;6.9;11.3;5;9.76;6;1.71;5856
99095;50.26417;4.96796;257;20231019;17;11.7;14.3;4.4;14.56;3;0.96;4945
99095;50.26417;4.96796;257;20231020;15;14.5;14.7;3.9;14.46;13;0.92;1949
99095;50.26417;4.96796;257;20231021;13.5;11.1;12.3;6.8;11.81;4;1.25;5929
99095;50.26417;4.96796;257;20231022;13.4;10.5;11.9;4.5;11.71;1;1.02;3884
99095;50.26417;4.96796;257;20231023;11.3;4.9;8.1;3.3;10.36;4;0.52;4270
99095;50.26417;4.96796;257;20231024;13.7;10;11.8;3.8;11.06;5;1.11;5138
99095;50.26417;4.96796;257;20231025;12.7;7.5;10.1;4.1;10.51;10;0.89;2859
99095;50.26417;4.96796;257;20231026;12.2;6.5;9.3;2.3;10.76;13;0.58;4004
99095;50.26417;4.96796;257;20231027;12.6;8.8;10.7;4.2;11.26;6;0.78;4173
99095;50.26417;4.96796;257;20231028;11.6;8.8;10.2;5.5;11.36;6;0.63;3703
99095;50.26417;4.96796;257;20231029;13.5;11;12.2;7.4;11.61;1;1.27;3415
99095;50.26417;4.96796;257;20231030;13.2;9.7;11.4;4.2;11.56;6;0.87;3106
99095;50.26417;4.96796;257;20231031;10.7;8.7;9.7;4.6;11.01;3;0.58;2897
99095;50.26417;4.96796;257;20231101;13.3;10.4;11.8;5.8;11.31;3;1.13;4096
99095;50.26417;4.96796;257;20231102;12.4;9.2;10.8;10.4;9.31;2;1.92;4524
99095;50.26417;4.96796;257;20231103;10;6.3;8.2;7.3;8.21;0;1.3;5095
99095;50.26417;4.96796;257;20231104;10.5;6.7;8.6;6.3;9.46;6;0.89;2715
99095;50.26417;4.96796;257;20231105;10.9;8.6;9.7;7.5;10.01;4;1.05;2806
99095;50.26417;4.96796;257;20231106;10.5;7.4;9;6.5;9.31;3;1.01;4120
99095;50.26417;4.96796;257;20231107;8.9;7.6;8.2;5.3;9.41;4;0.72;2280
99095;50.26417;4.96796;257;20231108;9.6;6.2;7.9;6.9;9.01;8;0.82;4149
99095;50.26417;4.96796;257;20231109;9.7;8;8.9;6.5;9.76;6;0.78;3438
99095;50.26417;4.96796;257;20231110;7.7;5.3;6.5;6;8.71;8;0.55;2169
99095;50.26417;4.96796;257;20231111;8.5;3.9;6.2;4.3;8.16;0;0.59;3724
99095;50.26417;4.96796;257;20231112;7.4;3.5;5.5;2.4;8.31;4;0.36;2924
99095;50.26417;4.96796;257;20231113;14.4;5.9;10.1;6;11.21;8;0.75;2610
99095;50.26417;4.96796;257;20231114;11.3;9.3;10.3;8.2;10.16;8;1.19;1177
99095;50.26417;4.96796;257;20231115;11;8.9;9.9;5.4;9.96;2;0.94;2598
99095;50.26417;4.96796;257;20231116;7.3;5.9;6.6;2.9;8.96;10;0.42;1364
99095;50.26417;4.96796;257;20231117;8.1;5.5;6.8;3.1;8.56;0;0.51;2582
99095;50.26417;4.96796;257;20231118;9.3;3.1;6.2;4.6;9.26;8;0.31;1466
99095;50.26417;4.96796;257;20231119;12.4;9.1;10.7;7;11.11;3;0.79;3512
99095;50.26417;4.96796;257;20231120;9.8;8.5;9.2;5.7;10.36;7;0.59;2179
99095;50.26417;4.96796;257;20231121;9;7;8;2.2;9.86;1;0.44;1141
99095;50.26417;4.96796;257;20231122;6.2;3.5;4.8;2.9;7.21;0;0.4;3933
99095;50.26417;4.96796;257;20231123;10;3.4;6.7;4.5;9.21;1;0.43;1425
99095;50.26417;4.96796;257;20231124;6.5;4.5;5.5;5.4;8.11;4;0.48;1632
99095;50.26417;4.96796;257;20231125;4.6;1.4;3;4.4;7.06;3;0.33;1534
99095;50.26417;4.96796;257;20231126;4.8;3.5;4.1;3.8;7.36;3;0.42;1616
99095;50.26417;4.96796;257;20231127;4.4;1.4;2.9;6;6.91;11;0.41;918
99095;50.26417;4.96796;257;20231128;1;0.3;0.7;4;5.76;0;0.3;2354
99095;50.26417;4.96796;257;20231129;3.5;-2.3;0.6;3.4;6.06;3;0.23;2032
99095;50.26417;4.96796;257;20231130;4.6;1.4;3;1.8;6.86;0;0.26;2127
99095;50.26417;4.96796;257;20231201;-0.3;-1;-0.7;3.6;5.01;0;0.38;1739
99095;50.26417;4.96796;257;20231202;0.1;-3.8;-1.9;3.1;4.06;0;0.34;4225
99095;50.26417;4.96796;257;20231203;0.7;-3.8;-1.5;4.5;4.41;0;0.45;2835
99095;50.26417;4.96796;257;20231204;4.4;0.4;2.4;5.3;5.46;9;0.83;1735
99095;50.26417;4.96796;257;20231205;5.5;4.2;4.9;4.8;8.16;4;0.35;699
99095;50.26417;4.96796;257;20231206;4.9;2.5;3.7;3;7.06;0;0.31;2289
99095;50.26417;4.96796;257;20231207;3.9;0.6;2.2;3.9;5.86;3;0.44;2850
99095;50.26417;4.96796;257;20231208;6.7;2.4;4.5;4.2;7.76;1;0.39;1390
99095;50.26417;4.96796;257;20230129;0.5;-5.3;-2.4;2.5;4.61;0;0.26;4164
99095;50.26417;4.96796;257;20230130;6.7;0.2;3.5;5.3;6.71;1;0.6;4168
99095;50.26417;4.96796;257;20230131;5.3;0;2.6;4;6.96;3;0.33;2848
99095;50.26417;4.96796;257;20230201;7.1;3.6;5.3;5.8;7.71;0;0.61;4436
99095;50.26417;4.96796;257;20230202;8;5.2;6.6;5.6;8.16;0;0.78;2474
99095;50.26417;4.96796;257;20230203;8.3;6.7;7.5;6.2;9.06;1;0.69;1945
99095;50.26417;4.96796;257;20230204;8;7;7.5;2.4;9.76;0;0.41;1905
99095;50.26417;4.96796;257;20230205;6;5.2;5.6;4.3;7.91;1;0.6;2646
99095;50.26417;4.96796;257;20230206;5;0.8;2.9;3.6;5.91;0;0.65;6010
99095;50.26417;4.96796;257;20230207;5.1;-2.1;1.5;2.6;4.76;0;0.68;8425
99095;50.26417;4.96796;257;20230208;6.8;-3.2;1.8;2.4;3.16;0;1.09;8714
99095;50.26417;4.96796;257;20230209;5.4;-4.2;0.6;2;3.61;0;0.81;6982
99095;50.26417;4.96796;257;20230210;6.5;0.8;3.6;2.5;6.21;0;0.68;4559
99095;50.26417;4.96796;257;20230211;6.1;2.1;4.1;2.6;7.71;0;0.4;1868
99095;50.26417;4.96796;257;20230212;7.4;4.6;6;1.4;8.21;0;0.51;1719
99095;50.26417;4.96796;257;20230213;12.7;-0.9;5.9;1.6;7.11;0;0.75;9691
99095;50.26417;4.96796;257;20230214;13.6;2.1;7.8;1.8;6.71;0;1.02;9720
99095;50.26417;4.96796;257;20230215;12.6;2.6;7.6;2.2;6.31;0;1.19;7981
99095;50.26417;4.96796;257;20230216;9.8;3.7;6.7;3.8;7.71;1;0.97;4101
99095;50.26417;4.96796;257;20230217;13.3;8.1;10.7;6.6;10.66;1;1.16;3484
99095;50.26417;4.96796;257;20230218;9;8.1;8.5;7;10.31;5;0.56;2180
99095;50.26417;4.96796;257;20230219;9.4;8;8.7;5.2;9.31;0;0.96;2957
99095;50.26417;4.96796;257;20230220;11.1;3.3;7.2;4.1;7.66;0;1.2;8934
99095;50.26417;4.96796;257;20230221;14;1.3;7.6;2.1;7.61;0;1.12;9071
99095;50.26417;4.96796;257;20230222;10;4.5;7.2;2.3;7.36;3;1.02;4693
99095;50.26417;4.96796;257;20230223;7.9;6.5;7.2;1.6;9.36;0;0.53;2321
99095;50.26417;4.96796;257;20230224;6.5;3.6;5;2.9;7.51;0;0.67;4406
99095;50.26417;4.96796;257;20230225;5.7;1;3.3;3.1;5.71;0;0.94;4619
99095;50.26417;4.96796;257;20230226;2.4;-2.7;-0.1;4.9;3.91;0;1.17;9351
99095;50.26417;4.96796;257;20230227;4.1;-3.8;0.2;4.8;3.91;0;1.29;11935
99095;50.26417;4.96796;257;20230228;3.2;-4.1;-0.5;4.1;3.76;0;1.17;10517
99095;50.26417;4.96796;257;20230301;4.9;-4.5;0.2;3.7;3.91;0;1.25;11917
99095;50.26417;4.96796;257;20230302;8.1;-3;2.5;3.2;4.51;0;1.42;12398
99095;50.26417;4.96796;257;20230303;0.2;-2.1;-0.9;2.8;5.26;0;0.41;3325
99095;50.26417;4.96796;257;20230304;4.5;-2.3;1.1;1.7;5.86;0;0.56;4671
99095;50.26417;4.96796;257;20230305;4.6;1.9;3.2;1.9;6.31;1;0.69;3987
99095;50.26417;4.96796;257;20230306;4.7;0.4;2.5;3.3;5.81;2;0.88;6927
99095;50.26417;4.96796;257;20230307;5.2;1.3;3.2;5.3;6.51;9;0.77;2978
99095;50.26417;4.96796;257;20230308;9.7;0.2;4.9;3.3;7.91;22;0.72;3631
99095;50.26417;4.96796;257;20230309;11.5;7;9.2;7.1;10.31;11;0.96;5085
99095;50.26417;4.96796;257;20230310;8.5;8.1;8.3;7.2;8.51;4;1.32;2524
99095;50.26417;4.96796;257;20230311;5.6;-1.8;1.9;1.8;4.96;0;1.02;9845
99095;50.26417;4.96796;257;20230312;10.7;0.7;5.7;5.3;7.61;2;1.13;5077
99095;50.26417;4.96796;257;20230313;14.1;9.1;11.6;8.3;11.01;3;1.58;4996
99095;50.26417;4.96796;257;20230314;8.5;7.6;8.1;6.4;8.16;7;1.4;4101
99095;50.26417;4.96796;257;20230315;7.1;0;3.6;3.3;6.01;1;1.14;8495
99095;50.26417;4.96796;257;20230316;12.7;3.2;8;4.9;5.91;0;2.44;11137
99095;50.26417;4.96796;257;20230317;15.4;8.1;11.7;4.2;7.06;0;2.67;8824
99095;50.26417;4.96796;257;20230318;15;8.5;11.7;3.7;9.91;5;1.78;7993
99095;50.26417;4.96796;257;20230319;12.2;8.6;10.4;3;9.81;5;1.32;6398
99095;50.26417;4.96796;257;20230320;10.1;2.8;6.4;3.4;7.66;0;1.22;7412
99095;50.26417;4.96796;257;20230321;13.9;7.5;10.7;4.1;8.96;0;1.89;8007
99095;50.26417;4.96796;257;20230322;11.5;8.3;9.9;7.1;9.66;1;1.52;6083
99095;50.26417;4.96796;257;20230323;13.7;10.1;11.9;7.6;10.61;4;1.87;6013
99095;50.26417;4.96796;257;20230324;13.2;8.3;10.8;7.3;9.81;4;2.01;11246
99095;50.26417;4.96796;257;20230325;12;6.5;9.3;7.8;8.16;3;2.18;9878
99095;50.26417;4.96796;257;20230326;8;5.5;6.7;4.7;8.06;9;1.1;5371
99095;50.26417;4.96796;257;20230327;6;1.5;3.7;3.4;5.61;0;1.45;11296
99095;50.26417;4.96796;257;20230328;8.1;-2.7;2.7;2.5;5.21;0;1.38;10442
99095;50.26417;4.96796;257;20230329;15;4.2;9.6;4.9;8.41;0;2.17;10197
99095;50.26417;4.96796;257;20230330;14.5;12;13.3;6.5;9.86;9;2.65;8084
99095;50.26417;4.96796;257;20230331;12.1;8.9;10.5;8.4;9.91;12;1.8;8012
99095;50.26417;4.96796;257;20230401;10.2;7.7;8.9;6.8;9.76;6;1.14;5389
99095;50.26417;4.96796;257;20230402;5.1;5;5;4.7;8.11;0;0.52;1473
99095;50.26417;4.96796;257;20230403;9.3;-0.3;4.5;3.8;5.16;0;2.26;19695
99095;50.26417;4.96796;257;20230404;8.5;-2.5;3;2.6;4.36;0;2.07;19023
99095;50.26417;4.96796;257;20230405;11;-1.8;4.6;1.4;4.41;0;2.12;19424
99095;50.26417;4.96796;257;20230406;8.4;1.5;4.9;3.1;6.81;4;1.18;6574
99095;50.26417;4.96796;257;20230407;10.8;6.4;8.6;2.7;8.61;0;1.41;7550
99095;50.26417;4.96796;257;20230408;11.8;3.1;7.4;1.8;7.71;0;1.52;9956
99095;50.26417;4.96796;257;20230409;14.8;3;8.9;2.2;7.21;0;2.29;15154
99095;50.26417;4.96796;257;20230410;15.2;5.8;10.5;4.8;7.61;5;2.63;9666
99095;50.26417;4.96796;257;20230411;12.1;6.5;9.3;5.8;8.16;4;2.31;13061
99095;50.26417;4.96796;257;20230412;10.6;6.7;8.7;5.6;8.26;7;1.99;11952
99095;50.26417;4.96796;257;20230413;11.6;3.3;7.4;6.1;7.16;1;2.31;14557
99095;50.26417;4.96796;257;20230414;11.9;1.6;6.7;2.5;6.81;0;2.02;14479
99095;50.26417;4.96796;257;20230415;13.7;5.9;9.8;3.7;7.21;0;2.7;15860
99095;50.26417;4.96796;257;20230416;8;5;6.5;3.3;8.76;0;0.88;5612
99095;50.26417;4.96796;257;20230417;11.8;6.9;9.4;3.2;9.11;0;1.55;7803
99095;50.26417;4.96796;257;20230418;14.3;3.8;9;3.7;7.76;0;2.72;18843
99095;50.26417;4.96796;257;20230419;14.5;6;10.2;4.5;7.31;0;3.03;16502
99095;50.26417;4.96796;257;20230420;8.5;2.1;5.3;3.5;6.06;2;1.89;12893
99095;50.26417;4.96796;257;20230421;15;2.8;8.9;3.1;7.51;0;2.76;18985
99095;50.26417;4.96796;257;20230422;13.9;5.9;9.9;3;10.06;3;1.67;9785
99095;50.26417;4.96796;257;20230423;14.4;7.7;11;5.1;10.06;3;2.02;9687
99095;50.26417;4.96796;257;20230424;11.5;6.2;8.8;4.9;8.41;6;1.91;9996
99095;50.26417;4.96796;257;20230425;9.2;4.2;6.7;2.2;7.21;0;1.65;10888
99095;50.26417;4.96796;257;20230426;11.7;-0.6;5.5;1.5;5.86;0;2.28;18971
99095;50.26417;4.96796;257;20230427;15.3;1.8;8.5;1.9;6.81;6;2.7;18940
99095;50.26417;4.96796;257;20230428;19;10;14.5;3.9;12.26;1;2.77;14567
99095;50.26417;4.96796;257;20230429;10.9;7.8;9.4;2.5;9.81;0;1.32;7099
99095;50.26417;4.96796;257;20230430;17;5.2;11.1;1.9;9.16;0;2.88;19908
99095;50.26417;4.96796;257;20230501;15.2;8.8;12;2;9.91;3;1.95;9631
99095;50.26417;4.96796;257;20230502;14.1;7.6;10.9;2.4;9.31;0;2.4;15273
99095;50.26417;4.96796;257;20230503;17.3;2.5;9.9;2.9;6.96;0;3.61;23906
99095;50.26417;4.96796;257;20230504;23.8;6.9;15.3;3.6;9.16;0;4.56;20901
99095;50.26417;4.96796;257;20230505;16;11.3;13.6;2.5;11.91;1;2.28;12763
99095;50.26417;4.96796;257;20230506;18.7;9.3;14;1.5;11.71;0;2.56;15039
99095;50.26417;4.96796;257;20230507;15.7;11;13.3;1.5;13.21;5;1.7;9646
99095;50.26417;4.96796;257;20230508;18.9;12.5;15.7;1.8;13.81;0;2.31;12245
99095;50.26417;4.96796;257;20230509;13.4;11.9;12.6;3;12.86;15;1.07;3747
99095;50.26417;4.96796;257;20230510;13.7;9.7;11.7;3.8;11.71;8;1.76;10861
99095;50.26417;4.96796;257;20230511;16.2;8;12.1;2.4;10.91;6;2.44;15300
99095;50.26417;4.96796;257;20230512;15.6;10.4;13;2.6;12.36;4;1.96;11299
99095;50.26417;4.96796;257;20230513;20.3;9.7;15;2.8;11.26;0;3.63;20676
99095;50.26417;4.96796;257;20230514;18.3;9.1;13.7;1.8;11.51;0;2.85;17505
99095;50.26417;4.96796;257;20230515;15.9;7.6;11.8;3;10.41;0;2.88;19462
99095;50.26417;4.96796;257;20230516;13;5.3;9.2;4.4;8.31;0;2.75;19272
99095;50.26417;4.96796;257;20230517;14.7;5.1;9.9;3.2;8.01;0;3.11;20609
99095;50.26417;4.96796;257;20230518;15.4;3.7;9.5;3.3;7.41;0;3.51;24603
99095;50.26417;4.96796;257;20230519;18.1;5.1;11.6;3.4;8.01;0;4;25164
99095;50.26417;4.96796;257;20230520;19.4;8.1;13.7;4.7;9.91;0;3.9;20336
99095;50.26417;4.96796;257;20230521;20.7;9.8;15.2;3;12.61;0;3.78;23060
99095;50.26417;4.96796;257;20230522;19;11.5;15.2;2.3;13.76;0;2.34;12193
99095;50.26417;4.96796;257;20230523;15.7;11.5;13.6;3.6;11.41;0;2.46;11726
99095;50.26417;4.96796;257;20230524;14.7;4.3;9.5;2.8;8.31;0;3.15;23036
99095;50.26417;4.96796;257;20230525;17.9;6.1;12;3.9;9.41;0;4.08;27969
99095;50.26417;4.96796;257;20230526;17.8;7.1;12.5;4.5;9.41;0;4.15;27119
99095;50.26417;4.96796;257;20230527;23.1;7.1;15.1;2.9;9.25;0;4.94;26950
99095;50.26417;4.96796;257;20230528;23.4;7.8;15.6;2.6;10.2;0;4.93;28100
99095;50.26417;4.96796;257;20230529;19.2;10.3;14.7;5.2;10.56;0;4.24;22683
99095;50.26417;4.96796;257;20230530;18.9;7.2;13;4.8;8.91;0;4.46;25688
99095;50.26417;4.96796;257;20230531;23.5;9.3;16.4;4.1;11.06;0;5.27;28097
99095;50.26417;4.96796;257;20230601;21.6;11.3;16.4;4.2;11.36;0;4.99;27632
99095;50.26417;4.96796;257;20230602;17.1;9.4;13.3;4.6;9.46;0;3.99;22911
99095;50.26417;4.96796;257;20230603;21.7;8.7;15.2;4.3;9.36;0;5.09;26444
99095;50.26417;4.96796;257;20230604;22.7;8.8;15.8;4.1;7.76;0;5.52;25442
99095;50.26417;4.96796;257;20230605;22.9;9.7;16.3;3.6;9.56;0;5.45;28890
99095;50.26417;4.96796;257;20230606;23.9;10.3;17.1;3.1;11.31;0;5.04;26647
99095;50.26417;4.96796;257;20230607;21.9;13.9;17.9;3.4;12.11;1;4.22;19140
99095;50.26417;4.96796;257;20230608;24.5;12.2;18.4;2.5;14.16;0;4.63;25200
99095;50.26417;4.96796;257;20230609;27.2;13.1;20.2;3.4;12.66;0;6;28743
99095;50.26417;4.96796;257;20230610;28.6;15.8;22.2;3.5;11.86;0;6.4;26470
99095;50.26417;4.96796;257;20230611;28.4;16.1;22.3;2.9;13.26;0;5.86;25447
99095;50.26417;4.96796;257;20230612;28.4;16;22.2;2.3;11.36;0;5.52;23862
99095;50.26417;4.96796;257;20230613;26.7;14.9;20.8;2.9;9.96;0;6.25;28835
99095;50.26417;4.96796;257;20230614;25;12.6;18.8;2.9;9.51;0;5.84;28929
99095;50.26417;4.96796;257;20230615;25.4;12.8;19.1;2.2;9.71;0;5.38;27119
99095;50.26417;4.96796;257;20230616;25.9;12.4;19.2;1.6;10.01;0;5.17;27259
99095;50.26417;4.96796;257;20230617;26.7;11.8;19.3;1.8;10.66;1;4.87;24101
99095;50.26417;4.96796;257;20230618;25.7;16.4;21;3.2;13.01;1;4.41;14155
99095;50.26417;4.96796;257;20230619;26.1;16.1;21.1;3.1;15.81;1;4.78;21983
99095;50.26417;4.96796;257;20230620;27.4;16.6;22;3.1;17.91;2;4.54;20063
99095;50.26417;4.96796;257;20230621;26;16.3;21.1;2.4;17.11;0;4.13;19422
99095;50.26417;4.96796;257;20230622;20.3;16.8;18.5;3.3;16.56;41;2.35;9013
99095;50.26417;4.96796;257;20230623;24.5;14.2;19.4;2.6;15.46;0;4.71;25389
99095;50.26417;4.96796;257;20230624;26.2;13.7;20;1.6;13.26;0;4.94;26184
99095;50.26417;4.96796;257;20230625;29.1;16.6;22.8;2.4;13.66;0;5.77;26175
99095;50.26417;4.96796;257;20230626;21.4;15.6;18.5;4.4;13.06;0;4.63;21973
99095;50.26417;4.96796;257;20230627;21.4;11.4;16.4;2.8;11.81;0;3.82;19128
99095;50.26417;4.96796;257;20230628;22.5;14.2;18.4;1.7;14.06;0;2.98;13328
99095;50.26417;4.96796;257;20230629;22.4;16.4;19.4;1.8;16.46;4;2.71;11949
99095;50.26417;4.96796;257;20230630;21.2;12.8;17;2.8;12.76;1;3.99;21191
99095;50.26417;4.96796;257;20230701;20.2;13.7;16.9;5.4;13.66;2;3.09;11163
99095;50.26417;4.96796;257;20230702;20.3;12.3;16.3;4.6;11.91;0;3.7;15455
99095;50.26417;4.96796;257;20230703;20.6;11.3;15.9;5;11.21;0;4.25;19715
99095;50.26417;4.96796;257;20230704;21.2;10.8;16;3.9;12.36;3;3.96;20939
100094;50.47228;4.59257;155;20231111;9.5;3.9;6.7;4.4;8.25;0;0.65;5150
100094;50.47228;4.59257;155;20231112;8.2;3.5;5.9;2.5;8.55;2;0.36;3143
100094;50.47228;4.59257;155;20231113;14.8;6.8;10.8;5.4;11.25;7;0.88;2602
100094;50.47228;4.59257;155;20231114;12;9.9;10.9;7.9;10.6;8;1.21;1994
100094;50.47228;4.59257;155;20231115;11.9;9;10.5;5.5;10.1;1;0.99;4571
100094;50.47228;4.59257;155;20231116;7.6;5.6;6.6;2.9;9;6;0.41;1630
100094;50.47228;4.59257;155;20231117;8.7;6.1;7.4;3.5;8.8;0;0.57;3024
100094;50.47228;4.59257;155;20231118;9.9;3.7;6.8;4.9;9.6;7;0.34;1481
100094;50.47228;4.59257;155;20231119;12.4;10;11.2;7.3;11.5;2;0.84;3043
100094;50.47228;4.59257;155;20231120;10.2;9.3;9.8;5.5;10.75;9;0.63;2051
100094;50.47228;4.59257;155;20231121;10.1;7.2;8.7;2.7;10.3;2;0.45;1477
100094;50.47228;4.59257;155;20231122;6.7;3.8;5.2;3.5;7.55;0;0.46;3349
100094;50.47228;4.59257;155;20231123;11;5;8;5;9.9;1;0.47;2116
100094;50.47228;4.59257;155;20231124;6.9;6.3;6.6;5.1;8.2;5;0.66;2371
100094;50.47228;4.59257;155;20231125;5.4;1.2;3.3;3.8;7.15;4;0.3;2589
100094;50.47228;4.59257;155;20231126;5.3;3.6;4.5;4.4;7.5;4;0.47;1602
100094;50.47228;4.59257;155;20231127;6.5;2.4;4.4;6;7.35;11;0.59;1309
100094;50.47228;4.59257;155;20231128;2.7;1.5;2.1;4.3;5.85;0;0.46;3296
100094;50.47228;4.59257;155;20231129;5.1;-1;2;3.7;6.2;3;0.33;3462
100094;50.47228;4.59257;155;20231130;3.5;1.9;2.7;2.4;6.8;0;0.33;1589
100094;50.47228;4.59257;155;20231201;0.2;-0.5;-0.2;3.9;5;0;0.5;1113
100094;50.47228;4.59257;155;20231202;0.2;-3.6;-1.7;3.2;4.3;0;0.28;4043
100094;50.47228;4.59257;155;20231203;1;-2.2;-0.6;4.7;4.7;1;0.51;2350
100094;50.47228;4.59257;155;20231204;4.4;0.5;2.4;5.4;5.6;9;0.8;1760
100094;50.47228;4.59257;155;20231205;6.1;4.4;5.3;3.8;8.45;3;0.31;1037
100094;50.47228;4.59257;155;20231206;5.1;2.7;3.9;2.7;7.25;0;0.28;2287
100094;50.47228;4.59257;155;20231207;4.3;1.2;2.8;4.5;6.1;1;0.51;2730
100094;50.47228;4.59257;155;20231208;7.6;2.8;5.2;4.7;8.05;1;0.42;1474
100094;50.47228;4.59257;155;20231209;10.8;6.5;8.7;6.6;9.25;8;0.97;1377
100094;50.47228;4.59257;155;20231210;9.6;8.3;8.9;8.5;9.05;3;1.16;1759
100094;50.47228;4.59257;155;20231211;10.4;8.4;9.4;7;9.41;0;1.05;1805
100094;50.47228;4.59257;155;20231212;11.5;7.2;9.4;4;10.1;4;0.59;2050
100094;50.47228;4.59257;155;20231213;8.3;6.9;7.6;4.1;9.75;5;0.34;1376
100094;50.47228;4.59257;155;20231214;6;5.2;5.6;3.3;8.75;1;0.22;1512
100094;50.47228;4.59257;155;20231215;8;4.9;6.4;3;8.6;0;0.38;1652
100094;50.47228;4.59257;155;20231216;8.3;5.1;6.7;3.7;8;0;0.66;1592
100094;50.47228;4.59257;155;20231217;8.7;4.8;6.8;4.4;8.05;0;0.46;3811
100094;50.47228;4.59257;155;20231218;1.9;1.5;1.7;5.1;6.55;0;0.23;1129
100094;50.47228;4.59257;155;20231219;7.1;1.7;4.4;6.3;8.05;11;0.3;996
100094;50.47228;4.59257;155;20231220;7.6;3.8;5.7;5.3;8.65;2;0.26;2060
100094;50.47228;4.59257;155;20231221;11.1;7.6;9.3;8;10.05;5;0.85;1520
100094;50.47228;4.59257;155;20231222;9.7;6.3;8;7.5;8.9;4;0.91;1299
100094;50.47228;4.59257;155;20231223;10;7.6;8.8;7.7;9.35;0;0.95;1560
100094;50.47228;4.59257;155;20231224;11.3;8.3;9.8;9;10.75;7;0.75;1190
100094;50.47228;4.59257;155;20231225;10.8;9.7;10.3;8;11.4;5;0.57;1243
100094;50.47228;4.59257;155;20231226;9.6;8.8;9.2;5.6;9.2;1;0.88;2530
100094;50.47228;4.59257;155;20231227;8.8;3.4;6.1;5.2;8.7;0;0.39;1989
100094;50.47228;4.59257;155;20231228;10.8;8.5;9.6;8.1;9.15;0;1.23;2548
100094;50.47228;4.59257;155;20231229;9.9;8.7;9.3;8.5;9.5;5;1.08;1467
100094;50.47228;4.59257;155;20231230;9.4;6.9;8.1;5.8;9;0;0.76;2044
100094;50.47228;4.59257;155;20231231;10.2;8.2;9.2;7.7;8.2;3;1.58;1576
100096;50.50328;5.29569;226;20231212;10.9;6.4;8.7;4.2;9.8;5;0.62;1722
100096;50.50328;5.29569;226;20231213;8.7;6.9;7.8;4.1;9.4;3;0.48;1848
100096;50.50328;5.29569;226;20231214;5.2;5;5.1;3.1;8.53;1;0.3;745
100096;50.50328;5.29569;226;20231215;7.5;3.8;5.7;2.9;8.37;0;0.36;1532
100096;50.50328;5.29569;226;20231216;7.8;4.9;6.4;3.9;7.77;0;0.69;1775
100096;50.50328;5.29569;226;20231217;9.1;3.9;6.5;4.1;8;0;0.41;3801
100096;50.50328;5.29569;226;20231218;2.8;1.4;2.1;4.6;6.2;0;0.38;2841
100096;50.50328;5.29569;226;20231219;6.2;0.7;3.4;6.5;7.87;11;0.2;862
100096;50.50328;5.29569;226;20231220;7;3.7;5.4;6.2;8.7;2;0.29;1479
100096;50.50328;5.29569;226;20231221;10.5;6.5;8.5;8.2;10;4;0.71;945
100096;50.50328;5.29569;226;20231222;9;5.5;7.3;7.6;8.97;8;0.7;1090
100096;50.50328;5.29569;226;20231223;9.3;7.2;8.3;7.9;9.4;0;0.86;1028
100096;50.50328;5.29569;226;20231224;10.9;7.8;9.4;8.9;10.63;6;0.72;830
100096;50.50328;5.29569;226;20231225;10.7;9.4;10;8.1;11.37;4;0.63;586
100096;50.50328;5.29569;226;20231226;10;8.2;9.1;6;9.47;1;0.84;2687
100096;50.50328;5.29569;226;20231227;8.5;4.2;6.4;5.4;8.43;0;0.62;1691
100096;50.50328;5.29569;226;20231228;10.6;7.7;9.2;8.5;9.07;0;1.19;2860
100096;50.50328;5.29569;226;20231229;9.6;8.3;8.9;8.5;9.53;5;1.02;1246
100096;50.50328;5.29569;226;20231230;9.3;5.8;7.6;6.5;9;0;0.69;2449
100096;50.50328;5.29569;226;20231231;9.7;7.8;8.7;9;8.23;2;1.56;1835
101095;50.71245;4.9198;111;20231112;9.2;3.8;6.5;2.1;8.7;1;0.4;3591
101095;50.71245;4.9198;111;20231113;14.8;7;10.9;6.2;11.7;7;0.79;3949
101095;50.71245;4.9198;111;20231114;11.9;10.4;11.2;8.3;11;10;1.18;2319
101095;50.71245;4.9198;111;20231115;12.4;9;10.7;5.4;10.2;1;1.08;3694
101095;50.71245;4.9198;111;20231116;7.5;5.9;6.7;2.8;9.1;1;0.42;1566
101095;50.71245;4.9198;111;20231117;9;6;7.5;3.1;9.2;0;0.48;2751
101095;50.71245;4.9198;111;20231118;10.1;4.8;7.5;4.8;9.9;10;0.36;2495
101095;50.71245;4.9198;111;20231119;13.1;10.1;11.6;7.8;12.1;2;0.81;3053
101095;50.71245;4.9198;111;20231120;10.2;9.3;9.8;5.6;10.9;6;0.62;1752
101095;50.71245;4.9198;111;20231121;10.3;7.4;8.9;2.3;10.5;1;0.38;2250
101095;50.71245;4.9198;111;20231122;6.7;3.2;5;2.7;7.8;0;0.35;2800
101095;50.71245;4.9198;111;20231123;11.5;5.1;8.3;5;10.3;1;0.4;3114
101095;50.71245;4.9198;111;20231124;6.6;6.5;6.6;4.5;8.6;5;0.59;1171
101095;50.71245;4.9198;111;20231125;6.5;1.8;4.2;3.6;7.4;3;0.37;2756
101095;50.71245;4.9198;111;20231126;5.6;3.9;4.8;3.7;7.9;5;0.34;2133
101095;50.71245;4.9198;111;20231127;7.1;2.7;4.9;7.1;7.5;9;0.69;1922
101095;50.71245;4.9198;111;20231128;3;1.3;2.2;4.4;5.9;0;0.51;2863
101095;50.71245;4.9198;111;20231129;4.7;-0.8;2;3.7;6.4;1;0.26;3351
101095;50.71245;4.9198;111;20231130;2.9;1.7;2.3;1.3;6.7;0;0.27;1422
101095;50.71245;4.9198;111;20231201;0.4;-0.5;0;2.7;5.1;0;0.43;1438
101095;50.71245;4.9198;111;20231202;0.5;-3.6;-1.5;2.2;4.5;0;0.31;2420
101095;50.71245;4.9198;111;20231203;1.2;-1.7;-0.2;4.3;4.9;2;0.5;2129
101095;50.71245;4.9198;111;20231204;4.6;0.4;2.5;4.2;5.7;9;0.68;2182
101095;50.71245;4.9198;111;20231205;6.7;4.5;5.6;2.9;8.5;1;0.39;895
101095;50.71245;4.9198;111;20231206;6;2.7;4.4;2.9;7.4;0;0.34;2229
101095;50.71245;4.9198;111;20231207;4.5;0.6;2.6;3.3;6.3;2;0.34;2833
101095;50.71245;4.9198;111;20231208;7.5;2.9;5.2;4.5;8.2;1;0.37;1729
101095;50.71245;4.9198;111;20231209;11;6.4;8.7;6.9;9.4;7;0.9;2146
101095;50.71245;4.9198;111;20231210;10.3;8.5;9.4;8.8;9.2;4;1.33;1722
101095;50.71245;4.9198;111;20231211;10.6;9;9.8;6.8;9.8;0;1.08;1561
101095;50.71245;4.9198;111;20231212;11.6;7.6;9.6;4.2;10.4;4;0.58;2112
101095;50.71245;4.9198;111;20231213;8.5;7.6;8.1;3.6;10.1;3;0.36;1346
101095;50.71245;4.9198;111;20231214;6.2;5;5.6;2.5;8.8;1;0.23;1376
101095;50.71245;4.9198;111;20231215;8.6;5;6.8;2.9;8.8;0;0.41;1745
101095;50.71245;4.9198;111;20231216;8.8;5;6.9;4;8.4;0;0.54;2426
101095;50.71245;4.9198;111;20231217;9;5.8;7.4;4.4;8.6;0;0.66;1935
101095;50.71245;4.9198;111;20231218;3;2.1;2.6;4.5;7;0;0.28;1002
101095;50.71245;4.9198;111;20231219;7.5;2.2;4.9;6.9;8.4;10;0.28;1322
101095;50.71245;4.9198;111;20231220;7.9;4.3;6.1;5.7;8.6;1;0.4;2124
101095;50.71245;4.9198;111;20231221;11.5;7.6;9.6;8.3;10.2;4;0.9;1891
101095;50.71245;4.9198;111;20231222;10.4;7.1;8.8;8.1;9.1;5;1.11;1795
101095;50.71245;4.9198;111;20231223;10.6;7.9;9.3;8.2;9.5;0;1.13;1425
101095;50.71245;4.9198;111;20231224;12;8.8;10.4;9.8;11.3;6;0.78;1424
101095;50.71245;4.9198;111;20231225;11.3;10.1;10.7;8.8;12;5;0.56;1002
101095;50.71245;4.9198;111;20231226;9.7;9;9.4;5.7;9.5;1;0.91;2065
101095;50.71245;4.9198;111;20231227;9.3;4.5;6.9;5.2;8.9;0;0.48;2290
101095;50.71245;4.9198;111;20231228;11.1;8.4;9.8;8.9;9.4;0;1.33;2191
101095;50.71245;4.9198;111;20231229;10.3;8.9;9.6;8.8;9.8;7;1.17;1074
101095;50.71245;4.9198;111;20231230;9.8;7.3;8.6;6.1;9.3;0;0.86;1576
101095;50.71245;4.9198;111;20231231;10.8;8.4;9.6;8;8.5;3;1.66;1744
101095;50.71245;4.9198;111;20231029;14.6;11.6;13.1;8.4;11.7;4;1.72;3973
101095;50.71245;4.9198;111;20231030;12.3;10.1;11.2;4.4;11.9;6;0.73;3762
101095;50.71245;4.9198;111;20231031;11.5;9.1;10.3;5.2;11.5;3;0.64;2564
101095;50.71245;4.9198;111;20231101;14.6;11;12.8;6.6;12;2;1.33;4151
101095;50.71245;4.9198;111;20231102;13.2;9.5;11.4;11.1;9.7;1;2.13;3348
101095;50.71245;4.9198;111;20231103;11.1;7.5;9.3;8.3;8.7;0;1.58;4598
101095;50.71245;4.9198;111;20231104;11.6;7;9.3;6.3;9.8;4;1;4196
101095;50.71245;4.9198;111;20231105;11.6;7.7;9.7;6.1;10.6;2;0.78;3627
101095;50.71245;4.9198;111;20231106;12.1;7.9;10;6.3;9.8;1;1.15;5403
101095;50.71245;4.9198;111;20231107;10.5;8;9.3;5.5;9.6;1;0.97;3424
101095;50.71245;4.9198;111;20231108;10.6;6.4;8.5;7.2;9.4;8;0.93;3820
101095;50.71245;4.9198;111;20231109;11.5;8.5;10;6.9;10.2;7;1.06;3013
101095;50.71245;4.9198;111;20231110;9;6;7.5;6.4;8.8;8;0.84;2811
101095;50.71245;4.9198;111;20231111;9.1;4.5;6.8;3.9;8.6;2;0.56;4391
99094;50.24822;4.61816;248;20231211;9.9;8.3;9.1;7.9;9.61;0;0.89;1828
99094;50.24822;4.61816;248;20231212;10.6;6.5;8.5;4.1;10.21;2;0.31;2495
99094;50.24822;4.61816;248;20231213;8;7.6;7.8;4.4;9.51;4;0.47;1226
99094;50.24822;4.61816;248;20231214;6.1;4.7;5.4;3;8.61;1;0.23;1254
99094;50.24822;4.61816;248;20231215;7.6;4.3;5.9;2.2;8.41;0;0.27;2052
99094;50.24822;4.61816;248;20231216;7.6;5;6.3;3.1;7.61;0;0.62;1607
99094;50.24822;4.61816;248;20231217;8.3;3.8;6;3.4;7.61;0;0.5;2733
99094;50.24822;4.61816;248;20231218;0.5;0.2;0.3;4.1;6.21;0;0.17;379
99094;50.24822;4.61816;248;20231219;6.1;0.3;3.2;5.1;7.61;9;0.14;1455
99094;50.24822;4.61816;248;20231220;7.3;4;5.6;5.7;8.41;3;0.33;1889
99094;50.24822;4.61816;248;20231221;10.8;7.2;9;9;9.91;4;0.78;1760
99094;50.24822;4.61816;248;20231222;9.4;5.8;7.6;8.6;8.81;4;0.81;1761
99094;50.24822;4.61816;248;20231223;9.6;7.2;8.4;8.4;9.41;0;0.74;2059
99094;50.24822;4.61816;248;20231224;10.4;7.7;9;9.4;10.51;6;0.56;1014
99094;50.24822;4.61816;248;20231225;10.1;9.4;9.7;8.1;11.11;5;0.48;1153
99094;50.24822;4.61816;248;20231226;9.6;8.2;8.9;5.5;9.41;0;0.83;1247
99094;50.24822;4.61816;248;20231227;8;5;6.5;5.2;8.81;0;0.34;2187
99094;50.24822;4.61816;248;20231228;10.4;7.1;8.7;8.2;9.21;0;0.99;1740
99094;50.24822;4.61816;248;20231229;9.3;7.8;8.5;8.6;9.51;2;0.81;1286
99094;50.24822;4.61816;248;20231230;8.8;7.1;7.9;6.4;9.01;1;0.74;1633
99094;50.24822;4.61816;248;20231231;9.9;7.5;8.7;8.8;8.21;3;1.44;2121
99095;50.26417;4.96796;257;20231209;9.3;6.3;7.8;6.7;9.01;9;0.77;1298
99095;50.26417;4.96796;257;20231210;8.9;7.9;8.4;9;8.81;1;1.13;1483
99095;50.26417;4.96796;257;20231211;9.8;8.2;9;7;9.26;1;0.99;1664
99095;50.26417;4.96796;257;20231212;10.7;6.5;8.6;3.8;9.96;3;0.47;1797
99095;50.26417;4.96796;257;20231213;8.1;7.3;7.7;3.9;9.31;3;0.46;1613
99095;50.26417;4.96796;257;20231214;6.1;5.3;5.7;2.8;8.56;1;0.32;1077
99095;50.26417;4.96796;257;20231215;7.3;4.2;5.7;2.4;8.36;0;0.28;1926
99095;50.26417;4.96796;257;20231216;7.5;4.8;6.1;3;7.66;0;0.59;1603
99095;50.26417;4.96796;257;20231217;8.6;3.4;6;3.2;7.51;0;0.39;3716
99095;50.26417;4.96796;257;20231218;2;0.3;1.1;4;6.06;0;0.24;1989
99095;50.26417;4.96796;257;20231219;5.5;-0.2;2.6;5.4;7.41;10;0.14;1027
99095;50.26417;4.96796;257;20231220;6.9;3.9;5.4;5.2;8.66;3;0.22;1644
99095;50.26417;4.96796;257;20231221;10.6;6.9;8.8;8.2;9.81;4;0.79;1180
99095;50.26417;4.96796;257;20231222;9.1;5.4;7.3;8;8.86;5;0.73;1180
99095;50.26417;4.96796;257;20231223;9.3;7.2;8.3;7.8;9.31;1;0.79;1579
99095;50.26417;4.96796;257;20231224;10.2;7.5;8.8;8.7;10.36;7;0.59;857
99095;50.26417;4.96796;257;20231225;10.1;9.2;9.6;7.7;10.96;5;0.55;976
99095;50.26417;4.96796;257;20231226;9.4;8;8.7;5.6;9.26;1;0.78;2023
99095;50.26417;4.96796;257;20231227;7.9;4.8;6.3;4.8;8.61;0;0.42;1793
99095;50.26417;4.96796;257;20231228;10.1;7;8.6;8;8.91;1;1.04;2320
99095;50.26417;4.96796;257;20231229;9.2;7.8;8.5;8.6;9.21;3;0.99;1043
99095;50.26417;4.96796;257;20231230;8.6;6.8;7.7;6;8.81;0;0.77;1516
99095;50.26417;4.96796;257;20231231;9.2;7.3;8.2;8.7;8.11;4;1.34;2160
101094;50.69632;4.56668;130;20240101;7.5;5.7;6.6;7.6;8.23;10;0.78;2046
101094;50.69632;4.56668;130;20240102;11.6;5.9;8.8;8.8;10.97;17;0.42;946
101094;50.69632;4.56668;130;20240103;11;8.8;9.9;8.3;9.93;6;1.14;1921
101094;50.69632;4.56668;130;20240104;9.3;7.7;8.5;5.8;9.63;3;0.62;2819
101094;50.69632;4.56668;130;20240105;7.3;6.4;6.9;7.3;8.63;5;0.73;983
101094;50.69632;4.56668;130;20240106;5.2;4.1;4.6;3.7;7.83;2;0.45;507
101094;50.69632;4.56668;130;20240107;0.8;0.7;0.8;4.8;5.57;0;0.55;586
101094;50.69632;4.56668;130;20240108;-2.1;-3;-2.5;5.6;3.7;0;0.72;1677
101094;50.69632;4.56668;130;20240109;-1.5;-6.1;-3.8;5.1;2.9;0;0.72;4694
101094;50.69632;4.56668;130;20240110;-1.4;-7.1;-4.2;2.8;3.03;0;0.42;4250
101094;50.69632;4.56668;130;20240111;-0.2;-6.6;-3.4;2.2;3.87;0;0.18;4690
101094;50.69632;4.56668;130;20240112;1.8;-1.3;0.2;1.4;6;0;0.24;1405
101094;50.69632;4.56668;130;20240113;1.8;1;1.4;2.6;5.9;0;0.46;816
101094;50.69632;4.56668;130;20240114;-0.4;-0.9;-0.6;4.4;5.53;1;0.29;826
101094;50.69632;4.56668;130;20240115;2.9;-1.2;0.8;4.2;5.7;2;0.34;3508
101094;50.69632;4.56668;130;20240116;1.8;-2.8;-0.5;3.2;4.5;0;0.44;4370
101094;50.69632;4.56668;130;20240117;-1.8;-4;-2.9;2.3;4.4;8;0.33;1147
101094;50.69632;4.56668;130;20240118;1.4;-3.8;-1.2;1.9;4.87;1;0.11;5273
101094;50.69632;4.56668;130;20240119;0.4;-4.8;-2.2;3.2;5.13;0;0.1;4871
101094;50.69632;4.56668;130;20240120;0.8;-2.9;-1;4.5;4.5;0;0.48;4686
101094;50.69632;4.56668;130;20240121;4.6;-2.2;1.2;7.7;5.4;1;0.8;3120
101094;50.69632;4.56668;130;20240122;11.6;4.5;8.1;10.1;9.63;1;0.84;3281
101094;50.69632;4.56668;130;20240123;9;5;7;7.1;8.93;2;0.64;3032
101094;50.69632;4.56668;130;20240124;11.3;9.1;10.2;8.4;10.53;0;1.04;2990
101094;50.69632;4.56668;130;20240125;9.6;4.5;7;3.5;10;1;0.26;2359
101094;50.69632;4.56668;130;20240126;11.1;9.3;10.2;5.4;9.6;1;1.12;4414
101094;50.69632;4.56668;130;20240127;8.1;0.7;4.4;2.3;5.75;0;0.65;5480
101094;50.69632;4.56668;130;20240128;12.4;-0.6;5.9;2.6;5.55;0;0.99;6085
101094;50.69632;4.56668;130;20240129;13;5.7;9.4;3.5;7.9;0;1.17;5502
101094;50.69632;4.56668;130;20240130;10.7;9.5;10.1;4.1;9.3;0;1.18;1955
101094;50.69632;4.56668;130;20240131;7.6;5.7;6.7;3.2;8.03;4;0.71;2671
101094;50.69632;4.56668;130;20240201;8.8;6.2;7.5;3.5;8.53;0;0.66;5751
101094;50.69632;4.56668;130;20240202;7.2;3;5.1;4.6;8.13;0;0.47;2413
101094;50.69632;4.56668;130;20240203;9.8;7.2;8.5;4.9;11.07;0;0.29;1458
101094;50.69632;4.56668;130;20240204;10.2;9.2;9.7;6.2;11.47;2;0.5;992
101094;50.69632;4.56668;130;20240205;9.2;9.1;9.1;7.1;9.73;0;1.02;2307
101094;50.69632;4.56668;130;20240206;10.9;7.7;9.3;8.4;9.87;6;1.12;1882
101094;50.69632;4.56668;130;20240207;6.9;5.2;6.1;5.5;9.3;18;0.44;1442
101094;50.69632;4.56668;130;20240208;11.6;2.9;7.3;3.5;9.43;12;0.63;1858
101094;50.69632;4.56668;130;20240209;12.7;9.6;11.1;6.1;10.97;2;1.14;3416
101094;50.69632;4.56668;130;20240210;12.3;9.1;10.7;3.1;10.97;4;0.8;3851
101094;50.69632;4.56668;130;20240211;10.5;7;8.7;3.3;10.03;2;0.65;3855
101094;50.69632;4.56668;130;20240212;9.6;6.2;7.9;3.2;8.73;1;0.8;5464
101094;50.69632;4.56668;130;20240213;9.2;2.9;6;4.5;7.77;0;0.87;5818
101094;50.69632;4.56668;130;20240214;11.9;7.5;9.7;5.5;11.47;2;0.55;1666
101094;50.69632;4.56668;130;20240215;16.3;11.5;13.9;4.4;11.47;0;1.66;4427
101094;50.69632;4.56668;130;20240216;13.6;12.5;13;4.4;11.39;1;1.45;2260
101094;50.69632;4.56668;130;20240217;13.2;7.6;10.4;3;9.94;0;1.08;5157
101094;50.69632;4.56668;130;20240218;10.4;8.8;9.6;5.6;9.99;4;1.08;2152
101094;50.69632;4.56668;130;20240219;10;8.3;9.2;3.4;10.43;2;0.69;2158
101094;50.69632;4.56668;130;20240220;12.9;5;8.9;3.8;9.09;0;1.27;5834
101094;50.69632;4.56668;130;20240221;9.4;7.2;8.3;6.1;9.6;9;0.85;2882
101094;50.69632;4.56668;130;20240222;12.8;8.3;10.5;6.8;10.7;7;1.19;3389
101094;50.69632;4.56668;130;20240223;8.3;4.3;6.3;6.4;7.13;2;1.36;4877
101094;50.69632;4.56668;130;20240224;6.7;3.5;5.1;4.9;7.2;1;0.93;4588
101094;50.69632;4.56668;130;20240225;9.3;4.4;6.9;4.6;7.8;5;1.15;5610
101094;50.69632;4.56668;130;20240226;5.2;5;5.1;6.1;8.23;14;0.51;1655
101094;50.69632;4.56668;130;20240227;7.2;3.1;5.1;3.1;7.3;0;0.84;5513
101094;50.69632;4.56668;130;20240228;8.9;0.6;4.8;3;7.39;0;0.84;6525
101094;50.69632;4.56668;130;20240229;8.9;6.5;8;5.5;9.43;3;0.6;938
101094;50.69632;4.56668;130;20240301;9.4;4.6;7;6.3;8.6;2;1.02;7250
101094;50.69632;4.56668;130;20240302;12;4.9;8.4;5.2;8.23;1;1.55;8866
101094;50.69632;4.56668;130;20240303;11.2;7.8;9.5;2.8;9.23;0;1.07;3783
101094;50.69632;4.56668;130;20240304;11.3;4.7;8;2;7.57;0;1.29;11146
101094;50.69632;4.56668;130;20240305;8.8;5;6.9;2.1;7.9;1;0.9;4716
101094;50.69632;4.56668;130;20240306;11.6;2.5;7;1.6;7.5;0;1.13;10338
101094;50.69632;4.56668;130;20240307;9.5;2.7;6.1;3.1;7.27;0;1.27;11283
101094;50.69632;4.56668;130;20240308;12.4;1;6.7;4.2;6.33;0;2;13869
101094;50.69632;4.56668;130;20240309;13.8;5.3;9.5;4;7.47;0;2.02;7901
101094;50.69632;4.56668;130;20240310;11.8;7.3;9.6;2.3;8.63;1;1.26;5026
101094;50.69632;4.56668;130;20240311;8.3;7;7.7;3.4;10.03;16;0.56;2563
101094;50.69632;4.56668;130;20240312;9.6;5.7;7.6;4.1;9.93;10;0.66;4261
101094;50.69632;4.56668;130;20240313;12.6;8.3;10.5;4.4;11.53;0;0.89;4132
101094;50.69632;4.56668;130;20240314;18.2;7.9;13;4;10.27;0;2.39;12790
101094;50.69632;4.56668;130;20240315;14.6;11.9;13.3;5.1;11.53;5;1.83;6699
101094;50.69632;4.56668;130;20240316;9.8;7.4;8.6;3.5;9.57;1;1.01;5534
101094;50.69632;4.56668;130;20240317;13.9;6.5;10.2;3.6;9.73;1;1.51;7647
101094;50.69632;4.56668;130;20240318;14.7;9.8;12.2;2.5;11.43;0;1.55;10525
101094;50.69632;4.56668;130;20240319;17;8;12.5;2.1;10.43;0;1.84;11751
101094;50.69632;4.56668;130;20240320;18.5;6.7;12.6;1.9;10.57;0;1.93;12327
101094;50.69632;4.56668;130;20240321;12.4;6.6;9.5;2.3;10.57;0;1.11;8179
101094;50.69632;4.56668;130;20240322;12.4;10.6;11.5;4.4;10.75;8;1.5;6198
101094;50.69632;4.56668;130;20240323;9.4;5.1;7.2;4.9;8;2;1.56;11459
101094;50.69632;4.56668;130;20240324;9.2;3.7;6.4;5.6;7.47;2;1.51;9134
101094;50.69632;4.56668;130;20240325;12;2.4;7.2;3;7.07;0;1.93;14770
101094;50.69632;4.56668;130;20240326;14.7;4.4;9.5;3.8;8;0;2.13;9347
101094;50.69632;4.56668;130;20240327;11.1;6.5;8.8;4.8;8.6;1;1.71;9571
101094;50.69632;4.56668;130;20240328;12.3;6.1;9.2;6.8;7.53;2;2.52;11586
101094;50.69632;4.56668;130;20240329;14;6.1;10;4.4;9.1;3;1.96;10093
101094;50.69632;4.56668;130;20240330;9.7;7.9;8.8;1.9;10.2;1;0.89;4813
101094;50.69632;4.56668;130;20240331;13.7;5.5;9.6;3.2;10.23;1;1.45;9815
101094;50.69632;4.56668;130;20240401;14.2;8;11.1;4;9.57;0;2.11;11692
101094;50.69632;4.56668;130;20240402;13;7.6;10.3;5.8;9.63;2;1.87;8411
101094;50.69632;4.56668;130;20240403;15;9.2;12.1;4.9;10.7;4;2.09;9903
101094;50.69632;4.56668;130;20240404;15.6;8.9;12.3;6.2;11.4;11;2.07;10210
101094;50.69632;4.56668;130;20240405;17.9;11.5;14.7;5.5;13.1;1;2.19;9031
101094;50.69632;4.56668;130;20240406;24;13.4;18.7;5;12.17;0;4.31;15620
101094;50.69632;4.56668;130;20240407;19.7;14.1;16.9;4.7;12;1;3.37;13488
101094;50.69632;4.56668;130;20240408;21.2;10.6;15.9;2.4;13.3;6;2.59;14032
101094;50.69632;4.56668;130;20240409;11.9;9.7;10.8;6.1;10.43;0;1.86;10769
101094;50.69632;4.56668;130;20240410;14.6;5;9.8;3.3;8;0;2.8;20140
101094;50.69632;4.56668;130;20240411;14.7;9.8;12.2;4;10.73;0;1.86;7225
101094;50.69632;4.56668;130;20240412;20.8;12.8;16.8;3.4;13.9;0;2.9;14909
101094;50.69632;4.56668;130;20240413;23.5;12.6;18.1;4;13.7;0;3.8;18144
101094;50.69632;4.56668;130;20240414;15.9;9.5;12.7;2.8;9.97;1;2.36;12376
101094;50.69632;4.56668;130;20240415;11.4;6;8.7;4.7;8.13;5;2.01;10777
101094;50.69632;4.56668;130;20240416;9.5;3.7;6.6;5.8;8.35;7;1.29;8850
101094;50.69632;4.56668;130;20240417;9.1;3;6.1;2.5;7.67;3;1.56;12651
101094;50.69632;4.56668;130;20240418;11.3;1.7;6.5;2.6;7.43;1;1.95;15421
101094;50.69632;4.56668;130;20240419;11;6;8.5;5.7;8.63;4;1.71;7965
101094;50.69632;4.56668;130;20240420;8.8;4;6.4;3.9;7.47;1;1.66;11474
101094;50.69632;4.56668;130;20240421;9.7;2.2;5.9;3.7;6.93;1;1.88;13542
101094;50.69632;4.56668;130;20240422;10.2;2.4;6.3;2.7;6.73;1;2.1;15705
101094;50.69632;4.56668;130;20240423;10.5;-0.5;5;2.4;6.17;1;2.28;19855
101094;50.69632;4.56668;130;20240424;8.9;3.6;6.2;3.6;7.53;2;1.77;14261
101094;50.69632;4.56668;130;20240425;10;2.6;6.3;3.1;6.93;0;1.81;11625
101094;50.69632;4.56668;130;20240426;11.8;6.3;9.1;2.4;8.47;0;1.72;8840
101094;50.69632;4.56668;130;20240427;16.4;7.1;11.8;3.7;10.3;1;2.25;11260
101094;50.69632;4.56668;130;20240428;14.2;12.7;13.4;6;9.97;1;2.87;9450
101094;50.69632;4.56668;130;20240429;18.7;6.9;12.8;2.9;10.17;0;3.19;19542
101094;50.69632;4.56668;130;20240430;22;11.2;16.6;2.8;12.97;5;3.21;15798
101094;50.69632;4.56668;130;20240501;23.3;11.4;17.4;2.6;15.23;1;3.53;20384
101094;50.69632;4.56668;130;20240502;16.4;13;14.7;3.3;14.03;9;1.87;9290
101094;50.69632;4.56668;130;20240503;15.4;9.2;12.3;5;10.9;6;2.39;11990
101094;50.69632;4.56668;130;20240504;14.6;8.1;11.4;2.8;10.67;7;1.98;11333
101094;50.69632;4.56668;130;20240505;16.9;8.3;12.6;2.2;11.63;0;2.46;15779
101094;50.69632;4.56668;130;20240506;16.5;11.9;14.2;1.5;13.7;5;1.81;9857
101094;50.69632;4.56668;130;20240507;18.1;10.6;14.4;1.8;13.25;0;2.22;12525
101094;50.69632;4.56668;130;20240508;13.5;10.2;11.8;1.8;11.85;0;1.44;7400
101094;50.69632;4.56668;130;20240509;18.7;6.8;12.7;1.3;12.5;0;2.85;19900
101094;50.69632;4.56668;130;20240510;20.8;9.5;15.2;1.6;13.25;0;3.59;23425
101094;50.69632;4.56668;130;20240511;23.3;10.3;16.8;2.2;14.1;0;4.22;25525
101094;50.69632;4.56668;130;20240512;25.4;11.8;18.6;1.9;15.42;2;3.71;19150
101094;50.69632;4.56668;130;20240513;21.4;14.4;17.9;2.4;16.7;0;3.39;20300
101094;50.69632;4.56668;130;20240514;22.8;15.2;19;2.8;16.2;3;3.93;21600
101094;50.69632;4.56668;130;20240515;17.3;13.4;15.3;1.5;15.42;6;2.07;12000
101094;50.69632;4.56668;130;20240516;18;13.7;15.9;1.6;15.35;10;2.53;15325
101094;50.69632;4.56668;130;20240517;17.2;11.8;14.5;2.3;14.32;15;1.94;10725
101094;50.69632;4.56668;130;20240518;18.2;11.7;14.9;2;14.52;2;2.14;11875
101094;50.69632;4.56668;130;20240519;19.1;12;15.6;1.8;14.35;1;2.69;15400
101094;50.69632;4.56668;130;20240520;19.5;11.1;15.3;1.4;14.8;2;3.11;20075
101094;50.69632;4.56668;130;20240521;16.5;13;14.7;1.2;15.72;9;1.41;7175
101094;50.69632;4.56668;130;20240522;18.1;12.8;15.4;2.7;14.52;0;2.4;13275
101094;50.69632;4.56668;130;20240523;19.7;11;15.3;2.2;13.77;0;3.56;22975
101094;50.69632;4.56668;130;20240524;16.5;11.5;14;1.6;14.17;10;1.92;11325
101094;50.69632;4.56668;130;20240525;19.1;11.7;15.4;2.2;14.15;0;2.81;16350
101094;50.69632;4.56668;130;20240526;21.1;12.4;16.8;2.2;14.9;7;2.64;13100
101094;50.69632;4.56668;130;20240527;15.5;12;13.8;1.8;13.1;2;1.88;10000
101094;50.69632;4.56668;130;20240528;17.3;8.9;13.1;3;13.55;9;2.16;13975
101094;50.69632;4.56668;130;20240529;18.8;13.6;16.2;3;15.2;7;2.76;15700
101094;50.69632;4.56668;130;20240530;16.8;11.5;14.1;2.2;13.55;1;2.4;14275
101094;50.69632;4.56668;130;20240531;17.3;11.9;14.6;2.5;14.45;5;2.48;15525
101094;50.69632;4.56668;130;20240601;14.5;12.2;13.4;3;14.82;2;0.8;3150
101094;50.69632;4.56668;130;20240602;15.8;11.7;13.8;2.7;12.92;0;2.37;13550
101094;50.69632;4.56668;130;20240603;16.8;7.1;12;1.1;12.35;0;2.2;14075
101094;50.69632;4.56668;130;20240604;21;11.8;16.4;2.4;14.55;1;3.28;18475
101094;50.69632;4.56668;130;20240605;17.3;11.3;14.3;2.3;12.52;0;3.06;18875
99095;50.26417;4.96796;257;20240203;9.3;5.4;7.3;5.5;10.16;1;0.24;2244
99095;50.26417;4.96796;257;20240204;9.7;8.2;9;6.8;10.61;2;0.52;1851
99095;50.26417;4.96796;257;20240205;8.2;7.9;8.1;7.3;9.16;0;0.86;1896
99095;50.26417;4.96796;257;20240206;9.3;6.2;7.7;8.1;9.01;7;0.88;1865
99095;50.26417;4.96796;257;20240207;9.5;8.4;8.9;6.3;9.51;27;0.96;1810
99095;50.26417;4.96796;257;20240208;10.9;4.5;7.7;3.8;9.96;11;0.47;1999
99095;50.26417;4.96796;257;20240209;11.5;8.9;10.2;6.7;10.36;4;1.04;3033
99095;50.26417;4.96796;257;20240210;10.9;8.2;9.5;2.8;10.36;4;0.65;3642
99095;50.26417;4.96796;257;20240211;8.8;5.9;7.4;3.9;9.31;4;0.55;3509
99095;50.26417;4.96796;257;20240212;8.1;5.6;6.8;3.3;8.21;2;0.73;4496
99095;50.26417;4.96796;257;20240213;7.6;1.1;4.4;3.9;7.26;0;0.62;6291
99095;50.26417;4.96796;257;20240214;10.8;6.6;8.7;6;10.56;2;0.52;2506
99095;50.26417;4.96796;257;20240215;14.7;10.3;12.5;4.8;10.56;0;1.54;4132
99095;50.26417;4.96796;257;20240216;12.5;11.9;12.2;5;10.81;1;1.38;2163
99095;50.26417;4.96796;257;20240217;13.3;6.1;9.7;2.8;9.01;0;1.1;6381
99095;50.26417;4.96796;257;20240218;9.2;6.3;7.7;5.2;9.11;6;0.79;3115
99095;50.26417;4.96796;257;20240219;9.6;8;8.8;3.9;9.96;2;0.71;3252
99095;50.26417;4.96796;257;20240220;13.3;5.2;9.3;4.1;8.96;0;1.37;4814
99095;50.26417;4.96796;257;20240221;8.3;5.8;7;6.2;8.71;10;0.78;2573
99095;50.26417;4.96796;257;20240222;11.1;7.2;9.1;7.3;9.91;12;0.98;2950
99095;50.26417;4.96796;257;20240223;6.9;2.9;4.9;7;6.86;1;1.08;5582
99095;50.26417;4.96796;257;20240224;5.5;2.2;3.8;4.9;6.76;3;0.77;4818
99095;50.26417;4.96796;257;20240225;7.9;3.2;5.5;5.2;7.31;1;0.98;5328
99095;50.26417;4.96796;257;20240226;6.3;4.9;5.6;5.7;8.01;2;0.69;2311
99095;50.26417;4.96796;257;20240227;4.3;3.2;3.8;3.2;7.56;0;0.52;2846
99095;50.26417;4.96796;257;20240228;7.7;-1.3;3.2;2.3;6.63;0;0.81;7337
99095;50.26417;4.96796;257;20240229;9.4;3.9;7.2;5.4;8.59;1;0.74;1979
99095;50.26417;4.96796;257;20240301;7.8;4.2;6;6.4;8.01;1;0.9;6208
99095;50.26417;4.96796;257;20240302;10.9;4.1;7.5;5.6;7.91;2;1.42;7653
99095;50.26417;4.96796;257;20240303;11.2;7.8;9.5;3.5;8.61;0;1.39;5620
99095;50.26417;4.96796;257;20240304;10.7;3.5;7.1;1.9;7.36;0;1.13;9134
99095;50.26417;4.96796;257;20240305;8.6;5.3;7;2.5;7.51;1;1.07;6345
99095;50.26417;4.96796;257;20240306;9.8;0.9;5.3;1.6;6.76;0;1.06;10281
99095;50.26417;4.96796;257;20240307;9.9;2.3;6.1;2.6;6.51;0;1.43;13402
99095;50.26417;4.96796;257;20240308;12.1;1.2;6.7;4.4;5.91;0;2.09;14456
99095;50.26417;4.96796;257;20240309;12.6;5.3;9;4.6;6.81;0;2.11;7406
99095;50.26417;4.96796;257;20240310;11.4;7.1;9.2;2.7;7.91;3;1.43;4889
99095;50.26417;4.96796;257;20240311;8;6;7;4.3;9.16;13;0.63;2472
99095;50.26417;4.96796;257;20240312;8.2;4.8;6.5;4.4;9.26;13;0.59;5382
99095;50.26417;4.96796;257;20240313;11.7;7.3;9.5;4.4;10.91;0;0.75;3485
99095;50.26417;4.96796;257;20240314;16.7;6.7;11.7;3.3;9.56;0;2.04;12073
99095;50.26417;4.96796;257;20240315;13.6;10.7;12.2;5.5;10.71;9;1.74;6341
99095;50.26417;4.96796;257;20240316;8.9;7.5;8.2;3.9;9.26;1;1;5650
99095;50.26417;4.96796;257;20240317;12.6;4.6;8.6;2.5;8.96;1;1.24;7484
99095;50.26417;4.96796;257;20240318;14.4;8.7;11.5;2;10.46;1;1.52;10250
99095;50.26417;4.96796;257;20240319;16.7;6.2;11.5;1.8;9.51;0;1.69;10181
99095;50.26417;4.96796;257;20240320;18.3;6.5;12.4;1.6;9.61;0;1.91;12212
99095;50.26417;4.96796;257;20240321;12.4;6.6;9.5;2.3;9.91;0;1.33;10336
99095;50.26417;4.96796;257;20240322;16.1;9.8;12.9;3.4;9.86;7;2.16;10017
99095;50.26417;4.96796;257;20240323;7.7;4.3;6;4.3;7.56;5;1.21;8777
99095;50.26417;4.96796;257;20240324;8.7;3;5.9;6.1;6.76;1;1.57;7396
99095;50.26417;4.96796;257;20240325;11;3.6;7.3;3.5;6.66;0;1.96;13287
99095;50.26417;4.96796;257;20240326;13.4;5.1;9.3;5.1;7.46;0;2.32;9861
99095;50.26417;4.96796;257;20240327;9.3;5.3;7.3;5.4;7.91;1;1.46;7980
99095;50.26417;4.96796;257;20240328;11;4.6;7.8;6.7;7.11;4;2.22;12027
99095;50.26417;4.96796;257;20240329;12.8;5.7;9.3;4.4;8.91;3;1.68;8400
99095;50.26417;4.96796;257;20240330;11.1;7.2;9.1;2.8;9.66;1;1.14;5042
99095;50.26417;4.96796;257;20240331;12.7;5.4;9.1;3.7;9.56;4;1.41;8335
99095;50.26417;4.96796;257;20240401;12.5;7.3;9.9;3.8;9.01;1;1.76;9175
99095;50.26417;4.96796;257;20240402;12.9;6.9;9.9;6.3;8.81;1;2.03;8508
99095;50.26417;4.96796;257;20240403;13.8;8.7;11.2;4.8;10.22;3;1.99;8868
99095;50.26417;4.96796;257;20240404;14.5;7.7;11.1;6.1;11.16;8;1.63;10211
99095;50.26417;4.96796;257;20240405;16.6;10.2;13.4;4.9;12.41;2;1.81;8035
99095;50.26417;4.96796;257;20240406;23.7;12.5;18.1;4.8;10.76;0;4.36;15865
99095;50.26417;4.96796;257;20240407;18.1;13.5;15.8;4.4;11.11;0;2.89;9868
99095;50.26417;4.96796;257;20240408;20.4;10.5;15.4;2.8;11.76;10;2.63;12472
99095;50.26417;4.96796;257;20240409;10.7;8.6;9.7;6.3;9.61;1;1.67;9472
99095;50.26417;4.96796;257;20240410;13.8;4.2;9;3.1;7.36;0;2.65;19301
99095;50.26417;4.96796;257;20240411;14.1;7;10.6;3.4;8.96;0;1.84;7017
99095;50.26417;4.96796;257;20240412;18.8;12.1;15.5;2.7;12.76;0;2.2;10038
99095;50.26417;4.96796;257;20240413;22.4;11.6;17;3.8;12.81;0;3.49;17139
99095;50.26417;4.96796;257;20240414;14.9;8.9;11.9;3;9.81;1;2.32;13492
99095;50.26417;4.96796;257;20240415;10.6;5.4;8;5.1;7.71;7;1.98;11261
99095;50.26417;4.96796;257;20240416;9.1;1.9;5.5;6.3;7.76;4;1.23;8938
99095;50.26417;4.96796;257;20240417;9.5;3.1;6.3;3.3;7.26;3;1.66;11440
99095;50.26417;4.96796;257;20240418;9.9;1.6;5.7;2.8;6.86;2;1.81;14092
99095;50.26417;4.96796;257;20240419;9.6;4.6;7.1;6.2;7.81;6;1.56;7371
99095;50.26417;4.96796;257;20240420;8;2.9;5.4;4.4;6.91;1;1.63;11964
99095;50.26417;4.96796;257;20240421;8.4;1.8;5.1;4.1;6.51;1;1.74;12450
99095;50.26417;4.96796;257;20240422;8.7;-0.2;4.2;2;6.06;0;1.69;13726
99095;50.26417;4.96796;257;20240423;8.8;-1.3;3.7;1.8;5.61;1;2.03;18636
99095;50.26417;4.96796;257;20240424;7;3.1;5.1;4;7.01;2;1.48;11363
99095;50.26417;4.96796;257;20240425;9.1;1.9;5.5;3.8;6.41;0;1.85;12133
99095;50.26417;4.96796;257;20240426;13.1;4.4;8.7;3.4;7.21;0;2.26;11302
99095;50.26417;4.96796;257;20240427;16;6.7;11.4;4.8;9.46;0;2.52;11642
99095;50.26417;4.96796;257;20240428;13.4;11.6;12.5;6.4;9.21;1;2.89;10719
99095;50.26417;4.96796;257;20240429;17.3;6.9;12.1;3.1;9.76;0;2.86;16903
99095;50.26417;4.96796;257;20240430;21.3;10.5;15.9;2.8;11.61;3;3.18;15130
99095;50.26417;4.96796;257;20240501;22.1;10.8;16.5;2.9;13.71;1;3.28;17916
99095;50.26417;4.96796;257;20240502;15.5;12;13.8;3.7;13.06;9;1.9;10495
99095;50.26417;4.96796;257;20240503;14.3;8.2;11.3;5.3;9.76;3;2.48;13630
99095;50.26417;4.96796;257;20240504;12.5;6.8;9.7;2;9.91;8;1.49;8451
99095;50.26417;4.96796;257;20240505;15.2;7.7;11.5;2.2;10.96;1;2.13;13820
99095;50.26417;4.96796;257;20240506;16.2;11.1;13.7;1.8;12.26;7;2.07;11608
99095;50.26417;4.96796;257;20240507;16.8;6.7;11.7;1.7;11.76;0;2.19;14354
99095;50.26417;4.96796;257;20240508;13.3;9.2;11.2;1.9;11.23;0;1.42;6909
99095;50.26417;4.96796;257;20240509;18.8;5.3;12;1.3;11.53;0;2.94;20507
99095;50.26417;4.96796;257;20240510;21.3;7.5;14.4;1.3;12.3;0;3.41;21803
99095;50.26417;4.96796;257;20240511;24.3;9;16.6;1.9;12.73;0;4.05;22877
99095;50.26417;4.96796;257;20240512;25.7;11.6;18.6;2.2;14.06;1;4.21;21221
99095;50.26417;4.96796;257;20240513;21.1;13.3;17.2;2.2;15.5;0;2.96;16307
99095;50.26417;4.96796;257;20240514;22.4;13.5;17.9;3.1;14.7;11;3.99;21470
99095;50.26417;4.96796;257;20240515;16.8;12.1;14.5;1.1;14.36;8;1.96;11263
99095;50.26417;4.96796;257;20240516;16.8;12.3;14.6;1.6;13.93;5;2.18;12408
99095;50.26417;4.96796;257;20240517;15;9.9;12.5;2.2;13.16;23;1.38;7052
99095;50.26417;4.96796;257;20240518;15.9;10.7;13.3;2.1;13.43;3;1.64;8737
99095;50.26417;4.96796;257;20240519;17.6;10.4;14;1.6;13.73;1;2.45;15253
99095;50.26417;4.96796;257;20240520;19.8;9.7;14.8;1.5;13.93;1;3.26;21184
99095;50.26417;4.96796;257;20240521;15;12.2;13.6;1.2;14.56;7;1.19;5498
99095;50.26417;4.96796;257;20240522;18.2;11.3;14.7;2.6;13.36;0;2.53;13413
99095;50.26417;4.96796;257;20240523;19.3;9.1;14.2;2.1;12.66;0;3.45;22247
99095;50.26417;4.96796;257;20240524;16.4;10.2;13.3;1.4;13.3;3;2.05;12199
99095;50.26417;4.96796;257;20240525;19.6;10.9;15.2;2.1;13.23;0;3.26;19202
99095;50.26417;4.96796;257;20240526;20.6;10.2;15.4;1.7;13.8;3;2.89;16334
99095;50.26417;4.96796;257;20240527;15.7;10.8;13.3;1.6;12.43;5;2.14;12212
99095;50.26417;4.96796;257;20240528;16.6;7.3;12;3;12.56;4;2.2;14591
99095;50.26417;4.96796;257;20240529;16.7;12.9;14.8;3.5;14.8;25;1.76;8520
99095;50.26417;4.96796;257;20240530;15.5;10.6;13.1;2.1;13.26;6;1.9;11173
99095;50.26417;4.96796;257;20240531;16.3;10.6;13.5;2.4;13.46;5;2.38;15023
99095;50.26417;4.96796;257;20240601;14.4;11.7;13;2.8;14.5;4;1.18;6995
99095;50.26417;4.96796;257;20240602;15.1;11.1;13.1;2.5;13.16;0;1.83;10372
99095;50.26417;4.96796;257;20240603;15.6;7.5;11.5;1.4;11.56;0;2.39;15667
99095;50.26417;4.96796;257;20240604;19.9;9.7;14.8;2;13.5;1;3.11;18527
99095;50.26417;4.96796;257;20240605;16.9;12.3;14.6;2.2;13;1;2.47;13256
99095;50.26417;4.96796;257;20240606;18.4;5.9;12.1;1.6;10.6;0;3.8;26559
99095;50.26417;4.96796;257;20240607;19.4;7.4;13.4;1.4;11.26;0;4.03;27352
99095;50.26417;4.96796;257;20240608;20.2;7.8;14;2.1;11.8;0;4.02;25767
99095;50.26417;4.96796;257;20240609;19.1;8.8;13.9;1.5;11.2;0;3.83;24630
99095;50.26417;4.96796;257;20240610;12.9;7.6;10.2;2.9;10.53;6;1.83;10864
99095;50.26417;4.96796;257;20240611;15;6;10.5;1.7;9.83;0;3.05;21696
99095;50.26417;4.96796;257;20240612;13.7;4.8;9.2;1.1;9.93;0;2.05;13898
99095;50.26417;4.96796;257;20240613;18.6;5.5;12;2.2;10.86;0;3.34;22012
99095;50.26417;4.96796;257;20240614;19.2;11.4;15.3;3.6;13.66;9;2.72;13277
99095;50.26417;4.96796;257;20240615;16.5;10.1;13.3;5.1;12.46;1;2.72;16187
99095;50.26417;4.96796;257;20240616;16.7;11.2;14;3.7;13.86;4;2.13;12307
99095;50.26417;4.96796;257;20240617;20.4;12.2;16.3;1.9;15.2;1;2.9;16140
99095;50.26417;4.96796;257;20240618;20.4;12.5;16.4;1.6;16.73;12;2.13;11229
99095;50.26417;4.96796;257;20240619;19.3;13.9;16.6;2.6;15.56;0;2.61;13712
99095;50.26417;4.96796;257;20240620;17.9;12.7;15.3;1.8;15.56;0;1.82;9450
99095;50.26417;4.96796;257;20240621;16.7;14.6;15.6;1.7;15.46;18;1.44;6011
99095;50.26417;4.96796;257;20240101;6.7;5.3;6;8;7.66;9;0.84;1859
99095;50.26417;4.96796;257;20240102;10.1;6;8;9.1;10.01;23;0.48;1136
99095;50.26417;4.96796;257;20240103;10.2;7.9;9;9;9.16;11;1.16;2026
99095;50.26417;4.96796;257;20240104;8.2;6.5;7.3;6.5;8.91;2;0.59;2165
99095;50.26417;4.96796;257;20240105;7.2;6.2;6.7;7.1;8.13;3;0.9;2082
99095;50.26417;4.96796;257;20240106;4.3;4;4.1;3.4;7.43;2;0.46;923
99095;50.26417;4.96796;257;20240107;0.3;-0.5;-0.1;4.5;5.5;0;0.45;206
99095;50.26417;4.96796;257;20240108;-2.8;-3.7;-3.3;5.2;3.63;0;0.62;1633
99095;50.26417;4.96796;257;20240109;-1.9;-7.1;-4.5;4.4;2.8;0;0.57;4865
99095;50.26417;4.96796;257;20240110;-1.8;-8.3;-5;2.1;2.9;0;0.31;4167
99095;50.26417;4.96796;257;20240111;-0.2;-6.9;-3.5;1.9;3.56;0;0.16;5144
99095;50.26417;4.96796;257;20240112;-0.6;-4.3;-2.4;1.4;5.4;0;0.12;1547
99095;50.26417;4.96796;257;20240113;0;-0.7;-0.3;2.4;5.4;0;0.38;867
99095;50.26417;4.96796;257;20240114;-2.4;-2.8;-2.6;3.8;4.93;1;0.24;1304
99095;50.26417;4.96796;257;20240115;1.1;-3.5;-1.2;4.5;5.2;1;0.29;2786
99095;50.26417;4.96796;257;20240116;1;-4.2;-1.6;2.9;4.26;0;0.38;4185
99095;50.26417;4.96796;257;20240117;-0.3;-5;-2.6;2.8;4.36;12;0.38;1621
99095;50.26417;4.96796;257;20240118;-0.4;-3.7;-2;2.4;4.7;1;0.21;3663
99095;50.26417;4.96796;257;20240119;-0.4;-3.4;-1.9;3;5.03;0;0.21;3045
99095;50.26417;4.96796;257;20240120;0.9;-5.3;-2.2;3.4;4;0;0.45;4850
99095;50.26417;4.96796;257;20240121;3.4;-2.4;0.5;7.6;5.06;1;0.82;2765
99095;50.26417;4.96796;257;20240122;10.1;3.3;6.7;9.8;9.13;4;0.63;3377
99095;50.26417;4.96796;257;20240123;7.9;5.5;6.7;7.9;8.46;2;0.69;2958
99095;50.26417;4.96796;257;20240124;10.7;7.8;9.2;9.4;10.01;0;0.88;3026
99095;50.26417;4.96796;257;20240125;9.2;4.6;6.9;3.3;9.53;0;0.3;2772
99095;50.26417;4.96796;257;20240126;10.2;8.5;9.4;5;9.01;3;1.03;3637
99095;50.26417;4.96796;257;20240127;7.2;-1.5;2.9;1.8;5.21;0;0.52;5645
99095;50.26417;4.96796;257;20240128;12.3;0.7;6.5;3;5.21;0;1.3;5827
99095;50.26417;4.96796;257;20240129;12.3;5.5;8.9;3.3;7.46;0;1.13;5358
99095;50.26417;4.96796;257;20240130;9.6;7.8;8.7;3.6;8.46;0;1.01;1615
99095;50.26417;4.96796;257;20240131;7.4;4.9;6.2;3.2;6.91;4;0.82;4533
99095;50.26417;4.96796;257;20240201;8.1;5.2;6.7;3.7;7.91;0;0.68;5237
99095;50.26417;4.96796;257;20240202;6.3;0.4;3.3;4.5;7.11;0;0.41;3688
100096;50.50328;5.29569;226;20240401;13.5;7.7;10.6;4.1;9.33;1;1.97;10071
100096;50.50328;5.29569;226;20240402;12.6;7.2;9.9;6.8;9.2;1;1.95;7966
100096;50.50328;5.29569;226;20240403;14.7;9;11.9;6.3;9.89;2;2.39;8947
100096;50.50328;5.29569;226;20240404;14.6;8.3;11.4;6.7;10.9;11;1.85;9635
100096;50.50328;5.29569;226;20240405;16.8;10.1;13.5;6;12.4;1;1.96;8212
100096;50.50328;5.29569;226;20240406;23.8;12.7;18.3;5.1;11.23;0;4.4;15346
100096;50.50328;5.29569;226;20240407;19.4;13.6;16.5;4.9;11.38;0;3.34;12103
100096;50.50328;5.29569;226;20240408;21.1;11.2;16.1;2.7;12.35;6;2.68;12971
100096;50.50328;5.29569;226;20240409;11.6;9.7;10.7;7.1;9.93;1;1.94;10093
100096;50.50328;5.29569;226;20240410;14.4;4.2;9.3;3.7;7.77;0;2.77;19492
100096;50.50328;5.29569;226;20240411;15.2;8.6;11.9;4.5;9.53;0;2.32;8893
100096;50.50328;5.29569;226;20240412;19.3;12.1;15.7;3.5;13.47;0;2.36;10929
100096;50.50328;5.29569;226;20240413;23.3;12.4;17.9;4.3;13.57;0;3.8;17620
100096;50.50328;5.29569;226;20240414;15.4;8.9;12.1;3.2;10.33;1;2.3;12877
100096;50.50328;5.29569;226;20240415;11.9;5;8.5;5.2;8.27;5;2.1;12917
100096;50.50328;5.29569;226;20240416;10;3.3;6.6;6.1;8.07;9;1.47;8217
100096;50.50328;5.29569;226;20240417;8.8;2.5;5.6;2.8;7.47;5;1.52;11696
100096;50.50328;5.29569;226;20240418;10.6;1.2;5.9;2.7;7.2;1;1.8;13920
100096;50.50328;5.29569;226;20240419;10.4;4.7;7.5;5.9;8.23;7;1.56;7670
100096;50.50328;5.29569;226;20240420;9.3;3.4;6.4;4.1;7.43;2;1.65;10936
100096;50.50328;5.29569;226;20240421;9.1;1.5;5.3;3.3;6.63;2;1.85;14173
100096;50.50328;5.29569;226;20240422;9;-0.8;4.1;1.8;6.13;0;1.74;14872
100096;50.50328;5.29569;226;20240423;9.7;-2.1;3.8;1.9;5.83;1;2.04;18664
100096;50.50328;5.29569;226;20240424;9.1;3;6;3.8;7.33;2;1.72;12745
100096;50.50328;5.29569;226;20240425;10;1.8;5.9;4.2;6.53;0;1.99;12276
100096;50.50328;5.29569;226;20240426;12.4;6.2;9.3;3.7;7.87;0;2.32;11897
100096;50.50328;5.29569;226;20240427;17;7.5;12.3;4.2;9.7;0;2.78;12536
100096;50.50328;5.29569;226;20240428;14.6;12.3;13.4;6.1;9.63;0;3.2;12590
100096;50.50328;5.29569;226;20240429;18.2;7.6;12.9;3.4;10.03;0;3.2;18420
100096;50.50328;5.29569;226;20240430;22.2;11.3;16.7;2.3;12.5;1;3.27;16594
100096;50.50328;5.29569;226;20240501;23.3;10.8;17;2.4;14.23;0;3.57;19962
100096;50.50328;5.29569;226;20240502;17.5;13.2;15.3;3.4;13.8;17;2.31;11338
100096;50.50328;5.29569;226;20240503;15.1;8.8;11.9;5;10.53;6;2.48;13580
100096;50.50328;5.29569;226;20240504;15.1;7.5;11.3;2.9;10.17;6;2.05;10557
100096;50.50328;5.29569;226;20240505;16.1;7.6;11.8;2.5;11.03;1;2.44;15553
100096;50.50328;5.29569;226;20240506;15.7;11.7;13.7;1.6;12.87;4;1.75;9362
100096;50.50328;5.29569;226;20240507;17.3;8.3;12.8;1.6;12.37;0;2.19;13551
100096;50.50328;5.29569;226;20240508;13.4;8.9;11.1;1.9;11.45;0;1.57;8997
100096;50.50328;5.29569;226;20240509;18.6;5.3;11.9;1.3;11.72;0;2.88;20355
100096;50.50328;5.29569;226;20240510;20.5;7.7;14.1;1.5;12.72;0;3.38;22347
100096;50.50328;5.29569;226;20240511;23.4;8.9;16.2;2.1;13.42;0;3.99;23750
100096;50.50328;5.29569;226;20240512;25.5;11.6;18.5;2.3;14.57;1;4.23;21812
100096;50.50328;5.29569;226;20240513;21.7;13.9;17.8;2.4;15.75;0;3.29;17657
100096;50.50328;5.29569;226;20240514;23.9;14.2;19;3.2;14.95;0;4.45;22754
100096;50.50328;5.29569;226;20240515;15.9;13;14.4;1.5;14.8;12;1.7;9150
100096;50.50328;5.29569;226;20240516;17.3;12.8;15;2;14.37;13;2.44;14405
100096;50.50328;5.29569;226;20240517;14.8;10.1;12.4;2.1;13.72;25;1.2;6238
100096;50.50328;5.29569;226;20240518;17.2;11.3;14.2;2.1;13.9;5;2;10829
100096;50.50328;5.29569;226;20240519;17.8;10.9;14.4;1.5;14.02;1;2.68;17057
100096;50.50328;5.29569;226;20240520;19.7;10.8;15.2;1.3;14.37;1;3.19;20294
100096;50.50328;5.29569;226;20240521;15.9;12;14;1.3;14.8;9;1.5;7976
100096;50.50328;5.29569;226;20240522;18.7;12.2;15.5;2.9;13.77;0;2.84;15338
100096;50.50328;5.29569;226;20240523;19.9;9.3;14.6;2.2;12.97;0;3.61;22860
100096;50.50328;5.29569;226;20240524;16.2;11.3;13.8;1.7;13.65;9;1.98;11080
100096;50.50328;5.29569;226;20240525;19.3;11.6;15.4;2.3;13.92;0;3.24;19568
100096;50.50328;5.29569;226;20240526;21.2;11.2;16.2;2.3;14.2;4;3.07;16244
100096;50.50328;5.29569;226;20240527;16.5;10.9;13.7;1.7;12.82;5;2.31;13302
100096;50.50328;5.29569;226;20240528;17.1;7.6;12.3;3.4;12.82;3;2.41;16291
100096;50.50328;5.29569;226;20240529;16.9;13;15;3.6;15.1;17;2.09;11888
100096;50.50328;5.29569;226;20240530;16;11.3;13.7;1.9;13.62;3;2.09;12274
100096;50.50328;5.29569;226;20240531;16.8;10.8;13.8;2.2;13.87;4;2.37;14632
100096;50.50328;5.29569;226;20240601;15.4;12.1;13.7;2.6;15.02;4;1.12;5481
100096;50.50328;5.29569;226;20240602;15.4;11.3;13.4;2.3;13.5;0;1.88;10714
100096;50.50328;5.29569;226;20240603;15.6;8.5;12;1.3;11.92;0;2.26;14206
100096;50.50328;5.29569;226;20240604;20.1;10.5;15.3;2.2;13.8;1;3.31;19235
100096;50.50328;5.29569;226;20240605;16.9;12.1;14.5;2.3;13.07;1;2.47;13062
100096;50.50328;5.29569;226;20240606;18.4;6.6;12.5;1.9;10.87;0;3.84;26400
100096;50.50328;5.29569;226;20240607;19.7;7.2;13.4;1.4;11.47;0;4.05;27645
100096;50.50328;5.29569;226;20240608;20.3;8.2;14.2;2.2;12.17;0;4.09;26351
100096;50.50328;5.29569;226;20240609;19;8.5;13.8;1.6;11.57;0;4.16;28276
100096;50.50328;5.29569;226;20240610;13.1;7.6;10.3;3;10.77;4;1.82;10749
100096;50.50328;5.29569;226;20240611;15.2;6.8;11;2.1;10.22;0;3.09;21756
100096;50.50328;5.29569;226;20240612;13.9;5.7;9.8;1.4;10.17;0;2.28;15580
100096;50.50328;5.29569;226;20240613;18.9;6.7;12.8;2.3;11.22;0;3.48;22104
100096;50.50328;5.29569;226;20240614;19.4;11.8;15.6;3.4;13.9;7;2.74;13004
100096;50.50328;5.29569;226;20240615;17.4;10.7;14.1;4.8;12.87;0;3.06;18244
100096;50.50328;5.29569;226;20240616;17.4;11.6;14.5;3.9;14.05;4;2.46;13840
100096;50.50328;5.29569;226;20240617;20.4;12.6;16.5;2.1;15.45;1;3.04;17138
100096;50.50328;5.29569;226;20240618;20.8;13.3;17.1;1.8;16.95;21;2.15;10613
100096;50.50328;5.29569;226;20240619;19.6;13.8;16.7;2.4;15.57;0;2.74;14518
100096;50.50328;5.29569;226;20240620;18.5;12.2;15.3;1.8;15.62;0;1.7;8107
100096;50.50328;5.29569;226;20240621;18.2;14.6;16.4;1.7;15.85;10;1.65;7041
100096;50.50328;5.29569;226;20240622;17.7;11.1;14.4;2;14.6;1;2.23;12873
100096;50.50328;5.29569;226;20240623;23.3;11.2;17.2;1.4;15.45;0;4.35;26427
100096;50.50328;5.29569;226;20240624;25.2;12.4;18.8;1.5;16.5;0;4.54;25848
100096;50.50328;5.29569;226;20240625;27;14.4;20.7;1.8;17.62;0;5.09;27380
100096;50.50328;5.29569;226;20240626;28.2;15.1;21.7;1.2;18.8;0;4.99;26643
100096;50.50328;5.29569;226;20240627;28.8;16.8;22.8;2.2;19.25;0;4.91;23140
100096;50.50328;5.29569;226;20240628;22.4;13;17.7;2.6;14.45;0;4.55;26015
100096;50.50328;5.29569;226;20240629;25;10.9;18;1.7;15.37;16;3.83;20335
100096;50.50328;5.29569;226;20240630;20.7;14.4;17.6;1.9;16.9;11;2.57;13325
100096;50.50328;5.29569;226;20240701;17.9;12.6;15.2;1.9;14.2;1;2.69;15317
100096;50.50328;5.29569;226;20240702;17.1;12.5;14.8;2.3;14.45;3;2.05;10836
100096;50.50328;5.29569;226;20240703;15.6;10.7;13.1;2;13.4;3;1.84;10302
100096;50.50328;5.29569;226;20240704;20.1;12.9;16.5;4;14.17;0;3.86;21798
100096;50.50328;5.29569;226;20240705;21.9;10.8;16.3;3.6;14.05;0;3.33;15872
100096;50.50328;5.29569;226;20240706;20.1;16.3;18.2;3.9;14.72;0;3.87;18580
100096;50.50328;5.29569;226;20240707;19.1;7.8;13.5;2.8;11.87;0;3.59;22194
100096;50.50328;5.29569;226;20240708;21.4;10.6;16;1.6;14.02;0;3.43;19978
100096;50.50328;5.29569;226;20240709;30.5;14.9;22.7;2.5;17.55;10;5.66;25837
100096;50.50328;5.29569;226;20240710;23.9;16.3;20.1;2.4;19;0;3.85;20341
100096;50.50328;5.29569;226;20240711;23.1;14;18.5;1.8;16.3;5;4.22;24278
100096;50.50328;5.29569;226;20240712;14.9;14.1;14.5;2.4;14.95;20;1.37;6159
100096;50.50328;5.29569;226;20240713;18.5;9.9;14.2;2.6;13.4;0;2.97;18547
100096;50.50328;5.29569;226;20240714;21.9;11;16.5;1.9;14.47;0;3.91;23582
100096;50.50328;5.29569;226;20240715;26.3;11.6;18.9;2;16.52;1;4.32;23406
100096;50.50328;5.29569;226;20240716;19.3;15;17.2;3.9;16.8;2;2.91;16999
100096;50.50328;5.29569;226;20240717;23.7;14.5;19.1;2.2;16.62;0;3.93;21050
100096;50.50328;5.29569;226;20240718;27.5;13.6;20.6;1.2;17.52;1;4.62;25476
100096;50.50328;5.29569;226;20240719;28.5;17.2;22.9;1.6;18.62;0;4.5;21379
100096;50.50328;5.29569;226;20240720;30.4;17;23.7;1.9;20.52;0;5.13;24674
100096;50.50328;5.29569;226;20240721;23.7;19.1;21.4;2.1;20.75;0;2.9;13382
100096;50.50328;5.29569;226;20240722;22.5;16;19.3;2.5;17.67;0;3.9;21980
100096;50.50328;5.29569;226;20240723;21.4;15.9;18.6;3.2;17.42;1;3;14890
100096;50.50328;5.29569;226;20240724;22.1;13.9;18;1.4;15.92;0;3.38;19205
100096;50.50328;5.29569;226;20240725;24.5;12.6;18.5;1.9;16.17;3;3.85;20840
100096;50.50328;5.29569;226;20240726;22.4;17.1;19.8;2.3;19.12;1;3.02;15574
100096;50.50328;5.29569;226;20240727;18.7;15.9;17.3;1.3;17.92;6;1.45;6276
100096;50.50328;5.29569;226;20240728;23.5;11.3;17.4;1.4;15.05;0;4.38;27271
100096;50.50328;5.29569;226;20240729;27.6;12.1;19.9;1.6;16.02;0;4.96;28065
100096;50.50328;5.29569;226;20240730;30.9;16.5;23.7;1.5;18.75;0;5.29;26463
100096;50.50328;5.29569;226;20240731;25.9;18.3;22.1;1.6;21.2;13;3.1;14696
100096;50.50328;5.29569;226;20240801;23;18.9;21;1.4;21.87;9;2.26;11006
100096;50.50328;5.29569;226;20240802;25.4;16.7;21.1;1.2;20.95;0;3.61;20005
100096;50.50328;5.29569;226;20240803;22.1;16;19;2.4;18.82;4;2.67;14035
100096;50.50328;5.29569;226;20240804;20.7;16.5;18.6;1.7;17.92;1;2.63;14107
100096;50.50328;5.29569;226;20240805;25.7;15;20.4;1.6;17.17;0;4.48;25409
100096;50.50328;5.29569;226;20240806;27.6;14.8;21.2;2.2;18;0;4.69;24693
100096;50.50328;5.29569;226;20240807;21.9;16.8;19.3;1.8;17.6;2;2.65;12791
100096;50.50328;5.29569;226;20240808;22.6;14.3;18.5;2;15.97;0;3.52;19405
100096;50.50328;5.29569;226;20240809;23.7;18.5;21.1;3.4;18.27;0;3.35;13619
100096;50.50328;5.29569;226;20240810;25.4;13;19.2;2.2;16.45;0;4.3;24694
100096;50.50328;5.29569;226;20240811;27.8;14.1;20.9;1.6;18.3;0;4.43;24815
100096;50.50328;5.29569;226;20240812;33.1;17.1;25.1;1.9;21.97;0;5.17;24562
100096;50.50328;5.29569;226;20240813;31.6;19.8;25.7;1.9;23.75;9;4.73;22379
100096;50.50328;5.29569;226;20240814;22.3;18.2;20.2;1.4;20.1;3;2;9274
100096;50.50328;5.29569;226;20240815;26.1;14.2;20.2;2.1;18.42;0;3.87;21349
100096;50.50328;5.29569;226;20240816;23.4;15.3;19.3;2.4;18.42;2;2.77;13938
100096;50.50328;5.29569;226;20240817;22.5;18.2;20.3;1.7;20.62;13;2.03;9632
100096;50.50328;5.29569;226;20240818;21.4;16.5;18.9;1.6;18.22;1;2.46;13255
100096;50.50328;5.29569;226;20240819;22.3;10.7;16.5;1.3;14.77;0;3.22;20919
100096;50.50328;5.29569;226;20240820;23.7;12.8;18.3;2.7;16.22;1;3.47;19480
100096;50.50328;5.29569;226;20240821;19.2;12;15.6;3.1;14.27;0;2.96;18839
100096;50.50328;5.29569;226;20240822;22.6;10.8;16.7;3.7;14.17;0;3.74;20054
100096;50.50328;5.29569;226;20240823;21.2;16.3;18.8;5;17;2;2.74;11070
100096;50.50328;5.29569;226;20240824;28.7;17.5;23.1;4;19.7;6;4.57;19883
100096;50.50328;5.29569;226;20240825;19.6;12.1;15.8;3.7;13.73;0;3.16;19073
100096;50.50328;5.29569;226;20240826;20.9;10.3;15.6;2;13.3;0;2.99;17988
100096;50.50328;5.29569;226;20240827;25.5;10.6;18.1;1.8;14.73;0;3.73;21280
100096;50.50328;5.29569;226;20240828;29.1;13.3;21.2;2.3;17.55;0;4.24;21566
100096;50.50328;5.29569;226;20240829;26.8;18;22.4;2.3;18.9;0;3.67;17616
100096;50.50328;5.29569;226;20240830;20.2;16.2;18.2;2.9;17.45;1;2;9318
100096;50.50328;5.29569;226;20240831;25.5;14.6;20.1;3.1;18.3;0;3.53;19072
100096;50.50328;5.29569;226;20240901;31.4;16.5;23.9;2;20.97;0;4.04;19539
100096;50.50328;5.29569;226;20240902;26.3;17.7;22;1.7;20.85;0;2.86;14484
99094;50.24822;4.61816;248;20240119;-0.8;-3.3;-2.1;2.9;5.11;0;0.13;2614
99094;50.24822;4.61816;248;20240120;0.6;-4.9;-2.2;3.1;4.11;0;0.42;3538
99094;50.24822;4.61816;248;20240121;3.5;-2.2;0.6;8.5;5.21;2;0.71;3064
99094;50.24822;4.61816;248;20240122;10.4;3.4;6.9;10.6;9.11;4;0.54;4044
99094;50.24822;4.61816;248;20240123;8.2;5.3;6.7;7.8;8.71;2;0.57;3316
99094;50.24822;4.61816;248;20240124;10.8;7.9;9.3;9.4;9.91;0;0.94;3053
99094;50.24822;4.61816;248;20240125;9.3;5.9;7.6;3.3;9.81;1;0.33;2621
99094;50.24822;4.61816;248;20240126;10.4;8.8;9.6;5.3;9.01;2;1.13;3174
99094;50.24822;4.61816;248;20240127;6.6;-1.2;2.7;1.5;5.21;0;0.49;4490
99094;50.24822;4.61816;248;20240128;12;0.1;6;2.7;5.41;0;1.15;5054
99094;50.24822;4.61816;248;20240129;12.3;5.5;8.9;2.9;7.71;0;1.03;4416
99094;50.24822;4.61816;248;20240130;9.6;8.2;8.9;3.8;8.71;0;0.99;1831
99094;50.24822;4.61816;248;20240131;7.4;5.2;6.3;3.2;7.21;4;0.79;3567
99094;50.24822;4.61816;248;20240201;8.4;5.3;6.8;3.8;8.11;0;0.69;3875
99094;50.24822;4.61816;248;20240202;6;0.8;3.4;4.8;7.41;0;0.3;3376
99094;50.24822;4.61816;248;20240203;9.5;5.6;7.5;6.1;10.31;1;0.2;2689
99094;50.24822;4.61816;248;20240204;9.6;8.4;9;7.5;10.61;2;0.51;1902
99094;50.24822;4.61816;248;20240205;8.1;7.9;8;7.7;9.21;0;0.83;492
99094;50.24822;4.61816;248;20240206;9.5;6.3;7.9;8.5;9.21;6;0.81;2830
99094;50.24822;4.61816;248;20240207;9.8;8.4;9.1;6.1;9.61;25;0.92;2821
99094;50.24822;4.61816;248;20240208;11.1;4.3;7.7;3.7;9.81;11;0.5;2699
99094;50.24822;4.61816;248;20240209;11.6;8.9;10.2;6.3;10.51;2;0.95;3267
99094;50.24822;4.61816;248;20240210;10.9;8.4;9.6;3.1;10.61;4;0.61;4385
99094;50.24822;4.61816;248;20240211;8.8;6.1;7.4;3.7;9.41;4;0.52;2918
99094;50.24822;4.61816;248;20240212;8.3;5.6;6.9;3.4;8.21;2;0.74;4892
99094;50.24822;4.61816;248;20240213;7.9;1.6;4.7;4;7.41;0;0.64;5783
99094;50.24822;4.61816;248;20240214;11.1;6.5;8.8;6.5;10.81;4;0.44;3413
99094;50.24822;4.61816;248;20240215;15.1;10.4;12.7;4.8;10.81;0;1.52;4464
99094;50.24822;4.61816;248;20240216;12.6;12;12.3;5;10.81;1;1.38;2163
99094;50.24822;4.61816;248;20240217;13.4;6.2;9.8;2.8;9.01;0;1.1;6381
99094;50.24822;4.61816;248;20240218;9.3;6.4;7.8;5.2;9.11;5;0.79;3115
99094;50.24822;4.61816;248;20240219;9.6;8.4;9;4.6;10.21;2;0.69;3705
99094;50.24822;4.61816;248;20240220;8.5;4.9;6.7;4.2;8.71;0;0.66;5729
99094;50.24822;4.61816;248;20240221;8.3;5.8;7;6;9.01;13;0.63;2047
99094;50.24822;4.61816;248;20240222;11.3;7.3;9.3;7;10.21;11;0.88;3700
99094;50.24822;4.61816;248;20240223;7.1;2.1;4.6;6.4;6.91;2;0.94;5664
99094;50.24822;4.61816;248;20240224;5.7;1.8;3.7;4.7;6.81;3;0.71;4436
99094;50.24822;4.61816;248;20240225;8.2;3.2;5.7;5.1;7.51;3;0.93;4856
99094;50.24822;4.61816;248;20240226;5.8;4.8;5.3;5.8;8.01;3;0.57;1422
99094;50.24822;4.61816;248;20240227;4;3;3.5;3.8;7.31;0;0.44;2618
99094;50.24822;4.61816;248;20240228;7.9;-2.1;2.9;2;6.41;0;0.76;8718
99094;50.24822;4.61816;248;20240229;8.8;4.6;7.2;5.6;8.92;2;0.59;1180
99094;50.24822;4.61816;248;20240301;7.6;3.6;5.6;6.3;8.21;3;0.67;5417
99094;50.24822;4.61816;248;20240302;11;3.9;7.4;5.1;8.11;2;1.23;5506
99094;50.24822;4.61816;248;20240303;10.6;6.8;8.7;3;8.81;0;1.07;5341
99094;50.24822;4.61816;248;20240304;11.6;2.8;7.2;1.6;7.01;0;1.17;9369
99094;50.24822;4.61816;248;20240305;8.9;4.9;6.9;2.1;7.31;1;1.05;6591
99094;50.24822;4.61816;248;20240306;10.1;1.5;5.8;1.7;6.91;0;1.12;11262
99094;50.24822;4.61816;248;20240307;10;2.7;6.3;2.5;6.61;0;1.37;12004
99094;50.24822;4.61816;248;20240308;12.6;1.3;6.9;3.8;6.01;0;2;13812
99094;50.24822;4.61816;248;20240309;12.9;5.2;9;3.7;7.01;0;1.91;8613
99094;50.24822;4.61816;248;20240310;11;6.2;8.6;1.8;8.21;3;1.03;3678
99094;50.24822;4.61816;248;20240311;7.8;6.1;6.9;4.3;9.21;10;0.56;2244
99094;50.24822;4.61816;248;20240312;8.4;4.9;6.6;4.8;9.31;12;0.61;6464
99094;50.24822;4.61816;248;20240313;12.1;7.7;9.9;4.7;10.81;0;0.87;3670
99094;50.24822;4.61816;248;20240314;17.3;7.2;12.2;3.1;9.71;0;2.02;10847
99094;50.24822;4.61816;248;20240315;14.1;11.1;12.6;5.6;11.11;10;1.72;6483
99094;50.24822;4.61816;248;20240316;9.1;6.6;7.8;3.7;9.31;1;0.87;5301
99094;50.24822;4.61816;248;20240317;12.7;4.9;8.8;2.5;9.21;1;1.21;7568
99094;50.24822;4.61816;248;20240318;14.5;8.9;11.7;2;10.81;0;1.41;9100
99094;50.24822;4.61816;248;20240319;17.3;6.7;12;1.8;9.81;0;1.69;9663
99094;50.24822;4.61816;248;20240320;17.9;6.9;12.4;1.4;9.71;0;1.75;11124
99094;50.24822;4.61816;248;20240321;12.1;7.2;9.6;2.5;10.41;0;1.22;9672
99094;50.24822;4.61816;248;20240322;15.9;10.3;13.1;3.3;10.11;7;1.95;7234
99094;50.24822;4.61816;248;20240323;8.3;4.6;6.4;4.2;7.61;5;1.19;6455
99094;50.24822;4.61816;248;20240324;9;3.2;6.1;6.4;6.81;1;1.61;7493
99094;50.24822;4.61816;248;20240325;11.3;4.2;7.7;3.4;6.81;0;1.83;9575
99094;50.24822;4.61816;248;20240326;13.2;5.2;9.2;4.6;7.61;0;2.1;9022
99094;50.24822;4.61816;248;20240327;9.9;5.3;7.6;5.3;7.91;2;1.54;8361
99094;50.24822;4.61816;248;20240328;11.6;4.8;8.2;6.5;7.31;6;2.23;11955
99094;50.24822;4.61816;248;20240329;13;5.7;9.3;4.2;9.21;4;1.61;9300
99094;50.24822;4.61816;248;20240330;9.6;7.3;8.4;2;9.81;1;0.89;5084
99094;50.24822;4.61816;248;20240331;12.4;4.9;8.6;3.3;9.61;2;1.25;8171
99094;50.24822;4.61816;248;20240401;13;7.6;10.3;3.8;9.11;0;1.78;8551
99094;50.24822;4.61816;248;20240402;13.5;7;10.2;6.2;9.01;1;2.13;10216
99094;50.24822;4.61816;248;20240403;13.4;8.6;11;5.2;10.21;3;1.71;7894
99094;50.24822;4.61816;248;20240404;15.9;8.2;12;5.8;11.31;12;2;11823
99094;50.24822;4.61816;248;20240405;17.1;10.5;13.8;5.2;12.81;2;1.9;9470
99094;50.24822;4.61816;248;20240406;24.1;12.8;18.4;4.8;11.01;0;4.31;14330
99094;50.24822;4.61816;248;20240407;17.5;13.4;15.4;4.2;11.61;1;2.46;7837
99094;50.24822;4.61816;248;20240408;20.7;10.6;15.6;2.7;12.11;12;2.65;13245
99094;50.24822;4.61816;248;20240409;11.3;7.9;9.6;6.6;9.71;1;1.53;8144
99094;50.24822;4.61816;248;20240410;14.1;4.5;9.3;3.3;7.51;0;2.63;18302
99094;50.24822;4.61816;248;20240411;13.7;8.3;11;3.8;9.51;0;1.7;5634
99094;50.24822;4.61816;248;20240412;19.1;12.4;15.7;3;13.21;0;2.23;10177
99094;50.24822;4.61816;248;20240413;22.7;12.8;17.7;3.9;13.41;0;3.33;14478
99094;50.24822;4.61816;248;20240414;15.1;8.9;12;3.2;10.11;1;2.1;10885
99094;50.24822;4.61816;248;20240415;10.7;5.2;7.9;5.3;7.91;7;1.83;10122
99094;50.24822;4.61816;248;20240416;10.1;2.2;6.1;7;7.91;3;1.48;11377
99094;50.24822;4.61816;248;20240417;10.1;3.8;6.9;3.9;7.41;4;1.78;11680
99094;50.24822;4.61816;248;20240418;10.5;1.5;6;2.7;6.91;2;1.92;15385
99094;50.24822;4.61816;248;20240419;10.1;4.8;7.4;6.3;7.91;6;1.71;9442
99094;50.24822;4.61816;248;20240420;8.4;2.8;5.6;4.3;6.91;1;1.61;11129
99094;50.24822;4.61816;248;20240421;8.6;1.6;5.1;4.3;6.61;1;1.56;9700
99094;50.24822;4.61816;248;20240422;9;0.5;4.7;2.1;6.31;1;1.66;12753
99094;50.24822;4.61816;248;20240423;9.2;-0.5;4.3;2;5.81;1;2.17;20172
99094;50.24822;4.61816;248;20240424;7.1;3.3;5.2;4.4;7.21;3;1.34;9827
99094;50.24822;4.61816;248;20240425;9.5;1.8;5.6;4;6.31;0;1.95;12666
99094;50.24822;4.61816;248;20240426;13;5.5;9.2;3.5;7.41;1;2.2;9805
99094;50.24822;4.61816;248;20240427;16.4;6.8;11.6;4.4;9.71;0;2.56;13185
99094;50.24822;4.61816;248;20240428;13.4;11.5;12.4;5.9;9.51;1;2.53;8239
99094;50.24822;4.61816;248;20240429;17.9;6.7;12.3;3;9.81;0;2.98;18006
99094;50.24822;4.61816;248;20240430;21;10.4;15.7;3.1;12.21;9;3.02;14460
99094;50.24822;4.61816;248;20240501;21.9;11;16.4;3;14.51;1;2.88;15433
99094;50.24822;4.61816;248;20240502;14.7;11.8;13.2;3.9;13.71;7;1.51;9690
99094;50.24822;4.61816;248;20240503;15;8.3;11.6;5.4;9.81;1;2.62;14060
99094;50.24822;4.61816;248;20240504;11.8;6.8;9.3;2.1;10.21;6;1.39;8903
99094;50.24822;4.61816;248;20240505;15.7;7.4;11.5;2;11.21;0;1.95;12240
99094;50.24822;4.61816;248;20240506;16.9;10.9;13.9;1.6;12.31;4;2.32;13916
99094;50.24822;4.61816;248;20240507;17.1;6.2;11.7;1.9;11.47;0;2.37;15887
99094;50.24822;4.61816;248;20240508;13.3;9.1;11.2;2.2;11.13;0;1.42;6642
99094;50.24822;4.61816;248;20240509;18.8;5.8;12.3;1.3;11.3;0;2.96;20473
99094;50.24822;4.61816;248;20240510;21.3;8.1;14.7;1.2;11.9;0;3.44;22036
99094;50.24822;4.61816;248;20240511;24.1;9.4;16.8;1.6;12.17;0;4.04;23143
99094;50.24822;4.61816;248;20240512;25.9;11;18.4;2.4;13.2;1;4.37;21854
99094;50.24822;4.61816;248;20240513;21;13;17;2.7;15.33;0;3.02;16674
99094;50.24822;4.61816;248;20240514;21.4;13.9;17.6;3.4;14.23;5;3.87;20570
99094;50.24822;4.61816;248;20240515;17.1;11.6;14.4;1.2;14.1;6;2;11429
99094;50.24822;4.61816;248;20240516;17.2;12.3;14.7;1.6;13.83;2;2.31;13375
99094;50.24822;4.61816;248;20240517;15.8;10;12.9;2.2;13.1;17;1.5;7685
99094;50.24822;4.61816;248;20240518;15.9;10.7;13.3;2.2;13.43;4;1.56;8070
99094;50.24822;4.61816;248;20240519;17.4;10.5;14;1.7;13.67;1;2.42;15119
99094;50.24822;4.61816;248;20240520;19.9;9.8;14.8;1.3;13.7;1;3.11;19751
99094;50.24822;4.61816;248;20240521;15.6;12.4;14;1.2;14.5;7;1.28;5932
99094;50.24822;4.61816;248;20240522;18.9;11.4;15.2;3;13.27;0;2.74;14313
99094;50.24822;4.61816;248;20240523;19.5;9.2;14.4;2.3;12.33;0;3.51;22213
99094;50.24822;4.61816;248;20240524;16;10.3;13.2;1.4;13.1;3;2.05;12365
99094;50.24822;4.61816;248;20240525;19.7;10.5;15.1;2.1;12.7;0;3.41;20269
99094;50.24822;4.61816;248;20240526;20.9;10.6;15.7;2;13.5;3;2.96;16134
99094;50.24822;4.61816;248;20240527;15.4;10.7;13.1;1.8;12.33;3;2.05;11479
99094;50.24822;4.61816;248;20240528;16.4;7.3;11.9;3.4;12.37;6;2.11;13991
99094;50.24822;4.61816;248;20240529;16.8;12.7;14.8;3.9;14.8;22;1.71;8320
99094;50.24822;4.61816;248;20240530;15;10.3;12.7;2.2;13.1;7;1.75;10273
99094;50.24822;4.61816;248;20240531;16.4;10.5;13.5;2.6;13.33;8;2.36;14890
99094;50.24822;4.61816;248;20240601;14;11.6;12.8;3.1;14.27;3;1.1;6528
99094;50.24822;4.61816;248;20240602;15.3;10.9;13.1;3;12.97;0;1.98;11472
99094;50.24822;4.61816;248;20240603;16.2;6.6;11.4;1.5;11.2;0;2.61;17667
99094;50.24822;4.61816;248;20240604;20;9.3;14.7;2.1;13.13;1;3.07;17960
99094;50.24822;4.61816;248;20240605;17;11.9;14.5;2.2;13;1;2.47;13422
99094;50.24822;4.61816;248;20240606;18.2;5.7;12;1.7;10.13;0;3.82;26893
100094;50.47228;4.59257;155;20240101;7.2;5.5;6.3;7.9;7.75;10;0.91;1668
100094;50.47228;4.59257;155;20240102;11.4;6.2;8.8;8.9;10.5;22;0.56;961
100094;50.47228;4.59257;155;20240103;10.6;8.6;9.6;9;9.5;7;1.17;2187
100094;50.47228;4.59257;155;20240104;9;7.6;8.3;6.6;9.25;3;0.67;2845
100094;50.47228;4.59257;155;20240105;6.8;6;6.4;7.6;8.2;4;0.8;833
100094;50.47228;4.59257;155;20240106;5;3.6;4.3;4;7.55;2;0.43;947
100094;50.47228;4.59257;155;20240107;0.6;0.5;0.6;5.3;5.45;0;0.52;854
100094;50.47228;4.59257;155;20240108;-2.6;-3.3;-2.9;6.8;3.7;0;0.69;1505
100094;50.47228;4.59257;155;20240109;-1.9;-6.2;-4.1;5.9;2.85;0;0.72;4920
100094;50.47228;4.59257;155;20240110;-1.1;-7.5;-4.3;3.1;3;0;0.44;4300
100094;50.47228;4.59257;155;20240111;-0.4;-6.6;-3.5;2.8;3.6;0;0.26;5044
100094;50.47228;4.59257;155;20240112;0.8;-2.8;-1;1.6;5.65;0;0.17;1570
100094;50.47228;4.59257;155;20240113;1.2;0.5;0.9;2.9;5.45;0;0.47;1161
100094;50.47228;4.59257;155;20240114;-1.1;-1.5;-1.3;4.5;5.2;1;0.24;1292
100094;50.47228;4.59257;155;20240115;2;-1.9;0.1;4.8;5.3;1;0.34;3841
100094;50.47228;4.59257;155;20240116;1.8;-3.1;-0.7;3.3;4.25;0;0.47;4686
100094;50.47228;4.59257;155;20240117;-1.5;-4.5;-3;2.5;4.25;9;0.33;1578
100094;50.47228;4.59257;155;20240118;-0.1;-3.9;-2;2.6;4.6;1;0.15;5261
100094;50.47228;4.59257;155;20240119;-0.9;-5.7;-3.3;3.6;5.1;0;0.09;3924
100094;50.47228;4.59257;155;20240120;1.2;-3.3;-1;4.5;4.25;0;0.56;4558
100094;50.47228;4.59257;155;20240121;4.2;-2.7;0.8;8;5.15;1;0.83;3206
100094;50.47228;4.59257;155;20240122;11.1;4.2;7.6;10.3;9.2;2;0.8;3580
100094;50.47228;4.59257;155;20240123;8.6;4.8;6.7;7.3;8.65;2;0.65;3167
100094;50.47228;4.59257;155;20240124;11;8.7;9.8;9.1;10.05;0;1.06;3167
100094;50.47228;4.59257;155;20240125;9.5;4.7;7.1;3.9;9.7;1;0.33;2065
100094;50.47228;4.59257;155;20240126;10.9;9.1;10;5.1;9;2;1.19;4449
100094;50.47228;4.59257;155;20240127;7.6;0.1;3.9;2.5;5.55;0;0.62;6240
100094;50.47228;4.59257;155;20240128;12.2;0.5;6.3;3.6;5.45;0;1.38;6218
100094;50.47228;4.59257;155;20240129;12.6;5.9;9.3;4;7.7;0;1.28;5124
100094;50.47228;4.59257;155;20240130;10.3;9.3;9.8;4;8.7;0;1.24;1936
100094;50.47228;4.59257;155;20240131;7.3;5.5;6.4;3.4;7.5;3;0.78;2738
100094;50.47228;4.59257;155;20240201;8.6;5.8;7.2;3.7;8.15;0;0.7;5542
100094;50.47228;4.59257;155;20240202;6.8;2.4;4.6;5.2;7.6;0;0.51;2730
100094;50.47228;4.59257;155;20240203;9.5;6.7;8.1;5.7;10.6;0;0.27;2097
100094;50.47228;4.59257;155;20240204;9.7;8.8;9.2;7.3;10.9;2;0.5;1796
100094;50.47228;4.59257;155;20240205;8.6;8.6;8.6;7.7;9.25;0;1;2422
100094;50.47228;4.59257;155;20240206;10.7;7.2;8.9;8.4;9.25;4;1.2;2392
100094;50.47228;4.59257;155;20240207;10;9.4;9.7;6.5;9.25;23;1.32;1696
100094;50.47228;4.59257;155;20240208;11.4;3.2;7.3;3.6;9.4;13;0.58;2632
100094;50.47228;4.59257;155;20240209;12.1;9.3;10.7;6;10.5;2;1.1;3547
100094;50.47228;4.59257;155;20240210;11.8;8.7;10.3;3.3;10.5;4;0.8;3482
100094;50.47228;4.59257;155;20240211;10.4;6.7;8.5;3.8;9.5;2;0.76;4308
100094;50.47228;4.59257;155;20240212;9.1;6.1;7.6;3.8;8.3;1;0.88;5406
100094;50.47228;4.59257;155;20240213;8.8;2.6;5.7;4.5;7.4;0;0.88;5932
100094;50.47228;4.59257;155;20240214;11.5;7.2;9.3;5.7;11;4;0.55;2202
100094;50.47228;4.59257;155;20240215;15.9;11.3;13.6;4.7;10.8;0;1.78;5201
100094;50.47228;4.59257;155;20240216;12.9;12;12.4;4.7;10.51;1;1.5;3677
100094;50.47228;4.59257;155;20240217;12.9;5.8;9.3;3.7;8.81;0;1.21;6450
100094;50.47228;4.59257;155;20240218;9.7;7.5;8.6;5.1;9.11;5;1;3753
100094;50.47228;4.59257;155;20240219;9.9;8.2;9;3.8;10.05;2;0.74;3446
100094;50.47228;4.59257;155;20240220;8.9;4.6;6.7;4.7;8.51;0;0.77;5394
100094;50.47228;4.59257;155;20240221;8.9;6.8;7.8;6.2;9.15;11;0.83;2850
100094;50.47228;4.59257;155;20240222;12;7.9;9.9;7.1;10.25;9;1.12;3508
100094;50.47228;4.59257;155;20240223;8.1;3.9;6;6.5;6.8;1;1.38;5086
100094;50.47228;4.59257;155;20240224;6.5;3.3;4.9;4.8;6.8;1;0.97;4827
100094;50.47228;4.59257;155;20240225;9;3.9;6.4;4.8;7.55;4;1.09;5352
100094;50.47228;4.59257;155;20240226;5.3;4.8;5.1;6.9;7.95;4;0.59;2688
100094;50.47228;4.59257;155;20240227;5.3;2.8;4;3.5;7.01;0;0.69;5515
100094;50.47228;4.59257;155;20240228;7.3;-1;3.1;3.1;6.81;0;0.69;6742
100094;50.47228;4.59257;155;20240229;9.1;5.7;7.7;6;9.29;2;0.66;985
100094;50.47228;4.59257;155;20240301;8.9;4.6;6.7;6.2;8.25;3;1;6667
100094;50.47228;4.59257;155;20240302;11.6;4.7;8.1;5.1;7.95;1;1.55;9356
100094;50.47228;4.59257;155;20240303;10.5;7.5;9;3;8.8;0;1.09;4096
100094;50.47228;4.59257;155;20240304;10.9;4.3;7.6;2.4;7.15;0;1.35;11414
100094;50.47228;4.59257;155;20240305;8.7;4.5;6.6;2.3;7.45;1;1;6011
100094;50.47228;4.59257;155;20240306;10.8;1.9;6.3;1.7;7.2;0;1.15;10778
100094;50.47228;4.59257;155;20240307;9.3;1.9;5.6;3;7;0;1.22;11480
100094;50.47228;4.59257;155;20240308;12.5;0.8;6.7;4.5;6.05;0;2.12;13986
100094;50.47228;4.59257;155;20240309;13.3;5.5;9.4;4.3;7.1;0;2.14;8344
100094;50.47228;4.59257;155;20240310;11.9;6.6;9.3;2.3;8.3;2;1.27;5500
100094;50.47228;4.59257;155;20240311;8.1;6.7;7.4;4.2;9.4;14;0.67;3713
100094;50.47228;4.59257;155;20240312;9;5.6;7.3;4.5;9.5;11;0.69;5167
100094;50.47228;4.59257;155;20240313;12.5;8.1;10.3;4.8;10.95;0;1.05;5601
100094;50.47228;4.59257;155;20240314;17.5;7.3;12.4;3.8;9.7;0;2.31;13249
100094;50.47228;4.59257;155;20240315;14.6;11.7;13.1;5.4;11;10;1.97;7249
100094;50.47228;4.59257;155;20240316;9.5;7.1;8.3;3.5;9.15;1;1.09;6873
100094;50.47228;4.59257;155;20240317;13.5;5.9;9.7;3.6;9.3;2;1.5;8015
100094;50.47228;4.59257;155;20240318;14.3;9.6;11.9;2.8;11.05;0;1.57;10295
100094;50.47228;4.59257;155;20240319;16.6;7.2;11.9;2;10.05;0;1.78;11441
100094;50.47228;4.59257;155;20240320;18.8;6.6;12.7;2.1;10.2;0;2.03;12215
100094;50.47228;4.59257;155;20240321;11.7;6.4;9.1;2.4;10.3;0;1.14;9504
100094;50.47228;4.59257;155;20240322;12.5;10.5;11.5;4.3;10.5;8;1.52;6062
100094;50.47228;4.59257;155;20240323;9.1;4.9;7;5.3;7.7;2;1.61;12350
100094;50.47228;4.59257;155;20240324;9.2;3.5;6.3;6;7.05;2;1.65;9648
100094;50.47228;4.59257;155;20240325;11.7;2.7;7.2;3.3;6.8;0;2;14360
100094;50.47228;4.59257;155;20240326;14.6;5.3;9.9;4;7.55;0;2.29;9465
100094;50.47228;4.59257;155;20240327;10.4;5.9;8.1;4.9;8.2;1;1.66;9907
100094;50.47228;4.59257;155;20240328;11.9;5.7;8.8;6.8;7.15;3;2.52;12040
100094;50.47228;4.59257;155;20240329;13.4;6;9.7;4.3;8.8;3;1.83;8754
100094;50.47228;4.59257;155;20240330;9.4;7.6;8.5;2.2;9.75;1;0.97;5717
100094;50.47228;4.59257;155;20240331;13;5.1;9;3.5;9.7;1;1.47;10310
100094;50.47228;4.59257;155;20240401;13.8;7.6;10.7;4.1;9.1;0;2.15;12204
100094;50.47228;4.59257;155;20240402;13.3;7.3;10.3;6.3;9.1;1;2.1;8948
100094;50.47228;4.59257;155;20240403;13.5;8.6;11;5.2;10.11;5;1.84;9009
100094;50.47228;4.59257;155;20240404;15.2;8.6;11.9;6.1;11.1;20;1.97;10265
100094;50.47228;4.59257;155;20240405;17.2;11.1;14.2;5.3;12.65;2;2.03;8361
100094;50.47228;4.59257;155;20240406;23.6;13;18.3;5.2;11.55;2;4.34;15170
100094;50.47228;4.59257;155;20240407;19.2;13.6;16.4;4.8;11.65;3;3.32;13868
100094;50.47228;4.59257;155;20240408;20.9;10.8;15.8;2.3;12.6;9;2.52;13104
100094;50.47228;4.59257;155;20240409;11.4;9.5;10.5;6.8;9.8;1;1.9;9952
99094;50.24822;4.61816;248;20240101;6.8;4.8;5.8;8;7.81;11;0.7;1719
99094;50.24822;4.61816;248;20240102;10.4;5.8;8.1;9.7;10.31;26;0.29;1873
99094;50.24822;4.61816;248;20240103;10.3;8;9.1;9.3;9.41;9;1.03;2452
99094;50.24822;4.61816;248;20240104;8.3;6.6;7.4;6.9;9.11;2;0.52;2431
99094;50.24822;4.61816;248;20240105;6.7;6.3;6.5;7.2;8.01;3;0.76;1991
99094;50.24822;4.61816;248;20240106;4.6;4.2;4.4;4.2;7.31;2;0.48;1210
99094;50.24822;4.61816;248;20240107;0.4;0.3;0.3;5.1;5.51;0;0.46;261
99094;50.24822;4.61816;248;20240108;-3;-3.8;-3.4;6.2;3.61;0;0.65;632
99094;50.24822;4.61816;248;20240109;-1.9;-7;-4.5;4.8;2.81;0;0.61;4922
99094;50.24822;4.61816;248;20240110;-1.6;-7.6;-4.6;2.1;2.91;0;0.31;4432
99094;50.24822;4.61816;248;20240111;-0.5;-6.1;-3.3;2.2;3.61;0;0.2;5171
99094;50.24822;4.61816;248;20240112;-0.3;-4.2;-2.3;1.8;5.61;0;0.01;2075
99094;50.24822;4.61816;248;20240113;0.1;-0.3;-0.1;2.1;5.31;0;0.39;489
99094;50.24822;4.61816;248;20240114;-2.6;-2.7;-2.7;3.8;4.81;1;0.17;1580
99094;50.24822;4.61816;248;20240115;1.1;-3.8;-1.4;5;5.11;1;0.22;3041
99094;50.24822;4.61816;248;20240116;0.9;-3.7;-1.4;2.6;4.21;0;0.38;3805
99094;50.24822;4.61816;248;20240117;0.2;-4.6;-2.2;3.1;4.41;11;0.39;1622
99094;50.24822;4.61816;248;20240118;-0.6;-3.6;-2.1;3.1;4.61;1;0.25;3156
100096;50.50328;5.29569;226;20240101;7;5.7;6.3;8.7;7.87;7;0.95;1770
100096;50.50328;5.29569;226;20240102;10.4;6;8.2;9.7;10.13;18;0.6;981
100096;50.50328;5.29569;226;20240103;10.5;8.2;9.3;9.2;9.47;6;1.22;2018
100096;50.50328;5.29569;226;20240104;8.7;5.8;7.3;6;9.13;4;0.5;2491
100096;50.50328;5.29569;226;20240105;7.8;6.9;7.4;7.4;8.17;3;1.04;2085
100096;50.50328;5.29569;226;20240106;4.2;4;4.1;3.3;7.53;2;0.43;719
100096;50.50328;5.29569;226;20240107;0.3;-0.3;0;4.4;5.47;0;0.46;286
100096;50.50328;5.29569;226;20240108;-2.6;-3.6;-3.1;5.1;3.6;0;0.62;2189
100096;50.50328;5.29569;226;20240109;-2.3;-7;-4.6;4.7;2.8;0;0.57;4924
100096;50.50328;5.29569;226;20240110;-1.9;-8.4;-5.1;2.5;2.9;0;0.36;3956
100096;50.50328;5.29569;226;20240111;-0.5;-7.7;-4.1;1.9;3.57;0;0.15;5054
100096;50.50328;5.29569;226;20240112;-0.3;-4.3;-2.3;1.2;5.4;0;0.16;1155
100096;50.50328;5.29569;226;20240113;0.9;-0.6;0.2;3;5.57;0;0.38;937
100096;50.50328;5.29569;226;20240114;-1;-2;-1.5;4.6;5.13;1;0.27;1310
100096;50.50328;5.29569;226;20240115;1.4;-2.3;-0.5;5.2;5.37;2;0.3;2439
100096;50.50328;5.29569;226;20240116;0.5;-3.3;-1.4;3.9;4.33;0;0.39;4717
100096;50.50328;5.29569;226;20240117;-1;-4.9;-2.9;2.9;4.23;11;0.39;1480
100096;50.50328;5.29569;226;20240118;-0.6;-3.6;-2.1;2.1;4.73;2;0.15;4278
100096;50.50328;5.29569;226;20240119;0.1;-3.3;-1.6;3.7;4.93;0;0.23;4107
100096;50.50328;5.29569;226;20240120;1.5;-5.6;-2;4.5;3.8;0;0.65;5704
100096;50.50328;5.29569;226;20240121;4;-1.8;1.1;8.4;4.93;0;1.1;2977
100096;50.50328;5.29569;226;20240122;10.5;3.7;7.1;10.7;9.1;4;0.78;2996
100096;50.50328;5.29569;226;20240123;7.9;4.5;6.2;7.6;8.6;2;0.59;3249
100096;50.50328;5.29569;226;20240124;10.9;7.5;9.2;8.9;10.23;0;0.85;2868
100096;50.50328;5.29569;226;20240125;9.2;3.5;6.4;4;9.43;1;0.32;3098
100096;50.50328;5.29569;226;20240126;10.5;8.3;9.4;5.6;9.07;4;1.13;3787
100096;50.50328;5.29569;226;20240127;7.3;-0.5;3.4;2.6;5.47;0;0.64;5962
100096;50.50328;5.29569;226;20240128;13.4;0.9;7.1;3.2;5.07;0;1.52;6046
100096;50.50328;5.29569;226;20240129;12.9;6.8;9.9;5.2;7.7;0;1.72;5366
100096;50.50328;5.29569;226;20240130;10.8;8.7;9.7;5;8.97;0;1.31;1889
100096;50.50328;5.29569;226;20240131;7.2;5;6.1;3.4;7.57;4;0.72;3098
100096;50.50328;5.29569;226;20240201;8;4.9;6.5;4;8.23;0;0.58;5396
100096;50.50328;5.29569;226;20240202;7.4;1.1;4.3;5.3;7.47;0;0.57;3964
100096;50.50328;5.29569;226;20240203;9.5;6.1;7.8;5.6;10.4;1;0.33;1442
100096;50.50328;5.29569;226;20240204;9.6;8.3;9;6.9;10.87;2;0.49;1519
100096;50.50328;5.29569;226;20240205;9.2;8.3;8.7;7.9;9.37;0;1.05;3286
100096;50.50328;5.29569;226;20240206;10.1;6.6;8.3;9;9.27;1;1.05;1716
100096;50.50328;5.29569;226;20240207;8.8;6.8;7.8;6.5;9.5;21;0.62;1331
100096;50.50328;5.29569;226;20240208;11;3.1;7;3.9;9.5;11;0.58;1639
100096;50.50328;5.29569;226;20240209;12;9;10.5;6.7;10.63;5;1.1;3415
100096;50.50328;5.29569;226;20240210;11.7;8.6;10.2;3.4;10.73;3;0.79;3373
100096;50.50328;5.29569;226;20240211;9.5;6.1;7.8;3.8;9.67;3;0.59;3899
100096;50.50328;5.29569;226;20240212;8.5;5.8;7.1;3.6;8.4;0;0.78;4822
100096;50.50328;5.29569;226;20240213;8.5;1.9;5.2;4.7;7.4;0;0.82;6143
100096;50.50328;5.29569;226;20240214;11.3;7;9.1;6.7;10.73;2;0.66;2667
100096;50.50328;5.29569;226;20240215;15.3;10.7;13;5.1;11;0;1.65;4056
100096;50.50328;5.29569;226;20240216;13.7;12.2;12.9;6.3;10.69;1;1.91;3318
100096;50.50328;5.29569;226;20240217;12.2;7.5;9.8;4;9.39;0;1.21;4628
100096;50.50328;5.29569;226;20240218;9.5;6.5;8;5.9;8.89;5;1.06;3664
100096;50.50328;5.29569;226;20240219;10.2;7.6;8.9;4;10;3;0.78;3158
100096;50.50328;5.29569;226;20240220;12.6;4.9;8.8;4.6;9.07;0;1.28;5240
100096;50.50328;5.29569;226;20240221;9.4;6.5;8;6.9;8.83;8;1.12;3290
100096;50.50328;5.29569;226;20240222;12.1;7.3;9.7;7.5;10.2;12;1.15;3916
100096;50.50328;5.29569;226;20240223;7.8;3.5;5.6;7.1;6.9;0;1.34;6300
100096;50.50328;5.29569;226;20240224;6.3;3.2;4.7;5.6;6.9;1;0.99;5519
100096;50.50328;5.29569;226;20240225;8.8;3.4;6.1;5.6;7.13;2;1.26;6672
100096;50.50328;5.29569;226;20240226;5.9;4.5;5.2;5.9;7.95;6;0.66;2906
100096;50.50328;5.29569;226;20240227;4.7;3.1;3.9;3.5;7.29;0;0.6;3184
100096;50.50328;5.29569;226;20240228;8.6;-0.2;4.2;2.9;6.73;0;0.93;7965
100096;50.50328;5.29569;226;20240229;10;4.2;7.9;5.4;8.61;0;0.84;2310
100096;50.50328;5.29569;226;20240301;9;4.6;6.8;6.3;8.07;0;1.18;6857
100096;50.50328;5.29569;226;20240302;11.9;5.1;8.5;5.7;8;0;1.73;8962
100096;50.50328;5.29569;226;20240303;12.7;8.4;10.6;3.3;8.77;0;1.55;6262
100096;50.50328;5.29569;226;20240304;10.5;4.4;7.5;2.6;7.73;0;1.22;9541
100096;50.50328;5.29569;226;20240305;8.9;6.3;7.6;2.6;8.1;1;1.02;4955
100096;50.50328;5.29569;226;20240306;10.3;1.9;6.1;2.2;7.07;0;1.21;10365
100096;50.50328;5.29569;226;20240307;10.1;1.3;5.7;3.1;6.7;0;1.38;12933
100096;50.50328;5.29569;226;20240308;12.5;0.8;6.6;4.5;5.83;0;2.09;14007
100096;50.50328;5.29569;226;20240309;14.4;5.6;10;4.3;7.03;0;2.27;8589
100096;50.50328;5.29569;226;20240310;12;6.8;9.4;3;8.23;2;1.49;6071
100096;50.50328;5.29569;226;20240311;8;6.2;7.1;4.2;9.5;16;0.57;2154
100096;50.50328;5.29569;226;20240312;9.3;5.3;7.3;4.2;9.4;13;0.75;4534
100096;50.50328;5.29569;226;20240313;11.7;7.2;9.5;4.5;11.2;1;0.73;4234
100096;50.50328;5.29569;226;20240314;17.4;7.5;12.5;4.5;9.59;0;2.44;9893
100096;50.50328;5.29569;226;20240315;14.8;11.2;13;5.7;11.17;8;1.95;6850
100096;50.50328;5.29569;226;20240316;8.7;7.9;8.3;3.7;9.43;1;1.04;5263
100096;50.50328;5.29569;226;20240317;13.3;5.1;9.2;3.5;8.97;1;1.53;7773
100096;50.50328;5.29569;226;20240318;14.2;9.2;11.7;2.8;10.93;0;1.53;9419
100096;50.50328;5.29569;226;20240319;17.3;7.1;12.2;1.9;9.93;0;1.8;10620
100096;50.50328;5.29569;226;20240320;18.4;7.5;13;2.2;10.17;0;2.09;11747
100096;50.50328;5.29569;226;20240321;12.6;6.5;9.6;2.5;10.23;0;1.35;10496
100096;50.50328;5.29569;226;20240322;14.7;9.5;12.1;4;10.43;9;1.94;9796
100096;50.50328;5.29569;226;20240323;8.7;4.1;6.4;4.2;7.8;4;1.35;10460
100096;50.50328;5.29569;226;20240324;8.7;2.9;5.8;6.4;7.27;2;1.42;8791
100096;50.50328;5.29569;226;20240325;11.7;1.9;6.8;3.4;6.63;0;2.04;14987
100096;50.50328;5.29569;226;20240326;15.5;5.8;10.6;4.1;7.5;0;2.58;10476
100096;50.50328;5.29569;226;20240327;10.7;6.7;8.7;4.5;8.33;1;1.62;7374
100096;50.50328;5.29569;226;20240328;11.7;5.5;8.6;7.1;7.4;3;2.45;12097
100096;50.50328;5.29569;226;20240329;14.2;6;10.1;5.2;9.1;2;1.95;7635
100096;50.50328;5.29569;226;20240330;13.6;7;10.3;2.7;10;0;1.45;6759
100096;50.50328;5.29569;226;20240331;15;6.3;10.7;3.5;9.8;3;1.87;10614
100095;50.48832;4.94402;172;20240321;11.9;6.5;9.2;2.6;10.24;0;1.2;9232
100095;50.48832;4.94402;172;20240322;12.9;10.2;11.6;4.4;10.4;9;1.67;6637
100095;50.48832;4.94402;172;20240323;9.1;4.7;6.9;5.2;7.67;2;1.61;11893
100095;50.48832;4.94402;172;20240324;9.1;3.4;6.2;6.3;7.14;1;1.61;9490
100095;50.48832;4.94402;172;20240325;11.8;2.4;7.1;3.4;6.64;0;2.01;13627
100095;50.48832;4.94402;172;20240326;14.9;5.6;10.2;4.3;7.37;0;2.53;9719
100095;50.48832;4.94402;172;20240327;10.6;6.2;8.4;5;8.14;1;1.79;9512
100095;50.48832;4.94402;172;20240328;11.9;5.6;8.8;7.1;7.14;3;2.57;11691
100095;50.48832;4.94402;172;20240329;13.7;6;9.8;4.8;8.8;2;1.99;8771
100095;50.48832;4.94402;172;20240330;10.7;7.3;9;2.4;9.77;0;1.23;7104
100095;50.48832;4.94402;172;20240331;13.6;5.4;9.5;3.4;9.64;2;1.7;11088
100095;50.48832;4.94402;172;20240401;13.8;7.6;10.7;4.2;9.07;0;2.19;11807
100095;50.48832;4.94402;172;20240402;13.1;7.3;10.2;6.6;9.07;1;2.1;9032
100095;50.48832;4.94402;172;20240403;14.3;9;11.6;4.8;10.2;3;2.03;9240
100095;50.48832;4.94402;172;20240404;15.2;8.6;11.9;6.2;10.97;12;2.05;10413
100095;50.48832;4.94402;172;20240405;17.2;10.9;14;5.7;12.57;1;2.1;8783
100095;50.48832;4.94402;172;20240406;23.8;13.1;18.4;5.2;11.44;0;4.43;14594
100095;50.48832;4.94402;172;20240407;19.3;13.6;16.5;4.8;11.57;2;3.33;12970
100095;50.48832;4.94402;172;20240408;21;11.1;16;2.2;12.57;9;2.61;13562
100095;50.48832;4.94402;172;20240409;11.6;9.6;10.6;6.8;9.97;1;1.91;9524
100095;50.48832;4.94402;172;20240410;14.2;4.7;9.4;4;7.6;0;2.86;19939
100095;50.48832;4.94402;172;20240411;14.3;9.2;11.8;4.6;9.7;0;2.23;8910
100095;50.48832;4.94402;172;20240412;19.8;12.5;16.1;3.7;13.2;0;2.66;12192
100095;50.48832;4.94402;172;20240413;23.1;12.5;17.8;4.6;13.07;0;3.75;15094
100095;50.48832;4.94402;172;20240414;15.4;8.9;12.1;3.4;9.9;1;2.34;12052
100095;50.48832;4.94402;172;20240415;11;5.6;8.3;5.6;7.97;6;2.14;12919
100095;50.48832;4.94402;172;20240416;9.8;3.1;6.5;6.5;7.94;6;1.55;10561
100095;50.48832;4.94402;172;20240417;9;2.6;5.8;2.7;7.34;3;1.61;12863
100095;50.48832;4.94402;172;20240418;10.7;1.5;6.1;2.9;7.17;1;1.95;15687
100095;50.48832;4.94402;172;20240419;10.7;5.3;8;6.2;8.14;6;1.89;10244
100095;50.48832;4.94402;172;20240420;8.9;3.4;6.1;4.2;7.2;1;1.75;12119
100095;50.48832;4.94402;172;20240421;9.3;2;5.6;3.9;6.67;1;1.98;15233
100095;50.48832;4.94402;172;20240422;9.9;0.8;5.3;2.4;6.34;0;1.9;14476
100095;50.48832;4.94402;172;20240423;10;-1.3;4.3;2.3;5.9;1;2.23;20489
100095;50.48832;4.94402;172;20240424;8.8;3.4;6.1;4;7.34;2;1.78;13138
100095;50.48832;4.94402;172;20240425;9.8;2.3;6.1;4.3;6.47;0;2.06;12456
100095;50.48832;4.94402;172;20240426;11.9;6.4;9.1;3.3;7.9;0;2.09;10725
100095;50.48832;4.94402;172;20240427;16.4;7.1;11.8;4.1;9.54;0;2.62;12078
100095;50.48832;4.94402;172;20240428;13.9;12.4;13.1;6.2;9.57;1;3.04;10798
100095;50.48832;4.94402;172;20240429;18;6.7;12.3;3.4;9.77;0;3.23;19039
100095;50.48832;4.94402;172;20240430;21.6;11.1;16.3;2.9;12.07;2;3.29;15335
100095;50.48832;4.94402;172;20240501;22.9;11.3;17.1;2.8;14.37;1;3.51;19464
100095;50.48832;4.94402;172;20240502;16.2;13;14.6;3.9;13.57;11;2.04;9806
100095;50.48832;4.94402;172;20240503;15.2;9.1;12.1;6;10.24;5;2.73;13885
100095;50.48832;4.94402;172;20240504;14.3;7.6;10.9;2.9;10.04;6;2.03;10828
100095;50.48832;4.94402;172;20240505;16;8;12;2.7;11.1;0;2.43;15640
100095;50.48832;4.94402;172;20240506;16.3;11.6;14;1.7;12.77;4;2;10961
100095;50.48832;4.94402;172;20240507;17.7;9.6;13.7;2;13.1;0;2.2;13000
100095;50.48832;4.94402;172;20240508;13.5;9.9;11.7;2.1;11.83;0;1.47;7633
100095;50.48832;4.94402;172;20240509;18.1;5.9;12;1.4;12.46;0;2.7;19566
100095;50.48832;4.94402;172;20240510;20.4;8.7;14.6;1.4;13.63;0;3.41;23100
100095;50.48832;4.94402;172;20240511;23;10.2;16.6;2.3;14.66;0;3.98;24700
100095;50.48832;4.94402;172;20240512;25.4;11.3;18.3;1.9;15.9;1;3.88;21433
100095;50.48832;4.94402;172;20240513;21.6;14.5;18;2.2;16.53;0;3.21;18300
100095;50.48832;4.94402;172;20240514;23.4;14.2;18.8;2.8;15.9;1;4.15;22900
100095;50.48832;4.94402;172;20240515;16.5;13.1;14.8;1.3;15.43;8;1.74;9766
100095;50.48832;4.94402;172;20240516;17.3;13.3;15.3;1.9;15.2;10;2.43;15000
100095;50.48832;4.94402;172;20240517;16.2;11.4;13.8;2.4;14.36;26;1.5;7633
100095;50.48832;4.94402;172;20240518;17.7;11.3;14.5;2.2;14.26;6;2.14;12266
100095;50.48832;4.94402;172;20240519;18;11.8;14.9;1.7;14.5;1;2.53;15333
100095;50.48832;4.94402;172;20240520;19.4;11.6;15.5;1.6;15.33;0;3.17;20866
100095;50.48832;4.94402;172;20240521;15.8;12.8;14.3;1.2;15.53;7;1.3;6566
100095;50.48832;4.94402;172;20240522;18.4;12.7;15.5;2.8;14.46;0;2.58;14633
100095;50.48832;4.94402;172;20240523;19.6;10.5;15;2.1;14.06;0;3.42;22666
100095;50.48832;4.94402;172;20240524;16.5;12.2;14.4;1.7;14.36;12;1.96;11200
100095;50.48832;4.94402;172;20240525;19.3;11.7;15.5;2.2;14.4;0;3;18400
100095;50.48832;4.94402;172;20240526;20.8;11.5;16.1;2;14.9;5;2.57;13566
100095;50.48832;4.94402;172;20240527;16.1;11.4;13.7;1.9;13.16;4;2;11233
100095;50.48832;4.94402;172;20240528;16.9;8.2;12.5;3.2;13.53;4;2;13533
100095;50.48832;4.94402;172;20240529;17.4;13.3;15.3;3.2;15.43;15;2.32;13666
100095;50.48832;4.94402;172;20240530;15.9;11.6;13.8;2.3;13.86;3;1.96;11466
100095;50.48832;4.94402;172;20240531;16.8;11.4;14.1;2.5;14.36;5;2.39;15566
100095;50.48832;4.94402;172;20240601;14.7;12.2;13.5;3.1;14.96;3;0.84;3633
100095;50.48832;4.94402;172;20240602;15.6;11.3;13.5;2.7;13.43;0;2.11;12800
100095;50.48832;4.94402;172;20240603;15.9;8.5;12.2;1.1;12.6;0;2.15;13833
100095;50.48832;4.94402;172;20240604;20.1;11.5;15.8;2.1;14.73;1;3.26;20033
100095;50.48832;4.94402;172;20240605;16.9;11.7;14.3;2.2;13.26;1;2.71;16633
100095;50.48832;4.94402;172;20240606;17.9;6.6;12.3;1.6;11.5;0;3.44;24400
100095;50.48832;4.94402;172;20240607;19.4;7.5;13.5;1.5;12.23;0;3.83;26366
100095;50.48832;4.94402;172;20240608;19.5;8.9;14.2;2.1;12.86;0;3.82;26000
100095;50.48832;4.94402;172;20240609;18.8;8.8;13.8;1.8;12.1;0;4.03;27900
100095;50.48832;4.94402;172;20240610;12.7;8.6;10.7;3;11.36;5;1.64;10166
100095;50.48832;4.94402;172;20240611;14.5;6.8;10.6;2.2;10.7;0;2.88;21700
100095;50.48832;4.94402;172;20240612;13.9;6.3;10.1;1.4;10.63;0;2.05;13733
100095;50.48832;4.94402;172;20240613;18.6;6.8;12.7;1.9;12.06;0;3.15;21033
100095;50.48832;4.94402;172;20240614;19;12;15.5;2.9;14.56;7;2.39;12266
100095;50.48832;4.94402;172;20240615;16.7;11.5;14.1;4.8;13.36;0;2.65;16366
100095;50.48832;4.94402;172;20240616;18.2;11.4;14.8;3.3;14.56;6;2.53;14833
100095;50.48832;4.94402;172;20240617;20.4;13.4;16.9;1.9;15.86;1;3.08;17766
100095;50.48832;4.94402;172;20240618;20.5;13.7;17.1;1.7;17.3;21;1.79;8366
100095;50.48832;4.94402;172;20240619;19.8;13.9;16.8;2.4;15.86;0;2.98;17133
100095;50.48832;4.94402;172;20240620;17.5;12.5;15;1.9;15.7;0;1.54;7733
100095;50.48832;4.94402;172;20240621;15.9;14.8;15.4;1.7;15.73;15;1.2;4666
100095;50.48832;4.94402;172;20240622;17.9;11.7;14.8;1.7;14.76;1;2.29;13466
100095;50.48832;4.94402;172;20240623;22.8;11.1;16.9;1.3;15.73;0;4.16;25966
100095;50.48832;4.94402;172;20240624;24.3;12.3;18.3;1.3;16.96;0;4.35;26166
100095;50.48832;4.94402;172;20240625;26;14.4;20.2;1.5;18.13;0;4.8;27366
100095;50.48832;4.94402;172;20240626;28.2;15;21.6;1.1;19.86;0;4.93;27033
100095;50.48832;4.94402;172;20240627;28.7;17.5;23.1;2.1;19.76;0;4.81;23033
100095;50.48832;4.94402;172;20240628;22.1;13.2;17.6;2.4;15;0;4.46;26900
100095;50.48832;4.94402;172;20240629;24;11.9;18;1.5;16.13;16;3.48;19133
100095;50.48832;4.94402;172;20240630;20.6;15;17.8;1.7;17.1;6;2.68;14466
100095;50.48832;4.94402;172;20240701;17.8;12.8;15.3;1.9;14.6;1;2.63;15666
100095;50.48832;4.94402;172;20240702;18.2;13.1;15.6;2.5;14.9;2;2.3;12133
100095;50.48832;4.94402;172;20240703;15.8;11.4;13.6;2;13.8;4;1.78;9800
100095;50.48832;4.94402;172;20240704;19.4;13.2;16.3;3.5;14.8;0;3.54;21800
100095;50.48832;4.94402;172;20240705;21.7;11.2;16.5;3.1;14.86;0;3.11;16400
100095;50.48832;4.94402;172;20240706;19.6;16.4;18;3.7;15.23;0;3.82;20933
100095;50.48832;4.94402;172;20240707;18.6;8.8;13.7;2.5;12.73;0;3.21;21266
100095;50.48832;4.94402;172;20240708;20.7;10.9;15.8;1.2;14.7;0;2.99;17833
100095;50.48832;4.94402;172;20240709;30.2;13.9;22.1;2;18.3;10;5.12;25366
100095;50.48832;4.94402;172;20240710;23.5;16.4;19.9;2.1;19.23;0;3.88;22000
100095;50.48832;4.94402;172;20240711;22.6;13.8;18.2;1.8;16.46;5;4.45;27566
100095;50.48832;4.94402;172;20240712;15.4;14.2;14.8;2.5;15.03;20;1.43;6500
100095;50.48832;4.94402;172;20240713;18.5;10.1;14.3;2.2;13.73;0;2.63;16100
100095;50.48832;4.94402;172;20240714;21.6;11.4;16.5;1.6;14.9;0;3.65;22533
100095;50.48832;4.94402;172;20240715;25.9;11.7;18.8;1.5;17.06;2;4.07;23300
100095;50.48832;4.94402;172;20240716;18.8;14.7;16.8;3.4;16.93;3;2.64;16800
100095;50.48832;4.94402;172;20240717;23.7;15;19.3;2;17.26;0;4.1;23366
100095;50.48832;4.94402;172;20240718;27.2;13.8;20.5;0.9;18.4;1;4.37;24866
100095;50.48832;4.94402;172;20240719;28.6;17.2;22.9;1;20.03;0;4.2;21833
100095;50.48832;4.94402;172;20240720;30.1;17;23.5;1.3;21.63;4;4.56;23366
100095;50.48832;4.94402;172;20240721;23.7;19;21.3;2;21;0;2.63;12166
100095;50.48832;4.94402;172;20240722;22.6;15.9;19.2;2.5;17.93;1;3.88;22733
100095;50.48832;4.94402;172;20240723;20.7;16.5;18.6;2.8;18.03;1;2.82;15300
100095;50.48832;4.94402;172;20240724;22.4;13.7;18.1;1.4;16.33;0;3.47;20433
100095;50.48832;4.94402;172;20240725;24.8;13;18.9;1.7;17.13;3;3.57;19833
100095;50.48832;4.94402;172;20240726;22.1;17.4;19.7;2.2;19.3;0;3.16;17433
100095;50.48832;4.94402;172;20240727;19.5;15.8;17.6;1.1;17.76;2;1.61;7366
100095;50.48832;4.94402;172;20240728;24.1;11.9;18;1.4;15.56;1;4.42;27666
100095;50.48832;4.94402;172;20240729;28;11.8;19.9;1.2;17.03;0;4.78;28266
100095;50.48832;4.94402;172;20240730;30.8;16.4;23.6;0.9;19.93;0;4.91;26500
100095;50.48832;4.94402;172;20240731;26.5;19.2;22.8;1.6;21.96;8;3.31;15933
100095;50.48832;4.94402;172;20240801;24;19.4;21.7;1.2;22.3;6;2.39;11633
100095;50.48832;4.94402;172;20240802;25.8;17.2;21.5;1.2;21.33;1;3.89;22000
100095;50.48832;4.94402;172;20240803;22;15.7;18.8;2.6;19.13;3;2.2;11233
100095;50.48832;4.94402;172;20240804;20.9;17.1;19;1.4;18.53;0;2.87;16433
100095;50.48832;4.94402;172;20240805;25.5;15.5;20.5;1.5;17.86;0;4.48;26500
100095;50.48832;4.94402;172;20240806;27.8;15;21.4;1.7;19;0;4.51;25166
101095;50.71245;4.9198;111;20240101;7.5;5.6;6.6;8.1;8.1;9;0.86;1840
101095;50.71245;4.9198;111;20240102;11.8;5.6;8.7;9.6;10.8;16;0.41;1940
101095;50.71245;4.9198;111;20240103;11.1;8.8;10;9.7;9.8;7;1.31;1763
101095;50.71245;4.9198;111;20240104;9.3;7.1;8.2;5.9;9.5;4;0.66;1757
101095;50.71245;4.9198;111;20240105;7.5;7.4;7.5;8.1;8.5;4;1;1251
101095;50.71245;4.9198;111;20240106;5;5;5;3.3;7.7;2;0.54;622
101095;50.71245;4.9198;111;20240107;0.8;0.6;0.7;4.8;5.5;0;0.52;1059
101095;50.71245;4.9198;111;20240108;-2.2;-3;-2.6;5.8;3.6;0;0.74;2033
101095;50.71245;4.9198;111;20240109;-1.7;-6.2;-3.9;4.9;2.9;0;0.69;4282
101095;50.71245;4.9198;111;20240110;-1.8;-7.3;-4.5;2.6;3;0;0.34;4450
101095;50.71245;4.9198;111;20240111;-0.3;-7.4;-3.8;1.7;3.8;0;0.12;4471
101095;50.71245;4.9198;111;20240112;1.5;-1.4;0.1;0.9;5.9;0;0.17;2016
101095;50.71245;4.9198;111;20240113;1.7;0.9;1.3;2.8;5.8;0;0.44;1150
101095;50.71245;4.9198;111;20240114;-0.2;-0.8;-0.5;5.1;5.5;1;0.34;479
101095;50.71245;4.9198;111;20240115;3;-1.1;1;4.5;5.7;1;0.42;2625
101095;50.71245;4.9198;111;20240116;1.5;-2.8;-0.6;3.8;4.4;0;0.55;3511
101095;50.71245;4.9198;111;20240117;-2.3;-4.3;-3.3;1.7;4.3;10;0.24;1943
101095;50.71245;4.9198;111;20240118;2;-3.7;-0.8;1.5;5;1;0.17;3919
101095;50.71245;4.9198;111;20240119;0.6;-3.6;-1.5;4;5;0;0.23;3715
101095;50.71245;4.9198;111;20240120;0.5;-3;-1.2;4.7;4.4;0;0.57;2860
101095;50.71245;4.9198;111;20240121;4.5;-1.8;1.4;8.9;5.3;0;0.92;3262
101095;50.71245;4.9198;111;20240122;11.8;4.4;8.1;11.6;9.5;2;0.94;3645
101095;50.71245;4.9198;111;20240123;9.1;5;7.1;7.6;8.8;2;0.67;4097
101095;50.71245;4.9198;111;20240124;11.5;9.1;10.3;9;10.4;0;1.15;2671
101095;50.71245;4.9198;111;20240125;9.6;4.5;7.1;3.7;9.9;1;0.21;3677
101095;50.71245;4.9198;111;20240126;11.2;9.2;10.2;6;9.2;3;1.36;3344
101095;50.71245;4.9198;111;20240127;8.2;0.8;4.5;2.3;5.8;0;0.72;4361
101095;50.71245;4.9198;111;20240128;12.7;-1;5.9;1.4;5.5;0;0.63;6070
101095;50.71245;4.9198;111;20240129;13.1;5.6;9.4;3.4;8;0;1.16;5004
101095;50.71245;4.9198;111;20240130;10.6;9.5;10.1;4.7;9.2;0;1.26;2066
101095;50.71245;4.9198;111;20240131;7.7;5.6;6.7;3.4;8;3;0.71;2915
100095;50.48832;4.94402;172;20240101;7.1;5.5;6.3;8.3;7.74;9;0.98;1616
100095;50.48832;4.94402;172;20240102;11.1;6;8.6;9.4;10.34;19;0.59;1222
100095;50.48832;4.94402;172;20240103;10.5;8.3;9.4;9.5;9.44;6;1.21;2110
100095;50.48832;4.94402;172;20240104;8.9;7.2;8;6.6;9.17;3;0.67;2555
100095;50.48832;4.94402;172;20240105;7;6.3;6.7;7.8;8.17;4;0.94;1041
100095;50.48832;4.94402;172;20240106;4.8;3.8;4.3;3.8;7.54;2;0.44;851
100095;50.48832;4.94402;172;20240107;0.5;0.3;0.4;5.2;5.44;0;0.52;589
100095;50.48832;4.94402;172;20240108;-2.5;-3.4;-3;6.4;3.67;0;0.68;1692
100095;50.48832;4.94402;172;20240109;-2;-6.4;-4.2;6;2.8;0;0.74;4737
100095;50.48832;4.94402;172;20240110;-1.2;-7.8;-4.5;3;2.94;0;0.43;4323
100095;50.48832;4.94402;172;20240111;-0.6;-7.1;-3.8;2.6;3.54;0;0.23;4984
100095;50.48832;4.94402;172;20240112;0.6;-3.3;-1.3;1.5;5.57;0;0.14;1735
100095;50.48832;4.94402;172;20240113;1.2;0.2;0.7;3.2;5.47;0;0.47;1211
100095;50.48832;4.94402;172;20240114;-0.8;-1.7;-1.3;4.7;5.2;1;0.28;1305
100095;50.48832;4.94402;172;20240115;2;-2;0;5.2;5.34;1;0.37;3433
100095;50.48832;4.94402;172;20240116;1.4;-3.1;-0.9;3.7;4.27;0;0.49;4508
100095;50.48832;4.94402;172;20240117;-1.4;-4.6;-3;2.9;4.2;10;0.36;1832
100095;50.48832;4.94402;172;20240118;-0.2;-3.9;-2;2.5;4.6;1;0.19;4419
100095;50.48832;4.94402;172;20240119;-0.5;-5;-2.8;3.8;5;0;0.17;3823
100095;50.48832;4.94402;172;20240120;1.1;-4;-1.5;4.4;4.07;0;0.57;4676
100095;50.48832;4.94402;172;20240121;4.1;-2.6;0.8;8.4;5;0;0.92;3148
100095;50.48832;4.94402;172;20240122;11;3.9;7.5;10.8;9.07;3;0.86;3583
100095;50.48832;4.94402;172;20240123;8.4;4.7;6.5;7.8;8.54;2;0.65;3394
100095;50.48832;4.94402;172;20240124;10.9;8.4;9.6;9.3;10;0;1.05;2880
100095;50.48832;4.94402;172;20240125;9.4;4;6.7;4.2;9.5;1;0.29;2608
100095;50.48832;4.94402;172;20240126;10.8;8.9;9.9;5.5;8.94;3;1.24;4253
100095;50.48832;4.94402;172;20240127;7.5;0;3.7;2.7;5.5;0;0.68;5889
100095;50.48832;4.94402;172;20240128;12.4;0.9;6.7;3.9;5.24;0;1.65;5791
100095;50.48832;4.94402;172;20240129;12.6;6.2;9.4;4.6;7.6;0;1.52;4716
100095;50.48832;4.94402;172;20240130;10.4;9.1;9.8;4.6;8.7;0;1.32;1980
100095;50.48832;4.94402;172;20240131;7.2;5.4;6.3;3.5;7.54;4;0.79;2756
100095;50.48832;4.94402;172;20240201;8.4;5.7;7;4.1;8.14;0;0.72;5091
100095;50.48832;4.94402;172;20240202;6.9;2.1;4.5;5.5;7.54;0;0.56;3051
100095;50.48832;4.94402;172;20240203;9.5;6.6;8;5.9;10.5;0;0.33;1840
100095;50.48832;4.94402;172;20240204;9.6;8.7;9.2;7.4;10.87;2;0.52;1783
100095;50.48832;4.94402;172;20240205;8.8;8.5;8.6;8.1;9.24;0;1.1;2468
100095;50.48832;4.94402;172;20240206;10.6;7.1;8.8;8.9;9.2;1;1.23;2411
100095;50.48832;4.94402;172;20240207;9.9;9.1;9.5;6.7;9.17;22;1.32;1828
100095;50.48832;4.94402;172;20240208;11.3;3;7.1;3.7;9.3;11;0.6;2561
100095;50.48832;4.94402;172;20240209;12.1;9.2;10.6;6.4;10.47;4;1.15;3480
100095;50.48832;4.94402;172;20240210;11.7;8.7;10.2;3.4;10.54;4;0.81;3328
100095;50.48832;4.94402;172;20240211;10.1;6.5;8.3;3.9;9.57;3;0.69;4038
100095;50.48832;4.94402;172;20240212;9;6;7.5;4;8.3;1;0.89;5126
100095;50.48832;4.94402;172;20240213;8.8;2.4;5.6;4.9;7.37;0;0.93;5732
100095;50.48832;4.94402;172;20240214;11.5;7.1;9.3;6.1;10.84;2;0.64;2702
100095;50.48832;4.94402;172;20240215;15.8;11.2;13.5;5.2;10.84;0;1.83;4723
100095;50.48832;4.94402;172;20240216;13.4;12.2;12.8;5.5;10.61;1;1.7;3497
100095;50.48832;4.94402;172;20240217;12.7;6.7;9.7;3.9;9.11;0;1.21;5539
100095;50.48832;4.94402;172;20240218;9.7;7.2;8.4;5.5;9.01;6;1.03;3708
100095;50.48832;4.94402;172;20240219;10;7.9;9;4.1;9.94;2;0.81;3756
100095;50.48832;4.94402;172;20240220;9.7;4.7;7.2;4.8;8.66;0;0.88;5407
100095;50.48832;4.94402;172;20240221;9;6.7;7.9;6.6;8.97;9;0.99;3024
100095;50.48832;4.94402;172;20240222;12.1;7.7;9.9;7.5;10.17;10;1.21;3822
100095;50.48832;4.94402;172;20240223;8;3.7;5.9;6.8;6.77;0;1.39;5457
100095;50.48832;4.94402;172;20240224;6.5;3.2;4.8;5.3;6.8;2;1.02;4937
100095;50.48832;4.94402;172;20240225;9;3.7;6.4;5.1;7.37;2;1.21;5830
100095;50.48832;4.94402;172;20240226;5.4;4.7;5.1;6.3;7.94;4;0.61;2641
100095;50.48832;4.94402;172;20240227;5.2;3.4;4.3;3.1;7.47;0;0.6;3811
100095;50.48832;4.94402;172;20240228;8.5;-0.4;4.1;2.6;6.87;0;0.83;7006
100095;50.48832;4.94402;172;20240229;9.7;4.5;7.9;6.3;8.85;1;0.76;1760
100095;50.48832;4.94402;172;20240301;8.9;4.6;6.8;6.4;8.04;0;1.16;6368
100095;50.48832;4.94402;172;20240302;11.7;4.8;8.2;5.5;7.77;1;1.71;8700
100095;50.48832;4.94402;172;20240303;11;7.9;9.5;3;8.67;0;1.29;4493
100095;50.48832;4.94402;172;20240304;10.6;4.4;7.5;2.5;7.34;0;1.31;10283
100095;50.48832;4.94402;172;20240305;8.8;5.1;7;2.6;7.64;1;1.08;5596
100095;50.48832;4.94402;172;20240306;10.6;2;6.3;2;7.14;0;1.19;10251
100095;50.48832;4.94402;172;20240307;9.5;1.7;5.6;2.9;6.9;0;1.28;11787
100095;50.48832;4.94402;172;20240308;12.7;0.9;6.8;4.4;5.87;0;2.18;13831
100095;50.48832;4.94402;172;20240309;13.6;5.7;9.7;4.3;6.9;0;2.3;8685
100095;50.48832;4.94402;172;20240310;12;6.8;9.4;2.6;8.17;2;1.4;5738
100095;50.48832;4.94402;172;20240311;8;6.6;7.3;4.3;9.44;15;0.64;3029
100095;50.48832;4.94402;172;20240312;9.2;5.5;7.4;4.6;9.4;13;0.79;5412
100095;50.48832;4.94402;172;20240313;12.3;7.9;10.1;4.9;10.94;1;1;5569
100095;50.48832;4.94402;172;20240314;17.5;7.3;12.4;4;9.67;0;2.35;12130
100095;50.48832;4.94402;172;20240315;14.7;11.5;13.1;5.6;10.94;8;2.03;7216
100095;50.48832;4.94402;172;20240316;9.2;7.1;8.2;3.6;9.14;1;1.05;6045
100095;50.48832;4.94402;172;20240317;13.4;5.7;9.6;3.8;9.07;1;1.59;8150
100095;50.48832;4.94402;172;20240318;14.2;9.5;11.8;2.9;10.94;0;1.57;9883
100095;50.48832;4.94402;172;20240319;16.8;7.3;12.1;2.1;9.97;0;1.85;11148
100095;50.48832;4.94402;172;20240320;18.5;7;12.8;2.4;10.07;0;2.07;11191
100094;50.47228;4.59257;155;20240410;14.2;4.9;9.5;3.6;7.65;0;2.84;20521
100094;50.47228;4.59257;155;20240411;13.9;9.3;11.6;4.2;9.95;0;1.97;8374
100094;50.47228;4.59257;155;20240412;20;12.7;16.3;3.4;13.25;0;2.68;12544
100094;50.47228;4.59257;155;20240413;22.9;12.4;17.7;4.3;13.1;0;3.67;15910
100094;50.47228;4.59257;155;20240414;15.4;9;12.2;3.3;9.95;1;2.34;12712
100094;50.47228;4.59257;155;20240415;10.7;5.7;8.2;5.3;7.95;7;2.03;12553
100094;50.47228;4.59257;155;20240416;9.8;3.2;6.5;6.2;7.95;6;1.52;10266
100094;50.47228;4.59257;155;20240417;8.9;3;6;2.7;7.4;3;1.64;13451
100094;50.47228;4.59257;155;20240418;10.8;1.6;6.2;2.9;7.15;1;1.97;15951
100094;50.47228;4.59257;155;20240419;10.5;5.6;8.1;5.8;8.2;5;1.81;9710
100094;50.47228;4.59257;155;20240420;8.6;3.3;5.9;4.1;7.15;1;1.7;12574
100094;50.47228;4.59257;155;20240421;9.2;2.2;5.7;4;6.7;1;2;15989
100094;50.47228;4.59257;155;20240422;10.1;1.2;5.6;2.6;6.4;1;1.93;14255
100094;50.47228;4.59257;155;20240423;10;-1;4.5;2.4;5.95;1;2.22;20137
100094;50.47228;4.59257;155;20240424;8.6;3.5;6;3.8;7.4;3;1.75;14190
100094;50.47228;4.59257;155;20240425;9.5;2.5;6;3.9;6.55;0;1.91;11769
100094;50.47228;4.59257;155;20240426;11.9;6.4;9.1;2.8;7.95;0;2;10692
100094;50.47228;4.59257;155;20240427;16.3;7;11.6;3.8;9.7;1;2.4;11312
100094;50.47228;4.59257;155;20240428;13.6;12.4;13;5.9;9.7;2;2.82;10561
100094;50.47228;4.59257;155;20240429;17.9;6.1;12;3.1;9.8;0;3.13;19778
100094;50.47228;4.59257;155;20240430;21.2;11;16.1;3.2;12.15;6;3.21;15162
100094;50.47228;4.59257;155;20240501;22.7;11.5;17.1;3.1;14.6;1;3.56;20153
100094;50.47228;4.59257;155;20240502;15.8;12.6;14.2;3.9;13.55;7;1.69;7551
100094;50.47228;4.59257;155;20240503;15.2;9.2;12.2;5.9;10.15;3;2.75;14206
100094;50.47228;4.59257;155;20240504;13.8;7.6;10.7;2.7;10.15;5;1.78;9806
100094;50.47228;4.59257;155;20240505;16;8.2;12.1;2.6;11.3;0;2.38;15781
100094;50.47228;4.59257;155;20240506;16.4;11.4;13.9;1.7;12.75;5;2.01;11198
100094;50.47228;4.59257;155;20240507;17.9;9;13.4;2.1;12.24;0;2.41;14440
100094;50.47228;4.59257;155;20240508;13.4;9.9;11.7;2.4;11.14;0;1.72;9237
100094;50.47228;4.59257;155;20240509;18.4;6;12.2;1.7;11.4;0;2.82;19045
100094;50.47228;4.59257;155;20240510;20.4;8.3;14.4;1.9;12.27;0;3.53;22897
100094;50.47228;4.59257;155;20240511;22.9;9.9;16.4;2.7;13.04;0;4.29;25468
100094;50.47228;4.59257;155;20240512;25.8;10.7;18.3;2.4;13.8;1;4.11;19925
100094;50.47228;4.59257;155;20240513;21.5;14.2;17.8;2.8;15.17;0;3.48;18689
100094;50.47228;4.59257;155;20240514;22.6;14.1;18.4;3.4;14.37;4;4.21;21769
100094;50.47228;4.59257;155;20240515;17.7;12.8;15.2;1.6;14.37;5;2.15;11841
100094;50.47228;4.59257;155;20240516;17.5;13.4;15.4;2.1;14.44;6;2.43;14083
100094;50.47228;4.59257;155;20240517;17.3;11.2;14.2;2.6;13.6;17;1.94;10163
100094;50.47228;4.59257;155;20240518;17.9;10.9;14.4;2.8;13.67;6;2.14;11575
100094;50.47228;4.59257;155;20240519;18.4;11.7;15.1;2.3;13.67;1;2.39;12748
100094;50.47228;4.59257;155;20240520;19.6;11.4;15.5;1.9;14.14;1;3.4;21779
100094;50.47228;4.59257;155;20240521;15.7;13.2;14.5;1.5;15.04;7;1.56;8622
100094;50.47228;4.59257;155;20240522;18.4;12.1;15.3;3.2;13.57;0;2.77;15293
100094;50.47228;4.59257;155;20240523;19.8;10.4;15.1;2.6;12.8;0;3.8;24021
100094;50.47228;4.59257;155;20240524;16.6;11.5;14.1;1.5;13.5;7;2.13;12320
100094;50.47228;4.59257;155;20240525;19.4;11.2;15.3;2.9;12.9;0;3.46;20483
100094;50.47228;4.59257;155;20240526;21.2;11.3;16.3;2.4;13.47;5;3.04;14906
100094;50.47228;4.59257;155;20240527;15.3;11.4;13.4;2.1;12.37;1;2.11;11930
100094;50.47228;4.59257;155;20240528;17.1;8.6;12.8;3.5;12.54;5;2.32;14118
100094;50.47228;4.59257;155;20240529;18.5;13.3;15.9;4;14.67;11;2.66;14250
100094;50.47228;4.59257;155;20240530;16.6;10.9;13.7;2.5;12.84;3;2.37;13678
100094;50.47228;4.59257;155;20240531;17.4;11.3;14.4;2.8;13.57;6;2.57;15495
100094;50.47228;4.59257;155;20240601;14.3;12;13.1;3.6;14.37;2;0.93;4638
100094;50.47228;4.59257;155;20240602;15.7;11.3;13.5;3.3;12.57;0;2.37;13892
100094;50.47228;4.59257;155;20240603;16.5;6.5;11.5;1.4;11.2;0;2.48;16154
100094;50.47228;4.59257;155;20240604;21;11.2;16.1;2.7;13.17;1;3.55;19012
100094;50.47228;4.59257;155;20240605;17.6;11.2;14.4;2.7;12.04;0;3.22;18911
100094;50.47228;4.59257;155;20240606;17.8;6.6;12.2;2;10.04;0;3.62;24148
100094;50.47228;4.59257;155;20240607;19.5;6.9;13.2;1.5;10.6;0;4.07;27707
100094;50.47228;4.59257;155;20240608;19;8.5;13.7;2.7;10.97;0;4.12;26317
100094;50.47228;4.59257;155;20240609;18.7;8.3;13.5;2.1;10.7;0;4.28;29107
100094;50.47228;4.59257;155;20240610;12.9;9.2;11;3.6;10.67;6;2.04;11841
100094;50.47228;4.59257;155;20240611;14.8;6.8;10.8;2.7;9.9;1;3.24;23180
100094;50.47228;4.59257;155;20240612;14.6;5.6;10.1;1.6;9.77;0;2.34;15226
100094;50.47228;4.59257;155;20240613;19.4;6.1;12.7;2.4;10.57;0;3.63;22422
100094;50.47228;4.59257;155;20240614;19.5;12.3;15.9;3.8;13.77;9;2.93;14423
100094;50.47228;4.59257;155;20240615;16.8;11.4;14.1;5;12.57;1;2.94;16717
100094;50.47228;4.59257;155;20240616;19.1;11.7;15.4;3.7;13.5;4;2.91;14926
100094;50.47228;4.59257;155;20240617;20.8;13.7;17.2;2.5;14.8;2;3.4;18002
100094;50.47228;4.59257;155;20240618;20.4;13.9;17.2;2;16.57;23;1.98;8725
100094;50.47228;4.59257;155;20240619;20.6;13.8;17.2;3.1;15.24;0;3.39;18241
100094;50.47228;4.59257;155;20240620;18.9;12.5;15.7;3;14.64;4;2.33;10941
100094;50.47228;4.59257;155;20240621;15.9;15.2;15.6;2.3;15.44;16;1.51;6573
100094;50.47228;4.59257;155;20240622;19.6;12.1;15.8;2.1;14.24;1;2.72;14470
100094;50.47228;4.59257;155;20240623;23.6;11.4;17.5;1.8;14.54;0;4.83;29245
100094;50.47228;4.59257;155;20240624;25.4;12.4;18.9;2;15.64;0;5.03;28605
100094;50.47228;4.59257;155;20240625;27.4;14.4;20.9;2.2;16.77;0;5.5;29320
100094;50.47228;4.59257;155;20240626;28.9;15.6;22.3;1.2;18.34;0;5.34;28602
100094;50.47228;4.59257;155;20240627;28.9;17.5;23.2;2.5;18.44;0;5.27;24312
100094;50.47228;4.59257;155;20240628;21.9;13.4;17.7;3.3;13.37;0;4.94;28016
100094;50.47228;4.59257;155;20240629;24.4;11.3;17.8;2.3;14.54;22;4.01;20631
100094;50.47228;4.59257;155;20240630;20.6;15.2;17.9;2.5;16.54;3;2.91;15350
100094;50.47228;4.59257;155;20240701;17.9;13;15.4;2.1;14.6;1;2.82;17100
100094;50.47228;4.59257;155;20240702;18.4;13.1;15.8;3.1;14.04;1;2.65;13055
100094;50.47228;4.59257;155;20240703;16.4;11.5;14;2.3;12.97;4;2.22;11956
100094;50.47228;4.59257;155;20240704;19.7;13.4;16.5;4.6;13.7;0;3.97;21797
100094;50.47228;4.59257;155;20240705;21.4;11.9;16.7;3.8;13.64;0;3.53;16530
100094;50.47228;4.59257;155;20240706;19.1;16.5;17.8;4.8;13.37;0;4.24;19662
100094;50.47228;4.59257;155;20240707;19.2;9.7;14.4;3.1;11.17;0;3.82;21377
100094;50.47228;4.59257;155;20240708;20.8;10.8;15.8;1.8;13.14;0;2.95;15276
100094;50.47228;4.59257;155;20240709;30.8;14.4;22.6;2.8;16.47;9;5.49;23482
100094;50.47228;4.59257;155;20240710;22.9;16.5;19.7;1.7;19;0;3.6;20300
100094;50.47228;4.59257;155;20240711;22.3;13.7;18;2.5;14.6;3;4.56;26157
100094;50.47228;4.59257;155;20240712;15.8;14;14.9;3.6;14.37;13;1.84;8525
100094;50.47228;4.59257;155;20240713;18.7;9.9;14.3;2.9;12.84;0;2.99;17353
100094;50.47228;4.59257;155;20240714;21.5;12.2;16.8;2.4;13.74;0;4.02;23031
100094;50.47228;4.59257;155;20240715;26.5;11;18.7;1.9;15.44;10;4.31;22999
100094;50.47228;4.59257;155;20240716;19;14.6;16.8;4.1;16.17;4;2.79;15231
100094;50.47228;4.59257;155;20240717;23.7;15.1;19.4;2.4;16.1;0;4.12;21544
100094;50.47228;4.59257;155;20240718;27.5;13.8;20.6;1.4;16.64;1;4.46;23687
100094;50.47228;4.59257;155;20240719;29;16.8;22.9;1.7;18.14;0;4.16;18723
100094;50.47228;4.59257;155;20240720;30.1;17.6;23.8;2.3;19.84;1;4.77;21143
100094;50.47228;4.59257;155;20240721;24;18.8;21.4;2.7;19.74;0;3.06;13413
100094;50.47228;4.59257;155;20240722;23.1;15.2;19.2;3.5;16.3;0;4.05;20894
100094;50.47228;4.59257;155;20240723;20.4;17.4;18.9;3.7;17.2;1;2.96;13873
100094;50.47228;4.59257;155;20240724;22.1;13;17.6;1.8;14.94;0;3.48;19619
100094;50.47228;4.59257;155;20240725;24.9;13;18.9;2.6;15.54;6;3.82;18473
100094;50.47228;4.59257;155;20240726;22;17.2;19.6;2.8;18.14;2;2.95;14437
100094;50.47228;4.59257;155;20240727;19.9;15.1;17.5;1.5;16.47;1;2.07;9953
100094;50.47228;4.59257;155;20240728;24.2;11.3;17.7;1.8;13.8;0;4.49;26700
100094;50.47228;4.59257;155;20240729;27.9;11.8;19.9;2.1;15.04;0;5.05;27187
100094;50.47228;4.59257;155;20240730;31;16.3;23.7;1.6;17.57;1;5.29;26162
100094;50.47228;4.59257;155;20240731;28.1;20;24.1;2.4;20.7;4;3.94;16593
100094;50.47228;4.59257;155;20240801;24.7;19.7;22.2;1.8;21.7;8;2.89;13608
100094;50.47228;4.59257;155;20240802;26;16.7;21.4;1.7;20.44;2;3.58;18845
100094;50.47228;4.59257;155;20240803;22;15.3;18.6;3;18.07;2;2.34;10767
100094;50.47228;4.59257;155;20240804;21.3;17;19.1;2;17.7;0;2.76;14178
100094;50.47228;4.59257;155;20240805;25.5;15.1;20.3;2;16;0;4.56;25427
100094;50.47228;4.59257;155;20240806;28;15.1;21.5;2.4;17.27;0;4.74;23915
100094;50.47228;4.59257;155;20240807;22.5;16.3;19.4;2.7;16.47;4;3.28;15992
100094;50.47228;4.59257;155;20240808;23.7;15.3;19.5;2.7;14.84;0;4.04;20090
100094;50.47228;4.59257;155;20240809;24.1;19.9;22;4.1;17.24;0;3.98;14338
100094;50.47228;4.59257;155;20240810;25.2;13.5;19.4;2.7;15.67;0;4.19;22210
100094;50.47228;4.59257;155;20240811;28.1;14.1;21.1;2;17.17;0;4.56;24378
100094;50.47228;4.59257;155;20240812;34;16.4;25.2;2.3;20.5;0;5.47;24398
100094;50.47228;4.59257;155;20240813;30;19.7;24.9;1.9;22.6;7;4.46;21556
100094;50.47228;4.59257;155;20240814;23.8;16.1;19.9;1.9;17.74;1;2.72;12920
100094;50.47228;4.59257;155;20240815;25.8;15.3;20.5;2.4;17.2;0;4;20771
100094;50.47228;4.59257;155;20240816;21.8;16.4;19.1;2.5;17.8;3;2.26;9894
100094;50.47228;4.59257;155;20240817;23.9;18.3;21.1;2.1;20.27;3;2.63;12597
100094;50.47228;4.59257;155;20240818;22;15.8;18.9;2.3;16.94;0;2.86;15043
100094;50.47228;4.59257;155;20240819;22.3;10.3;16.3;1.6;13.6;0;3.33;21115
100094;50.47228;4.59257;155;20240820;24.4;13.4;18.9;3.3;15.54;2;3.7;18289
100094;50.47228;4.59257;155;20240821;19.7;11.9;15.8;3.6;13.24;0;3.25;18927
100094;50.47228;4.59257;155;20240822;23.4;11.7;17.6;3.5;13.17;0;4.03;20804
100094;50.47228;4.59257;155;20240823;21.1;17;19;4.2;16.44;5;2.71;10258
100094;50.47228;4.59257;155;20240824;28.6;16.3;22.5;3.9;18.87;4;4.27;17858
100094;50.47228;4.59257;155;20240825;20.2;11.8;16;3.5;13.24;0;3.37;19888
100094;50.47228;4.59257;155;20240826;21;11.2;16.1;1.9;12.77;0;2.99;17423
100094;50.47228;4.59257;155;20240827;25.6;9.6;17.6;1.4;13.54;0;3.43;20860
100094;50.47228;4.59257;155;20240828;29.4;12.7;21;2;16.4;0;4.19;21676
100094;50.47228;4.59257;155;20240829;24.7;18.1;21.4;2.5;17.2;0;3.56;17025
100094;50.47228;4.59257;155;20240830;20.2;15.7;18;3.5;16.2;6;2.26;9377
100094;50.47228;4.59257;155;20240831;24.4;14.4;19.4;3.9;17.2;0;3.51;18763
100094;50.47228;4.59257;155;20240901;31.4;16.8;24.1;2.5;19.84;0;4.16;18062
100094;50.47228;4.59257;155;20240902;26.1;17.4;21.8;1.8;19.57;0;3.06;15650
100094;50.47228;4.59257;155;20240903;24.2;17.2;20.7;2.1;18.84;2;2.18;8926
100094;50.47228;4.59257;155;20240904;19.6;15.4;17.5;1.6;17.27;1;1.56;7684
100094;50.47228;4.59257;155;20240905;22;15.6;18.8;3.6;18.37;6;1.77;6534
100094;50.47228;4.59257;155;20240906;17.7;16.2;16.9;2.3;17.67;3;1.08;4610
100094;50.47228;4.59257;155;20240907;26.2;12.6;19.4;1.7;17.64;21;2.54;13349
100094;50.47228;4.59257;155;20240908;20.3;14.4;17.4;3.8;15.97;4;2.64;15701
100094;50.47228;4.59257;155;20240909;18.7;14;16.4;4.5;15.84;9;1.73;7380
100094;50.47228;4.59257;155;20240910;16.1;12.2;14.2;4.6;14.24;9;1.58;9547
100094;50.47228;4.59257;155;20240911;15.1;9.9;12.5;4.6;11.37;4;2.26;15345
101094;50.69632;4.56668;130;20240606;17.7;7.9;12.8;1.4;10.9;0;3.22;21275
101094;50.69632;4.56668;130;20240607;19.3;7.7;13.5;1.4;11.65;0;3.82;25925
101094;50.69632;4.56668;130;20240608;18.6;8.9;13.8;2.2;12.22;0;3.57;23675
101094;50.69632;4.56668;130;20240609;18.6;8.7;13.7;1.8;11.55;0;4.13;28800
101094;50.69632;4.56668;130;20240610;12.5;10.1;11.3;2.9;11.52;7;1.75;10450
101094;50.69632;4.56668;130;20240611;14.4;7.1;10.7;2;10.52;3;2.72;19575
101094;50.69632;4.56668;130;20240612;14.5;6.7;10.6;1.5;10.47;0;2.24;14650
101094;50.69632;4.56668;130;20240613;19;7.4;13.2;2.1;11.75;0;3.4;22000
101094;50.69632;4.56668;130;20240614;19.1;12.4;15.8;3;14.3;4;2.46;11675
101094;50.69632;4.56668;130;20240615;16.7;11.1;13.9;4.5;13.25;2;2.67;16850
101094;50.69632;4.56668;130;20240616;18.4;12;15.2;2.9;14.32;6;2.52;14025
101094;50.69632;4.56668;130;20240617;20.6;13.5;17.1;1.7;15.67;2;3.15;18100
101094;50.69632;4.56668;130;20240618;19;14.6;16.8;1.8;17.07;22;1.54;6825
101094;50.69632;4.56668;130;20240619;20.3;13.9;17.1;2.3;15.6;0;3.31;18900
101094;50.69632;4.56668;130;20240620;18.8;12.3;15.5;2.2;15.35;6;2.13;10925
101094;50.69632;4.56668;130;20240621;15.9;15.4;15.7;1.7;15.97;11;1.29;5175
101094;50.69632;4.56668;130;20240622;19.1;12.8;15.9;1.8;15.07;1;2.46;13350
101094;50.69632;4.56668;130;20240623;23.2;11.8;17.5;1.6;15.57;0;4.47;27175
101094;50.69632;4.56668;130;20240624;25.5;13.3;19.4;1.4;16.72;0;4.77;27400
101094;50.69632;4.56668;130;20240625;27.7;15.3;21.5;1.7;18.07;0;5.34;28450
101094;50.69632;4.56668;130;20240626;28.8;16.7;22.7;1.1;19.5;0;5.05;26425
101094;50.69632;4.56668;130;20240627;28.7;18.5;23.6;2.2;19.42;0;5.06;24025
101094;50.69632;4.56668;130;20240628;21.8;13.6;17.7;2.5;14.37;0;4.65;27550
101094;50.69632;4.56668;130;20240629;24.8;11.8;18.3;1.6;15.47;19;3.87;20950
101094;50.69632;4.56668;130;20240630;20.9;15.4;18.1;2.1;16.87;3;2.91;15300
101094;50.69632;4.56668;130;20240701;17.8;12.7;15.3;2.2;14.17;1;2.75;16125
101094;50.69632;4.56668;130;20240702;18.3;13.3;15.8;2.6;14.77;1;2.54;14000
101094;50.69632;4.56668;130;20240703;16.4;11.8;14.1;2;13.72;4;1.91;10125
101094;50.69632;4.56668;130;20240704;19.5;13.6;16.6;3.7;14.6;0;3.88;24000
101094;50.69632;4.56668;130;20240705;20.6;12.4;16.5;3.1;14.7;0;2.74;13025
101094;50.69632;4.56668;130;20240706;18.9;16.5;17.7;3.8;14.67;0;3.89;21000
101094;50.69632;4.56668;130;20240707;18.9;9.8;14.4;2.9;12.5;0;3.5;21825
101094;50.69632;4.56668;130;20240708;20.6;11.7;16.2;1.5;14.42;0;2.89;16200
101094;50.69632;4.56668;130;20240709;29.8;14;21.9;2.1;17.95;17;4.6;21425
101094;50.69632;4.56668;130;20240710;22.8;16.8;19.8;2.4;19;2;3.55;19700
101094;50.69632;4.56668;130;20240711;21.9;14.3;18.1;2.2;15.57;6;4.58;28075
101094;50.69632;4.56668;130;20240712;15.6;13.9;14.8;3;14.97;16;1.52;7325
101094;50.69632;4.56668;130;20240713;18.4;10.6;14.5;2.3;13.55;0;2.89;18050
101094;50.69632;4.56668;130;20240714;21.2;12.2;16.7;1.9;14.7;0;3.73;22625
101094;50.69632;4.56668;130;20240715;25.7;12.7;19.2;1.8;16.47;1;4.12;22550
101094;50.69632;4.56668;130;20240716;18.8;15;16.9;3.6;16.82;3;2.72;16525
101094;50.69632;4.56668;130;20240717;23.4;15.4;19.4;2.1;17.17;0;4.02;22550
101094;50.69632;4.56668;130;20240718;27.2;14.1;20.7;1.2;18.02;3;4.5;24925
101094;50.69632;4.56668;130;20240719;28.6;18.1;23.4;1.6;19.67;0;4.14;19400
101094;50.69632;4.56668;130;20240720;29.5;17.7;23.6;1.8;21.27;0;4.7;23000
101094;50.69632;4.56668;130;20240721;23.7;19.3;21.5;2.2;20.9;0;2.65;11825
101094;50.69632;4.56668;130;20240722;23;15.7;19.3;2.6;17.62;1;4.02;22950
101094;50.69632;4.56668;130;20240723;20.3;17.7;19;3.1;18.15;2;2.76;14200
101094;50.69632;4.56668;130;20240724;22.1;13.6;17.9;1.6;15.95;0;3.58;21175
101094;50.69632;4.56668;130;20240725;24.5;14.2;19.4;2.2;17.02;4;3.47;17675
101094;50.69632;4.56668;130;20240726;22.1;17.5;19.8;2.3;18.9;2;3.13;16575
101094;50.69632;4.56668;130;20240727;20.2;15.5;17.9;1.3;16.9;0;2.16;10675
101094;50.69632;4.56668;130;20240728;23.8;12.2;18;1.6;15.25;0;4.32;26350
101094;50.69632;4.56668;130;20240729;27.8;12.5;20.2;1.6;16.47;0;4.86;27350
101094;50.69632;4.56668;130;20240730;30.6;17;23.8;1.5;19.25;1;5.15;25925
101094;50.69632;4.56668;130;20240731;27.2;19.6;23.4;2.1;21.85;8;3.66;16900
101094;50.69632;4.56668;130;20240801;24.2;19.5;21.9;1.4;22.55;8;2.47;12000
101094;50.69632;4.56668;130;20240802;25.4;17;21.2;1.3;21.37;5;3.36;18300
101094;50.69632;4.56668;130;20240803;21.8;15.5;18.6;2.3;19.15;4;2.07;10525
101094;50.69632;4.56668;130;20240804;20.9;16.9;18.9;1.4;18.47;1;2.64;14700
101094;50.69632;4.56668;130;20240805;25.1;15.1;20.1;1.7;17.35;0;4.38;25775
101094;50.69632;4.56668;130;20240806;27.7;16.3;22;2;18.6;1;4.61;24325
101094;50.69632;4.56668;130;20240807;22.2;16.5;19.4;2;17.67;4;3;15950
101094;50.69632;4.56668;130;20240808;23.2;15.3;19.3;2.2;16.32;0;3.7;20425
101094;50.69632;4.56668;130;20240809;24;20.3;22.1;3.3;18.6;0;3.5;13900
101094;50.69632;4.56668;130;20240810;25;13.9;19.5;2.3;16.9;0;4.14;23825
101094;50.69632;4.56668;130;20240811;27.2;15.3;21.3;1.6;18.5;0;4.38;24600
101094;50.69632;4.56668;130;20240812;33.8;16.4;25.1;1.8;21.87;0;5.07;23900
101094;50.69632;4.56668;130;20240813;29.5;20.2;24.8;1.6;24.12;6;4.3;22125
101094;50.69632;4.56668;130;20240814;23.7;16.6;20.1;1.7;19.35;3;2.51;12650
101094;50.69632;4.56668;130;20240815;25.3;15.5;20.4;2;18.37;0;3.77;21425
101094;50.69632;4.56668;130;20240816;21.6;16.9;19.3;2.3;18.97;6;1.94;8700
101094;50.69632;4.56668;130;20240817;24;17.7;20.8;1.7;20.75;1;2.87;15750
101094;50.69632;4.56668;130;20240818;21.9;16.1;19;2;17.82;0;2.91;16750
101094;50.69632;4.56668;130;20240819;22.1;11.1;16.6;1.3;14.77;0;3.17;20650
101094;50.69632;4.56668;130;20240820;23.9;13.7;18.8;2.6;16.67;8;3.11;16450
101094;50.69632;4.56668;130;20240821;19.3;12;15.7;2.7;14.3;0;3.01;20450
101094;50.69632;4.56668;130;20240822;23.1;12.1;17.6;3.3;14.45;0;3.68;20425
101094;50.69632;4.56668;130;20240823;21.4;17.3;19.4;3.8;17.45;5;2.59;10250
101094;50.69632;4.56668;130;20240824;28.2;15.9;22.1;3.1;19.6;6;3.75;16925
101094;50.69632;4.56668;130;20240825;20.1;12.3;16.2;2.7;14.4;0;3.07;20150
101094;50.69632;4.56668;130;20240826;20.7;11.8;16.2;1.8;13.97;0;2.8;17150
101094;50.69632;4.56668;130;20240827;25.3;11.7;18.5;1.3;15.15;0;3.46;21575
101094;50.69632;4.56668;130;20240828;29.3;14;21.6;1.7;18.05;0;3.95;21575
101094;50.69632;4.56668;130;20240829;24.3;18.3;21.3;1.8;18.5;0;3.21;17375
101094;50.69632;4.56668;130;20240830;20;15.6;17.8;2.4;17.12;6;1.95;9850
101094;50.69632;4.56668;130;20240831;23.8;14.2;19;3.3;17.65;0;3.19;18275
101094;50.69632;4.56668;130;20240901;31.6;16.5;24;2.3;21.17;0;4.01;18375
101094;50.69632;4.56668;130;20240902;25.9;18;22;1.5;20.8;0;2.81;15100
101094;50.69632;4.56668;130;20240903;23.5;17.4;20.5;1.7;19.85;2;1.9;8800
101094;50.69632;4.56668;130;20240904;19.4;15.5;17.5;1.2;18.12;0;1.38;7175
101094;50.69632;4.56668;130;20240905;21.7;15.5;18.6;2.7;19.05;5;1.42;5525
101094;50.69632;4.56668;130;20240906;17.7;16.4;17.1;1.9;18.57;2;0.83;3025
101094;50.69632;4.56668;130;20240907;25.5;13.2;19.4;1.5;18.87;13;2.32;12925
101094;50.69632;4.56668;130;20240908;20.4;14.8;17.6;3.3;17.02;3;2.53;16825
101094;50.69632;4.56668;130;20240909;18.6;14;16.3;3.5;16.45;24;1.51;7550
101094;50.69632;4.56668;130;20240910;16.1;12.3;14.2;3.7;14.82;9;1.32;8400
101094;50.69632;4.56668;130;20240911;15;9.9;12.4;3.7;12.07;3;2.06;16275
101094;50.69632;4.56668;130;20240912;12.7;6.8;9.8;2.1;10.32;2;1.36;9750
101094;50.69632;4.56668;130;20240913;15.2;5.4;10.3;1.4;10.7;2;1.56;12125
101094;50.69632;4.56668;130;20240914;15.6;6.9;11.2;1;10.72;0;1.75;14450
101094;50.69632;4.56668;130;20240915;17.9;7.1;12.5;1.3;11.67;0;2.09;17400
101094;50.69632;4.56668;130;20240916;18.4;11;14.7;1.7;14.25;5;1.48;8650
101094;50.69632;4.56668;130;20240917;18.6;12.4;15.5;3.6;14.8;2;2.08;13750
101094;50.69632;4.56668;130;20240918;21.1;13.2;17.2;3.6;16.22;0;2.15;12050
101094;50.69632;4.56668;130;20240919;23;13;18;2.9;16.6;0;2.45;16300
101094;50.69632;4.56668;130;20240920;22;12.7;17.4;2.5;16;1;2.33;16400
101094;50.69632;4.56668;130;20240921;24.1;11.2;17.7;1.3;16;0;2.28;16300
101094;50.69632;4.56668;130;20240922;20.4;14.5;17.5;1.8;16.8;0;1.33;5500
101094;50.69632;4.56668;130;20240923;19.2;15;17.1;2.6;16;0;1.83;11700
101094;50.69632;4.56668;130;20240924;16.6;12.4;14.5;2.3;15;1;1.15;7200
101094;50.69632;4.56668;130;20240925;16.6;13.1;14.8;2.6;14.9;10;1.12;5500
101094;50.69632;4.56668;130;20240926;18.8;13.3;16;3.7;15.7;3;1.42;7200
101094;50.69632;4.56668;130;20240927;14.3;11.5;12.9;4.5;12.5;3;1.43;7900
101094;50.69632;4.56668;130;20240928;13.1;8.2;10.7;2.8;10.8;1;1.34;12100
101094;50.69632;4.56668;130;20240929;13.6;4.6;9.1;2.3;9.8;0;1.25;11100
101094;50.69632;4.56668;130;20240930;16.5;9.1;12.8;3.7;12.9;2;1.13;5200
101094;50.69632;4.56668;130;20241001;15.8;12.4;14.1;3.4;13.1;0;1.41;6800
101094;50.69632;4.56668;130;20241002;15.4;8.1;11.7;1.9;12.1;0;1.14;9100
101094;50.69632;4.56668;130;20241003;12.9;7.2;10;3;10.8;0;1.1;10200
101094;50.69632;4.56668;130;20241004;14.4;5.8;10.1;1.1;10.6;1;1.2;13700
101094;50.69632;4.56668;130;20241005;14.9;4.6;9.7;1.3;10.2;0;1.26;14200
101094;50.69632;4.56668;130;20241006;15.3;5.2;10.2;2.6;11.3;0;1.09;10200
101094;50.69632;4.56668;130;20241007;17.6;12.8;15.2;2.3;15.7;7;1.15;9600
101094;50.69632;4.56668;130;20241008;17.6;14.3;16;3.5;15.7;0;1.35;8750
101094;50.69632;4.56668;130;20241009;14.3;13.2;13.7;3.3;14.37;35;0.81;2650
101094;50.69632;4.56668;130;20241010;13.5;11.9;12.7;2.8;13.1;2;0.94;5775
101094;50.69632;4.56668;130;20241011;12.4;7.4;9.9;1.6;10.07;0;0.99;9675
101094;50.69632;4.56668;130;20241012;11.9;4.9;8.4;2.5;10.3;2;0.66;3775
101094;50.69632;4.56668;130;20241013;11;7.2;9.1;2.7;10.2;0;0.86;7900
101094;50.69632;4.56668;130;20241014;9.1;5.7;7.4;1.8;9.85;3;0.51;2450
101094;50.69632;4.56668;130;20241015;16.4;7.7;12.1;2.2;12.57;1;0.91;6175
101094;50.69632;4.56668;130;20241016;21.6;11.4;16.5;3.6;15.65;1;1.56;6075
101094;50.69632;4.56668;130;20241017;19.2;16.6;17.9;2.7;17.55;3;1.12;4425
101094;50.69632;4.56668;130;20241018;15.7;14.1;14.9;1.6;16.42;2;0.58;2075
101094;50.69632;4.56668;130;20241019;14.9;12.2;13.5;2.7;14.62;0;0.69;4575
101094;50.69632;4.56668;130;20241020;16.7;13.2;14.9;3.7;15.27;1;0.93;5425
101094;50.69632;4.56668;130;20241021;13.3;13.2;13.3;2.6;14.97;13;0.47;1775
101094;50.69632;4.56668;130;20241022;15.1;9.3;12.2;2.3;12.5;0;0.83;9100
101094;50.69632;4.56668;130;20241023;16.2;8.5;12.3;1.5;11.9;0;0.84;9475
101094;50.69632;4.56668;130;20241024;15.5;4.3;9.9;2.1;11.2;0;0.74;9475
101094;50.69632;4.56668;130;20241025;19.3;11.2;15.3;2.6;14.72;0;1.06;7850
101094;50.69632;4.56668;130;20241026;21.2;11.2;16.2;1.5;15.12;1;0.98;8400
101094;50.69632;4.56668;130;20241027;15.8;13.1;14.5;1.2;14.72;1;0.66;3400
101094;50.69632;4.56668;130;20241028;15.6;10.5;13;2.4;13.92;0;0.59;5075
101094;50.69632;4.56668;130;20241029;14.8;11.4;13.1;2.8;13.57;1;0.67;4800
101094;50.69632;4.56668;130;20241030;13.9;11.4;12.6;1.2;13.77;0;0.51;3050
101094;50.69632;4.56668;130;20241031;15.9;11.2;13.5;1;12.97;0;0.59;7375
101094;50.69632;4.56668;130;20241101;9.9;8.4;9.1;1.7;11.65;0;0.37;1525
101094;50.69632;4.56668;130;20241102;12.1;9.7;10.9;1.8;12.15;0;0.51;1800
101094;50.69632;4.56668;130;20241103;11.4;8.7;10;1.4;10.75;0;0.54;3375
101094;50.69632;4.56668;130;20241104;9.9;2.5;6.2;1.3;8.75;0;0.35;6250
101094;50.69632;4.56668;130;20241105;8.3;2.4;5.4;1.4;9.05;0;0.27;3325
101094;50.69632;4.56668;130;20241106;9;7.9;8.4;1.2;10.77;0;0.39;1300
101094;50.69632;4.56668;130;20241107;8;6.8;7.4;2.3;9.77;0;0.41;1525
101094;50.69632;4.56668;130;20241108;5.3;4.4;4.8;1.9;8.4;0;0.35;875
101094;50.69632;4.56668;130;20241109;8.7;5.3;7;1.1;9.87;0;0.36;1150
99094;50.24822;4.61816;248;20240626;28.6;15.1;21.8;1;18.17;0;4.84;25959
99094;50.24822;4.61816;248;20240627;29.1;16.8;22.9;2.1;18.43;0;4.87;22831
99094;50.24822;4.61816;248;20240628;21.9;11.6;16.8;2.3;13.43;0;4.2;24115
99094;50.24822;4.61816;248;20240629;24.2;10.4;17.3;1.5;14.23;11;3.65;19914
99094;50.24822;4.61816;248;20240630;20.2;14.3;17.3;2.1;16.57;4;2.44;12655
99094;50.24822;4.61816;248;20240701;17.6;12.4;15;2.1;13.6;1;2.69;15329
99094;50.24822;4.61816;248;20240702;17.3;12;14.6;2.2;13.9;3;1.86;8771
99094;50.24822;4.61816;248;20240703;15.5;10.2;12.8;1.9;13.13;4;1.72;9700
99094;50.24822;4.61816;248;20240704;19.6;12.5;16;4.3;13.57;0;3.75;21359
99094;50.24822;4.61816;248;20240705;22.1;10.3;16.2;3.9;13.4;0;3.4;15526
99094;50.24822;4.61816;248;20240706;18.8;14.9;16.9;4.2;13.5;0;3.65;18347
99094;50.24822;4.61816;248;20240707;18.7;7.5;13.1;2.6;11.07;0;3.13;18278
99094;50.24822;4.61816;248;20240708;20.8;10.6;15.7;1.4;13.03;0;3.18;18176
99094;50.24822;4.61816;248;20240709;30;14.1;22.1;2.3;16.63;6;5.07;22850
99094;50.24822;4.61816;248;20240710;23.2;16.3;19.8;2.1;18.64;0;3.67;20217
99094;50.24822;4.61816;248;20240711;22.8;13.7;18.2;1.8;15.2;6;3.93;21760
99094;50.24822;4.61816;248;20240712;15.5;13.6;14.5;2.6;14.33;8;1.47;6299
99094;50.24822;4.61816;248;20240713;18.6;8.9;13.7;2.2;12.7;0;2.85;17575
99094;50.24822;4.61816;248;20240714;21.4;10.4;15.9;1.8;13.63;0;3.53;21107
99094;50.24822;4.61816;248;20240715;25.3;10.3;17.8;1.8;15.73;5;3.91;22001
99094;50.24822;4.61816;248;20240716;19.3;13.8;16.6;3.8;16.47;4;2.55;15142
99094;50.24822;4.61816;248;20240717;23.7;13.9;18.8;1.9;16.1;0;3.71;19995
99094;50.24822;4.61816;248;20240718;26.9;12.8;19.9;1;16.43;0;4.29;24036
99094;50.24822;4.61816;248;20240719;28.5;15.7;22.1;1.2;18.03;0;4.18;21046
99094;50.24822;4.61816;248;20240720;29.3;17.1;23.2;1.9;20;2;4.63;22328
99094;50.24822;4.61816;248;20240721;24;17.8;20.9;2.7;19.77;0;2.76;11952
99094;50.24822;4.61816;248;20240722;22.2;14.6;18.4;3;16.23;1;3.79;21152
99094;50.24822;4.61816;248;20240723;20.5;16.1;18.3;3.4;17;2;2.76;13600
99094;50.24822;4.61816;248;20240724;22;13.1;17.6;1.4;15.13;0;3.26;18465
99094;50.24822;4.61816;248;20240725;24.3;12.3;18.3;1.9;15.57;5;3.63;19707
99094;50.24822;4.61816;248;20240726;22.3;17;19.6;2.1;18.93;0;2.78;14214
99094;50.24822;4.61816;248;20240727;18.7;15.3;17;1.3;17.63;1;1.47;6844
99094;50.24822;4.61816;248;20240728;23.2;10.7;17;1.3;14.13;1;4;24488
99094;50.24822;4.61816;248;20240729;26.8;11.4;19.1;1.6;15.37;0;4.66;26714
99094;50.24822;4.61816;248;20240730;31.3;15.1;23.2;1.2;18.63;1;4.9;25381
99094;50.24822;4.61816;248;20240731;28.3;19.3;23.8;1.7;21.57;13;3.71;17115
99094;50.24822;4.61816;248;20240801;24.8;19.3;22.1;1.6;22.27;7;2.81;13859
99094;50.24822;4.61816;248;20240802;24.8;16.8;20.8;1.3;21.03;7;2.78;14446
99094;50.24822;4.61816;248;20240803;21.9;14.4;18.2;2.3;17.8;2;2.23;11028
99094;50.24822;4.61816;248;20240804;21.4;16.6;19;1.8;17.7;0;2.74;14442
99094;50.24822;4.61816;248;20240805;25.5;13.9;19.7;1.5;16.43;0;4.22;24275
99094;50.24822;4.61816;248;20240806;26.9;14.1;20.5;1.9;17.23;0;4.24;22915
99094;50.24822;4.61816;248;20240807;22.1;16.5;19.3;1.7;17.03;3;2.77;13913
99094;50.24822;4.61816;248;20240808;23;13.9;18.5;2.1;15.2;0;3.55;19380
99094;50.24822;4.61816;248;20240809;23.6;17.5;20.6;3.6;17.6;0;3.35;14325
99094;50.24822;4.61816;248;20240810;25.1;12.4;18.7;1.9;15.47;0;3.9;21925
99094;50.24822;4.61816;248;20240811;27.8;13.3;20.5;1.3;17.4;0;4.07;22735
99094;50.24822;4.61816;248;20240812;32.4;17;24.7;1.9;21.3;0;4.91;23540
99094;50.24822;4.61816;248;20240813;31;19.2;25.1;1.6;23.13;7;4.35;21290
99094;50.24822;4.61816;248;20240814;23.1;16;19.6;1.4;18;0;2.24;10290
99094;50.24822;4.61816;248;20240815;25.5;13.9;19.7;1.8;17.7;0;3.33;17963
99094;50.24822;4.61816;248;20240816;23.1;14.6;18.9;2.2;17.87;2;2.5;12498
99094;50.24822;4.61816;248;20240817;22.2;18;20.1;1.6;20.4;13;1.84;8481
99094;50.24822;4.61816;248;20240818;21.2;15.9;18.5;1.8;17.23;0;2.67;14791
99094;50.24822;4.61816;248;20240819;21.6;9.5;15.5;1.1;13.8;0;3.1;20916
99094;50.24822;4.61816;248;20240820;23.3;12.2;17.8;2.7;15.6;1;3.31;18884
99094;50.24822;4.61816;248;20240821;19.1;11.1;15.1;2.6;13.57;0;2.89;18588
99094;50.24822;4.61816;248;20240822;21.9;10.6;16.2;3.3;13.53;0;3.43;20080
99094;50.24822;4.61816;248;20240823;20.4;15.2;17.8;4.6;16.83;4;2.22;9584
99094;50.24822;4.61816;248;20240824;27.7;17.8;22.8;3.9;19.47;5;4.18;18061
99094;50.24822;4.61816;248;20240825;19.1;10.8;15;3;13.2;0;2.81;17544
99094;50.24822;4.61816;248;20240826;20.8;9.9;15.4;1.4;12.83;0;2.69;17023
99094;50.24822;4.61816;248;20240827;25.1;9.2;17.1;1.1;13.7;0;3.19;19744
99094;50.24822;4.61816;248;20240828;28.3;12.2;20.2;2.1;16.53;0;3.95;21400
99094;50.24822;4.61816;248;20240829;26.1;17.4;21.8;1.9;17.87;0;3.28;15960
99094;50.24822;4.61816;248;20240830;20.3;15.7;18;2.6;16.77;3;1.96;8887
99094;50.24822;4.61816;248;20240831;25.8;14.3;20;2.6;18.17;0;3.3;17878
99094;50.24822;4.61816;248;20240901;30.2;17.9;24;1.6;21.6;0;3.73;18933
99094;50.24822;4.61816;248;20240902;25.3;16;20.7;1;20.33;0;2.52;14333
99094;50.24822;4.61816;248;20240903;23.9;16.5;20.2;1.6;19.07;3;2.04;9570
99094;50.24822;4.61816;248;20240904;18.8;15.5;17.2;1;17.47;1;1.21;5498
99094;50.24822;4.61816;248;20240905;21.8;14.7;18.2;2;18.53;9;1.55;7100
99094;50.24822;4.61816;248;20240906;17.2;14.5;15.9;1.9;17;2;0.92;3766
99094;50.24822;4.61816;248;20240907;25.2;12.3;18.7;1.6;17.6;15;2.42;13497
99094;50.24822;4.61816;248;20240908;19.6;13.4;16.5;3.7;16;6;2.29;14801
99094;50.24822;4.61816;248;20240909;18.2;13.5;15.9;3.6;15.53;6;1.65;8341
99094;50.24822;4.61816;248;20240910;13.7;10.9;12.3;4.2;13.27;9;1.24;8855
99094;50.24822;4.61816;248;20240911;12.5;7.8;10.2;3.9;10.27;5;1.89;14497
99094;50.24822;4.61816;248;20240912;10.2;3;6.6;2.2;8.07;2;1.51;13260
99094;50.24822;4.61816;248;20240913;11.4;1.2;6.3;1.6;8.33;1;1.39;11635
99094;50.24822;4.61816;248;20240914;10.8;1.6;6.2;1.1;8;0;1.5;13964
99094;50.24822;4.61816;248;20240915;12.7;0.5;6.6;1.1;8.2;0;1.68;16403
99094;50.24822;4.61816;248;20240916;12.3;4.9;8.6;1.7;10.63;0;1.2;9191
99094;50.24822;4.61816;248;20240917;12;8;10;3.7;11.43;1;1.25;8389
99094;50.24822;4.61816;248;20240918;16;8.1;12;3;12.4;0;1.88;13480
99094;50.24822;4.61816;248;20240919;17.7;7.9;12.8;2.7;12.4;0;2.22;16154
99094;50.24822;4.61816;248;20240920;17.3;7.4;12.4;1.9;11.73;0;2.02;15576
99094;50.24822;4.61816;248;20240921;19.3;7.8;13.6;1.4;12.3;0;2;14873
99094;50.24822;4.61816;248;20240922;17.6;10.2;13.9;1.9;13.07;1;1.38;6229
99094;50.24822;4.61816;248;20240923;15;11.7;13.4;3.5;13.13;1;1.6;10509
99094;50.24822;4.61816;248;20240924;12.6;9.9;11.2;3.2;12.7;5;0.87;5489
99094;50.24822;4.61816;248;20240925;12.7;10;11.4;3.6;12.87;14;0.79;4594
99094;50.24822;4.61816;248;20240926;15.4;10.6;13;5.7;13.63;5;1.16;6245
99094;50.24822;4.61816;248;20240927;12.6;9;10.8;6.2;10.7;3;1.53;8835
99094;50.24822;4.61816;248;20240928;11.7;5.6;8.7;1.8;9.63;0;1.13;9097
99094;50.24822;4.61816;248;20240929;11.7;1;6.4;1.9;8.07;0;1.17;10498
99094;50.24822;4.61816;248;20240930;14.2;7.6;10.9;5;11.57;2;1.11;5159
99094;50.24822;4.61816;248;20241001;14.3;9.6;12;4.7;11.63;2;1.42;7695
99094;50.24822;4.61816;248;20241002;14.8;6.8;10.8;1.9;11.07;0;1.29;11132
99094;50.24822;4.61816;248;20241003;11.5;7.5;9.5;3.1;10.57;0;1;7596
99094;50.24822;4.61816;248;20241004;13;3.6;8.3;1.4;9.17;0;1.19;12500
99094;50.24822;4.61816;248;20241005;13.7;1.4;7.5;1.1;8.63;0;1.13;12263
99094;50.24822;4.61816;248;20241006;12.4;5.4;8.9;3.2;10.47;0;0.87;6697
99094;50.24822;4.61816;248;20241007;16.5;10.8;13.6;3.7;14.87;7;0.94;7540
99094;50.24822;4.61816;248;20241008;16.2;13;14.6;5;14.6;2;1.25;7572
99094;50.24822;4.61816;248;20241009;14.1;11.9;13;4;13.6;40;0.82;2212
99094;50.24822;4.61816;248;20241010;12.9;10.7;11.8;2.9;12.23;5;0.91;4705
99094;50.24822;4.61816;248;20241011;11.4;6.2;8.8;1.3;9.33;0;0.9;7877
99094;50.24822;4.61816;248;20241012;11.1;2.1;6.6;2.3;9.53;4;0.6;5146
99094;50.24822;4.61816;248;20241013;10.8;5.5;8.2;2.8;9.47;0;0.91;8279
99094;50.24822;4.61816;248;20241014;11.5;4.2;7.8;1.4;10.07;2;0.59;3424
99094;50.24822;4.61816;248;20241015;15.3;9.6;12.4;1.9;13.33;0;0.82;7012
99094;50.24822;4.61816;248;20241016;21;11.8;16.4;4.5;14.97;1;1.78;8810
99094;50.24822;4.61816;248;20241017;18.3;15.6;17;3.2;16.6;4;1.12;4805
99094;50.24822;4.61816;248;20241018;15.7;14.1;14.9;1.5;16.23;5;0.58;2136
99094;50.24822;4.61816;248;20241019;13.4;11.3;12.3;3.1;13.73;0;0.6;4278
99094;50.24822;4.61816;248;20241020;15.4;11.7;13.6;5;14.17;2;0.88;5020
99094;50.24822;4.61816;248;20241021;15;13.4;14.2;3.1;15.23;5;0.64;2543
99094;50.24822;4.61816;248;20241022;15.4;8.5;11.9;1.8;11.6;0;0.89;8017
99094;50.24822;4.61816;248;20241023;15.1;3.7;9.4;1.2;10.03;0;0.74;9301
99094;50.24822;4.61816;248;20241024;15;5.1;10;2.3;10.73;0;0.83;9601
99094;50.24822;4.61816;248;20241025;19.2;11.2;15.2;2.3;14.03;0;1.1;7590
99094;50.24822;4.61816;248;20241026;21.1;9.6;15.4;1.5;13.57;1;1.06;7530
99094;50.24822;4.61816;248;20241027;14.1;11.5;12.8;1.1;13.97;1;0.53;2592
99094;50.24822;4.61816;248;20241028;16.2;11.6;13.9;2.5;13.77;0;0.83;5349
99094;50.24822;4.61816;248;20241029;14.8;10.5;12.7;2.6;12.53;1;0.8;6890
99094;50.24822;4.61816;248;20241030;13.7;10.3;12;1;12.87;0;0.54;3079
99094;50.24822;4.61816;248;20241031;15.2;6.2;10.7;1;10.87;0;0.55;7411
99094;50.24822;4.61816;248;20241101;10.4;7.9;9.2;1.6;11.03;0;0.45;2516
99094;50.24822;4.61816;248;20241102;11.2;9;10.1;1.6;11.33;0;0.53;2153
99094;50.24822;4.61816;248;20241103;10.4;9.1;9.7;1.4;10.1;0;0.61;2994
99094;50.24822;4.61816;248;20241104;13.8;1;7.4;1.2;8.1;0;0.5;8027
99094;50.24822;4.61816;248;20241105;11;1.6;6.3;1.3;8.57;0;0.35;6967
99094;50.24822;4.61816;248;20241106;9;6;7.5;1.1;10.5;0;0.34;1462
99094;50.24822;4.61816;248;20241107;10.4;7.8;9.1;1.8;10.27;0;0.47;3941
99094;50.24822;4.61816;248;20241108;5.3;4;4.6;2;8.23;0;0.35;1072
99094;50.24822;4.61816;248;20241109;9.2;5.1;7.1;1.6;10.03;0;0.32;2324
99094;50.24822;4.61816;248;20241110;10.5;8.6;9.5;1;11.07;0;0.45;1350
99094;50.24822;4.61816;248;20241111;10.3;6.5;8.4;2.3;9.87;3;0.51;2690
99094;50.24822;4.61816;248;20241112;9.3;6.5;7.9;4;9.6;0;0.54;2964
99094;50.24822;4.61816;248;20241113;8;4.7;6.4;2.2;8.6;0;0.38;3815
99094;50.24822;4.61816;248;20241114;9.7;6.4;8.1;1.4;10.13;1;0.4;1711
99094;50.24822;4.61816;248;20241115;7.6;6.7;7.2;1;8.9;0;0.44;1598
99094;50.24822;4.61816;248;20241116;6.5;4.3;5.4;2.7;7.53;1;0.57;2164
99094;50.24822;4.61816;248;20241117;7.4;4.7;6.1;4.3;8.63;3;0.45;2136
99094;50.24822;4.61816;248;20241118;7.1;4.4;5.7;3.3;9.3;11;0.19;2153
99094;50.24822;4.61816;248;20241119;10.1;5.3;7.7;6;10.13;15;0.38;1870
99094;50.24822;4.61816;248;20241120;3.7;0.4;2.1;4.3;6.47;0;0.27;4633
99094;50.24822;4.61816;248;20241121;-0.1;-1.4;-0.8;1.8;5.4;0;0.26;2066
99094;50.24822;4.61816;248;20241122;2.5;-2.9;-0.2;3.1;5.64;2;0.25;3128
99094;50.24822;4.61816;248;20241123;6.5;0.1;3.3;5;6.8;3;0.54;2362
99094;50.24822;4.61816;248;20241124;15.2;6;10.6;7.3;10.54;0;1.16;3948
99094;50.24822;4.61816;248;20241125;14.7;13.2;13.9;5.7;11.4;6;1.77;1183
99094;50.24822;4.61816;248;20241126;9.5;6.1;7.8;3;9.57;2;0.3;3775
99094;50.24822;4.61816;248;20241127;10.8;5.4;8.1;5.4;9.93;2;0.52;2125
99094;50.24822;4.61816;248;20241128;7.8;4.3;6;2.2;7.94;1;0.34;3791
99094;50.24822;4.61816;248;20241129;6.4;-2;2.2;1.4;6.14;0;0.13;4374
99094;50.24822;4.61816;248;20240607;19.4;7;13.2;1.3;10.7;0;4.06;27719
99094;50.24822;4.61816;248;20240608;19.8;7.6;13.7;2;11.2;0;3.94;25400
99094;50.24822;4.61816;248;20240609;18.9;8.5;13.7;1.6;10.77;0;3.85;24897
99094;50.24822;4.61816;248;20240610;12.8;7.5;10.1;3.1;10.57;7;1.79;10864
99094;50.24822;4.61816;248;20240611;15.2;5.9;10.6;1.7;9.57;1;3.05;21596
99094;50.24822;4.61816;248;20240612;13.8;4.6;9.2;1.1;9.7;0;2.09;14164
99094;50.24822;4.61816;248;20240613;18.6;4.9;11.8;2.5;10.3;0;3.37;21745
99094;50.24822;4.61816;248;20240614;19.2;11.3;15.3;4;13.27;8;2.8;13177
99094;50.24822;4.61816;248;20240615;16.7;10.1;13.4;5.5;12.2;1;2.83;16654
99094;50.24822;4.61816;248;20240616;16.7;10.9;13.8;4.1;13.73;3;2.15;12640
99094;50.24822;4.61816;248;20240617;20.6;12.3;16.4;2.1;14.93;2;3;16707
99094;50.24822;4.61816;248;20240618;20;12.6;16.3;1.7;16.63;14;1.96;10162
99094;50.24822;4.61816;248;20240619;19.4;13.8;16.6;2.7;15.33;0;2.71;14245
99094;50.24822;4.61816;248;20240620;18;12.6;15.3;2;15.17;0;1.76;8517
99094;50.24822;4.61816;248;20240621;15.6;14.4;15;1.7;15.4;17;1.29;5544
99094;50.24822;4.61816;248;20240622;17.6;11.5;14.5;1.7;14.53;1;2.16;12537
99094;50.24822;4.61816;248;20240623;23.4;10.6;17;1.4;14.57;0;4.42;27001
99094;50.24822;4.61816;248;20240624;25;12.3;18.7;1.2;15.73;0;4.56;26571
99094;50.24822;4.61816;248;20240625;27.1;14.1;20.6;1.5;16.63;0;5.06;27606
99095;50.26417;4.96796;257;20240711;23;13.9;18.4;1.7;15.83;10;4.11;23160
99095;50.26417;4.96796;257;20240712;15.1;13.7;14.4;2.5;14.56;17;1.43;6332
99095;50.26417;4.96796;257;20240713;18.3;9.3;13.8;2.1;13.06;0;3.04;19342
99095;50.26417;4.96796;257;20240714;21.1;10.8;16;1.8;14.13;0;3.58;21607
99095;50.26417;4.96796;257;20240715;25.3;10.7;18;1.8;16.23;4;4.08;23234
99095;50.26417;4.96796;257;20240716;19.1;14.2;16.7;3.6;16.56;6;2.78;16875
99095;50.26417;4.96796;257;20240717;23.4;14.3;18.8;1.9;16.33;0;3.68;19761
99095;50.26417;4.96796;257;20240718;27;12.9;20;0.9;16.93;1;4.33;24336
99095;50.26417;4.96796;257;20240719;28.4;15.8;22.1;1.1;18.53;0;4.29;22179
99095;50.26417;4.96796;257;20240720;29.3;16.9;23.1;1.6;20.43;3;4.65;23262
99095;50.26417;4.96796;257;20240721;24;18.3;21.2;2.5;20.1;0;2.95;13285
99095;50.26417;4.96796;257;20240722;21.9;14.9;18.4;2.9;16.76;1;3.79;21652
99095;50.26417;4.96796;257;20240723;20.6;16;18.3;3.2;17.26;2;2.8;14133
99095;50.26417;4.96796;257;20240724;21.7;13.6;17.6;1.3;15.56;0;3.29;18798
99095;50.26417;4.96796;257;20240725;24.1;12.2;18.2;1.8;15.86;6;3.73;20874
99095;50.26417;4.96796;257;20240726;22.4;16.9;19.7;2;19.03;0;2.82;14514
99095;50.26417;4.96796;257;20240727;18.6;15.7;17.2;1.2;17.86;3;1.49;6977
99095;50.26417;4.96796;257;20240728;23.2;11.1;17.1;1.2;14.66;3;4.15;25755
99095;50.26417;4.96796;257;20240729;26.7;11.4;19;1.5;15.76;0;4.74;27614
99095;50.26417;4.96796;257;20240730;31.3;15.2;23.2;1.1;18.9;0;5.05;26548
99095;50.26417;4.96796;257;20240731;28.2;18.9;23.5;1.7;21.53;11;3.58;16348
99095;50.26417;4.96796;257;20240801;24.4;19.3;21.8;1.5;22.06;6;2.7;13326
99095;50.26417;4.96796;257;20240802;24.6;16.7;20.6;1.2;21.1;3;3;16146
99095;50.26417;4.96796;257;20240803;21.6;14.8;18.2;2.4;18.1;1;2.53;13561
99095;50.26417;4.96796;257;20240804;21.1;16.7;18.9;1.7;17.86;1;2.79;15008
99095;50.26417;4.96796;257;20240805;25.5;14.4;20;1.5;17.03;0;4.32;25009
99095;50.26417;4.96796;257;20240806;26.7;14;20.4;1.9;17.56;0;4.31;23615
99095;50.26417;4.96796;257;20240807;21.7;16.2;18.9;1.7;17.13;1;2.64;13446
99095;50.26417;4.96796;257;20240808;22.6;14.1;18.3;1.9;15.63;0;3.6;20347
99095;50.26417;4.96796;257;20240809;23.3;17.9;20.6;3.4;18.03;0;3.29;14358
99095;50.26417;4.96796;257;20240810;25.2;12.5;18.8;1.9;16.13;0;4.03;23025
99095;50.26417;4.96796;257;20240811;28.1;13.4;20.7;1.4;17.93;0;4.26;23735
99095;50.26417;4.96796;257;20240812;32.1;17.3;24.7;1.8;21.9;0;4.95;24340
99095;50.26417;4.96796;257;20240813;31.1;19.1;25.1;1.5;23.26;7;4.49;22290
99095;50.26417;4.96796;257;20240814;22.8;16.7;19.7;1.4;18.6;1;2.07;9290
99095;50.26417;4.96796;257;20240815;25.5;13.8;19.7;1.8;17.9;0;3.46;19063
99095;50.26417;4.96796;257;20240816;23.1;14.6;18.9;2.1;18.06;2;2.63;13531
99095;50.26417;4.96796;257;20240817;22;18.1;20;1.5;20.46;18;1.84;8681
99095;50.26417;4.96796;257;20240818;21.1;16.1;18.6;1.8;17.6;0;2.59;14224
99095;50.26417;4.96796;257;20240819;21.7;9.9;15.8;1.2;14.33;0;3.21;21716
99095;50.26417;4.96796;257;20240820;23.1;12.1;17.6;2.6;15.76;0;3.37;19651
99095;50.26417;4.96796;257;20240821;18.9;11.5;15.2;2.6;13.9;0;2.89;18822
99095;50.26417;4.96796;257;20240822;21.8;10.6;16.2;3;13.9;0;3.4;20414
99095;50.26417;4.96796;257;20240823;20.4;15.5;17.9;4.1;17.06;3;2.16;9684
99095;50.26417;4.96796;257;20240824;28.1;18.1;23.1;3.5;19.76;8;4.29;19095
99095;50.26417;4.96796;257;20240825;19;11.3;15.1;2.8;13.53;0;2.83;18044
99095;50.26417;4.96796;257;20240826;20.7;9.9;15.3;1.4;13.06;0;2.78;17957
99095;50.26417;4.96796;257;20240827;25.3;9.4;17.3;1.1;14.06;0;3.3;20744
99095;50.26417;4.96796;257;20240828;28.5;12.3;20.4;1.9;17.03;0;3.98;22067
99095;50.26417;4.96796;257;20240829;26.5;17.5;22;1.8;18.56;0;3.38;16694
99095;50.26417;4.96796;257;20240830;20.4;15.9;18.1;2.4;17.2;4;1.94;8954
99095;50.26417;4.96796;257;20240831;26.1;14.2;20.2;2.6;18.5;0;3.39;18478
99095;50.26417;4.96796;257;20240901;30.5;17.3;23.9;1.6;21.82;0;3.79;19400
99095;50.26417;4.96796;257;20240902;25.6;16.6;21.1;1.2;20.87;0;2.57;14250
99095;50.26417;4.96796;257;20240903;23.8;16.7;20.2;1.5;19.46;4;2.15;10736
99095;50.26417;4.96796;257;20240904;18.8;15.8;17.3;0.9;17.8;1;1.24;5898
99095;50.26417;4.96796;257;20240905;22.3;14.9;18.6;2.2;19.02;13;1.89;9500
99095;50.26417;4.96796;257;20240906;17.3;14.7;16;1.8;17.23;2;0.97;4299
99095;50.26417;4.96796;257;20240907;25.7;12.3;19;1.4;17.83;14;2.53;14630
99095;50.26417;4.96796;257;20240908;19.6;13.8;16.7;3.3;16.3;3;2.41;16368
99095;50.26417;4.96796;257;20240909;18;13.8;15.9;3.3;15.86;9;1.55;7841
99095;50.26417;4.96796;257;20240910;15.1;11.8;13.4;3.8;14.2;8;1.35;9188
99095;50.26417;4.96796;257;20240911;15;9.8;12.4;3.8;11.86;10;2.07;15031
99095;50.26417;4.96796;257;20240912;12.4;5.4;8.9;1.9;9.5;2;1.54;12193
99095;50.26417;4.96796;257;20240913;15.1;3.5;9.3;1.5;9.96;0;1.55;11902
99095;50.26417;4.96796;257;20240914;14.8;4.8;9.8;1.1;9.83;0;1.71;14130
99095;50.26417;4.96796;257;20240915;17.5;3.5;10.5;1;10.2;0;1.95;16637
99095;50.26417;4.96796;257;20240916;17.4;8.7;13;1.5;13.4;0;1.44;9724
99095;50.26417;4.96796;257;20240917;16.9;12.3;14.6;3.2;14.6;1;1.56;9456
99095;50.26417;4.96796;257;20240918;21.8;12.2;17;2.9;15.56;0;2.34;14013
99095;50.26417;4.96796;257;20240919;23.1;12.4;17.7;2.8;15.5;0;2.69;16288
99095;50.26417;4.96796;257;20240920;22;10.9;16.4;1.8;14.5;0;2.33;15776
99095;50.26417;4.96796;257;20240921;23.8;10.6;17.2;1.2;14.8;0;2.29;15573
99095;50.26417;4.96796;257;20240922;21.2;12.4;16.8;1.5;15.53;1;1.45;6462
99095;50.26417;4.96796;257;20240923;17.8;14.6;16.2;3.1;15.3;1;1.82;11309
99095;50.26417;4.96796;257;20240924;15;11.6;13.3;2.9;14.4;9;0.94;5722
99095;50.26417;4.96796;257;20240925;14.7;12.1;13.4;3.1;14.5;14;0.85;4561
99095;50.26417;4.96796;257;20240926;17.1;12.5;14.8;5.1;15.26;6;1.2;5978
99095;50.26417;4.96796;257;20240927;14.2;10.6;12.4;5.7;11.96;2;1.58;9035
99095;50.26417;4.96796;257;20240928;12.8;7.1;9.9;1.8;10.26;1;1.21;9197
99095;50.26417;4.96796;257;20240929;13.1;1.8;7.5;1.9;8.83;0;1.24;11098
99095;50.26417;4.96796;257;20240930;15.5;8.7;12.1;4.5;12.46;2;1.15;5159
99095;50.26417;4.96796;257;20241001;15.1;10.9;13;4.3;12.53;2;1.43;7395
99095;50.26417;4.96796;257;20241002;16;7.7;11.8;1.7;11.83;0;1.35;11699
99095;50.26417;4.96796;257;20241003;11.6;7.6;9.6;2.7;10.56;0;1.02;7463
99095;50.26417;4.96796;257;20241004;13.8;4.3;9;1.3;9.6;0;1.19;11933
99095;50.26417;4.96796;257;20241005;14.6;1.7;8.2;1;8.96;0;1.17;12730
99095;50.26417;4.96796;257;20241006;13.1;5.5;9.3;2.7;11.03;0;0.89;7497
99095;50.26417;4.96796;257;20241007;17.3;11.5;14.4;3.3;15.66;7;1.01;8407
99095;50.26417;4.96796;257;20241008;16.4;13.8;15.1;4.2;15.36;1;1.18;7138
99095;50.26417;4.96796;257;20241009;15.1;12.5;13.8;3.6;14.2;48;0.88;2345
99095;50.26417;4.96796;257;20241010;13.3;11.2;12.2;2.7;12.6;5;0.91;4638
99095;50.26417;4.96796;257;20241011;11.9;6.7;9.3;1.3;9.66;0;0.97;9610
99095;50.26417;4.96796;257;20241012;11.7;2.3;7;2;9.76;3;0.63;5546
99095;50.26417;4.96796;257;20241013;11;5.9;8.4;2.6;9.8;0;0.89;8312
99095;50.26417;4.96796;257;20241014;12;4.2;8.1;1.2;10.23;3;0.61;3624
99095;50.26417;4.96796;257;20241015;15.9;9.8;12.9;1.7;13.6;0;0.86;7512
99095;50.26417;4.96796;257;20241016;20.9;11.7;16.3;4;15.56;1;1.58;8344
99095;50.26417;4.96796;257;20241017;18.9;16.2;17.5;3;17;0;1.17;4938
99095;50.26417;4.96796;257;20241018;15.7;14;14.9;1.4;16.36;7;0.59;2569
99095;50.26417;4.96796;257;20241019;13.9;11.5;12.7;2.7;14.06;0;0.64;5178
99095;50.26417;4.96796;257;20241020;15.8;12.2;14;4.4;14.4;0;0.91;5153
99095;50.26417;4.96796;257;20241021;15.5;13.7;14.6;2.9;15.66;5;0.69;3143
99095;50.26417;4.96796;257;20241022;15.5;8.7;12.1;1.8;12.06;0;0.88;8850
99095;50.26417;4.96796;257;20241023;15.5;3.8;9.7;1.2;10.26;0;0.75;9668
99095;50.26417;4.96796;257;20241024;14.5;4.4;9.5;2;10.73;0;0.74;8801
99095;50.26417;4.96796;257;20241025;19.4;11.1;15.2;2;14.26;1;1.03;7790
99095;50.26417;4.96796;257;20241026;21.7;10;15.8;1.3;13.96;0;1;8164
99095;50.26417;4.96796;257;20241027;14.4;11.2;12.8;0.9;14.03;1;0.53;3092
99095;50.26417;4.96796;257;20241028;16.2;12.3;14.2;2.2;14.06;0;0.8;5583
99095;50.26417;4.96796;257;20241029;14.8;10.6;12.7;2.3;12.73;1;0.75;7590
99095;50.26417;4.96796;257;20241030;14.1;10.6;12.3;0.9;12.96;0;0.54;3646
99095;50.26417;4.96796;257;20241031;15.5;5.5;10.5;1;10.83;0;0.54;7977
99095;50.26417;4.96796;257;20241101;11.1;8.2;9.7;1.5;11.23;0;0.46;3649
99095;50.26417;4.96796;257;20241102;11.4;9.2;10.3;1.7;11.5;0;0.53;2387
99095;50.26417;4.96796;257;20241103;10.9;9.3;10.1;1.4;10.5;0;0.58;3761
99095;50.26417;4.96796;257;20241104;14.3;1.1;7.7;1.4;8.1;0;0.57;8427
99095;50.26417;4.96796;257;20241105;11.2;1.6;6.4;1.4;8.73;0;0.34;7467
99095;50.26417;4.96796;257;20241106;9.3;6;7.6;1;10.56;0;0.35;1762
99095;50.26417;4.96796;257;20241107;10.7;7.9;9.3;1.9;10.3;0;0.48;4908
99095;50.26417;4.96796;257;20241108;5.3;3.5;4.4;1.9;8.2;0;0.34;1339
99095;50.26417;4.96796;257;20241109;9.4;5;7.2;1.4;10.1;0;0.31;2591
99095;50.26417;4.96796;257;20241110;10.6;8.5;9.6;0.9;11.16;0;0.43;1584
99095;50.26417;4.96796;257;20241111;10.4;6.9;8.7;2.1;10.03;5;0.49;2957
99095;50.26417;4.96796;257;20241112;9.3;6.4;7.8;3.7;9.8;0;0.47;3197
99095;50.26417;4.96796;257;20241113;7.8;4.8;6.3;2;8.8;0;0.34;3581
99095;50.26417;4.96796;257;20241114;9.8;6.5;8.2;1.3;10.16;1;0.39;1944
99095;50.26417;4.96796;257;20241115;7.7;6.6;7.2;0.9;9.06;0;0.4;1865
99095;50.26417;4.96796;257;20241116;6.3;4.3;5.3;2.5;7.73;1;0.51;2164
99095;50.26417;4.96796;257;20241117;7.4;4.8;6.1;4.1;8.6;3;0.47;2003
99095;50.26417;4.96796;257;20241118;7;4.4;5.7;3;9.26;11;0.2;2287
99095;50.26417;4.96796;257;20241119;10.2;5.3;7.7;5.5;10.06;14;0.46;1174
99095;50.26417;4.96796;257;20241120;3.5;0.9;2.2;4.2;6.43;1;0.31;4433
99095;50.26417;4.96796;257;20241121;-0.4;-1.6;-1;1.7;5.43;0;0.25;2000
99095;50.26417;4.96796;257;20241122;2.3;-3.1;-0.4;3.6;5.6;3;0.22;3561
99095;50.26417;4.96796;257;20241123;6.2;0.2;3.2;5.3;6.8;5;0.56;2362
99095;50.26417;4.96796;257;20241124;15.7;5.9;10.8;8.5;10.7;0;1.36;4014
99095;50.26417;4.96796;257;20241125;15.1;13.7;14.4;6.4;11.5;7;1.98;1349
99095;50.26417;4.96796;257;20241126;9.2;6.5;7.9;3.1;9.53;2;0.33;3775
99095;50.26417;4.96796;257;20240622;17.3;11.3;14.3;1.7;14.6;1;2.22;13170
99095;50.26417;4.96796;257;20240623;23.5;10.9;17.2;1.2;15.16;0;4.36;26501
99095;50.26417;4.96796;257;20240624;25.2;12.5;18.9;1.3;16.16;0;4.63;26771
99095;50.26417;4.96796;257;20240625;27.4;14;20.7;1.5;17.06;0;5.05;27306
99095;50.26417;4.96796;257;20240626;28.7;14.9;21.8;1;18.46;0;4.92;26459
99095;50.26417;4.96796;257;20240627;29;16.7;22.9;2.1;18.9;0;4.91;23197
99095;50.26417;4.96796;257;20240628;22.1;11.9;17;2.2;13.9;0;4.26;24549
99095;50.26417;4.96796;257;20240629;24.6;10.6;17.6;1.5;14.96;16;3.69;19947
99095;50.26417;4.96796;257;20240630;20.1;14.2;17.2;1.9;16.63;3;2.35;12155
99095;50.26417;4.96796;257;20240701;17.3;12.5;14.9;1.8;13.8;1;2.6;14896
99095;50.26417;4.96796;257;20240702;17.2;11.8;14.5;2.1;14.03;3;1.82;8671
99095;50.26417;4.96796;257;20240703;15.3;10.3;12.8;1.8;13.23;3;1.75;9967
99095;50.26417;4.96796;257;20240704;19.7;12.5;16.1;4.1;13.93;0;3.73;21359
99095;50.26417;4.96796;257;20240705;21.9;10.5;16.2;3.4;13.73;0;3.23;15126
99095;50.26417;4.96796;257;20240706;19;15;17;3.9;14.2;0;3.57;18413
99095;50.26417;4.96796;257;20240707;18.3;7.6;13;2.4;11.53;0;3.16;19411
99095;50.26417;4.96796;257;20240708;21.1;10.5;15.8;1.5;13.53;0;3.36;19610
99095;50.26417;4.96796;257;20240709;30.1;14.1;22.1;2.2;17.16;8;5.12;23617
99095;50.26417;4.96796;257;20240710;23.3;16.3;19.8;2.3;18.63;0;3.82;21017
101095;50.71245;4.9198;111;20240721;24.2;19.6;21.9;2;20.84;0;2.78;12277
101095;50.71245;4.9198;111;20240722;23.7;16;19.9;2.3;17.77;1;4.06;22413
101095;50.71245;4.9198;111;20240723;21.6;17.1;19.4;2.9;17.97;2;2.94;14619
101095;50.71245;4.9198;111;20240724;22.9;13.6;18.3;1.4;16.07;0;3.65;21307
101095;50.71245;4.9198;111;20240725;25.1;14.8;20;1.8;16.54;5;3.72;18844
101095;50.71245;4.9198;111;20240726;23.2;17.7;20.4;2.3;18.97;1;3.32;17067
101095;50.71245;4.9198;111;20240727;20.3;15.7;18;1.2;17.24;0;2.05;10221
101095;50.71245;4.9198;111;20240728;24.3;12.2;18.3;1.3;14.97;0;4.09;24505
101095;50.71245;4.9198;111;20240729;28.1;12.7;20.4;1.2;16.17;0;4.71;27019
101095;50.71245;4.9198;111;20240730;30.7;17.4;24;1.2;18.55;0;4.87;25039
101095;50.71245;4.9198;111;20240731;26.6;19.1;22.9;1.8;21.34;8;3.15;14469
101095;50.71245;4.9198;111;20240801;23.9;19.3;21.6;1.4;22.1;5;2.39;11725
101095;50.71245;4.9198;111;20240802;26.3;16.8;21.6;1;21.4;3;3.5;19230
101095;50.71245;4.9198;111;20240803;22.8;15.8;19.3;2.6;19.24;4;2.53;13048
101095;50.71245;4.9198;111;20240804;21.2;16.6;18.9;1.3;18.14;0;2.71;15172
101095;50.71245;4.9198;111;20240805;25.6;15.6;20.6;1.5;17.14;0;4.27;24206
101095;50.71245;4.9198;111;20240806;28.5;16.7;22.6;1.8;18.3;0;4.54;23248
101095;50.71245;4.9198;111;20240807;22.6;16.7;19.7;1.8;17.9;4;2.86;14620
101095;50.71245;4.9198;111;20240808;23.6;15.2;19.4;2.2;16.1;0;3.62;19182
101095;50.71245;4.9198;111;20240809;24.4;19.9;22.2;3.6;18.27;0;3.6;13511
101095;50.71245;4.9198;111;20240810;25.5;13.7;19.6;2.2;16.64;0;4.04;22361
101095;50.71245;4.9198;111;20240811;27.3;15.9;21.6;1.7;18.27;0;4.17;22373
101095;50.71245;4.9198;111;20240812;34.2;16.6;25.4;1.7;21.47;0;5.08;24079
101095;50.71245;4.9198;111;20240813;30.6;20.3;25.4;1.4;24.27;6;4.35;21669
101095;50.71245;4.9198;111;20240814;23.3;17.5;20.4;1.5;19.74;2;2.16;10122
101095;50.71245;4.9198;111;20240815;26.1;15.6;20.9;2.3;18.34;0;3.76;19611
101095;50.71245;4.9198;111;20240816;22.4;16.7;19.5;2.6;18.77;4;2.22;10024
101095;50.71245;4.9198;111;20240817;24.7;17.2;21;1.6;20.67;4;2.72;14348
101095;50.71245;4.9198;111;20240818;22.9;16.6;19.8;1.4;18.27;0;2.59;13844
101095;50.71245;4.9198;111;20240819;22.6;11.6;17.1;1.1;14.64;0;3.19;20360
101095;50.71245;4.9198;111;20240820;24.7;14;19.3;2.6;16.5;5;3.45;18205
101095;50.71245;4.9198;111;20240821;19.6;12.2;15.9;2.9;14.3;0;2.99;18828
101095;50.71245;4.9198;111;20240822;23.4;12.1;17.8;3.5;14.14;0;3.75;19580
101095;50.71245;4.9198;111;20240823;21.9;17;19.5;4.4;17.27;4;2.87;12085
101095;50.71245;4.9198;111;20240824;28.8;15.8;22.3;3;19.37;4;3.99;18215
101095;50.71245;4.9198;111;20240825;20.6;12.5;16.5;3.2;14.24;0;3.09;18293
101095;50.71245;4.9198;111;20240826;21.6;12;16.8;1.7;13.64;0;2.97;17847
101095;50.71245;4.9198;111;20240827;26.2;12.2;19.2;1;14.74;0;3.35;20686
101095;50.71245;4.9198;111;20240828;29.8;14.1;22;1.4;17.8;0;3.87;21336
101095;50.71245;4.9198;111;20240829;25.6;18.6;22.1;1.8;18.47;0;3.41;17325
101095;50.71245;4.9198;111;20240830;20;16.1;18.1;2.7;17.24;4;1.91;8987
101095;50.71245;4.9198;111;20240831;24.3;14.5;19.4;3.3;17.64;0;3.3;18008
101095;50.71245;4.9198;111;20240901;32;16.4;24.2;1.9;21.54;0;3.88;18833
101095;50.71245;4.9198;111;20240902;26.6;18;22.3;1.2;21.24;2;2.75;15066
101095;50.71245;4.9198;111;20240903;24.2;17.6;20.9;1.6;20;2;2.13;10394
101095;50.71245;4.9198;111;20240904;19.8;16;17.9;1.2;18.4;0;1.51;7982
101095;50.71245;4.9198;111;20240905;22.8;15.2;19;2.9;19.24;11;1.82;8130
101095;50.71245;4.9198;111;20240906;18.5;16.5;17.5;2.2;18.9;1;0.96;3894
101095;50.71245;4.9198;111;20240907;26;14;20;1.5;18.9;11;2.62;15089
101095;50.71245;4.9198;111;20240908;20.9;15.3;18.1;3.3;16.9;2;2.61;15729
101095;50.71245;4.9198;111;20240909;18.6;14.1;16.3;3.3;16.27;12;1.46;7029
101095;50.71245;4.9198;111;20240910;16.4;12.3;14.3;4.5;14.64;9;1.53;10235
101095;50.71245;4.9198;111;20240911;15.3;9.9;12.6;3.9;12.1;3;1.96;14273
101095;50.71245;4.9198;111;20240912;12.9;6.9;9.9;2.5;10.24;2;1.59;12602
101095;50.71245;4.9198;111;20240913;15.7;5.5;10.6;1.4;10.7;0;1.68;13761
101095;50.71245;4.9198;111;20240914;16.2;6.7;11.5;0.9;10.3;0;1.79;14684
101095;50.71245;4.9198;111;20240915;18.2;7.2;12.7;1;11.3;0;1.95;15499
101095;50.71245;4.9198;111;20240916;18.7;10.8;14.7;1.6;14.24;0;1.62;10625
101095;50.71245;4.9198;111;20240917;18.3;12.5;15.4;3.4;14.84;2;1.76;10672
101095;50.71245;4.9198;111;20240918;21.2;13;17.1;3.6;16.1;0;2.14;11979
101095;50.71245;4.9198;111;20240919;23.1;12.7;17.9;3.3;16.34;0;2.57;15570
101095;50.71245;4.9198;111;20240920;22.4;12.3;17.3;2.6;15.47;1;2.46;15826
101095;50.71245;4.9198;111;20240921;24.9;11.1;18;1.1;15.2;0;2.24;15291
101095;50.71245;4.9198;111;20240922;21.2;14.6;17.9;1.3;16.24;2;1.5;7402
101095;50.71245;4.9198;111;20240923;19.5;15.1;17.3;2.5;15.67;0;1.94;11333
101095;50.71245;4.9198;111;20240924;17.2;12.7;14.9;2.6;14.8;2;1.34;8182
101095;50.71245;4.9198;111;20240925;16.9;13;15;3.3;14.87;10;1.21;5753
101095;50.71245;4.9198;111;20240926;19;13.3;16.2;4.8;15.54;2;1.63;7513
101095;50.71245;4.9198;111;20240927;14.8;11.4;13.1;6;12.24;3;1.72;8786
101095;50.71245;4.9198;111;20240928;13.4;8.3;10.8;2;10.6;2;1.29;9857
101095;50.71245;4.9198;111;20240929;13.4;5.4;9.4;1.4;9.5;0;1.22;10362
101095;50.71245;4.9198;111;20240930;17;8.5;12.8;4;12.7;1;1.3;5844
101095;50.71245;4.9198;111;20241001;15.9;12.3;14.1;4.6;12.74;0;1.6;6624
101095;50.71245;4.9198;111;20241002;15.2;7.7;11.4;1.8;11.8;0;1.14;9153
101095;50.71245;4.9198;111;20241003;13.2;6.9;10.1;3.1;10.6;0;1.14;8668
101095;50.71245;4.9198;111;20241004;14.6;6.2;10.4;1.4;10.37;0;1.23;12100
101095;50.71245;4.9198;111;20241005;15;5.1;10;1.3;9.9;0;1.21;11473
101095;50.71245;4.9198;111;20241006;16;5.8;10.9;2.3;11.04;0;1.23;9598
101095;50.71245;4.9198;111;20241007;17.7;13.1;15.4;3;15.47;5;1.23;8335
101095;50.71245;4.9198;111;20241008;17.7;14.4;16;3.6;15.67;0;1.34;8175
100095;50.48832;4.94402;172;20240825;19.7;12;15.9;3.1;14.46;0;2.98;19733
100095;50.48832;4.94402;172;20240826;20.9;10.7;15.8;1.7;14.06;0;2.75;17800
100095;50.48832;4.94402;172;20240827;25.5;10.3;17.9;1.1;15.03;0;3.37;21833
100095;50.48832;4.94402;172;20240828;29.6;13.2;21.4;1.8;18.16;0;4.03;22166
100095;50.48832;4.94402;172;20240829;25.8;18.3;22.1;1.9;19.26;0;3.41;18300
100095;50.48832;4.94402;172;20240830;19.8;16;17.9;2.7;17.4;2;1.83;8933
100095;50.48832;4.94402;172;20240831;25.1;14.6;19.8;3.3;18.16;0;3.45;19566
100095;50.48832;4.94402;172;20240901;31.8;16.4;24.1;2;21.43;0;4;19200
100095;50.48832;4.94402;172;20240902;26.7;17.5;22.1;1.5;20.96;0;2.94;16066
100095;50.48832;4.94402;172;20240903;24.2;17;20.6;1.8;20.06;1;2.11;10233
100095;50.48832;4.94402;172;20240904;19.6;16;17.8;1.3;18.33;0;1.41;7233
100095;50.48832;4.94402;172;20240905;22.4;15.5;18.9;3;19.06;11;1.57;6166
100095;50.48832;4.94402;172;20240906;17.9;16.3;17.1;2.2;18.5;3;0.95;4000
100095;50.48832;4.94402;172;20240907;26.1;13.2;19.6;1.4;18.66;14;2.48;14000
100095;50.48832;4.94402;172;20240908;20.2;14.9;17.6;3.4;17.16;3;2.6;18266
100095;50.48832;4.94402;172;20240909;18.2;14;16.1;3.8;16.33;9;1.47;7300
100095;50.48832;4.94402;172;20240910;15.7;12.3;14;4.2;14.76;9;1.38;9666
100095;50.48832;4.94402;172;20240911;14.9;9.8;12.4;4.2;12.26;5;2.06;17500
100095;50.48832;4.94402;172;20240912;12.2;6.4;9.3;2.5;10.13;2;1.4;10933
100095;50.48832;4.94402;172;20240913;15;4.8;9.9;1.7;10.6;0;1.59;13033
100095;50.48832;4.94402;172;20240914;15.3;5.6;10.5;1.1;10.56;0;1.82;16333
100095;50.48832;4.94402;172;20240915;17.6;5.5;11.6;1.2;11.4;0;2.03;17900
100095;50.48832;4.94402;172;20240916;17.9;10;13.9;1.8;14.2;0;1.5;10233
100095;50.48832;4.94402;172;20240917;17;12.7;14.8;3.8;15;2;1.51;9500
100095;50.48832;4.94402;172;20240918;21.1;12.7;16.9;3.5;16.3;0;2.04;11933
100095;50.48832;4.94402;172;20240919;22.4;12.5;17.5;3.2;16.5;1;2.43;15633
100095;50.48832;4.94402;172;20240920;22.4;11.9;17.1;2.2;15.8;0;2.34;16133
100095;50.48832;4.94402;172;20240921;24;11.2;17.6;0.9;15.63;0;2.18;15633
100095;50.48832;4.94402;172;20240922;20.6;13.8;17.2;1.3;16.53;1;1.28;6000
100095;50.48832;4.94402;172;20240923;19;15.4;17.2;3.1;16;0;1.97;11800
100095;50.48832;4.94402;172;20240924;16.5;12.5;14.5;2.8;14.86;3;1.22;7300
100095;50.48832;4.94402;172;20240925;16;12.9;14.4;3.3;14.96;11;0.96;3666
100095;50.48832;4.94402;172;20240926;18.3;13.2;15.8;4.8;15.7;1;1.43;6366
100095;50.48832;4.94402;172;20240927;14.6;11.2;12.9;5.9;12.53;2;1.56;8966
100095;50.48832;4.94402;172;20240928;12.5;8.1;10.3;2.1;10.76;1;1.24;10633
100095;50.48832;4.94402;172;20240929;13.3;3.6;8.4;1.5;9.56;0;1.21;11666
100095;50.48832;4.94402;172;20240930;16.4;8.5;12.4;4.1;12.83;2;1.16;5733
100095;50.48832;4.94402;172;20241001;15.2;11.9;13.5;4.7;13.03;1;1.38;6000
100095;50.48832;4.94402;172;20241002;15.4;9.3;12.3;2;12.33;0;1.28;10666
100095;50.48832;4.94402;172;20241003;11.9;7.3;9.6;3.2;10.93;0;0.92;7333
100095;50.48832;4.94402;172;20241004;14;5.7;9.9;1.4;10.43;0;1.22;13133
100095;50.48832;4.94402;172;20241005;14.8;2.7;8.8;0.9;9.63;0;1.17;13600
100095;50.48832;4.94402;172;20241006;14.5;5.2;9.9;2.6;11.23;0;1.04;10066
100095;50.48832;4.94402;172;20241007;18.1;12.6;15.3;3.1;15.83;6;1.19;8866
100095;50.48832;4.94402;172;20241008;17;14.5;15.7;4;15.93;0;1.25;8666
100095;50.48832;4.94402;172;20241009;14.1;13.1;13.6;3.4;14.4;46;0.75;2566
100095;50.48832;4.94402;172;20241010;13.4;11.6;12.5;2.9;13.1;5;0.87;5366
100095;50.48832;4.94402;172;20241011;12.2;7.4;9.8;1.5;10.2;0;0.96;9800
100095;50.48832;4.94402;172;20241012;12;4.8;8.4;2.1;10.3;2;0.66;4233
100095;50.48832;4.94402;172;20241013;10.6;6.9;8.8;3.1;10.3;0;0.8;8333
100095;50.48832;4.94402;172;20241014;9.7;5.6;7.7;1.4;9.96;2;0.53;2800
100095;50.48832;4.94402;172;20241015;16;8.5;12.2;1.9;13.06;0;0.85;7066
100095;50.48832;4.94402;172;20241016;20.5;12.1;16.3;3.5;16.06;1;1.25;5766
100095;50.48832;4.94402;172;20241017;19;16.7;17.8;2.9;17.5;0;1.13;4733
100095;50.48832;4.94402;172;20241018;15.6;14.3;14.9;1.2;16.56;6;0.57;2466
100095;50.48832;4.94402;172;20241019;14.6;11.8;13.2;2.8;14.56;0;0.61;4233
100095;50.48832;4.94402;172;20241020;16.3;12.9;14.6;4.3;15.03;0;0.93;5900
100095;50.48832;4.94402;172;20241021;13.3;13.3;13.3;2.7;15.33;4;0.4;2000
100095;50.48832;4.94402;172;20241022;15;9.1;12.1;2.2;12.43;0;0.8;8866
100095;50.48832;4.94402;172;20241023;15.9;6.1;11;1.1;11.36;0;0.72;9966
100095;50.48832;4.94402;172;20241024;14.8;4.2;9.5;1.5;11.1;0;0.64;9533
100095;50.48832;4.94402;172;20241025;19.3;11.4;15.4;2;14.73;0;0.97;8266
100095;50.48832;4.94402;172;20241026;21.3;11.3;16.3;1.1;14.9;0;0.89;8300
100095;50.48832;4.94402;172;20241027;14.5;12.6;13.6;1.3;14.5;1;0.57;2533
100095;50.48832;4.94402;172;20241028;15.4;11.3;13.3;2.5;14.16;1;0.6;4600
100095;50.48832;4.94402;172;20241029;15.5;10.7;13.1;2.9;13.33;1;0.77;7200
100095;50.48832;4.94402;172;20241030;14.1;11.3;12.7;1.1;13.66;0;0.52;3533
100095;50.48832;4.94402;172;20241031;15.6;9.9;12.7;0.8;12.6;0;0.51;8000
100095;50.48832;4.94402;172;20241101;10.1;8.6;9.4;1.7;11.66;0;0.36;1966
100095;50.48832;4.94402;172;20241102;11.6;9.6;10.6;1.6;12.06;0;0.49;1633
100095;50.48832;4.94402;172;20241103;11.5;9.3;10.4;1;10.83;0;0.47;4400
100095;50.48832;4.94402;172;20241104;12.3;1.6;7;0.9;8.66;0;0.32;7866
100095;50.48832;4.94402;172;20241105;11.4;2.1;6.7;1;9;0;0.27;7366
100095;50.48832;4.94402;172;20241106;9.1;6.7;7.9;1;10.76;0;0.34;1666
100095;50.48832;4.94402;172;20241107;8.2;7.2;7.7;2.1;9.96;0;0.4;1933
100095;50.48832;4.94402;172;20241108;5.2;3.6;4.4;1.8;8.4;0;0.31;1000
100095;50.48832;4.94402;172;20241109;9.2;5.1;7.1;1.1;10.1;0;0.35;1350
100095;50.48832;4.94402;172;20241110;10.6;8.3;9.5;0.8;11.35;0;0.41;1400
100095;50.48832;4.94402;172;20241111;11.5;7.4;9.5;2.5;10.55;3;0.52;3600
100095;50.48832;4.94402;172;20241112;9.4;7.5;8.4;4.2;10.25;0;0.42;3600
100095;50.48832;4.94402;172;20241113;8.1;4.2;6.2;2;9.3;1;0.2;4200
100095;50.48832;4.94402;172;20241114;9.5;7;8.2;1.6;10.6;1;0.34;1566
100095;50.48832;4.94402;172;20241115;8.5;7.4;7.9;1;9.76;0;0.39;1866
100095;50.48832;4.94402;172;20241116;7;5.1;6;3;8.6;2;0.41;2266
100095;50.48832;4.94402;172;20241117;8.2;6.1;7.1;4.6;9.3;4;0.46;2400
100095;50.48832;4.94402;172;20241118;7.7;5;6.3;3.4;9.6;10;0.17;2700
100095;50.48832;4.94402;172;20241119;10.8;5.7;8.3;5;10.23;13;0.55;800
100095;50.48832;4.94402;172;20241120;3.9;1.5;2.7;4.4;6.83;1;0.27;4066
100095;50.48832;4.94402;172;20241121;-0.3;-1;-0.7;2.3;5.6;0;0.17;2633
100095;50.48832;4.94402;172;20241122;3.1;-3.1;0;3.7;5.86;5;0.16;3800
100095;50.48832;4.94402;172;20241123;6.5;0.5;3.5;5.4;7.26;3;0.42;2300
100095;50.48832;4.94402;172;20241124;16.9;6.3;11.6;8;11.86;0;1.07;4400
100095;50.48832;4.94402;172;20241125;16;14.7;15.3;6.1;12.33;7;1.98;1166
100095;50.48832;4.94402;172;20241126;9.8;7.7;8.8;3.5;10;2;0.37;3866
100095;50.48832;4.94402;172;20241127;11;5.8;8.4;4.7;10.1;1;0.55;1333
100095;50.48832;4.94402;172;20241128;8;5.1;6.5;2.6;8.46;1;0.21;4633
100095;50.48832;4.94402;172;20241129;6.8;-1.3;2.8;1.4;6.63;0;0;5333
100095;50.48832;4.94402;172;20241130;8.1;1.3;4.7;2.5;6.93;0;0.27;4966
100095;50.48832;4.94402;172;20241201;7.7;0.6;4.2;3.2;7.4;0;0.26;3800
100095;50.48832;4.94402;172;20241202;11.2;6.6;8.9;4.2;10.9;5;0.29;2366
100095;50.48832;4.94402;172;20241203;6.7;6;6.4;2.6;8.66;0;0.28;2700
100095;50.48832;4.94402;172;20241204;5.2;1.5;3.3;2.4;7.36;0;0.24;1833
100095;50.48832;4.94402;172;20241205;6.5;3.7;5.1;5.4;8.63;11;0.27;966
100095;50.48832;4.94402;172;20241206;7.8;6.5;7.1;5.7;9.3;1;0.41;2333
100095;50.48832;4.94402;172;20241207;9.1;4.7;6.9;6.2;9.36;9;0.4;1900
100095;50.48832;4.94402;172;20241208;6.4;5.1;5.8;3.8;9;2;0.24;1233
100095;50.48832;4.94402;172;20241209;4.7;3.7;4.2;5.1;7.93;1;0.33;700
100095;50.48832;4.94402;172;20241210;4.6;3.7;4.2;4.9;7.96;0;0.31;733
100095;50.48832;4.94402;172;20241211;3.4;3.4;3.4;3.4;7.33;0;0.34;833
100095;50.48832;4.94402;172;20241212;1.2;0.8;1;2.1;6.36;0;0.22;1133
100095;50.48832;4.94402;172;20241213;1.8;-0.5;0.7;2;5.93;0;0.19;1966
100095;50.48832;4.94402;172;20241214;2.7;-1;0.9;3.5;6.63;1;0.13;1166
100095;50.48832;4.94402;172;20241215;7.5;2.4;4.9;4.3;8.7;0;0.18;1466
100095;50.48832;4.94402;172;20241216;9.4;7.5;8.4;5;11.13;1;0.15;1300
100095;50.48832;4.94402;172;20241217;7.8;6.3;7.1;3.5;9.63;0;0.3;1366
100095;50.48832;4.94402;172;20241218;11.2;5.5;8.4;6.2;10.5;5;0.4;1833
100095;50.48832;4.94402;172;20241219;12.2;11.2;11.7;6.1;10.83;10;1.24;1300
100095;50.48832;4.94402;172;20241220;5.2;1.6;3.4;4;7.56;1;0.02;3700
100095;50.48832;4.94402;172;20241221;7.9;4.8;6.3;5.4;9.56;3;0.18;1333
100095;50.48832;4.94402;172;20241222;6.6;6.6;6.6;5.4;8.33;9;0.56;2400
100095;50.48832;4.94402;172;20241223;5.5;1.8;3.7;4.4;8.1;4;0.03;2233
100095;50.48832;4.94402;172;20241224;5;1;3;3;7.76;1;0.13;1333
100095;50.48832;4.94402;172;20241225;8;5;6.5;2.2;9.73;0;0.17;1466
100095;50.48832;4.94402;172;20241226;5.5;4.3;4.9;1.4;8.5;0;0.09;2333
100095;50.48832;4.94402;172;20241227;4.1;-0.7;1.7;0.8;6.26;0;0;3566
100095;50.48832;4.94402;172;20241228;5.8;-2.3;1.8;0.8;5.93;0;0;4633
100095;50.48832;4.94402;172;20241229;0.8;-1.4;-0.3;3;6;0;0.16;1066
100095;50.48832;4.94402;172;20241230;2.4;0.6;1.5;3.5;6.8;0;0.2;966
100095;50.48832;4.94402;172;20241231;2.1;-0.9;0.6;5.2;6.3;0;0.15;1666
100095;50.48832;4.94402;172;20240807;22.3;17.4;19.8;1.8;18.13;4;2.97;15733
100095;50.48832;4.94402;172;20240808;22.9;14.9;18.9;2.1;16.73;0;3.62;20966
100095;50.48832;4.94402;172;20240809;23.7;19.5;21.6;3.2;19.03;0;3.36;14700
100095;50.48832;4.94402;172;20240810;25.4;13.6;19.5;2.5;16.96;0;4.21;24133
100095;50.48832;4.94402;172;20240811;27.7;14;20.8;1.6;18.83;0;4.32;24833
100095;50.48832;4.94402;172;20240812;33.6;16.2;24.9;1.5;22.46;0;4.93;24400
100095;50.48832;4.94402;172;20240813;30.9;20.3;25.6;1.5;24.63;7;4.67;23700
100095;50.48832;4.94402;172;20240814;23.2;17.8;20.5;1.6;19.9;1;2.31;11233
100095;50.48832;4.94402;172;20240815;26.1;14.8;20.4;2.2;18.7;0;3.88;21966
100095;50.48832;4.94402;172;20240816;22.5;16;19.2;2.4;18.8;2;2.26;11333
100095;50.48832;4.94402;172;20240817;22.9;18.3;20.6;1.7;20.96;9;2.33;12000
100095;50.48832;4.94402;172;20240818;21.7;16.5;19.1;1.6;18.43;0;2.44;13466
100095;50.48832;4.94402;172;20240819;21.9;10.7;16.3;1.3;15.06;0;3.12;20800
100095;50.48832;4.94402;172;20240820;23.9;13.5;18.7;2.5;16.8;0;3.38;19366
100095;50.48832;4.94402;172;20240821;19.2;12;15.6;3;14.6;0;3;20733
100095;50.48832;4.94402;172;20240822;23;11.5;17.2;3.2;14.86;0;3.58;21433
100095;50.48832;4.94402;172;20240823;21;16.6;18.8;3.9;17.76;4;2.38;11000
100095;50.48832;4.94402;172;20240824;28.4;16.5;22.5;3.5;19.9;3;4.12;19333
100094;50.47228;4.59257;155;20240912;13.3;6.6;9.9;2.5;9.57;2;1.66;10804
100094;50.47228;4.59257;155;20240913;15.5;4.6;10;1.7;10.17;1;1.73;13329
100094;50.47228;4.59257;155;20240914;15.9;5.7;10.8;1.3;9.94;0;1.91;15365
100094;50.47228;4.59257;155;20240915;18;5.4;11.7;1.4;10.7;0;2.1;17118
100094;50.47228;4.59257;155;20240916;18.8;10.2;14.5;2.2;13.5;2;1.7;9632
100094;50.47228;4.59257;155;20240917;17.9;12.5;15.2;4.7;14.17;1;1.97;10653
100094;50.47228;4.59257;155;20240918;21.2;13.1;17.2;4.4;15.64;0;2.38;12389
100094;50.47228;4.59257;155;20240919;22.9;13.2;18.1;4.2;15.67;0;2.91;15928
100094;50.47228;4.59257;155;20240920;22.1;12.5;17.3;3;15.04;0;2.55;15072
100094;50.47228;4.59257;155;20240921;24.5;11.6;18;1.8;14.67;0;2.54;15331
100094;50.47228;4.59257;155;20240922;20.5;14.5;17.5;2.1;15.8;0;1.55;6000
100094;50.47228;4.59257;155;20240923;19.4;15;17.2;3.4;15.07;0;2.15;11073
100094;50.47228;4.59257;155;20240924;16.5;12.8;14.6;3.4;14.44;4;1.31;6627
100094;50.47228;4.59257;155;20240925;16.4;13;14.7;3.4;14.47;11;1.24;5408
100094;50.47228;4.59257;155;20240926;18.8;13.1;15.9;4.8;15.1;2;1.65;6977
100094;50.47228;4.59257;155;20240927;14.8;11.3;13;6.3;11.47;3;1.99;8370
100094;50.47228;4.59257;155;20240928;13.7;8.8;11.2;2.4;10.3;1;1.56;11475
100094;50.47228;4.59257;155;20240929;13.9;3.6;8.8;2.3;8.97;0;1.42;11221
100094;50.47228;4.59257;155;20240930;16.6;9.1;12.8;4.8;12.3;3;1.46;5386
100094;50.47228;4.59257;155;20241001;15.7;12.1;13.9;5.1;12.17;1;1.8;6155
100094;50.47228;4.59257;155;20241002;16.1;8.4;12.2;2.6;11.77;0;1.45;10466
100094;50.47228;4.59257;155;20241003;12.2;7.6;9.9;3.2;10.9;0;1.03;8700
100094;50.47228;4.59257;155;20241004;14.3;5.9;10.1;2.1;9.74;0;1.43;13097
100094;50.47228;4.59257;155;20241005;15.1;3.4;9.3;1.3;9.2;0;1.31;13734
100094;50.47228;4.59257;155;20241006;14.8;5.7;10.2;3.5;10.67;0;1.26;8876
100094;50.47228;4.59257;155;20241007;17.8;12.7;15.2;3.3;15.1;5;1.3;8220
100094;50.47228;4.59257;155;20241008;17.8;14.2;16;4.2;14.97;0;1.56;8183
100094;50.47228;4.59257;155;20241009;14.2;13.1;13.6;3.9;13.8;42;0.92;2516
100094;50.47228;4.59257;155;20241010;14.2;11.8;13;3.3;12.6;4;1.14;5569
100094;50.47228;4.59257;155;20241011;12.5;6.9;9.7;1.7;9.5;0;1.06;9402
100094;50.47228;4.59257;155;20241012;12;4.7;8.3;2.8;9.94;2;0.77;4827
100094;50.47228;4.59257;155;20241013;11.2;6.7;8.9;3.5;9.6;0;1.01;7801
100094;50.47228;4.59257;155;20241014;9.8;5.8;7.8;2.1;9.7;2;0.61;3079
100094;50.47228;4.59257;155;20241015;16.9;8.4;12.7;2.6;12.84;0;1.03;6699
100094;50.47228;4.59257;155;20241016;22.3;12.3;17.3;4.5;15.17;1;2;7287
100094;50.47228;4.59257;155;20241017;19.1;16.6;17.9;3.1;16.67;3;1.3;4385
100094;50.47228;4.59257;155;20241018;15.9;14;15;1.8;16.17;3;0.59;2031
100094;50.47228;4.59257;155;20241019;14.7;11.9;13.3;3.3;14.1;1;0.75;4260
100094;50.47228;4.59257;155;20241020;16.5;13.1;14.8;4.7;14.44;1;1.17;5335
100094;50.47228;4.59257;155;20241021;13.3;13;13.1;3;14.6;6;0.53;2376
100094;50.47228;4.59257;155;20241022;15.2;8.5;11.8;2.2;11.87;0;0.88;8063
100094;50.47228;4.59257;155;20241023;16.2;6.4;11.3;1.6;10.9;0;0.88;9723
100094;50.47228;4.59257;155;20241024;15.8;4.4;10.1;2.4;10.67;0;0.93;9479
100094;50.47228;4.59257;155;20241025;19.4;11.2;15.3;2.7;14.04;0;1.2;8488
100094;50.47228;4.59257;155;20241026;21.3;10.6;16;1.8;14.2;0;1.12;8299
100094;50.47228;4.59257;155;20241027;15.2;12.7;13.9;1.5;14.37;1;0.64;3173
100094;50.47228;4.59257;155;20241028;15.5;10.1;12.8;2.9;13.5;0;0.72;4687
100094;50.47228;4.59257;155;20241029;15.6;11.3;13.5;3.4;12.87;1;0.98;5494
100094;50.47228;4.59257;155;20241030;14.1;11.2;12.6;1.5;13.4;0;0.55;3499
100094;50.47228;4.59257;155;20241031;15.9;10.2;13;1.1;12.2;0;0.61;7212
100094;50.47228;4.59257;155;20241101;10;8.1;9.1;1.9;11.37;0;0.4;1364
100094;50.47228;4.59257;155;20241102;11.7;9.5;10.6;2.3;11.67;0;0.57;1770
100094;50.47228;4.59257;155;20241103;11.2;9.3;10.3;1.4;10.27;0;0.61;3491
100094;50.47228;4.59257;155;20241104;13.3;1.4;7.3;1.2;8.34;0;0.46;7901
100094;50.47228;4.59257;155;20241105;9.6;1;5.3;1.5;8.7;0;0.27;5700
100094;50.47228;4.59257;155;20241106;9;7.3;8.1;1.4;10.64;0;0.38;1050
100094;50.47228;4.59257;155;20241107;8.6;7.1;7.8;2.7;9.84;0;0.47;1815
100094;50.47228;4.59257;155;20241108;5.5;4.4;4.9;2.1;8.37;0;0.36;1114
100094;50.47228;4.59257;155;20241109;8.7;5.4;7.1;1.3;9.8;0;0.36;1660
100094;50.47228;4.59257;155;20241110;10.7;8.2;9.5;1;10.97;0;0.42;1797
100094;50.47228;4.59257;155;20241111;11.3;7.7;9.5;2.7;10.1;3;0.62;3297
100094;50.47228;4.59257;155;20241112;9.5;6.5;8;4.9;9.8;0;0.53;2889
100094;50.47228;4.59257;155;20241113;8.8;3.8;6.3;2.4;8.8;0;0.34;4073
100094;50.47228;4.59257;155;20241114;9.6;7.2;8.4;1.7;10.44;1;0.38;1741
100094;50.47228;4.59257;155;20241115;8.7;7.5;8.1;1.2;9.24;0;0.48;1944
100094;50.47228;4.59257;155;20241116;7.3;5.2;6.3;3.4;7.8;1;0.71;2286
100094;50.47228;4.59257;155;20241117;8.2;6.2;7.2;4.7;8.94;4;0.58;2687
100094;50.47228;4.59257;155;20241118;8.2;5.2;6.7;3.5;9.3;10;0.32;2743
100094;50.47228;4.59257;155;20241119;10.9;5.8;8.4;5.8;10.07;15;0.57;2191
100094;50.47228;4.59257;155;20241120;4.1;1.4;2.7;3.9;6.8;2;0.23;4400
100094;50.47228;4.59257;155;20241121;-0.3;-0.9;-0.6;0.3;5.5;0;0.16;2600
100094;50.47228;4.59257;155;20241122;3.6;-3.6;0;1.9;5.9;4;0.1;3800
100094;50.47228;4.59257;155;20241123;6.8;0.6;3.7;3.5;7.3;3;0.38;2100
100094;50.47228;4.59257;155;20241124;16.5;6.3;11.4;6;11.8;0;0.85;4500
100094;50.47228;4.59257;155;20241125;15.5;14.7;15.1;4.6;12.2;7;1.69;900
100094;50.47228;4.59257;155;20241126;10;7.3;8.6;2.2;9.9;3;0.2;4500
100094;50.47228;4.59257;155;20241127;11.4;6;8.7;3.7;10;1;0.59;1300
100094;50.47228;4.59257;155;20241128;8.1;4.4;6.2;2.2;8.2;0;0.23;4100
100094;50.47228;4.59257;155;20241129;6.6;-1.4;2.6;1.6;6.4;0;0.01;5400
100094;50.47228;4.59257;155;20241130;8.4;0.7;4.5;1.8;6.9;0;0.17;4800
100094;50.47228;4.59257;155;20241201;7.9;0.2;4.1;2.1;7.3;0;0.2;3700
100094;50.47228;4.59257;155;20241202;11.4;6.4;8.9;2.8;11;6;0.22;2500
100094;50.47228;4.59257;155;20241203;6.9;6;6.4;2;8.5;0;0.33;2100
100094;50.47228;4.59257;155;20241204;5.5;0;2.8;1.2;7;0;0.21;1800
100094;50.47228;4.59257;155;20241205;7;3.8;5.4;3.8;8.8;10;0.25;800
100094;50.47228;4.59257;155;20241206;7.8;7;7.4;6.5;8.5;2;0.88;1754
100094;50.47228;4.59257;155;20241207;9.5;5;7.2;6.5;8.94;12;0.64;2169
100094;50.47228;4.59257;155;20241208;6.4;5.3;5.9;4.7;8.9;3;0.3;1128
100094;50.47228;4.59257;155;20241209;4.9;3.9;4.4;5.8;7.57;1;0.5;903
100094;50.47228;4.59257;155;20241210;4.7;3.7;4.2;5.5;7.54;0;0.47;698
100094;50.47228;4.59257;155;20241211;3.5;3.4;3.4;3.8;7;0;0.49;475
100094;50.47228;4.59257;155;20241212;1.6;1;1.3;2.4;6.17;0;0.31;1068
100094;50.47228;4.59257;155;20241213;2.2;-0.4;0.9;2.3;5.67;0;0.32;1840
100094;50.47228;4.59257;155;20241214;3.3;-0.8;1.3;3.7;6.4;1;0.26;1578
100094;50.47228;4.59257;155;20241215;7.8;2.6;5.2;4.3;8.57;0;0.21;2035
100094;50.47228;4.59257;155;20241216;9.4;7.8;8.6;5.4;11;1;0.25;1093
100094;50.47228;4.59257;155;20241217;7.9;6.8;7.4;3.6;9.5;0;0.4;1253
100094;50.47228;4.59257;155;20241218;11.5;5.4;8.4;4.2;10.5;5;0.35;1800
100094;50.47228;4.59257;155;20241219;11.8;11.4;11.6;6.5;10.17;7;1.48;1182
100094;50.47228;4.59257;155;20241220;6;1.4;3.7;4.3;7.14;1;0.28;3191
100094;50.47228;4.59257;155;20241221;8.1;5.1;6.6;5.6;9.37;3;0.28;1612
100094;50.47228;4.59257;155;20241222;6.3;5;5.6;6.4;7.7;9;0.63;2253
100094;50.47228;4.59257;155;20241223;5.4;2.2;3.8;5.3;7.7;2;0.25;1663
100094;50.47228;4.59257;155;20241224;5.5;1.4;3.5;3.1;7.74;1;0.19;1549
100094;50.47228;4.59257;155;20241225;8.2;5.5;6.8;2.4;9.7;0;0.23;1385
100094;50.47228;4.59257;155;20241226;4.9;4.6;4.7;1.7;8.4;0;0.25;949
100094;50.47228;4.59257;155;20241227;4.5;-0.5;2;1;6.24;0;0.05;3379
100094;50.47228;4.59257;155;20241228;5.4;-2.7;1.4;1.4;5.74;0;0.09;4148
100094;50.47228;4.59257;155;20241229;1.1;-1.6;-0.2;3;6;0;0.19;710
100094;50.47228;4.59257;155;20241230;3;1.1;2.1;3.6;6.94;0;0.21;1127
100094;50.47228;4.59257;155;20241231;2.6;-0.9;0.8;5.3;6.27;0;0.2;1747
100096;50.50328;5.29569;226;20240903;24;17.4;20.7;2;20.15;2;2.36;11756
100096;50.50328;5.29569;226;20240904;19.8;16.5;18.1;1.3;18.3;1;1.45;6837
100096;50.50328;5.29569;226;20240905;23.8;14.9;19.4;2.7;19.1;6;2.13;10073
100096;50.50328;5.29569;226;20240906;18.2;15.9;17.1;1.9;18.3;2;1.03;4509
100096;50.50328;5.29569;226;20240907;26.5;13.3;19.9;1.8;18.1;7;2.75;14362
100096;50.50328;5.29569;226;20240908;20.3;15.1;17.7;3.7;16.7;2;2.74;17360
100096;50.50328;5.29569;226;20240909;17.6;13.8;15.7;3.4;16.02;12;1.4;6691
100096;50.50328;5.29569;226;20240910;16;12;14;4.1;14.32;10;1.59;10425
100096;50.50328;5.29569;226;20240911;15.2;9.5;12.4;3.9;12.07;3;2.08;15813
100096;50.50328;5.29569;226;20240912;12.5;6;9.3;2.5;9.8;2;1.59;11854
100096;50.50328;5.29569;226;20240913;14.8;4.1;9.5;1.6;10.2;0;1.48;10992
100096;50.50328;5.29569;226;20240914;15.1;4.7;9.9;1.3;10.05;0;1.84;16172
100096;50.50328;5.29569;226;20240915;17.3;4.3;10.8;1.3;10.85;0;1.97;16897
100096;50.50328;5.29569;226;20240916;17.7;9.7;13.7;1.9;13.9;0;1.58;10758
100096;50.50328;5.29569;226;20240917;16.5;12.8;14.7;3.6;14.82;1;1.51;9409
100096;50.50328;5.29569;226;20240918;21.8;12.3;17;3.2;15.95;1;2.24;13032
100096;50.50328;5.29569;226;20240919;22.8;12.1;17.5;2.8;15.82;1;2.59;16288
100096;50.50328;5.29569;226;20240920;22.6;11.2;16.9;2.1;14.92;0;2.48;16556
100096;50.50328;5.29569;226;20240921;24.1;10.9;17.5;1.4;15.1;0;2.43;16318
100096;50.50328;5.29569;226;20240922;22.1;13.2;17.6;1.8;15.7;3;1.81;8234
100096;50.50328;5.29569;226;20240923;18.7;15.6;17.1;3.3;15.37;0;2.03;10610
100096;50.50328;5.29569;226;20240924;16.5;12.2;14.4;3.3;14.47;3;1.29;6792
100096;50.50328;5.29569;226;20240925;15.4;12.6;14;3.4;14.7;14;0.99;4532
100096;50.50328;5.29569;226;20240926;17.8;13.2;15.5;5.2;15.5;2;1.41;6102
100096;50.50328;5.29569;226;20240927;14.7;10.9;12.8;6.3;12.12;3;1.79;10041
100096;50.50328;5.29569;226;20240928;12.4;7.6;10;2.1;10.65;2;1.19;9507
100096;50.50328;5.29569;226;20240929;13.3;2.7;8;2.1;9.15;0;1.29;11367
100096;50.50328;5.29569;226;20240930;16.3;8.7;12.5;4.7;12.47;1;1.39;6406
100096;50.50328;5.29569;226;20241001;15.2;11.2;13.2;4.6;12.62;1;1.47;6701
100096;50.50328;5.29569;226;20241002;15.5;8;11.8;1.9;11.82;0;1.34;11395
100096;50.50328;5.29569;226;20241003;11.8;7.3;9.6;2.9;10.65;0;0.97;6633
100096;50.50328;5.29569;226;20241004;13.9;5;9.4;1.5;10;0;1.22;11736
100096;50.50328;5.29569;226;20241005;15;2.5;8.8;1.3;9.15;0;1.3;13341
100096;50.50328;5.29569;226;20241006;14.5;5.2;9.8;2.8;10.82;0;1.13;8759
100096;50.50328;5.29569;226;20241007;18.3;12.2;15.2;3.4;15.65;6;1.26;8465
100096;50.50328;5.29569;226;20241008;16.6;14.6;15.6;4.2;15.65;1;1.26;7297
100096;50.50328;5.29569;226;20241009;15;12.9;13.9;3.6;14.35;47;0.88;2548
100096;50.50328;5.29569;226;20241010;13.6;11.3;12.5;2.7;12.87;7;0.92;4772
100096;50.50328;5.29569;226;20241011;12.1;7.1;9.6;1.5;9.95;1;0.97;9122
100096;50.50328;5.29569;226;20241012;12.2;4.1;8.2;2.4;9.92;2;0.78;4884
100096;50.50328;5.29569;226;20241013;10.6;6.6;8.6;3.1;10.05;0;0.87;7669
100096;50.50328;5.29569;226;20241014;11.3;5.1;8.2;1.6;10.02;2;0.66;3930
100096;50.50328;5.29569;226;20241015;15.6;9;12.3;2.1;13.05;0;0.9;6966
100096;50.50328;5.29569;226;20241016;21;12.1;16.5;4.2;15.5;0;1.64;7545
100096;50.50328;5.29569;226;20241017;19.3;16.2;17.8;3.2;17.02;0;1.27;5026
100096;50.50328;5.29569;226;20241018;15.7;13.5;14.6;1.1;16.3;8;0.57;2477
100096;50.50328;5.29569;226;20241019;14.6;11.6;13.1;2.7;14.25;1;0.71;4938
100096;50.50328;5.29569;226;20241020;16.2;11.7;13.9;4.4;14.2;0;1.04;5931
100096;50.50328;5.29569;226;20241021;14.6;14;14.3;3;15.62;5;0.59;1798
100096;50.50328;5.29569;226;20241022;15.1;9;12.1;2.1;12.15;0;0.89;9006
100096;50.50328;5.29569;226;20241023;15.8;5.4;10.6;1.5;10.67;0;0.83;9748
100096;50.50328;5.29569;226;20241024;14.2;4.3;9.2;2.1;10.8;0;0.71;9072
100096;50.50328;5.29569;226;20241025;19.2;10.6;14.9;2.3;14.25;1;1.05;7758
100096;50.50328;5.29569;226;20241026;21.7;11.6;16.6;1.8;14.42;0;1.21;8567
100096;50.50328;5.29569;226;20241027;14.3;11.3;12.8;1.5;14.15;1;0.55;2291
100096;50.50328;5.29569;226;20241028;15.9;12.6;14.3;2.4;14.2;0;0.82;4492
100096;50.50328;5.29569;226;20241029;15.8;10.5;13.2;2.7;12.92;1;0.87;7528
100096;50.50328;5.29569;226;20241030;14.3;11.1;12.7;1.1;13.4;0;0.55;3801
100096;50.50328;5.29569;226;20241031;15.5;6.4;11;1;11.22;0;0.53;8349
100096;50.50328;5.29569;226;20241101;10.5;8;9.2;1.8;11.37;0;0.43;2712
100096;50.50328;5.29569;226;20241102;11.6;9.4;10.5;1.5;11.8;0;0.53;1682
100096;50.50328;5.29569;226;20241103;11.9;8.2;10.1;1.2;10.45;0;0.5;5173
100096;50.50328;5.29569;226;20241104;13.6;1.2;7.4;1;8.6;0;0.4;8173
100096;50.50328;5.29569;226;20241105;12.3;2.3;7.3;1.2;8.85;0;0.38;7607
100096;50.50328;5.29569;226;20241106;9.2;5.2;7.2;1;10.5;0;0.32;2109
100096;50.50328;5.29569;226;20241107;9;7.7;8.4;1.9;10.02;0;0.43;3532
100096;50.50328;5.29569;226;20241108;5.4;3.5;4.4;1.9;8.02;0;0.37;1506
100096;50.50328;5.29569;226;20241109;9.7;4.9;7.3;1.3;9.87;0;0.36;2483
100096;50.50328;5.29569;226;20241110;10.6;8.2;9.4;0.9;11.22;0;0.4;1923
100096;50.50328;5.29569;226;20241111;11;6.8;8.9;2.3;10.27;9;0.49;3374
100096;50.50328;5.29569;226;20241112;9.1;7;8.1;3.8;9.95;0;0.47;3390
100096;50.50328;5.29569;226;20241113;7.7;4.2;5.9;1.9;8.97;0;0.25;3990
100096;50.50328;5.29569;226;20241114;9.4;6.7;8.1;1.3;10.37;1;0.37;1838
100096;50.50328;5.29569;226;20241115;8.1;6.9;7.5;0.9;9.45;0;0.4;1610
100096;50.50328;5.29569;226;20241116;6.7;4.8;5.7;3;8.05;2;0.53;2424
100096;50.50328;5.29569;226;20241117;7.9;5.4;6.6;4.7;8.8;4;0.58;1904
100096;50.50328;5.29569;226;20241118;7.6;4.4;6;3.3;9.27;10;0.23;2705
100096;50.50328;5.29569;226;20241119;10.5;5.2;7.9;5.1;9.97;13;0.56;971
100096;50.50328;5.29569;226;20241120;3.9;1.4;2.6;4.3;6.65;1;0.36;3785
100096;50.50328;5.29569;226;20241121;0.1;-1;-0.4;2.5;5.55;0;0.28;2144
100096;50.50328;5.29569;226;20241122;2.5;-3.7;-0.6;3.6;5.65;4;0.22;3301
100096;50.50328;5.29569;226;20241123;6.1;0.5;3.3;5.5;6.92;2;0.55;2418
100096;50.50328;5.29569;226;20241124;16.9;5.7;11.3;6.2;11.6;0;0.97;4233
100096;50.50328;5.29569;226;20241125;15.4;13.8;14.6;4.3;12.03;6;1.52;1233
100096;50.50328;5.29569;226;20241126;9.7;7.3;8.5;3.6;9.65;2;0.45;3895
100096;50.50328;5.29569;226;20241127;10.8;6;8.4;4.8;9.8;1;0.68;1592
100096;50.50328;5.29569;226;20241128;7.9;5;6.4;2.6;8.2;0;0.34;3914
100096;50.50328;5.29569;226;20241129;7.1;-1.6;2.8;2;6.42;0;0.16;5109
100096;50.50328;5.29569;226;20241130;8;0.2;4.1;2.8;6.32;0;0.42;5075
100096;50.50328;5.29569;226;20241201;7.8;-0.4;3.7;3.3;6.77;0;0.4;4245
100096;50.50328;5.29569;226;20241202;11.1;6;8.6;4.1;10.45;3;0.41;2265
100096;50.50328;5.29569;226;20241203;6.5;5.5;6;2.5;8.4;0;0.32;2497
100096;50.50328;5.29569;226;20241204;4.6;1.1;2.8;2.2;7.05;0;0.26;1915
100096;50.50328;5.29569;226;20241205;5.7;3.4;4.5;5.5;8.15;11;0.32;1171
100096;50.50328;5.29569;226;20241206;7.5;5.7;6.6;5.7;8.85;1;0.5;1878
100096;50.50328;5.29569;226;20241207;9.2;4.3;6.7;6.3;8.92;7;0.58;1883
100096;50.50328;5.29569;226;20241208;6.9;4.7;5.8;3.5;8.62;1;0.35;1775
100096;50.50328;5.29569;226;20241209;4.3;3.2;3.8;4.4;7.67;2;0.32;991
100096;50.50328;5.29569;226;20241210;4.5;3.1;3.8;4.1;7.77;0;0.3;820
100096;50.50328;5.29569;226;20241211;3.2;3.1;3.1;2.8;7.07;0;0.4;727
100096;50.50328;5.29569;226;20241212;1.1;0.1;0.6;1.6;5.97;0;0.24;1414
100096;50.50328;5.29569;226;20241213;1.9;-1;0.4;1.9;5.65;0;0.17;2657
100096;50.50328;5.29569;226;20241214;2.1;-2;0;3.4;6.25;1;0.17;1061
100096;50.50328;5.29569;226;20241215;6.9;1.8;4.3;4.2;8.42;0;0.17;1569
100096;50.50328;5.29569;226;20241216;9.3;6.7;8;4.9;10.75;2;0.21;1220
100096;50.50328;5.29569;226;20241217;7.5;6.3;6.9;3.4;9.37;0;0.34;1537
100096;50.50328;5.29569;226;20241218;11;5.4;8.2;6.2;10;4;0.59;1708
100096;50.50328;5.29569;226;20241219;11.9;10.5;11.2;6.3;10.57;12;1.23;1215
100096;50.50328;5.29569;226;20241220;4.6;1.6;3.1;4;7.3;1;0.13;3133
100096;50.50328;5.29569;226;20241221;7.7;4.1;5.9;5.5;9.12;2;0.25;1363
100096;50.50328;5.29569;226;20241222;6.3;5.8;6.1;5.1;8.05;12;0.56;2498
100096;50.50328;5.29569;226;20241223;5.5;0.7;3.1;4.1;7.65;3;0.09;2521
100096;50.50328;5.29569;226;20241224;4.6;0.8;2.7;2.8;7.45;1;0.15;1549
100096;50.50328;5.29569;226;20241225;7.8;4.4;6.1;2.1;9.32;1;0.22;1508
100096;50.50328;5.29569;226;20241226;6.2;3.1;4.7;1.2;8.02;0;0.08;2946
100096;50.50328;5.29569;226;20241227;4.3;-1.6;1.3;0.8;6.02;0;0.03;4045
100096;50.50328;5.29569;226;20241228;5.6;-2.9;1.3;1.1;5.62;0;0.07;4776
100096;50.50328;5.29569;226;20241229;0.3;-2.3;-1;2.4;5.67;0;0.18;1152
100096;50.50328;5.29569;226;20241230;1.7;-0.3;0.7;3.3;6.27;0;0.24;990
100096;50.50328;5.29569;226;20241231;1.4;-1.6;-0.1;4.8;5.92;0;0.21;1544
101095;50.71245;4.9198;111;20241009;14.2;13.1;13.7;3.3;14.3;42;0.8;3063
101095;50.71245;4.9198;111;20241010;14;11.9;13;2.7;13.07;3;0.95;5519
101095;50.71245;4.9198;111;20241011;12.4;7.2;9.8;1.5;10.07;0;0.95;9093
101095;50.71245;4.9198;111;20241012;12.3;5.3;8.8;2.4;10.24;1;0.75;4712
101095;50.71245;4.9198;111;20241013;11.5;7.3;9.4;3.1;10.2;0;0.93;8306
101095;50.71245;4.9198;111;20241014;9.1;5.7;7.4;1.7;9.74;3;0.54;3466
101095;50.71245;4.9198;111;20241015;16.5;7.4;11.9;2.1;12.27;1;0.94;6758
101095;50.71245;4.9198;111;20241016;20.9;10.4;15.7;3.1;15.14;0;1.26;6436
101095;50.71245;4.9198;111;20241017;19.4;16.7;18.1;2.7;17.3;1;1.17;4583
101095;50.71245;4.9198;111;20241018;15.8;14.3;15.1;1.1;16.67;3;0.56;2372
101095;50.71245;4.9198;111;20241019;15.2;12.2;13.7;2.8;14.57;0;0.71;4484
101095;50.71245;4.9198;111;20241020;16.8;13;14.9;4.1;14.77;0;1.03;5609
101095;50.71245;4.9198;111;20241021;13.5;13.4;13.4;2.8;15.04;7;0.49;1442
101095;50.71245;4.9198;111;20241022;15.6;8.9;12.2;2.2;12.34;0;0.85;8283
101095;50.71245;4.9198;111;20241023;16.5;8.9;12.7;1.3;11.64;0;0.84;8666
101095;50.71245;4.9198;111;20241024;15.2;5;10.1;1.5;10.94;0;0.68;9227
101095;50.71245;4.9198;111;20241025;19.3;10.9;15.1;2;14.57;0;0.92;7407
101095;50.71245;4.9198;111;20241026;21.9;11.1;16.5;1.2;14.9;0;0.92;7921
101095;50.71245;4.9198;111;20241027;16;12.9;14.5;1.2;14.57;1;0.62;3317
101095;50.71245;4.9198;111;20241028;16;11.1;13.5;2.4;13.87;1;0.71;5427
101095;50.71245;4.9198;111;20241029;15.7;11.3;13.5;2.9;13.54;1;0.78;5210
101095;50.71245;4.9198;111;20241030;13.9;11.5;12.7;1.1;13.8;0;0.51;2702
101095;50.71245;4.9198;111;20241031;16.1;11.6;13.8;1;12.84;0;0.6;7044
101095;50.71245;4.9198;111;20241101;10.1;8.2;9.2;1.9;11.67;0;0.33;2086
101095;50.71245;4.9198;111;20241102;12.1;9.8;10.9;1.7;12.1;0;0.51;1919
101095;50.71245;4.9198;111;20241103;11.4;8;9.7;1.4;10.4;0;0.5;4275
101095;50.71245;4.9198;111;20241104;7.7;2.5;5.1;1;8.5;0;0.27;4856
101095;50.71245;4.9198;111;20241105;9.1;1.9;5.5;1.1;8.94;0;0.23;6146
101095;50.71245;4.9198;111;20241106;8.9;7.7;8.3;1;10.74;0;0.37;1335
101095;50.71245;4.9198;111;20241107;8;6.8;7.4;2.1;9.7;0;0.42;1502
101095;50.71245;4.9198;111;20241108;5.4;4.2;4.8;1.7;8.24;0;0.36;1317
101095;50.71245;4.9198;111;20241109;8.8;5.3;7.1;0.9;9.84;0;0.35;1716
101095;50.71245;4.9198;111;20241110;11.1;8.1;9.6;0.8;11.04;0;0.4;2102
101095;50.71245;4.9198;111;20241111;12.1;6.7;9.4;2.3;10.5;4;0.49;3835
101095;50.71245;4.9198;111;20241112;9.5;7.3;8.4;3.7;10.07;0;0.47;3154
101095;50.71245;4.9198;111;20241113;8.9;3.7;6.3;1.5;9.1;0;0.26;3459
101095;50.71245;4.9198;111;20241114;9.9;6.9;8.4;1.3;10.57;1;0.35;1834
101095;50.71245;4.9198;111;20241115;8.9;7.5;8.2;1;9.74;0;0.41;1887
101095;50.71245;4.9198;111;20241116;7.4;5.5;6.4;3;8.4;2;0.53;2176
101095;50.71245;4.9198;111;20241117;8.6;6.6;7.6;4.2;9.3;5;0.55;2151
101095;50.71245;4.9198;111;20241118;8.8;5.2;7;2.8;9.5;9;0.28;2666
101095;50.71245;4.9198;111;20241119;11;5.8;8.4;4.8;10.14;16;0.58;1097
101095;50.71245;4.9198;111;20241120;4.9;1.8;3.3;4.4;6.77;3;0.37;4441
101095;50.71245;4.9198;111;20241121;0.2;-0.3;0;1.9;5.64;0;0.26;1958
101095;50.71245;4.9198;111;20241122;4;-2.5;0.8;3.4;5.87;6;0.27;3721
101095;50.71245;4.9198;111;20241123;6.7;0.7;3.7;5.3;7.07;2;0.53;2548
101095;50.71245;4.9198;111;20241124;17.2;6.4;11.8;6.7;11.97;0;0.99;4400
101095;50.71245;4.9198;111;20241125;15.9;14.9;15.4;5.2;12.37;5;1.78;1033
101095;50.71245;4.9198;111;20241126;10.2;7.6;8.9;3.2;9.9;2;0.37;4049
101095;50.71245;4.9198;111;20241127;11.4;6.3;8.9;4.9;9.97;2;0.7;1520
101095;50.71245;4.9198;111;20241128;8.6;5;6.8;2.3;8.4;0;0.24;4359
101095;50.71245;4.9198;111;20241129;6.8;1.2;4;1.4;6.87;0;0.1;4520
101095;50.71245;4.9198;111;20241130;8.1;0.9;4.5;1.6;6.57;0;0.22;4424
101095;50.71245;4.9198;111;20241201;7.9;0.7;4.3;2.7;7.17;1;0.31;3662
101095;50.71245;4.9198;111;20241202;11.6;6.8;9.2;3.9;10.9;4;0.31;2759
101095;50.71245;4.9198;111;20241203;7;5.8;6.4;2.3;8.6;0;0.3;2403
101095;50.71245;4.9198;111;20241204;5.5;1.3;3.4;2.1;7.27;0;0.22;2230
101095;50.71245;4.9198;111;20241205;7.1;3.6;5.4;5.7;8.64;12;0.29;1102
101095;50.71245;4.9198;111;20241206;8.5;6.9;7.7;5.5;9.1;1;0.55;2703
101095;50.71245;4.9198;111;20241207;9.8;4.8;7.3;6.5;9.24;9;0.5;2605
101095;50.71245;4.9198;111;20241208;6.5;5.4;6;3.8;9.04;2;0.24;1494
101095;50.71245;4.9198;111;20241209;5.3;4;4.7;4.7;7.9;1;0.41;815
101095;50.71245;4.9198;111;20241210;5.1;4.1;4.6;4.3;7.84;0;0.4;985
101095;50.71245;4.9198;111;20241211;3.6;3.5;3.6;2.9;7.24;0;0.38;812
101095;50.71245;4.9198;111;20241212;2.1;1.4;1.7;2;6.47;0;0.29;935
101095;50.71245;4.9198;111;20241213;1.8;-0.4;0.7;1.9;5.8;0;0.25;1545
101095;50.71245;4.9198;111;20241214;3.4;-0.6;1.4;3.2;6.7;1;0.18;1083
101095;50.71245;4.9198;111;20241215;8.1;2.6;5.4;4;8.77;0;0.18;1860
101095;50.71245;4.9198;111;20241216;9.8;8.1;8.9;4.7;11.3;0;0.2;1243
101095;50.71245;4.9198;111;20241217;8.5;6.2;7.3;3.3;9.64;0;0.27;1858
101095;50.71245;4.9198;111;20241218;11.9;5.8;8.8;6.1;10.27;5;0.57;2066
101095;50.71245;4.9198;111;20241219;11.9;10.9;11.4;6;10.64;8;1.2;1508
101095;50.71245;4.9198;111;20241220;5.6;2.1;3.9;3.7;7.54;1;0.1;3473
101095;50.71245;4.9198;111;20241221;8.4;5.1;6.7;5.4;9.6;3;0.21;1466
101095;50.71245;4.9198;111;20241222;6.6;6.4;6.5;4.7;8.17;10;0.63;1690
101095;50.71245;4.9198;111;20241223;6.2;2.5;4.4;4.1;8.07;3;0.13;2588
101095;50.71245;4.9198;111;20241224;5.6;1.3;3.5;2.8;7.87;1;0.14;1360
101095;50.71245;4.9198;111;20241225;8.3;5.6;7;2.1;9.94;0;0.19;1282
101095;50.71245;4.9198;111;20241226;5.2;5;5.1;1.5;8.67;0;0.23;1070
101095;50.71245;4.9198;111;20241227;1.9;1.1;1.5;1.1;6.57;0;0.13;1757
101095;50.71245;4.9198;111;20241228;5.4;-2.7;1.3;0.8;5.87;0;0.03;3970
101095;50.71245;4.9198;111;20241229;1.6;-1.4;0.1;2.9;6.17;0;0.15;1085
101095;50.71245;4.9198;111;20241230;3.6;1.3;2.4;3.6;7.07;0;0.22;911
101095;50.71245;4.9198;111;20241231;2.8;-0.6;1.1;5.1;6.44;0;0.17;1681
101094;50.69632;4.56668;130;20241110;10.9;8.3;9.6;0.9;11;0;0.43;1775
101094;50.69632;4.56668;130;20241111;11.5;7.5;9.5;2.5;10.5;4;0.52;3625
101094;50.69632;4.56668;130;20241112;9.4;7.6;8.5;3.8;10.07;0;0.54;2625
101094;50.69632;4.56668;130;20241113;9.1;3.7;6.4;1.7;9.15;0;0.27;4150
101094;50.69632;4.56668;130;20241114;9.7;7.1;8.4;1.4;10.77;1;0.34;1475
101094;50.69632;4.56668;130;20241115;8.9;7.7;8.3;1;9.97;0;0.42;1575
101094;50.69632;4.56668;130;20241116;7.4;5.5;6.5;2.9;8.55;2;0.53;1975
101094;50.69632;4.56668;130;20241117;8.6;6.7;7.7;3.6;9.4;5;0.51;2250
101094;50.69632;4.56668;130;20241118;8.3;5.5;6.9;2.8;9.55;9;0.28;2750
101094;50.69632;4.56668;130;20241119;10.7;5.9;8.3;4.2;10.2;19;0.55;600
101094;50.69632;4.56668;130;20241120;4.4;1.8;3.1;3.9;6.9;4;0.3;3800
101094;50.69632;4.56668;130;20241121;0.1;-0.5;-0.2;0.9;5.8;0;0.16;2600
101094;50.69632;4.56668;130;20241122;4.3;-1.6;1.4;2;6.2;5;0.18;3700
101094;50.69632;4.56668;130;20241123;6.4;0.8;3.6;4.5;7.3;2;0.39;2200
101094;50.69632;4.56668;130;20241124;16.9;6.3;11.6;6.6;11.9;0;0.96;4400
101094;50.69632;4.56668;130;20241125;15.4;14.8;15.1;5.3;12.3;6;1.79;900
101094;50.69632;4.56668;130;20241126;10.2;7.5;8.9;2.8;10;3;0.28;4400
101094;50.69632;4.56668;130;20241127;11.1;6.3;8.7;4.3;10.1;2;0.64;1000
101094;50.69632;4.56668;130;20241128;8.1;5.5;6.8;2.9;8.6;0;0.19;5100
101094;50.69632;4.56668;130;20241129;6.5;0.7;3.6;2.2;7;0;0.03;5600
101094;50.69632;4.56668;130;20241130;7.6;1.2;4.4;2.7;7.1;0;0.19;5200
101094;50.69632;4.56668;130;20241201;7.9;0.8;4.4;3.3;7.6;0;0.22;4000
101094;50.69632;4.56668;130;20241202;11.3;6.7;9;3.2;11.1;4;0.18;2900
101094;50.69632;4.56668;130;20241203;6.9;6.1;6.5;2.6;8.8;0;0.28;2500
101094;50.69632;4.56668;130;20241204;5.3;1.8;3.6;2.2;7.4;0;0.26;1700
101094;50.69632;4.56668;130;20241205;7;3.7;5.4;4.8;8.8;12;0.26;800
101094;50.69632;4.56668;130;20241206;8.2;7.2;7.7;5.2;9.22;2;0.58;2150
101094;50.69632;4.56668;130;20241207;9.5;5.1;7.3;5.8;9.45;10;0.41;2500
101094;50.69632;4.56668;130;20241208;6.5;5.5;6;3.8;9.15;3;0.28;925
101094;50.69632;4.56668;130;20241209;5.2;4.2;4.7;4.6;7.92;1;0.45;575
101094;50.69632;4.56668;130;20241210;5;4.4;4.7;4.4;7.8;0;0.48;725
101094;50.69632;4.56668;130;20241211;3.6;3.6;3.6;3.1;7.22;0;0.42;750
101094;50.69632;4.56668;130;20241212;2;1.3;1.6;2.1;6.52;0;0.27;1075
101094;50.69632;4.56668;130;20241213;1.8;-0.3;0.8;2;5.9;0;0.29;1275
101094;50.69632;4.56668;130;20241214;3.5;-0.8;1.3;2.8;6.75;1;0.21;925
101094;50.69632;4.56668;130;20241215;8;2.7;5.3;3.5;8.8;0;0.24;1300
101094;50.69632;4.56668;130;20241216;9.6;8;8.8;4;11.35;0;0.21;1050
101094;50.69632;4.56668;130;20241217;8.1;6.9;7.5;3.1;9.77;0;0.34;1325
101094;50.69632;4.56668;130;20241218;11.8;5.7;8.8;5.4;10.55;6;0.52;1375
101094;50.69632;4.56668;130;20241219;11.6;11;11.3;5.5;10.72;6;1.12;1175
101094;50.69632;4.56668;130;20241220;5.9;1.7;3.8;3.4;7.65;1;0.05;3600
101094;50.69632;4.56668;130;20241221;8.3;5.3;6.8;4.8;9.85;3;0.21;1050
101094;50.69632;4.56668;130;20241222;6.6;6.6;6.6;4.6;8.37;10;0.53;2150
101094;50.69632;4.56668;130;20241223;5.6;2.7;4.1;4.3;8.22;2;0.11;1775
101094;50.69632;4.56668;130;20241224;5.8;1.8;3.8;2.6;8.1;1;0.18;1025
101094;50.69632;4.56668;130;20241225;8.2;5.8;7;2;10.07;0;0.21;1175
101094;50.69632;4.56668;130;20241226;5.4;5.4;5.4;1.5;8.82;0;0.21;1425
101094;50.69632;4.56668;130;20241227;2.3;1.1;1.7;1.1;6.72;0;0.06;2500
101094;50.69632;4.56668;130;20241228;5;-2.6;1.2;1.2;5.87;0;0.03;4400
101094;50.69632;4.56668;130;20241229;1.6;-1.6;0;2.5;6.2;0;0.17;950
101094;50.69632;4.56668;130;20241230;3.8;1.5;2.7;3.2;7.32;0;0.22;1025
101094;50.69632;4.56668;130;20241231;2.9;-0.6;1.2;4.6;6.65;0;0.16;1375
99094;50.24822;4.61816;248;20241130;8.1;-0.2;4;2;6.3;0;0.31;4375
99094;50.24822;4.61816;248;20241201;6.2;-1.6;2.3;2.5;6.64;0;0.19;3405
99094;50.24822;4.61816;248;20241202;10.6;5.5;8.1;3.4;10.34;6;0.22;2421
99094;50.24822;4.61816;248;20241203;6.5;5.1;5.8;2.3;8.17;0;0.33;2316
99094;50.24822;4.61816;248;20241204;4;-1.7;1.2;1.6;6.7;0;0.13;2291
99094;50.24822;4.61816;248;20241205;5.8;3;4.4;5;8.3;12;0.22;1103
99094;50.24822;4.61816;248;20241206;6.9;5.8;6.4;5.9;8.27;2;0.64;1749
99094;50.24822;4.61816;248;20241207;8.7;3.9;6.3;6.7;8.83;11;0.42;2430
99094;50.24822;4.61816;248;20241208;6.7;4.3;5.5;3.8;8.63;3;0.28;1601
99094;50.24822;4.61816;248;20241209;4.2;3.1;3.7;4.9;7.43;1;0.38;844
99094;50.24822;4.61816;248;20241210;4.2;2.9;3.6;4.2;7.53;0;0.3;1076
99094;50.24822;4.61816;248;20241211;3.2;3;3.1;2.7;7.03;0;0.41;425
99094;50.24822;4.61816;248;20241212;0.2;-0.2;0;1.6;5.87;0;0.24;967
99094;50.24822;4.61816;248;20241213;2.7;-1;0.8;2.1;5.63;0;0.23;2660
99094;50.24822;4.61816;248;20241214;1.8;-1.6;0.1;3.2;6.2;1;0.12;1591
99094;50.24822;4.61816;248;20241215;6.6;1.8;4.2;3.9;8.37;1;0.11;1733
99094;50.24822;4.61816;248;20241216;9;6.6;7.8;4.7;10.57;1;0.19;1230
99094;50.24822;4.61816;248;20241217;6.6;6.5;6.6;3.3;9.23;0;0.4;455
99094;50.24822;4.61816;248;20241218;10.4;4.3;7.3;6.5;9.83;5;0.32;2331
99094;50.24822;4.61816;248;20241219;11.2;10.2;10.7;6.4;10.33;8;1.14;1212
99094;50.24822;4.61816;248;20241220;4.6;0.7;2.6;4.2;7.07;1;0.15;2884
99094;50.24822;4.61816;248;20241221;7.5;4.1;5.8;5.4;9.17;6;0.16;1609
99094;50.24822;4.61816;248;20241222;5.9;5.9;5.9;5.5;7.87;6;0.67;1627
99094;50.24822;4.61816;248;20241223;4.6;0.7;2.7;5.1;7.57;1;0.04;2312
99094;50.24822;4.61816;248;20241224;4.5;0.6;2.6;2.5;7.3;2;0.16;1556
99094;50.24822;4.61816;248;20241225;7.6;4.5;6;1.7;9.2;0;0.19;1693
99094;50.24822;4.61816;248;20241226;7;3.4;5.2;1.2;8;0;0.22;2097
99094;50.24822;4.61816;248;20241227;5.3;-1.2;2.1;0.8;5.93;0;0.12;3668
99094;50.24822;4.61816;248;20241228;5;-3;1;1.2;5.4;0;0.15;3666
99094;50.24822;4.61816;248;20241229;0.1;-2.1;-1;2.1;5.67;0;0.2;833
99094;50.24822;4.61816;248;20241230;1.2;-0.2;0.5;3.1;6.23;0;0.22;886
99094;50.24822;4.61816;248;20241231;1.3;-1.9;-0.3;5.1;6;0;0.09;1816
99095;50.26417;4.96796;257;20241218;10.2;4.4;7.3;5.9;9.9;4;0.34;1816
99095;50.26417;4.96796;257;20241219;11.4;10;10.7;5.9;10.4;9;1.1;1279
99095;50.26417;4.96796;257;20241220;4.2;0.9;2.6;3.9;7.1;1;0.11;2977
99095;50.26417;4.96796;257;20241221;7.5;4;5.7;5;9.06;5;0.19;1529
99095;50.26417;4.96796;257;20241222;6;5.9;6;5.1;7.93;8;0.57;2394
99095;50.26417;4.96796;257;20241223;4.7;0.7;2.7;4.6;7.53;1;0.06;2338
99095;50.26417;4.96796;257;20241224;4.2;0.4;2.3;2.3;7.26;1;0.19;1226
99095;50.26417;4.96796;257;20241225;7.5;4.2;5.8;1.6;9.13;0;0.19;1629
99095;50.26417;4.96796;257;20241226;7;3.1;5.1;1.1;7.9;0;0.14;2765
99095;50.26417;4.96796;257;20241227;5.1;-1.8;1.6;0.8;5.83;0;0.12;4002
99095;50.26417;4.96796;257;20241228;5.2;-2.7;1.2;1.2;5.53;0;0.12;4156
99095;50.26417;4.96796;257;20241229;-0.2;-2.1;-1.2;1.9;5.56;0;0.2;966
99095;50.26417;4.96796;257;20241230;1.1;-0.5;0.3;2.9;6.1;0;0.23;830
99095;50.26417;4.96796;257;20241231;1;-1.9;-0.4;4.7;5.93;0;0.12;1609
99095;50.26417;4.96796;257;20241127;10.6;5.5;8.1;4.7;9.83;2;0.57;1613
99095;50.26417;4.96796;257;20241128;7.5;5;6.3;2.2;8.06;2;0.38;3291
99095;50.26417;4.96796;257;20241129;6.6;-2;2.3;1.7;6.24;0;0.13;4841
99095;50.26417;4.96796;257;20241130;8;-0.1;3.9;2.2;6.27;0;0.32;4808
99095;50.26417;4.96796;257;20241201;6.1;-1.8;2.2;2.6;6.63;0;0.18;3871
99095;50.26417;4.96796;257;20241202;10.5;5.3;7.9;3.7;10.3;5;0.25;2454
99095;50.26417;4.96796;257;20241203;6.3;5.2;5.7;2.3;8.2;0;0.33;2349
99095;50.26417;4.96796;257;20241204;4;-1.2;1.4;1.6;6.7;0;0.14;2225
99095;50.26417;4.96796;257;20241205;5.6;3.1;4.3;5.6;8.16;13;0.25;1170
99095;50.26417;4.96796;257;20241206;6.9;5.6;6.3;5.5;8.56;2;0.53;1833
99095;50.26417;4.96796;257;20241207;8.5;3.9;6.2;6.1;8.86;9;0.41;2101
99095;50.26417;4.96796;257;20241208;6.7;4.4;5.6;3.5;8.56;2;0.29;1730
99095;50.26417;4.96796;257;20241209;4.1;3.1;3.6;4.3;7.5;1;0.35;790
99095;50.26417;4.96796;257;20241210;4.1;2.9;3.5;3.7;7.56;0;0.31;904
99095;50.26417;4.96796;257;20241211;3.2;3;3.1;2.5;7.06;0;0.39;542
99095;50.26417;4.96796;257;20241212;0.3;-0.2;0;1.6;5.9;0;0.21;1285
99095;50.26417;4.96796;257;20241213;2.1;-1;0.6;2;5.7;0;0.16;2909
99095;50.26417;4.96796;257;20241214;1.7;-1.7;0;3.5;6.07;1;0.14;1374
99095;50.26417;4.96796;257;20241215;6.2;1.6;3.9;3.3;8.26;0;0.14;1303
99095;50.26417;4.96796;257;20241216;9;6.2;7.6;4.4;10.5;1;0.18;1120
99095;50.26417;4.96796;257;20241217;6.6;6.5;6.6;2.9;9.23;0;0.37;715
101095;50.71245;4.9198;111;20240201;8.6;6.1;7.4;3.7;8.5;0;0.7;3953
101095;50.71245;4.9198;111;20240202;7.1;3.4;5.3;5.4;8.1;0;0.48;4040
101095;50.71245;4.9198;111;20240203;9.8;7.1;8.5;5.8;10.9;0;0.29;2376
101095;50.71245;4.9198;111;20240204;10.2;9.3;9.8;7;11.4;2;0.53;877
101095;50.71245;4.9198;111;20240205;9.5;9.1;9.3;8.3;9.6;0;1.18;2123
101095;50.71245;4.9198;111;20240206;11.1;7.8;9.5;9;9.8;3;1.19;3146
101095;50.71245;4.9198;111;20240207;5.5;3.5;4.5;5.7;9;20;0;1426
101095;50.71245;4.9198;111;20240208;11.7;2.7;7.2;3.3;9.2;11;0.64;3175
101095;50.71245;4.9198;111;20240209;12.9;9.6;11.3;6.6;10.8;3;1.26;3750
101095;50.71245;4.9198;111;20240210;12.1;9.3;10.7;3;10.9;4;0.79;3655
101095;50.71245;4.9198;111;20240211;10.8;7;8.9;3.4;9.9;2;0.72;3366
101095;50.71245;4.9198;111;20240212;9.7;6;7.9;3.3;8.6;1;0.83;5392
101095;50.71245;4.9198;111;20240213;9.3;2.7;6;5.2;7.7;0;0.93;5354
101095;50.71245;4.9198;111;20240214;12;7.4;9.7;6.7;11.3;2;0.61;2500
101095;50.71245;4.9198;111;20240215;16.5;11.5;14;4.3;11.3;0;1.71;3483
101095;50.71245;4.9198;111;20240216;13.5;12.5;13;4.8;11.2;1;1.51;3221
101095;50.71245;4.9198;111;20240217;13.3;7.9;10.6;3.5;9.7;0;1.21;4214
101095;50.71245;4.9198;111;20240218;10.5;8.5;9.5;6.2;9.7;6;1.15;2804
101095;50.71245;4.9198;111;20240219;10.1;8.3;9.2;3.6;10.3;2;0.72;1675
101095;50.71245;4.9198;111;20240220;10.7;5.1;7.9;4.2;8.9;0;0.95;6669
101095;50.71245;4.9198;111;20240221;9.6;7;8.3;6.7;9.5;8;0.91;3548
101095;50.71245;4.9198;111;20240222;13.3;8.3;10.8;7.2;10.6;8;1.36;4468
101095;50.71245;4.9198;111;20240223;8.4;4.4;6.4;7.2;7;1;1.48;4831
101095;50.71245;4.9198;111;20240224;7;3;5;5.5;7;1;1.01;5565
101095;50.71245;4.9198;111;20240225;9.5;4.4;7;4.8;7.6;4;1.24;6031
101095;50.71245;4.9198;111;20240226;5.2;5;5.1;6.2;8.2;9;0.5;1566
101095;50.71245;4.9198;111;20240227;7.3;3.2;5.3;3.1;7.3;0;0.84;5513
101095;50.71245;4.9198;111;20240228;9;0.6;4.8;3;7.2;0;0.9;8150
101095;50.71245;4.9198;111;20240229;9.6;5.3;8;5.7;9.07;1;0.76;1333
101095;50.71245;4.9198;111;20240301;9.7;4.3;7;6.2;8.4;0;1.11;7850
101095;50.71245;4.9198;111;20240302;12.5;5;8.8;4.5;8;0;1.65;8500
101095;50.71245;4.9198;111;20240303;12.3;8.1;10.2;2.5;9.1;0;1.24;4951
101095;50.71245;4.9198;111;20240304;11.5;4.6;8.1;1.8;7.5;0;1.19;8139
101095;50.71245;4.9198;111;20240305;9;6.4;7.7;2.1;7.8;1;1.04;4849
101095;50.71245;4.9198;111;20240306;12.2;3.2;7.7;1.4;7.3;0;1.22;10914
101095;50.71245;4.9198;111;20240307;9.3;2.7;6;3;7.1;0;1.24;10449
101095;50.71245;4.9198;111;20240308;12.3;0.6;6.5;3.5;6.2;0;1.83;13207
101095;50.71245;4.9198;111;20240309;13.8;5.1;9.5;3.3;7.4;0;1.88;8703
101095;50.71245;4.9198;111;20240310;11.8;7.3;9.6;1.9;8.5;2;1.23;5980
101095;50.71245;4.9198;111;20240311;8.3;7;7.7;3.2;10;17;0.58;3491
101095;50.71245;4.9198;111;20240312;9.8;5.5;7.7;4.4;9.8;11;0.72;4983
101095;50.71245;4.9198;111;20240313;13.1;8.1;10.6;4.8;11.4;0;0.98;4097
101095;50.71245;4.9198;111;20240314;18.4;8.2;13.3;4.2;10.2;0;2.46;11470
101095;50.71245;4.9198;111;20240315;15.1;11.6;13.4;5.3;11.4;6;1.95;7399
101095;50.71245;4.9198;111;20240316;10.2;7.4;8.8;3.4;9.4;1;1.11;5803
101095;50.71245;4.9198;111;20240317;14.1;6.8;10.5;3.5;9.5;0;1.68;9243
101095;50.71245;4.9198;111;20240318;15.1;9.8;12.5;2.6;11.2;0;1.6;9477
101095;50.71245;4.9198;111;20240319;17.5;8.7;13.1;2.2;10.2;0;1.95;10855
101095;50.71245;4.9198;111;20240320;18.4;7;12.7;1.7;10.4;0;1.92;12881
101095;50.71245;4.9198;111;20240321;12.9;6.8;9.9;2.2;10.6;0;1.23;9139
101095;50.71245;4.9198;111;20240322;12.5;10.6;11.6;4.4;10.8;9;1.51;6296
101095;50.71245;4.9198;111;20240323;9.4;4.9;7.2;5.2;7.8;5;1.57;10277
101095;50.71245;4.9198;111;20240324;9.5;3.5;6.5;6.2;7.4;1;1.62;9804
101095;50.71245;4.9198;111;20240325;12.1;3;7.6;2.9;7;0;1.86;12210
101095;50.71245;4.9198;111;20240326;14.6;3.8;9.2;3.2;7.9;0;2;10343
101095;50.71245;4.9198;111;20240327;11.5;6.7;9.1;4.5;8.4;0;1.81;9215
101095;50.71245;4.9198;111;20240328;12.5;6.3;9.4;6.8;7.4;2;2.62;11159
101095;50.71245;4.9198;111;20240329;14.4;6;10.2;4.4;9.2;3;2.02;10779
101095;50.71245;4.9198;111;20240330;10;7.9;9;1.4;10.3;0;0.94;5740
101095;50.71245;4.9198;111;20240331;14;6;10;2.3;10.2;2;1.7;13145
101095;50.71245;4.9198;111;20240401;14.5;8.1;11.3;4.2;9.4;0;2.15;9976
101095;50.71245;4.9198;111;20240402;13.1;7.4;10.3;6.4;9.4;1;2.08;10735
101095;50.71245;4.9198;111;20240403;15.1;9.3;12.2;4.9;10.7;4;2.09;9903
101095;50.71245;4.9198;111;20240404;15.4;8.8;12.1;6.9;11.3;10;1.96;8530
101095;50.71245;4.9198;111;20240405;17.9;11.7;14.8;5.9;13;0;2.44;11595
101095;50.71245;4.9198;111;20240406;24.2;13.3;18.8;4.2;11.9;0;4.11;15160
101095;50.71245;4.9198;111;20240407;20.3;14.1;17.2;4.7;11.9;1;3.41;11964
101095;50.71245;4.9198;111;20240408;21.2;10.6;15.9;2.1;13.3;10;2.66;15698
101095;50.71245;4.9198;111;20240409;12.4;9.6;11;6.3;10.3;0;1.91;9707
101095;50.71245;4.9198;111;20240410;14.8;5.2;10;3.9;7.8;0;2.82;17720
101095;50.71245;4.9198;111;20240411;15.3;9.6;12.5;4.4;10.4;0;2.19;8975
101095;50.71245;4.9198;111;20240412;21.1;12.8;17;3.9;13.7;0;3.13;15529
101095;50.71245;4.9198;111;20240413;23.8;13.3;18.6;4.8;13.7;0;3.95;15932
101095;50.71245;4.9198;111;20240414;16.2;9.7;13;2.8;9.8;1;2.39;11429
101095;50.71245;4.9198;111;20240415;12.2;5.9;9.1;4.4;8;5;2.26;12833
101095;50.71245;4.9198;111;20240416;10.1;3.5;6.8;5.7;8.34;13;1.31;7833
101095;50.71245;4.9198;111;20240417;9.7;2.8;6.3;2;7.4;5;1.73;14053
101095;50.71245;4.9198;111;20240418;11.6;1.7;6.7;2.5;7.2;1;2.02;15365
101095;50.71245;4.9198;111;20240419;11.7;6;8.9;6.3;8.6;5;1.99;10196
101095;50.71245;4.9198;111;20240420;8.8;4;6.4;3.3;7.4;1;1.59;10422
101095;50.71245;4.9198;111;20240421;9.8;1.9;5.9;3.2;6.8;1;1.78;11827
101095;50.71245;4.9198;111;20240422;10.3;2.2;6.3;2;6.8;0;1.98;15416
101095;50.71245;4.9198;111;20240423;10.8;-1.1;4.9;1.7;6.2;1;2.27;20965
101095;50.71245;4.9198;111;20240424;9.5;3.2;6.4;3.2;7.3;2;1.93;15184
101095;50.71245;4.9198;111;20240425;10.6;2.4;6.5;3.4;6.7;0;2.15;14676
101095;50.71245;4.9198;111;20240426;12;6.3;9.2;2.5;8.4;0;1.62;7022
101095;50.71245;4.9198;111;20240427;17.1;7.8;12.5;3;10.2;1;2.36;11082
101095;50.71245;4.9198;111;20240428;14.7;12.8;13.8;5.8;9.9;1;2.89;8151
101095;50.71245;4.9198;111;20240429;19.1;7.5;13.3;2.5;10.1;2;3.37;21028
101095;50.71245;4.9198;111;20240430;22.7;11.5;17.1;2.2;13;2;3.28;16694
101095;50.71245;4.9198;111;20240501;23.5;11.4;17.5;2.1;15;1;3.45;19752
101095;50.71245;4.9198;111;20240502;16.4;13.5;15;3.2;13.8;16;2.35;13572
101095;50.71245;4.9198;111;20240503;15.8;9.1;12.5;5.6;10.8;7;2.55;12470
101095;50.71245;4.9198;111;20240504;15;8.6;11.8;2.6;10.5;8;2.39;14899
101095;50.71245;4.9198;111;20240505;17.7;7.9;12.8;2.2;11.4;0;2.59;16037
101095;50.71245;4.9198;111;20240506;16.7;12;14.4;1.1;13.8;4;2.13;13072
101095;50.71245;4.9198;111;20240507;18.7;11.1;14.9;1.5;13.27;0;2.44;14331
101095;50.71245;4.9198;111;20240508;14.2;10;12.1;1.7;11.77;0;1.65;9235
101095;50.71245;4.9198;111;20240509;18.8;6.2;12.5;1.1;12.2;0;2.78;19511
101095;50.71245;4.9198;111;20240510;21.1;9.3;15.2;1.2;13.04;0;3.37;21835
101095;50.71245;4.9198;111;20240511;23.5;10.4;17;2.1;13.8;0;3.98;23743
101095;50.71245;4.9198;111;20240512;26.3;12;19.2;2.2;15.24;2;4.14;21271
101095;50.71245;4.9198;111;20240513;22.4;14.5;18.4;2.4;16.27;0;3.43;18973
101095;50.71245;4.9198;111;20240514;24.2;14.3;19.3;2.8;15.54;0;4.23;21902
101095;50.71245;4.9198;111;20240515;17.3;13.5;15.4;1.4;15.4;8;1.82;10100
101095;50.71245;4.9198;111;20240516;19;13.7;16.3;1.7;15.27;8;2.59;15023
101095;50.71245;4.9198;111;20240517;17.1;11.6;14.4;2;14.47;20;1.68;9154
101095;50.71245;4.9198;111;20240518;19;12.1;15.5;1.9;14.54;4;2.6;15305
101095;50.71245;4.9198;111;20240519;19.4;11.8;15.6;1.9;14.4;1;2.74;16149
101095;50.71245;4.9198;111;20240520;20.4;11.1;15.7;1.3;14.84;1;3.15;19899
101095;50.71245;4.9198;111;20240521;18;13.2;15.6;1.2;15.5;12;1.88;10347
101095;50.71245;4.9198;111;20240522;18.9;13;16;2.8;14.44;0;2.73;14705
101095;50.71245;4.9198;111;20240523;20.5;11.2;15.8;2.5;13.35;0;3.74;22415
101095;50.71245;4.9198;111;20240524;16.5;11.7;14.1;1.5;14.04;11;1.99;11612
101095;50.71245;4.9198;111;20240525;19.7;11.8;15.8;2.1;14.2;0;2.7;14776
101095;50.71245;4.9198;111;20240526;21.9;12.1;17;2.1;14.74;7;3.04;16156
101095;50.71245;4.9198;111;20240527;16.7;11.7;14.2;1.9;13.07;2;2.25;12534
101095;50.71245;4.9198;111;20240528;17.9;8.7;13.3;3.3;13.3;7;2.54;16879
101095;50.71245;4.9198;111;20240529;19.3;13.6;16.5;3.5;15.3;8;2.82;15720
101095;50.71245;4.9198;111;20240530;17.2;11.5;14.4;2.1;13.67;1;2.45;14859
101095;50.71245;4.9198;111;20240531;17.9;11.8;14.8;2.3;14.27;5;2.72;17077
101095;50.71245;4.9198;111;20240601;15.2;12.4;13.8;2.6;15.07;2;1.07;5369
101095;50.71245;4.9198;111;20240602;16.6;11.7;14.1;2.2;13.2;0;2.24;12549
101095;50.71245;4.9198;111;20240603;16.7;7.8;12.2;1;12.27;0;2.23;14179
101095;50.71245;4.9198;111;20240604;21.2;12.5;16.9;2.3;14.3;1;3.44;18943
101095;50.71245;4.9198;111;20240605;17.6;11.4;14.5;2.4;12.6;0;2.95;17189
101095;50.71245;4.9198;111;20240606;18.3;8.5;13.4;1.4;10.8;0;3.43;22162
101095;50.71245;4.9198;111;20240607;20;8.4;14.2;1.2;11.54;0;3.96;26482
101095;50.71245;4.9198;111;20240608;19.5;9.2;14.3;2;12.14;0;3.82;24707
101095;50.71245;4.9198;111;20240609;18.9;9;14;1.7;11.44;0;3.89;25702
101095;50.71245;4.9198;111;20240610;13.2;10.2;11.7;3;11.3;6;1.76;8990
101095;50.71245;4.9198;111;20240611;15.3;7.3;11.3;2.1;10.5;2;3.03;21485
101095;50.71245;4.9198;111;20240612;14.8;6.8;10.8;1.5;10.4;0;2.44;16450
101095;50.71245;4.9198;111;20240613;19.5;7.8;13.7;2;11.4;0;3.69;23695
101095;50.71245;4.9198;111;20240614;19.6;12.4;16;3;14.27;5;2.74;13934
101095;50.71245;4.9198;111;20240615;17.2;11.2;14.2;4.8;13.14;0;2.85;16752
101095;50.71245;4.9198;111;20240616;18.5;12;15.2;3.4;14.27;5;2.62;14706
101095;50.71245;4.9198;111;20240617;20.9;13.8;17.4;1.6;15.54;2;3.2;18106
101095;50.71245;4.9198;111;20240618;19.2;14.4;16.8;1.6;16.9;21;1.68;7733
101095;50.71245;4.9198;111;20240619;20.3;13.8;17;2.2;15.54;0;3.33;19272
101095;50.71245;4.9198;111;20240620;18.8;11.8;15.3;1.9;15.27;7;1.99;10706
101095;50.71245;4.9198;111;20240621;16.2;15.2;15.7;1.7;15.97;10;1.39;6183
101095;50.71245;4.9198;111;20240622;19.4;13;16.2;1.7;14.97;1;2.49;13285
101095;50.71245;4.9198;111;20240623;23.8;11.7;17.8;1.3;15.57;0;4.45;26907
101095;50.71245;4.9198;111;20240624;25.5;13.3;19.4;1.2;16.67;0;4.72;27447
101095;50.71245;4.9198;111;20240625;27.8;15.6;21.7;1.6;17.74;0;5.19;28102
101095;50.71245;4.9198;111;20240626;29;16.5;22.7;1;19.24;0;5.11;27478
101095;50.71245;4.9198;111;20240627;28.8;17.9;23.4;2;19.47;0;5.02;24507
101095;50.71245;4.9198;111;20240628;22.1;13.4;17.8;2.4;14.5;0;4.35;24869
101095;50.71245;4.9198;111;20240629;25.1;12.1;18.6;1.4;15.74;17;3.95;21986
101095;50.71245;4.9198;111;20240630;21.1;15.3;18.2;1.9;17;6;2.75;14285
101095;50.71245;4.9198;111;20240701;18.1;12.5;15.3;2;14.24;1;2.84;17041
101095;50.71245;4.9198;111;20240702;18.1;13.2;15.7;2.4;14.74;2;2.25;11830
101095;50.71245;4.9198;111;20240703;16.7;11.6;14.2;2.1;13.64;5;2.08;11618
101095;50.71245;4.9198;111;20240704;20;13.5;16.7;3.7;14.5;0;3.77;21839
101095;50.71245;4.9198;111;20240705;21.2;11.9;16.5;3.2;14.4;0;2.92;14065
101095;50.71245;4.9198;111;20240706;19.8;16.5;18.1;4.1;14.5;0;4;19616
101095;50.71245;4.9198;111;20240707;19.4;9.6;14.5;3;12.27;0;3.6;21700
101095;50.71245;4.9198;111;20240708;20.9;11.8;16.3;1.2;14.2;0;3.03;17305
101095;50.71245;4.9198;111;20240709;30.5;13.6;22.1;1.8;17.6;9;5.04;24785
101095;50.71245;4.9198;111;20240710;23.8;16.6;20.2;2.3;19;0;3.94;21645
101095;50.71245;4.9198;111;20240711;22.4;14.1;18.3;1.9;15.7;3;4.49;26698
101095;50.71245;4.9198;111;20240712;15.7;14.2;14.9;2.4;15.1;21;1.52;7416
101095;50.71245;4.9198;111;20240713;19;10.5;14.8;2.5;13.5;0;2.86;16771
101095;50.71245;4.9198;111;20240714;21.9;12;16.9;1.7;14.4;0;3.82;22831
101095;50.71245;4.9198;111;20240715;26;13.3;19.6;1.4;16.27;1;4.2;23188
101095;50.71245;4.9198;111;20240716;19.4;15.1;17.3;4;16.74;3;3.03;18185
101095;50.71245;4.9198;111;20240717;24.3;15.2;19.7;2;17.07;0;4.02;21793
101095;50.71245;4.9198;111;20240718;27.8;14.5;21.2;1;17.87;2;4.44;24549
101095;50.71245;4.9198;111;20240719;29.1;17.8;23.4;1.1;19.1;0;4.13;20508
101095;50.71245;4.9198;111;20240720;30.3;17.7;24;1.5;21.71;0;4.79;24200
